,,o_flex,o_abd,o_elb,o_ij,o_pav,o_pv,o_ttp,o_mu,m_flex,m_abd,m_elb,m_ij,m_pav,m_pv,m_ttp,m_mu
0.0,0,53.169764787270594,29.285977622468604,134.54357387338104,0.8401271450119028,31.29882832892463,513.7031860351562,7.4,16.0,52.18914070736503,30.562010822470782,136.4660928373672,0.9310815877852078,40.21194488888824,358.2603759765625,4.983333333333333,21.0
0.0,1,62.884620569722166,48.47479208668149,128.24637545082803,0.7797222884694979,34.30647264867872,676.4610595703125,3.8833333333333333,12.0,64.48865754151038,51.38438084912956,127.8864975421742,0.924312296513589,43.32161487555453,410.67279052734375,0.4,17.0
0.0,2,66.4985429307842,54.37264700496006,127.23859839262761,0.7081834648211319,31.856565613635723,659.5271606445312,3.05,9.0,66.03032425905293,54.965122873593614,127.81747751401954,0.8445887702719552,34.911505308354265,415.8880310058594,6.2,15.0
0.0,3,65.35499150487337,52.44551397109741,126.93778426633173,0.8220558435702103,39.97819536030647,700.317626953125,5.4,10.0,56.09754915318435,57.685255908074325,124.85259998211413,0.9128284842724101,47.49638797505298,486.1647644042969,5.433333333333334,11.0
0.0,4,65.19835235636404,51.71825123083629,128.71343343116357,0.8801047354257755,38.668094354578955,762.0715942382812,2.566666666666667,7.0,65.24340311636755,50.344956443487085,128.15065880125942,0.972724457756752,58.819357824647795,453.2946472167969,5.65,11.0
0.0,5,62.196159363718884,41.38986405729031,130.97366980910581,0.912273116220315,48.596497134959975,893.5307006835938,3.1166666666666667,12.0,62.85540570514573,42.480404506339546,132.18566980173233,0.9597489813685586,48.7078181168053,459.00518798828125,3.1166666666666667,13.0
0.0,6,61.063497177569324,43.64617944152034,132.16235948886145,0.946575077626322,37.076456475563475,963.288330078125,3.6333333333333333,9.0,58.67398610737219,43.910046466653924,130.40478801668752,0.9763046792858358,47.04844286163791,405.73944091796875,3.7,18.0
0.0,7,67.58039106625968,53.51648171906672,128.66032596026784,0.8698713334988291,29.109319193596832,1012.741943359375,7.183333333333334,16.0,68.5870615007324,57.3366287632474,128.93144716967444,0.9391022356158202,43.867582714891284,551.78173828125,7.166666666666667,21.0
0.0,8,52.086384203297236,27.626822717861966,129.61625035886317,0.8749593243419984,35.7363860915558,671.3544311523438,4.133333333333334,10.0,47.259457575804916,22.181014393796758,129.70599465580685,0.9409978002874116,40.72474653617178,379.0548095703125,4.35,9.0
0.0,9,67.42419686536203,53.754453422983616,130.94450007055946,0.7950814083009525,39.74663244913302,702.6400756835938,3.5166666666666666,11.0,59.90111196850776,51.367782000246294,133.15172298822054,0.8859275288581231,43.3091508719005,445.8549499511719,3.2666666666666666,18.0
0.0,10,72.75405537924057,70.45827600292478,125.90469596568292,0.7360210919130131,28.722935358632355,608.4829711914062,2.5166666666666666,10.0,81.09212130149947,79.02310732106932,125.65959355445322,0.9291776066719896,38.418078769482236,478.7314147949219,0.26666666666666666,15.0
0.0,11,59.23449487585121,40.85553416595956,131.17259628055592,0.7478018048177473,29.983550247433186,654.3360595703125,3.5,12.0,59.33466991855673,41.770842470295825,136.64999905454573,0.8793577758786291,36.67969118548541,450.9643249511719,0.18333333333333332,16.0
0.0,12,65.12464224906921,56.94986403291372,125.40446654826398,0.9034555712375065,44.112509082166014,700.9321899414062,2.3833333333333333,14.0,73.09140854299679,67.08546270435338,124.53594450831206,0.9704575330358544,45.63574963221015,401.0926818847656,6.616666666666666,12.0
0.0,13,65.75367707518708,48.50225215926939,127.2785203480038,0.6675441966430977,31.638105120951536,658.099365234375,2.3333333333333335,10.0,67.67860851565152,56.78048299788097,125.45535020014619,0.8637636754292295,35.587191142157906,409.885009765625,0.2,19.0
0.0,14,64.57057834837637,51.864648515077874,133.50281297881403,0.8893061815029455,26.745792453868944,742.5665283203125,4.166666666666667,15.0,64.55039952948597,54.66280491164322,135.12415398311123,0.9239975326353645,36.025245120250986,434.18890380859375,4.516666666666667,17.0
0.0,15,62.29077542536902,47.272844725146626,130.0342548724316,0.9217865448781187,30.20623757757619,819.2175903320312,3.283333333333333,16.0,65.54676012884242,52.01174833040691,128.97973823869162,0.957421291741605,47.593964816640835,347.2393798828125,0.26666666666666666,14.0
0.0,16,65.40257182892485,44.76044168773154,125.70762073528128,0.9188961247346543,33.29423878691557,537.6433715820312,3.2333333333333334,15.0,68.52732877773872,54.190945173404685,128.17685882696105,0.9454530065744836,37.90084182769135,440.70330810546875,0.23333333333333334,24.0
0.0,17,59.197323149112165,40.14536310640024,129.27895301275532,0.8811919137234704,55.55954351287937,787.0445556640625,2.8,15.0,58.4578475261533,37.69239099648843,126.9168081115869,0.9081596209331295,50.57912388354424,352.2305908203125,0.5,18.0
0.0,18,55.59125644225702,36.02798707325842,125.39168772894466,0.6763430940689513,38.68949688029545,907.1759033203125,0.3333333333333333,5.0,54.47085683907976,28.76243431174122,125.60122126929795,0.8217919763450608,53.923555865929416,469.97930908203125,3.183333333333333,14.0
0.0,19,69.72714301237419,63.83820394225066,126.92420158794144,0.8107628078173275,28.53433192264589,879.103515625,6.183333333333334,11.0,72.45400712045227,67.78057226486516,127.25466551122156,0.8916342729009888,28.57140011796872,512.18310546875,6.216666666666667,14.0
0.0,20,68.16329605699381,55.463162961192324,125.7925177916537,0.870137680135863,32.59457138366827,1026.6849365234375,2.35,8.0,69.66203034509672,56.08213523619119,125.01841075885686,0.9313546679163531,52.42523516758297,426.4574890136719,5.25,11.0
0.0,21,67.63150679418929,53.58633612139669,126.7425909114131,0.7507040238688799,26.93847814996616,923.915771484375,2.8666666666666667,10.0,64.10618392788787,47.931271419164204,125.44324179253795,0.8571549717410584,44.25365556948407,458.4676818847656,6.116666666666666,14.0
0.0,22,67.21759021860991,50.238853551167246,122.92174042732537,0.760183240628755,29.315652163172388,967.4310913085938,5.683333333333334,9.0,66.64129376335389,52.62377572491348,125.27342461530415,0.9442386544675994,37.95381114127565,418.08624267578125,5.716666666666667,18.0
0.0,23,62.18113943159741,38.94197059261425,126.05524933259136,0.8688188186258681,41.94774257684941,932.0289306640625,4.133333333333334,16.0,60.35302081988829,38.39144935841368,129.90193348913252,0.9488495140676911,50.25743320618403,535.7880859375,0.35,15.0
0.0,24,52.84103281296427,19.348238672267374,129.81708304702707,0.8062043842885895,33.1904083837577,1006.2954711914062,2.9166666666666665,8.0,49.13545226234629,16.397517600196526,128.62361002189803,0.9024194684362905,48.36608614728988,385.13641357421875,2.8,9.0
0.0,25,67.52469085620054,53.91872317896912,129.1232454274027,0.6217435132707261,34.19802834931687,915.0145263671875,2.933333333333333,10.0,66.49686629665224,56.24515374313599,130.68905568151084,0.8582904746802037,40.0884918310237,479.72137451171875,0.2833333333333333,18.0
0.0,26,65.03994859566681,52.49590297321224,127.61156183321137,0.7352414804704228,24.970589023935474,962.8334350585938,2.6666666666666665,12.0,53.272220654349255,58.93639322767723,128.8412088899205,0.9207324688372431,35.93512858375021,446.1994934082031,5.966666666666667,10.0
0.0,27,75.31263545335703,74.06891660888921,123.23593677145367,0.8536558589810644,28.04121681256362,838.4454956054688,3.2,14.0,80.85148110850196,80.1723834976162,125.64632150038817,0.9466920125689191,45.95919331954008,413.26171875,6.583333333333333,18.0
0.0,28,66.63243996171988,53.91795862564603,126.44592947800763,0.9523281461768938,47.21098898365938,1023.008544921875,2.316666666666667,9.0,65.96811621886296,55.81463196872171,124.10763760690406,0.9828979260767895,54.92514346409877,440.3933410644531,5.1,14.0
0.0,29,68.46344931946756,55.62996718341499,128.64594239252202,0.8564165905451678,35.83436882854414,886.3993530273438,3.0166666666666666,10.0,71.51673667596151,61.238409706702896,129.09621643549772,0.9562653828946976,50.38252863676149,454.53887939453125,0.23333333333333334,15.0
0.0,30,46.61099800590547,21.634138123560863,142.50057418205978,0.9010307164554208,23.636971027717095,959.1534423828125,3.55,9.0,43.13905012804046,17.551083915247403,148.60973770674258,0.989841794802654,37.919700115412525,577.0200805664062,3.033333333333333,12.0
0.0,31,62.370838596437274,48.44095968904639,126.0502387424373,0.68148846747546,35.25867660602131,919.1738891601562,2.283333333333333,7.0,63.952854669926786,52.8281670999814,127.03869819998242,0.7792575583309784,41.88248293507314,454.5902404785156,0.2833333333333333,11.0
0.0,32,69.73197279396823,61.528380218990726,127.56233687110901,0.9126037486177964,25.541135322859816,792.4674682617188,2.9833333333333334,13.0,74.78099304626961,69.28791508595793,126.99563613565356,0.9638801518029789,36.56425921491092,507.82012939453125,2.75,14.0
0.0,33,65.64781561665095,53.683315921976295,128.50386726439478,0.9372132174578797,27.059164969017218,916.2994384765625,2.4833333333333334,13.0,70.44877865536448,63.69394270821454,128.10161310513556,0.9852911140843099,35.8030541253936,363.5845947265625,2.8,17.0
0.0,34,51.414902125295725,22.52720348365413,146.73342169821748,0.9626804667039053,123.55924415559286,879.8806762695312,1.65,3.0,55.539078585417904,26.82591345730588,148.9462678816291,0.9564499127401153,122.74628925382274,605.4000854492188,0.3,7.0
0.0,35,52.33886989552559,23.59357696030811,148.22215738566388,0.9622252961139552,108.61771864428846,892.613037109375,1.7,3.0,54.93905054704547,28.401403909643715,149.5138887185343,0.9623730722037729,113.3177937430952,602.74853515625,1.75,9.0
0.0,36,58.759182665635194,25.64028802498875,150.4243096245794,0.9378913827370028,128.52467491825365,1018.9904174804688,1.8,4.0,61.14034073192819,32.98133598333559,154.21184386632558,0.9389735559125584,124.73783432619996,610.512939453125,1.7333333333333334,9.0
0.0,37,50.648372360222446,21.454307107368248,150.98854028307383,0.9522748665682897,140.2175966734717,979.177001953125,1.85,5.0,54.947363539984345,23.86078506068655,151.97518574198244,0.9530478495483936,139.0074288120033,600.5955810546875,1.85,7.0
0.0,38,45.309909471150455,20.240919124426284,150.2496707786417,0.9584151899559614,124.82621987025738,914.2935180664062,1.6333333333333333,4.0,49.55929444234433,18.57049145769198,152.22537628402188,0.9590878116914705,136.34304354371608,624.4371337890625,1.6,6.0
0.0,39,51.53042685401915,20.149438645609834,150.51555266749725,0.9607802904354468,111.02769113155404,848.4848022460938,1.4,4.0,54.83056987505873,21.88022848700675,151.98668639907493,0.9604886995755959,125.95502503148396,606.5068359375,1.3166666666666667,7.0
0.0,40,52.42552302102224,21.515937193190318,149.24973410151506,0.9590421071474435,101.37750516152238,903.439208984375,1.7333333333333334,2.0,55.54831603821439,21.68797662848342,151.33977584375168,0.959867402614849,99.88067984420326,673.549072265625,1.75,8.0
0.0,41,47.94615825115195,21.26758308238037,148.79498729893768,0.9604570748371397,118.56359199083016,928.6611328125,1.7666666666666666,3.0,49.582541649529176,20.10356281113336,148.60351480618246,0.9630582404969059,92.63927183940581,595.3824462890625,1.7833333333333334,6.0
0.0,42,50.98174814615719,21.875300737924885,151.1200331780589,0.9750481345022194,120.25592478542535,756.8982543945312,1.6833333333333333,3.0,55.12138261355362,22.57433053335398,154.2831059440201,0.9575519991143643,112.20317922002522,542.6651611328125,0.2833333333333333,7.0
0.0,43,52.022469112316784,20.430360598802523,145.05002422133256,0.9584826360881284,111.7258435340932,817.0818481445312,1.55,3.0,55.46751584796172,19.205285817509612,149.29012341110143,0.9557635198597964,128.31583103703736,599.3070068359375,1.5833333333333333,5.0
0.0,44,58.60051206319048,29.969170723943183,147.95681327927866,0.9444739431969209,123.07670071052002,965.82666015625,1.7333333333333334,5.0,60.34301422370088,33.30874324650429,146.38574881877844,0.9705145400563293,95.0848093932035,643.439697265625,1.7,9.0
0.0,45,52.90683666115682,26.839854178913672,145.78125252064126,0.9382650028545956,136.73032954237556,854.380615234375,1.5166666666666666,4.0,58.171263320246766,30.384182156628455,148.20086663374832,0.9437316443125155,132.08142339404247,577.9803466796875,1.5833333333333333,5.0
0.0,46,53.60059018998236,26.966830493487677,149.58064415830344,0.9753970567341905,94.8468646561173,946.4065551757812,1.8166666666666667,4.0,57.107398057808716,30.03410009795757,152.25708183430353,0.9744538696853358,87.34823763988345,585.6898193359375,1.7666666666666666,8.0
0.0,47,55.65381728939295,30.390478849736617,147.85126976476508,0.9550184913775881,114.05323780730129,898.8392944335938,1.6166666666666667,4.0,58.11716386065825,33.844287098212675,148.66094997376558,0.9501502269512146,124.28761068374371,572.0325927734375,1.6666666666666667,9.0
0.0,48,48.0791874660377,19.253695056376852,149.5174605498223,0.9705366721943263,106.84862156041589,957.3400268554688,1.6166666666666667,5.0,51.47843738711154,17.027852359824546,152.7543678406661,0.9677964114705908,87.23219677853137,635.2555541992188,1.6166666666666667,4.0
0.0,49,56.11913776481847,23.1290242580098,147.35786541306786,0.9586583268374459,107.94085533876768,901.1211547851562,1.7333333333333334,4.0,57.46245749948564,27.882218935156935,147.38179284358657,0.9649331049543317,87.07323115914988,615.7950439453125,1.7333333333333334,6.0
0.0,50,52.828010792074444,19.026949143966633,148.5727929429873,0.962464168212138,114.77655090159857,877.9327392578125,1.7166666666666666,4.0,57.314698586478514,25.353320356571686,147.99300149397632,0.9660703496547771,114.1975587940675,626.1190795898438,1.7166666666666666,6.0
0.0,51,48.48276585544581,20.84448321641761,152.0834064805469,0.9561317142009216,109.30806466722089,768.7261962890625,1.85,2.0,51.81462802016769,19.130474045907242,155.19693978748586,0.9496397966674454,106.28530314205335,547.9293212890625,1.8,5.0
0.0,52,38.41918572032276,13.488051255643752,149.55204766445567,0.987705190610044,125.10854970085092,861.1641845703125,1.6333333333333333,3.0,46.2956462382235,18.34532166109842,147.0171510171773,0.9675241029826519,111.94412655161727,629.3743896484375,1.6333333333333333,6.0
0.0,53,42.70312251169065,20.333601028691785,150.8379517379022,0.9623384543486918,131.40819178616425,836.6743774414062,1.65,3.0,45.06322794842649,18.024797374764045,153.0304216789583,0.9565681732008429,127.1778689305475,607.2718505859375,0.38333333333333336,4.0
0.0,54,56.31793865198824,27.3415378409366,152.4052167527171,0.9694551004270585,99.01983830427241,641.2998046875,1.7833333333333334,6.0,58.39944977821774,28.23775341212472,152.06698123939046,0.9674297989695956,91.89066319365196,524.1663818359375,1.3833333333333333,10.0
0.0,55,52.709358233601506,24.366572620533162,151.99464593074222,0.9385075652668832,95.83255416222954,837.6984252929688,1.9,4.0,56.35751137670731,23.99870999618602,154.42708465466535,0.939477932388447,90.62870074997534,625.0140991210938,1.95,7.0
0.0,56,44.76133333282047,18.854500822835504,150.77787981334552,0.9706295724771076,122.04988711885818,954.3186645507812,1.5333333333333334,2.0,47.71740740979321,18.6968701523066,154.5780973148082,0.9667881744257657,105.52445570287205,712.3678588867188,1.5,1.0
0.0,57,46.73470346746095,20.70185759316748,150.79269357210518,0.9606344113460247,107.80933900013451,870.1283569335938,1.8,5.0,51.20400688953695,18.7726774576322,153.74410443613866,0.9556910337409324,117.93127836686892,616.4080200195312,1.8,8.0
0.0,58,56.28439448849272,30.693341924025425,150.5743257698326,0.9543398521418793,111.86314569771241,841.6283569335938,1.8,5.0,60.78401342947733,35.996654200345766,151.53183431517465,0.946476501797408,136.62687705174136,596.4844360351562,0.31666666666666665,8.0
0.0,59,54.36717693915773,28.877670710066198,148.7749832033303,0.9789211489760878,100.41569422499748,864.2605590820312,1.6333333333333333,4.0,55.12761123691233,30.272745168712383,148.48637411504956,0.9773632304546599,80.71772211831956,604.71630859375,1.65,8.0
0.0,60,51.34489549084098,23.416874100883117,146.53784999404056,0.969468015162679,134.7065401386837,878.231689453125,1.5666666666666667,3.0,56.02775093250141,28.443861920072035,148.3273596101332,0.9641707010085484,132.79479584293767,652.4436645507812,1.5666666666666667,6.0
0.0,61,60.030055424541295,47.18599657654347,148.73758363798765,0.9399786774917336,106.98746563700723,767.5689697265625,0.23333333333333334,5.0,64.83571762729628,48.533059408550855,148.7896605805559,0.9522331322587368,118.48354601430657,586.2908935546875,0.3,8.0
0.0,62,44.45083808894487,19.695297499833824,149.82378621866727,0.9506441198651703,100.52120012767858,897.4880981445312,1.6,4.0,46.84857340561521,18.512945905798535,152.89838766987265,0.9472127853667092,106.03861116638228,656.696533203125,1.65,3.0
0.0,63,49.77725948604959,18.396514355216315,149.52755277739743,0.9642634476238258,108.5806063278207,932.3272705078125,1.45,3.0,53.21343551181068,19.09089538186545,152.7544177095329,0.9632103055956949,103.4128901167378,663.896728515625,1.45,4.0
0.0,64,31.202280317494477,37.23743931216588,128.1722842359329,0.9531923705342443,91.31414721117352,1135.269775390625,1.4833333333333334,3.0,31.501347829110944,39.91837247257699,130.57255095795477,0.8748167720929646,109.95841494654115,758.1080932617188,0.3,3.0
0.0,65,31.578910020306818,40.26304837912226,129.95198095447924,0.9960208002683215,138.82640528707043,1231.15966796875,1.3833333333333333,1.0,31.21519899989619,43.32276186342571,130.43871115712986,0.9857336202192276,123.78363356504366,801.1151123046875,1.3333333333333333,6.0
0.0,66,32.85213827449637,37.7132593511459,124.43878674790793,0.9971071765270708,122.551236463093,1269.5791015625,1.3333333333333333,2.0,32.87586804162601,39.44891053556756,126.92104791237266,0.9609754160494397,98.10867756970822,802.8060302734375,1.3666666666666667,2.0
0.0,67,31.199126772002455,34.32880935645385,130.62111858718836,0.9883456490118852,103.54352279749321,1164.947509765625,1.5666666666666667,2.0,30.949088564089248,32.981125987853325,133.21673020633335,0.9784451198962276,100.97616744293106,739.3089599609375,0.4,6.0
0.0,68,28.23997682569235,32.757179613155444,128.91411255369917,0.9971848497344765,128.99297636026972,1023.4026489257812,1.4666666666666666,3.0,31.371363453489973,33.63065821148426,130.92177675455451,0.9773191588071652,118.33786770658946,814.196044921875,0.36666666666666664,4.0
0.0,69,32.95998570248591,38.54958553934151,129.24204181685803,0.997607476342557,101.76421586472344,910.8711547851562,1.8,2.0,34.39138408497194,39.16761357064404,131.75802914654597,0.9836629902285299,98.17443530947827,707.2639770507812,0.4166666666666667,7.0
0.0,70,33.45189947934457,37.10970126608514,129.1020554006675,0.9967135570863723,124.10930944524381,1187.0709228515625,1.4166666666666667,4.0,33.07061889213182,36.19993690176606,131.28376386028492,0.9669932217188857,127.12581012284829,736.3012084960938,0.36666666666666664,4.0
0.0,71,34.97730932632512,40.39377772868963,130.66918320363845,0.9922566685864683,127.08967858951013,1164.643310546875,1.4333333333333333,6.0,37.05574002967783,41.09532113516256,132.42976903453535,0.9514604470843345,119.46231101854579,810.1201782226562,0.38333333333333336,10.0
0.0,72,36.90328458578149,40.69401477485176,129.7366938208779,0.9964272119220114,133.71913940724,1238.214111328125,1.5666666666666667,1.0,40.040509779937096,41.579096672666154,132.1642665480187,0.9679099568898634,119.80868617920095,886.9266357421875,0.38333333333333336,6.0
0.0,73,35.16257337020876,37.40993160104247,128.2013750309922,0.9968399774992995,100.45810487084537,984.75,1.5,3.0,36.732869956539126,36.670519156621666,130.62578957591612,0.9805019869596737,86.64462004155354,690.82568359375,0.4166666666666667,9.0
0.0,74,36.09429489324891,38.04794009549987,127.29173608094393,0.9977372587610442,114.46309934378775,1094.5382080078125,1.5666666666666667,4.0,40.929918105976164,37.86391528372092,127.83234636109032,0.9827381583424627,92.92933752463142,758.3204345703125,0.4666666666666667,7.0
0.0,75,31.84343150835424,33.43142364321342,133.38496508960984,0.9782260306208962,141.06480262500526,1213.132568359375,1.5333333333333334,4.0,33.36430332594281,30.737455645553915,136.23745083702113,0.9364007728196939,143.80784856672506,910.7102661132812,0.38333333333333336,5.0
0.0,76,32.37832935414793,35.510346618442185,130.16244443991837,0.9889499572124222,122.91814663650399,1309.1484375,1.4,2.0,30.939336685467854,34.67324890633519,131.3658563004176,0.971329934588544,127.30098918235115,826.4854736328125,1.4,4.0
0.0,77,29.653260739147747,35.41348169331195,132.73049667867448,0.9918671964209337,132.68042006703325,1366.33984375,1.4,3.0,31.42358014372271,35.045902387438844,134.66083428119597,0.9637554675115211,118.89934458770995,790.780029296875,0.31666666666666665,5.0
0.0,78,30.406356873858556,35.233702968998,129.72949570192358,0.9857151552829627,128.64823106528974,929.29736328125,1.7166666666666666,4.0,29.56107963416066,33.45391383392074,131.4192439928843,0.9370859888467769,142.02991378598398,834.5657348632812,0.45,7.0
0.0,79,30.047010796691477,35.383570790717535,128.54309120039719,0.9943645537816705,150.00658721247532,1331.552978515625,1.3333333333333333,4.0,33.2660902028394,34.52974596822262,132.5081519171295,0.9388412954697937,133.7669001709662,837.9733276367188,0.43333333333333335,3.0
0.0,80,29.56754957909273,35.265968590705384,128.0193859983392,0.9959199078625504,102.30006368975097,1331.050537109375,1.4333333333333333,2.0,31.826776080726194,35.38417600395503,129.55517765411287,0.9475091703107525,91.5889420105782,858.238037109375,1.3666666666666667,4.0
0.0,81,30.077838852604074,32.546094512140314,129.1488003755742,0.9977064124038771,82.95505332571736,1189.8734130859375,1.75,3.0,30.820539032106883,30.56724902081214,125.77822264359085,0.9171458069687103,60.83565937320287,730.5241088867188,1.75,5.0
0.0,82,33.29556972162712,37.857373472192194,129.13302382853854,0.993159149352116,92.77851778017919,1092.4290771484375,1.5666666666666667,4.0,35.573396981303226,37.704862581104166,130.68973748917864,0.9519328457858021,66.64356966201069,697.4241333007812,0.5166666666666667,7.0
0.0,83,31.166891618933366,40.4304175315481,129.83476059621415,0.9879423415531209,128.6825303335806,1153.0545654296875,1.2833333333333334,1.0,32.06887258440127,42.72657393892739,131.18868375521492,0.9786306941929527,138.93064664835833,861.6476440429688,0.36666666666666664,6.0
0.0,84,31.040191614947698,38.78630354864905,128.39413020403333,0.9943687401839308,147.69877750550052,1303.389892578125,1.35,2.0,31.81765833164285,39.569813245937254,132.04273305599378,0.9747031310408822,148.7562667191537,899.0390014648438,0.3333333333333333,3.0
0.0,85,31.222554468092476,36.10789013909029,129.07695940266336,0.9879345868170057,154.13664953875838,1227.9365234375,1.3666666666666667,4.0,31.377978789083215,35.18569186464288,131.31403984158766,0.9608982439893251,152.84840910149114,935.9678955078125,0.31666666666666665,3.0
0.0,86,30.266232702716884,36.93828397348376,128.9401517253158,0.9859402574601901,140.64488239753956,1139.7911376953125,0.2833333333333333,3.0,30.601176458136926,35.73424822152792,130.33296165508162,0.9576755360319973,147.37855717458586,813.835693359375,0.3333333333333333,5.0
0.0,87,30.994876060886238,36.957353213742074,131.15158358825718,0.9966377643291909,119.25982944494592,911.3314819335938,1.4666666666666666,2.0,31.995622068061298,35.74753201070896,134.13558072519098,0.9945211623426499,121.65297530341462,757.1153564453125,0.43333333333333335,8.0
0.0,88,34.250066374896946,40.36530512415277,130.05595023767304,0.9923646282661546,123.46709847849212,1014.5442504882812,1.5333333333333334,4.0,36.06406830137932,40.670439763641205,132.45280804464684,0.9715995080159682,115.55782298210488,796.2953491210938,0.38333333333333336,7.0
0.0,89,31.73978822194951,37.59276159982102,131.00198290416432,0.9941144179311988,148.86707675578094,1137.785400390625,1.65,1.0,30.94109076575252,36.68182239964963,131.77573921803156,0.9835109556057048,136.513345198168,871.731201171875,0.3333333333333333,7.0
0.0,90,36.850357975997525,41.079233777627536,130.76124071416606,0.9907166597474946,153.5186028299907,1126.431640625,0.2833333333333333,1.0,38.54243353316736,40.57982161530778,131.721169542348,0.9792321481976013,157.26373828859295,941.8048095703125,0.36666666666666664,4.0
0.0,91,34.58347120893971,40.654705571506305,127.41795905559067,0.9966613019078836,140.10688669385928,1397.2601318359375,1.4333333333333333,5.0,40.14271974375117,41.73126193880854,129.66856863312307,0.9825055522340479,124.21872546575827,863.2423095703125,0.38333333333333336,6.0
0.0,92,35.23073206131728,39.58371663918479,128.37946500314175,0.997336234041564,112.50120437332214,870.1514282226562,0.38333333333333336,1.0,39.30382005061087,38.49937619838086,130.19185009369468,0.9532875114084742,93.67828942275793,761.9537353515625,0.45,6.0
0.0,93,34.15811232026883,38.60113343237143,130.51222081715687,0.9945860587528442,119.67299777652528,1125.3717041015625,1.55,3.0,40.10126012014027,38.669498214925724,130.97793388309591,0.9405838433417643,95.85979084564656,745.70068359375,0.4666666666666667,9.0
0.0,94,29.193228005076747,34.2881189040115,129.45973625506124,0.9934449208169664,103.55726881049861,1124.9990234375,1.55,3.0,30.379495395507398,29.586776841341603,130.5793220104659,0.920026368472167,84.30986104662509,730.696533203125,1.4833333333333334,7.0
0.0,95,30.53677935272154,35.38053679749698,128.7846249598525,0.9964792924260912,116.91442305276496,1155.7161865234375,1.6166666666666667,3.0,32.158186018861564,33.13590926652295,129.8744818246969,0.95576826240401,102.81268633920291,805.9885864257812,0.48333333333333334,6.0
0.0,96,30.821282034573557,34.022905066887766,128.72541527046593,0.9933540796404495,130.02380359911854,955.7086791992188,0.3333333333333333,3.0,30.759650574470918,30.217814681202288,131.34242470087813,0.9584819164302407,114.33722174502662,887.8106079101562,0.4,5.0
0.0,97,29.997093183968232,34.662067178399276,127.7484923561998,0.9912661171728377,127.37652702479664,1105.477294921875,1.4333333333333333,2.0,29.908575703158494,31.671647377386453,130.24110562082168,0.9316605495158528,126.07050952194811,839.2382202148438,0.4166666666666667,5.0
0.0,98,29.364485645137986,35.24263506812748,129.3577330158105,0.9910304511753272,100.46886621128493,1168.3231201171875,1.4666666666666666,5.0,31.353109462026527,33.750426480622686,128.8864761276235,0.9155340460135065,83.5358866121885,743.6143188476562,0.48333333333333334,4.0
0.0,99,30.644944251689527,35.489785029136,128.97450573312574,0.9871815855153757,130.89859955147176,1053.123291015625,1.3166666666666667,2.0,32.303172567632714,33.998519467523266,129.26519823871402,0.9416863864845909,112.99476554345091,809.0152587890625,0.43333333333333335,7.0
0.0,100,31.056078824559854,34.93727714701943,128.20761804535564,0.9953489727214315,125.57253088491422,927.469482421875,0.35,4.0,32.915344882581905,32.03217739751803,130.50333051632165,0.9521953820453767,97.79516350593326,836.2088012695312,0.4666666666666667,5.0
0.0,101,32.13014927256657,36.14999834390754,127.1603692650813,0.9886101603072612,106.56998635670988,1161.6806640625,1.7166666666666666,6.0,36.398769088665425,34.33289177945092,125.58958611962399,0.9311252892347899,89.00623821807358,766.2525024414062,0.5166666666666667,6.0
0.0,102,47.913468400842106,38.86583539278318,131.425224349009,0.9548503529124449,176.64175316139307,977.6993408203125,0.31666666666666665,1.0,50.722347025819445,39.343915102036206,132.31298039762038,0.9618754130307882,179.06152490595758,1010.8197631835938,0.2833333333333333,2.0
0.0,103,43.7803539429839,36.28467752380331,136.2638884430123,0.9636615696398084,176.71106437331048,864.4119873046875,0.35,1.0,46.49790413772743,36.54082526486677,137.22661486351458,0.978510792097176,186.93689466977958,913.5391845703125,0.38333333333333336,3.0
0.0,104,47.929633592128944,35.4550028156407,137.69822797115205,0.9655058687490489,197.89001661691714,949.33544921875,0.31666666666666665,1.0,50.079073149080074,38.12329917440917,138.3355119982592,0.9598710887599309,209.09841433590373,1040.236328125,1.0833333333333333,5.0
0.0,105,46.20602032337261,36.65843815910837,132.66678716984765,0.9543174498539492,168.8161129464092,954.5929565429688,0.31666666666666665,2.0,48.5138730211224,35.12300150743997,132.75910845015247,0.9659198269947418,175.42180947659347,880.2494506835938,0.23333333333333334,4.0
0.0,106,45.00666014090213,43.4312199795081,133.82098332296178,0.9342247720391932,169.9394175245854,913.9271240234375,0.3333333333333333,2.0,50.52695077886261,41.08691241716313,133.1020943736662,0.954010229044129,180.81560347626862,980.2051391601562,0.36666666666666664,3.0
0.0,107,41.20244223498423,35.256706274784285,133.66643576551985,0.9719456592220825,173.45699042577252,895.1658935546875,0.36666666666666664,2.0,42.90706402158514,32.84714167023222,129.5817330831662,0.952916624054767,164.73997599802573,919.7593383789062,0.3333333333333333,10.0
0.0,108,47.204816278025895,37.828976575851264,132.65541144541987,0.9633323955235868,161.264059105535,899.06298828125,0.3333333333333333,1.0,48.388262702153135,35.40865189900969,132.18316964403863,0.9670098413355513,169.13120306555356,874.1509399414062,0.4166666666666667,5.0
0.0,109,47.79814707997451,35.41542779648422,135.8294878563636,0.9677494727071473,151.25875655327036,846.4892578125,0.38333333333333336,1.0,49.391416694915506,34.28185873173901,135.70862743244578,0.9609368726160095,147.1040525927924,863.5382080078125,0.3333333333333333,4.0
0.0,110,50.63505304669548,37.28140930197456,132.96830236750833,0.946982266239268,163.84908966207973,905.654541015625,0.36666666666666664,1.0,53.3475382842538,37.29994997685796,134.50874129778416,0.9478546343231434,188.53097557847548,932.750244140625,0.4,5.0
0.0,111,52.4895461505689,46.677977820518585,133.01151183085776,0.9620472559472059,149.88944106711642,827.3735961914062,0.38333333333333336,1.0,56.170142566331485,46.73227099731529,133.41141998899698,0.9632315215220415,153.04621775560008,884.9713745117188,0.4,5.0
0.0,112,54.605485237581554,42.13131222653269,134.96718339826222,0.9585291283702505,150.2753481490464,932.322509765625,0.31666666666666665,2.0,58.121005253396255,44.780488327410296,136.3008942602778,0.9461744494356422,157.76817363704197,973.7178955078125,0.25,6.0
0.0,113,52.5476192272117,37.9393229296116,134.6789039197159,0.951960220574055,181.03371810685928,965.0676879882812,0.31666666666666665,2.0,56.6527873385206,40.837069606801855,136.50027329271097,0.9459108005527194,197.72001488224703,981.10107421875,0.38333333333333336,9.0
0.0,114,54.66888394430548,42.32337538403855,134.53845668233433,0.9498203118934998,147.66365738015907,856.0855102539062,0.36666666666666664,2.0,57.61254035671466,44.627195322699684,134.681294005213,0.9381421910606942,166.8104211463293,914.9268188476562,0.4,5.0
0.0,115,40.70454940272257,35.770839517938796,139.41587291694725,0.9655788531661106,171.43636229219823,974.0162353515625,0.3333333333333333,3.0,41.319848074501785,30.433295833863227,138.49605383427738,0.9747647262509611,212.43045351729592,971.873046875,0.4166666666666667,3.0
0.0,116,48.53127466857988,38.397672052282516,133.78457243537798,0.9666368948937072,144.51889456218908,892.8455810546875,0.36666666666666664,1.0,48.2811583799839,38.7109787766421,134.49106240632912,0.9520481214838399,151.9254948873703,996.7117309570312,0.36666666666666664,6.0
0.0,117,41.00968212310669,35.248139814900945,136.52933085472617,0.9548785451446383,181.3548584160128,889.7879028320312,0.35,1.0,42.09112190449432,31.174760782466798,135.98898993178824,0.9515125763851335,187.28463475799174,1005.5030517578125,0.38333333333333336,1.0
0.0,118,44.31593514045116,37.436318211860886,137.9905266839671,0.9514271344993332,180.6239865697313,965.866455078125,0.3333333333333333,2.0,45.37013685248425,34.96876525911806,138.52586795178456,0.9577436585481629,219.66072338742492,1012.9456176757812,0.38333333333333336,6.0
0.0,119,47.431457587624806,40.42561365591297,128.97283408151793,0.97696064830795,180.03465599061144,920.5394287109375,0.3,1.0,51.08245157274991,41.91473701036719,128.6292589812463,0.9832104660736094,176.33526342031558,873.3308715820312,0.2,3.0
0.0,120,42.43952923794538,32.54014349145413,130.01496410673843,0.9764167998672316,175.34046422806767,851.6298828125,0.31666666666666665,1.0,42.44903237502358,30.230825363907027,131.01136928790746,0.9787569367851384,180.93269632691573,945.9171142578125,0.36666666666666664,2.0
0.0,121,44.371445856706885,34.22476252674034,133.77503045796692,0.9800927121206334,176.68661136975373,855.9017333984375,0.3,1.0,45.06231949967207,34.114156761071634,133.30165755772433,0.985675373726666,191.65408522307786,911.5709228515625,1.15,4.0
0.0,122,44.682460097379405,40.63274991432036,132.32047336107829,0.967202952583596,165.56028297263651,888.1934814453125,0.31666666666666665,1.0,48.96111967766279,39.480295389056266,133.67247193034888,0.9697908350320131,186.46730976297732,898.1074829101562,0.36666666666666664,2.0
0.0,123,47.66088881604994,36.41966753766383,136.54386460061818,0.9546439446457227,175.98754189279902,889.287841796875,0.3333333333333333,1.0,48.709749982982,36.36134087640959,138.27185816770663,0.9500272985285344,187.60225924506273,910.6433715820312,0.4166666666666667,6.0
0.0,124,47.32568503302731,36.34255063748988,134.1724949538957,0.9678788814661344,187.70596683625797,936.0636596679688,0.3333333333333333,1.0,48.95205844796526,34.772205115524265,136.6821364006497,0.9648670430719817,193.9207363690005,923.5213012695312,0.26666666666666666,3.0
0.0,125,49.247958504651145,38.3425617480517,132.0195944132248,0.9644167476812947,164.10314398725205,896.3701171875,0.3333333333333333,1.0,52.36003478144419,39.00124315861991,133.28696410100522,0.9625806580310623,192.43408395790908,966.0597534179688,0.3,3.0
0.0,126,45.70482253694442,38.528930856122116,131.56671951624008,0.9504781113553578,155.79816630951228,881.942626953125,0.35,1.0,47.5770636765504,38.47349977617515,131.98455450611544,0.9444566073710502,168.14628706875254,1001.4437255859375,0.36666666666666664,4.0
0.0,127,51.57116708749636,37.48869753971957,135.7095098249096,0.9627080785872169,157.2876438944641,850.7705078125,0.31666666666666665,1.0,53.32868667488011,36.097389369399444,136.24643437710722,0.9566848515246742,176.71829044840962,936.763916015625,0.38333333333333336,5.0
0.0,128,46.54163563023496,37.30487817992201,132.44361494748276,0.9555182870729948,165.9309018466692,889.5076904296875,0.35,1.0,48.05700773976892,35.41226776339631,135.61033969306246,0.9646317304189387,192.36199344064516,926.182861328125,0.4166666666666667,7.0
0.0,129,46.98961792993174,42.20778544416759,134.30101805712667,0.9545130379763511,176.264751536593,917.2005004882812,0.31666666666666665,1.0,51.75515576966526,40.941740393411756,135.72556894802494,0.9641444732429242,195.52647555145057,976.1240234375,0.3333333333333333,4.0
0.0,130,49.8753510986444,42.3223994806272,133.74112798893717,0.9595654334393732,176.4544696173391,921.5563354492188,0.31666666666666665,2.0,52.87626604486342,42.06888119956406,136.67273190196437,0.9661756747305554,192.203910722138,934.6634521484375,0.23333333333333334,9.0
0.0,131,52.87482308036526,46.82516266233466,130.3744422343144,0.9610780705906403,169.35070407217665,903.326171875,0.38333333333333336,3.0,55.179929663616065,44.655894229463414,130.5092793792024,0.9377947558090566,181.71543003460272,1013.631103515625,0.4,5.0
0.0,132,45.52284222650527,36.85452994658648,126.23920903444991,0.9538433247225996,191.78993424245618,896.0321655273438,0.3,3.0,46.959560227732936,35.85355370331137,126.1734570134962,0.9439940814710008,192.1249504035626,918.86376953125,0.38333333333333336,8.0
0.0,133,53.755709578583094,43.100926820047285,134.0707297578093,0.9557417896059518,175.4211002762304,920.176513671875,0.31666666666666665,4.0,56.614625078431374,43.99416840926769,136.64793606435103,0.9520368139044343,201.23226330783922,965.769775390625,0.36666666666666664,6.0
0.0,134,53.7225281508516,40.441065332394544,133.0155360682628,0.9126723315205009,160.290964633798,884.2942504882812,0.35,3.0,58.807741880080435,43.531449442276475,133.3923935226009,0.9035903948709813,175.00171005964148,1022.933837890625,0.38333333333333336,8.0
0.0,135,41.57644586340458,38.439605604940894,137.8073504063971,0.9489921912388686,171.376678432689,870.0692138671875,0.36666666666666664,2.0,42.69744606626598,34.08735972479784,139.0381182968865,0.9600308430853259,184.0264207930113,996.5979614257812,0.43333333333333335,4.0
0.0,136,44.486602854452876,36.512846286827155,137.09510607163963,0.9676369440845043,173.92780392596222,924.6876220703125,0.35,1.0,44.78527800816235,34.97640401292763,138.85859979860973,0.970936741699752,191.36194518129457,1013.3087768554688,0.4,2.0
0.0,137,46.042239700113136,36.058009267915374,135.62253120396673,0.9617654170754473,177.56179056582084,889.6616821289062,0.36666666666666664,2.0,46.35847412833379,35.70154860381706,136.75522649553315,0.9505096508878381,200.03311903943683,947.6756591796875,0.45,4.0
0.0,138,46.553324751381034,38.76151326784096,129.05636905656496,0.9697341550206939,175.19927794430913,868.980712890625,0.3333333333333333,1.0,49.818237817176346,36.83094612548259,129.15059614073718,0.9737995489411695,194.43834305720515,910.1449584960938,0.4,4.0
0.0,139,43.22582518888446,35.49168494377961,134.2626912760158,0.9800853872385477,182.66722482311678,936.1752319335938,0.4,2.0,43.98656166057842,33.54228503819471,133.4429627670293,0.9791862076897162,192.16777166966978,1046.1951904296875,0.4166666666666667,3.0
0.0,140,48.143124938583846,38.10533123088203,131.24878704423156,0.9784430688582726,156.18148886007617,864.9728393554688,0.31666666666666665,2.0,48.931408364296914,36.87915176658318,131.25287492262288,0.9760033973253253,171.1216522020635,902.5122680664062,1.15,6.0
0.0,141,39.2274592148852,40.72652314470811,137.32132228297198,0.9655270659392252,70.8009576276126,781.7166137695312,0.4166666666666667,2.0,44.35632016506261,37.65101581602991,135.2796933018919,0.9463371556716945,84.66286690353769,615.4766845703125,1.8166666666666667,6.0
0.0,142,38.58755605579813,41.90901199917695,134.58200503633358,0.9883301642211989,89.81720094265825,574.7867431640625,0.5333333333333333,2.0,43.49997897917998,38.3049931961677,135.01360483068677,0.9798825429565089,63.44612923489109,551.569091796875,0.5,9.0
0.0,143,38.09808774520771,33.14540228653219,134.02995933718415,0.9680655870996787,129.55867579630734,689.96337890625,0.4,3.0,45.36813808949782,35.73199162062812,135.12512581183884,0.9522490515455817,132.17633498773893,756.0867309570312,0.35,7.0
0.0,144,39.61969169274154,30.714306267046886,133.5244827954131,0.9725793590680651,97.34571013179078,688.16015625,0.6166666666666667,3.0,45.86410994969752,34.980265294182516,135.86232126842296,0.9363951589959966,126.28683674245707,673.03369140625,0.6,6.0
0.0,145,36.416517361065544,36.75407818064951,131.11609021125773,0.9642287849866323,139.80975691553738,727.4002075195312,0.4666666666666667,1.0,41.91254701776522,35.44187619923217,132.2690873052472,0.9480529238168138,142.8296868835585,836.5106201171875,0.45,9.0
0.0,146,39.41258800766179,32.44579212922084,139.64974411665733,0.989665745343155,103.34020232954543,615.2921142578125,1.65,2.0,47.309124003465065,33.01199942900219,146.5029091220206,0.9803713130495956,89.70536583423012,581.8063354492188,0.5166666666666667,8.0
0.0,147,37.26352014728613,30.7203336593524,134.48203961560057,0.9756434928464949,111.91907347190579,704.455322265625,0.48333333333333334,2.0,43.33777965223469,35.251068199472726,137.09665891444425,0.9511367672944132,90.26073775908742,576.9121704101562,0.4666666666666667,5.0
0.0,148,37.21489902278859,32.69845256730929,133.02907393459884,0.9894983554250196,89.41857369176233,486.58880615234375,0.5833333333333334,2.0,42.01808417409308,32.12969287927131,135.88091477816366,0.9756355698123217,85.29403520472471,552.8868408203125,2.1333333333333333,6.0
0.0,149,32.49463039704015,33.363345486310564,129.6339822097772,0.9723452589600423,67.70219895366495,563.6514892578125,2.1333333333333333,1.0,38.68498668260477,30.964275472374744,132.95408935732164,0.963416710925385,59.54178799180909,625.8998413085938,2.0,8.0
0.0,150,35.43001612581917,33.301499812795484,131.42882853801143,0.989815587805213,89.48821825339365,498.72003173828125,0.5833333333333334,3.0,40.69037929234611,30.60088455711807,134.89310063028742,0.9797759312973737,60.654181168675336,535.3487548828125,2.0833333333333335,8.0
0.0,151,30.395310735316258,35.073697579504895,130.64520935428652,0.9728580944729894,79.69806247484314,556.57958984375,0.5,4.0,37.77102276812467,33.701117869559155,129.62760038316628,0.9682293574648496,52.33431945731098,537.2252807617188,1.7166666666666666,10.0
0.0,152,39.243302235266505,35.31001791257625,137.35237171860697,0.9707285434104448,117.1627055053608,679.1934814453125,0.4166666666666667,3.0,45.16566960998213,34.606491550026476,142.4364232677999,0.9511177502017926,85.74249069712664,687.4159545898438,0.36666666666666664,8.0
0.0,153,38.77587224433815,36.766091660943616,139.2972960905029,0.969182044065692,92.68134925076794,571.9992065429688,0.4,4.0,44.17558756290893,42.829534217199594,140.90327818167182,0.9162517831645077,78.69654900449319,532.498779296875,2.0,9.0
0.0,154,37.45067699154856,33.25204692469108,134.70998167408933,0.9899480543186319,115.26011051327487,651.1820678710938,0.48333333333333334,3.0,42.83008137461797,34.863002683234285,137.25816115152762,0.9711150608197168,97.32728471651427,576.9644165039062,0.55,7.0
0.0,155,37.65766364738814,28.89535843615613,135.31217651588383,0.9771754807191878,130.70573645368228,697.5918579101562,0.5,2.0,40.98870506605996,30.20611879104991,138.30323410561638,0.9577006259609947,118.33154383540659,660.7062377929688,0.5666666666666667,11.0
0.0,156,34.90409217927328,32.54928380566854,133.05677535057927,0.9828971708959243,96.16575255732954,624.8547973632812,0.5166666666666667,2.0,38.80921753001017,31.828133349120694,135.29865644486543,0.9656356643377347,77.48098442155765,551.814453125,0.43333333333333335,9.0
0.0,157,36.143177440421866,32.684406234351776,134.44047612216553,0.9607912141465265,104.3883523433766,542.940185546875,0.16666666666666666,4.0,40.42575473028967,37.72273360672377,136.8906536656184,0.938965164550451,100.35340721764697,520.8672485351562,0.45,7.0
0.0,158,34.72417272904301,33.23697813283804,133.7429509149959,0.9589338605094294,89.24549653227416,592.34716796875,0.6333333333333333,3.0,38.305526664779144,34.171799345198316,136.43789568846495,0.9121231637325874,112.00355797561997,577.6947021484375,1.95,9.0
0.0,159,41.04134013509061,40.78115487918527,135.03875258237113,0.9878966894913029,94.07725451454041,704.17578125,0.5333333333333333,1.0,44.42663689745497,37.8741254780305,133.99991016044015,0.9858738184964156,93.68865841162034,643.77001953125,0.5666666666666667,5.0
0.0,160,40.63103628514769,40.01638999292348,132.87238429911753,0.960407732871731,108.37798144105193,791.592041015625,0.26666666666666666,4.0,46.66696244319173,40.549228618127906,134.83734678836387,0.9616141488221471,133.77292323825145,813.1990356445312,0.3,13.0
0.0,161,39.427284380818605,34.389296748832614,133.46600150478346,0.9789068802224621,127.21033975138454,736.885009765625,0.55,2.0,45.12836231254853,34.94950485863721,135.68819629088136,0.965307981041918,101.73368437306237,661.007080078125,0.45,6.0
0.0,162,37.81845015165249,34.46095598203405,129.6655343411299,0.9915055816490596,88.46498848221103,572.4938354492188,0.6166666666666667,2.0,42.567329792589916,37.46072362053747,130.791754873392,0.9815359689769612,66.089797779984,595.0486450195312,0.5,11.0
0.0,163,37.078430686023054,31.303155637869807,130.74673509454266,0.9763360841528932,93.22507151852875,652.3885498046875,0.5,2.0,42.27378774211229,32.350693472665604,133.096007285422,0.9610084026995096,82.10322666813454,638.6461791992188,0.4166666666666667,6.0
0.0,164,39.72874596281878,29.690996464933498,137.14308462185235,0.9753594554707851,119.65952862322155,705.8535766601562,0.45,2.0,44.96299111836375,34.06358850638746,139.31977720041706,0.9583872117359397,119.84598148339757,735.563720703125,0.38333333333333336,6.0
0.0,165,37.93022548612866,27.561926578991073,131.7766160822727,0.9591499748941638,101.32183808876192,637.933349609375,0.4666666666666667,3.0,39.79224371494816,31.3526398782291,134.89851150262953,0.9384155850325862,111.23497599598693,660.4739990234375,0.4,4.0
0.0,166,37.490003976258144,31.907748960106773,132.67315692396073,0.9606625164492488,128.96826899677592,593.4606323242188,0.5166666666666667,3.0,41.67269708411716,35.355655974793734,134.61224272304298,0.9442210174914492,104.85871712735076,583.4146118164062,0.4666666666666667,9.0
0.0,167,35.317113750206815,32.70999071177866,129.7079204597069,0.9813835411628773,75.59133706303754,517.5980224609375,0.5333333333333333,2.0,39.871253543881465,30.484764962324974,133.33066753589867,0.9664887893608555,72.11335469838446,549.083984375,2.1333333333333333,8.0
0.0,168,37.18611895822872,31.1290157651667,132.67259360613878,0.981978734363933,70.24457182224211,568.4412841796875,0.5333333333333333,3.0,41.034872219470195,32.81594233682121,135.5569705128724,0.9589017466089742,66.8773602413836,503.4200439453125,0.5166666666666667,10.0
0.0,169,36.32153397183714,32.417865827621235,136.31471320857662,0.9485680835498317,77.43617335548748,456.3797302246094,0.7166666666666667,5.0,43.20972076995748,34.33128733002609,139.21016007609435,0.9253374472429499,85.94352388474363,522.9341430664062,2.0,9.0
0.0,170,40.006087181062426,39.03808990259982,140.5448270099082,0.9686376268081861,115.9531068302698,618.2628173828125,0.5333333333333333,2.0,44.37972859480387,37.98152004285807,144.2656590679514,0.9441075775845683,120.06544640754669,630.876953125,0.5166666666666667,8.0
0.0,171,38.1624623940605,31.44851198340421,137.31698159047244,0.9871923314627136,127.61325823701611,629.861572265625,0.5166666666666667,3.0,43.2339224027311,35.97448928839522,141.87247532515767,0.9527078888093258,107.36657054935591,600.1898193359375,0.43333333333333335,6.0
0.0,172,38.56038564428773,30.66080986677573,137.1894902477559,0.9734290410820831,97.68159923968,624.5631713867188,0.5333333333333333,3.0,43.69030679028171,34.70430166030883,140.33887059345014,0.9462006146532967,108.10756498898058,579.9970703125,0.4666666666666667,9.0
0.0,173,38.096189148101885,33.593320221781376,136.18200699913297,0.9761655814371536,98.76026058647597,552.9913330078125,0.5166666666666667,3.0,40.4187672590004,33.552524682581705,138.5226933116776,0.9538863681892893,92.67664308413629,581.11328125,2.0,10.0
0.0,174,37.00961294013976,35.88131828424089,133.64539667340622,0.9762951042760524,99.31812871444009,668.3367309570312,0.48333333333333334,3.0,39.339026990075,33.42762932612971,136.8067106242558,0.9648739534654799,68.65883973825277,638.5242309570312,0.4,10.0
0.0,175,50.11826130454106,36.81186884632997,131.28504813611818,0.9271506650697177,108.62078026102438,606.85595703125,0.3,2.0,40.5172526065686,38.82864522672726,135.29557893567687,0.9033838967004176,114.81001234293473,630.2742309570312,0.5666666666666667,7.0
0.0,176,36.73012695469231,33.03519519828848,134.4876625102428,0.9475541554462713,98.13037049457819,571.3699951171875,0.6333333333333333,3.0,40.047752699473456,31.997121746905265,136.5319551707673,0.9287196128412695,116.05753125549995,606.5800170898438,0.6166666666666667,13.0
0.0,177,40.92904883595828,24.54853162654369,139.76586224232184,0.971757759357732,147.57162498011496,863.1934814453125,0.4666666666666667,2.0,42.34563412452294,24.941406887851343,140.06536442529068,0.9779213438246561,139.26137295550234,753.2660522460938,1.75,7.0
0.0,178,40.27720818081385,26.395366815030503,137.46452969286761,0.9708229492863946,138.4794099978933,1139.8839111328125,1.4833333333333334,4.0,44.468849746274685,26.98794742409967,140.31171644285104,0.9552142693718015,133.71100234924853,906.3572387695312,1.4,4.0
0.0,179,37.36597701045802,24.832061520191868,138.50418081568571,0.9771256404804887,143.9612581800526,997.2679443359375,1.5666666666666667,3.0,39.46140481972768,23.57475139092063,140.51062708672944,0.9797803732396361,109.44270866528171,861.028076171875,1.5666666666666667,5.0
0.0,180,38.54503568320639,29.325549561217038,139.90901255891214,0.9757222943605178,145.30437631803096,1004.3697509765625,1.5833333333333333,3.0,41.838579205559995,29.669259074203318,142.10871392830308,0.9834832465119888,143.73216441503985,999.4063720703125,1.6,8.0
0.0,181,39.17152361514892,23.482344205512256,141.41805795361344,0.9610679926315081,170.99146985055057,923.446044921875,0.4,6.0,42.03418838334395,21.532492607230694,143.0266264054723,0.9702301261084324,176.57419343295913,931.716796875,1.6333333333333333,6.0
0.0,182,39.08098608064935,25.46608133635125,141.35972088575423,0.967409334656603,140.87999943263384,954.4865112304688,1.55,2.0,41.84783199422188,21.93077566780481,142.78613216493636,0.9820560941029481,118.07903928073159,750.3491821289062,1.4833333333333334,4.0
0.0,183,38.389882641479616,23.86312309067185,140.10437545839136,0.9850679608418431,143.16999074261162,938.5696411132812,1.5666666666666667,5.0,41.17061962175187,21.10304223082325,141.50162520985901,0.9955748389206688,135.04981788211097,722.5220947265625,1.4833333333333334,6.0
0.0,184,38.67125377652397,31.01349272665093,142.85787458922917,0.9700242357826084,152.53772430309112,1027.706787109375,1.5666666666666667,2.0,41.04360793654721,30.36343923369787,144.10679520017857,0.9775551152678356,132.69845355714352,821.7372436523438,1.5333333333333334,9.0
0.0,185,39.792716947790616,24.19196079698756,143.33156577247016,0.9704062177352889,187.71764979423267,942.9075927734375,0.36666666666666664,3.0,43.341823733608,23.88673830361091,146.902167563184,0.9759235690746294,156.5470029996706,765.779541015625,1.35,4.0
0.0,186,36.87689493804459,23.473271913007654,138.177592361662,0.9722922067453735,169.03358054068093,974.3036499023438,1.5,4.0,38.757874392979815,20.992795713718078,138.98518160404655,0.9815142169245877,156.7022665275411,873.8821411132812,1.4333333333333333,5.0
0.0,187,42.1421211138783,24.888444655987957,144.38473720068842,0.9548149918296114,192.97305787146854,1157.4732666015625,0.3333333333333333,6.0,42.95793859620338,23.43410551236389,146.46244440174252,0.9715311568851636,218.49935075153354,916.404296875,0.38333333333333336,7.0
0.0,188,39.073261497299455,23.597716193428294,143.99986691215582,0.9826621578110557,147.07589554433213,758.7086181640625,1.75,4.0,40.72717630030638,23.972098193817107,144.44867497827823,0.9903632401608365,134.558429955747,771.36083984375,1.75,9.0
0.0,189,38.41258802175129,21.790619079690966,141.42045139664387,0.9897715618708149,155.82805464128512,743.1953125,1.8,4.0,40.3134214042159,21.795216862898204,142.27615712195387,0.9948771804889014,126.84889497705512,722.8406982421875,1.7666666666666666,6.0
0.0,190,38.39111123027493,23.553348749666284,141.34713571262515,0.9871325340095175,169.9679099181384,881.1185913085938,1.5333333333333334,4.0,40.18907289150313,22.42688792301116,142.04701084294587,0.9839693721514986,142.7901328439168,734.275390625,1.5,7.0
0.0,191,38.29610289592521,24.593235422801577,140.88293316461338,0.9796207988308279,170.0654691287454,780.3917846679688,0.43333333333333335,5.0,40.07700217669173,27.231070897446564,142.33718735191255,0.9876886017562988,147.27044031020085,724.534912109375,1.5166666666666666,6.0
0.0,192,38.35920467436281,22.663239996837937,141.3582446780492,0.9801365155405867,152.67821776650862,719.3048706054688,1.7,4.0,40.83127902516046,21.60647469471024,142.17679731206573,0.9840773939200153,152.79897631918288,703.017333984375,1.6666666666666667,8.0
0.0,193,39.51039747680436,22.9718881282969,141.16697692422613,0.9787665356885963,135.06101239521627,852.5846557617188,0.38333333333333336,5.0,42.58487057707718,20.652045729580212,143.40698316017475,0.9833684553679833,111.03575615137402,883.92578125,1.7333333333333334,6.0
0.0,194,41.68375717104107,23.708295162416626,138.9939056892008,0.955834616461132,184.14685663476604,1101.748291015625,0.48333333333333334,3.0,42.20011665457726,24.25284102416097,140.124715963421,0.9673691479888575,188.2339484447877,800.6995239257812,1.45,5.0
0.0,195,42.65679656408586,28.81162314139093,143.59633975494953,0.960170838568933,141.80363362935708,919.9353637695312,0.45,2.0,43.41407223357473,30.945097203789043,145.36117360428324,0.9727121534167319,136.32493685385384,728.4186401367188,1.6666666666666667,7.0
0.0,196,41.21298527919488,24.508253586740086,139.94303488817843,0.9721685432046825,141.76288328125253,929.108154296875,1.5,2.0,41.69521100605931,21.15271725530324,139.96083708775893,0.9739959004452876,125.07125586760651,938.7318725585938,1.4666666666666666,5.0
0.0,197,37.35931768658315,24.668043405577876,137.4299809078395,0.9811513491959369,139.90361629492753,957.1693115234375,1.4833333333333334,2.0,38.55197495540803,21.377696489558584,138.62335591620928,0.984594393818166,109.55010350645921,816.671142578125,1.4333333333333333,6.0
0.0,198,38.60209932505211,23.86847427080442,138.3130668689122,0.9675560945944761,150.24640830497646,1010.3551635742188,1.45,2.0,39.893472371516985,21.47999771212271,138.95948449773888,0.9787378389440293,153.7811405566447,767.7294921875,0.45,6.0
0.0,199,38.030495825162006,27.325090127539138,140.39372058854696,0.9761828103394319,177.77458046176577,865.0873413085938,1.5,2.0,41.04099374970535,22.074625446157853,141.072668590494,0.9775709226749872,135.00014074124607,778.8513793945312,1.4666666666666666,7.0
0.0,200,43.555465198733145,35.347898846515776,146.23115474574143,0.9521247399944672,191.91353896785387,963.5571899414062,0.18333333333333332,3.0,43.04767370723443,25.121758962411814,143.73001856476918,0.9618285018700864,159.4053988436599,799.6837158203125,1.4333333333333333,10.0
0.0,201,38.998730069367305,27.884290912434572,140.78073001042543,0.9693099005423729,138.14104930783316,888.8782348632812,1.5666666666666667,3.0,40.02505239411854,24.561848900732457,141.33312706329863,0.975223507677892,116.4982991668785,713.34814453125,1.5333333333333334,5.0
0.0,202,37.877794807362584,27.638117528473906,141.24769283632844,0.9858181010403785,133.89014040268194,876.7186279296875,1.6166666666666667,2.0,40.33964180758191,24.6177338174344,142.24454131061236,0.986547921963475,115.70026743105018,830.3734741210938,1.6166666666666667,6.0
0.0,203,39.748088430279964,26.76122746541918,143.4129217121788,0.9790313732777769,166.87477388267354,879.975341796875,1.4833333333333334,3.0,41.43064807983185,24.896620195306703,143.3664922302662,0.9827996252906689,141.43068278702145,802.0390014648438,1.4166666666666667,8.0
0.0,204,38.76784827856407,30.906336118154904,142.45068846393647,0.9776347368311826,162.7987525588236,794.8375244140625,1.7166666666666666,2.0,41.43707806136213,24.37469704123176,143.58829805228268,0.9810041725204038,144.4628285747089,735.3419799804688,0.4666666666666667,10.0
0.0,205,40.22467084097272,22.59450290223233,144.7984443721843,0.9712996205233172,168.32319629495544,930.7067260742188,1.6,4.0,41.51562914697992,21.681121952540863,145.03293637471188,0.9764133195054648,137.92245065958667,801.5978393554688,1.6333333333333333,5.0
0.0,206,40.508323618472396,23.070695260472444,141.83128408912881,0.9771798392284354,176.42920721690558,796.8109130859375,1.7,2.0,40.74143091913007,22.691862485538284,141.38057987223542,0.9916669708411929,153.47613423674915,779.4231567382812,0.4666666666666667,5.0
0.0,207,41.323304028725914,21.044381194436863,144.65004000645513,0.9766464429285081,159.16273432719208,792.4598388671875,1.5166666666666666,4.0,41.773011786016006,23.161083188982094,145.4410807659637,0.9845542588301707,152.12298576305358,709.685791015625,0.5166666666666667,5.0
0.0,208,39.851179425109734,19.999753376575875,142.54626409764137,0.9830615849484714,151.41624496185273,785.8627319335938,1.65,3.0,40.56191775731525,23.79046394929546,143.43664229371882,0.9901223298845943,138.03044529738742,755.0347290039062,1.6333333333333333,7.0
0.0,209,39.148790316898626,20.566561463858566,143.39524252143073,0.9811724776573233,159.8436753103644,858.6619873046875,1.6833333333333333,5.0,40.488226472657836,22.096521554835583,143.0377382826011,0.9945707626847231,153.23595319502004,809.7188720703125,1.7,9.0
0.0,210,39.73776713800362,28.36615881187999,141.96768725256112,0.9790279190942426,155.8351337760726,975.217529296875,1.5333333333333334,2.0,41.11785788412396,22.45333965184088,142.4930447037096,0.9845679844059296,138.35025464129444,778.3853149414062,1.5166666666666666,5.0
0.0,211,41.908772326990785,27.402532766183455,145.88744659912138,0.9796597141983402,140.54205029723306,826.801513671875,1.85,3.0,44.016217580694516,26.285046769547588,146.37463589783053,0.9918167476069565,142.08786123457372,830.8103637695312,1.85,9.0
0.0,212,42.748373829968145,26.91205885811966,141.68167678459452,0.9345530186585203,186.34362011957677,1099.8399658203125,0.4,5.0,41.937290277659365,23.743125404348916,141.22388439084307,0.9414839409830003,202.52402191280623,945.1461791992188,1.4333333333333333,5.0
0.0,213,41.0579810312915,23.284089439139922,141.56741009498998,0.9765832097138776,147.71968783276265,894.6625366210938,1.6166666666666667,2.0,41.17850780311316,20.234338621118052,142.25521747564537,0.9765358988057096,137.7702137194578,876.8650512695312,1.6,4.0
0.0,214,40.81528352922234,30.24089250369768,142.67073434872026,0.9930047117307251,81.59000658706418,695.9889526367188,1.3166666666666667,3.0,44.67169081341822,35.68030255980528,144.32895741965672,0.9857778182288774,65.9144814259696,864.2791748046875,0.4,8.0
0.0,215,42.275964908285744,34.91749034382478,142.80268069848475,0.9950304007443772,116.22514260543255,689.844482421875,0.36666666666666664,3.0,45.02976728451221,34.06831071054636,143.577423664713,0.9815236613230864,97.77111174550612,802.89404296875,0.4166666666666667,7.0
0.0,216,42.164294937787524,34.65360956175621,142.99778449855887,0.9982817503672055,125.66843887295903,703.3096313476562,0.3,2.0,45.94747412741051,33.895224711705424,142.88120910986882,0.9898314482591332,99.94113127828598,743.5050659179688,0.4,6.0
0.0,217,42.85403129780256,28.69686380679268,143.87110331526327,0.9964849951123944,116.3406407941693,681.0735473632812,0.3333333333333333,3.0,44.874510802236166,25.82166638732368,145.1662304021665,0.9904515369101781,104.535788463713,734.5578002929688,0.36666666666666664,5.0
0.0,218,42.269168045175604,28.752110363000412,148.23028791828,0.9670693316775996,104.25732569489895,633.0704956054688,1.4666666666666666,1.0,44.82313113978642,29.07975099064658,148.863871246115,0.9638632340249125,93.2840723516938,656.3707885742188,1.3333333333333333,4.0
0.0,219,40.13461184169548,29.22139042838527,144.06686249965915,0.9962471589886549,100.84221645143373,633.508056640625,1.4,2.0,43.135483226929615,29.920780482110153,143.5946247763778,0.980330024270703,84.64718426187858,740.16943359375,0.5,5.0
0.0,220,41.68518855883428,32.795686453333545,145.86303514941557,0.9946734619003127,94.82622601170334,722.2869262695312,1.45,2.0,45.367447035602595,35.310535359975766,145.42065708689015,0.9814335721716086,74.86951807440676,811.5257568359375,0.43333333333333335,5.0
0.0,221,40.22995222347425,34.46562838590027,144.76485263085482,0.9968604303436951,98.60737343725305,642.1201782226562,0.38333333333333336,2.0,43.7927981567575,35.96967301084152,143.76798249958625,0.9801009899484588,69.88348936555184,750.18505859375,0.43333333333333335,7.0
0.0,222,41.05270830913262,32.04192122155743,146.29190471154183,0.9984092234257451,97.10095897164848,586.49755859375,1.3666666666666667,2.0,44.81612849710047,32.8559540363343,145.7972203939057,0.9805075722762041,75.61949384336629,577.357666015625,1.3666666666666667,7.0
0.0,223,40.483760402504245,36.440986172997604,144.26669575776435,0.9983559406744853,101.35230838817876,670.4577026367188,1.4,2.0,42.57422356086854,38.48112374474492,143.98216233207287,0.98838344046183,82.77934132358325,632.8590087890625,0.4666666666666667,7.0
0.0,224,39.23224189619663,30.377375144413257,143.1986800989601,0.996419788911545,107.83669926272296,674.2382202148438,1.2333333333333334,2.0,42.52982462274621,33.71723919858164,141.89644186009625,0.9746477068565113,78.0092287193429,712.7308959960938,1.2,5.0
0.0,225,40.998635962593866,31.300310725162454,146.83986218482008,0.9977449306327332,138.53885681750484,736.8967895507812,1.2166666666666666,2.0,43.664050762788534,34.69145825386392,147.53649796754956,0.982749279108562,99.45826483809299,698.3446044921875,0.4,6.0
0.0,226,39.92874242116745,32.12435405529414,146.37428335457955,0.9983944692366763,107.97101537994791,652.49072265625,1.2833333333333334,2.0,44.072141674710394,34.411958660357634,147.2754263247028,0.988989428440448,82.68253702105,698.9951171875,1.1333333333333333,6.0
0.0,227,41.53975066458359,32.02477192493203,149.39138976532467,0.9983665766614365,105.03957276588807,722.462890625,1.3333333333333333,1.0,42.61434862493898,29.692721032020728,150.1937350652744,0.9895949202554916,104.74280158009464,823.3804321289062,1.2,4.0
0.0,228,39.374791115336826,32.45596851619203,145.87455657926495,0.9998792640109659,108.39515268749096,667.9967651367188,1.2833333333333334,2.0,41.24257996940998,31.27724902391351,145.5625661507231,0.9877094647550156,85.48532074713933,631.9271240234375,0.4,6.0
0.0,229,40.17338392941562,31.27109076476615,149.93056051694077,0.9988686351603726,112.88971323332703,863.8018188476562,1.2166666666666666,2.0,42.103396682094036,29.28960604863273,150.0260994491882,0.9913596585881013,89.55356083625219,1003.8799438476562,1.15,5.0
0.0,230,38.60658154313932,29.326504114466587,147.12308938277047,0.9984487365153808,116.70816268083655,649.4707641601562,1.4166666666666667,3.0,40.342727339373845,26.9334804978822,147.59319334458877,0.9913642706344421,91.0608217942783,762.581298828125,1.2833333333333334,6.0
0.0,231,39.86034045981535,30.327495671583215,148.0302822600274,0.9988855535078465,96.26560804205184,781.7062377929688,1.2833333333333334,2.0,42.102569003775216,29.291751609965907,148.44444504399792,0.9888262566118862,75.76588610633564,801.4633178710938,1.2333333333333334,6.0
0.0,232,39.14382332722962,30.34420301538423,147.4062484974743,0.9994980237834282,119.0270952543824,732.8043823242188,1.2833333333333334,1.0,40.90785625889162,31.427847311098997,148.1258080400726,0.9874700747519143,78.70539486278034,854.6527709960938,1.4666666666666666,7.0
0.0,233,38.49957599080108,32.20539130502591,145.97326354223455,0.998599936483637,100.84100515567286,731.7539672851562,1.2,3.0,39.721954575992136,33.398270143243934,145.4420651066187,0.9897923375568264,74.73660618742343,801.30419921875,1.1333333333333333,3.0
0.0,234,39.47055406768406,32.51259819534966,147.41102232823692,0.9987797983744473,112.859421226172,648.7211303710938,0.3333333333333333,1.0,38.525960231764515,33.91721244324396,147.84300507667888,0.9870235153872903,114.78872614696343,750.958740234375,1.4,6.0
0.0,235,38.774232894344024,31.322517400192098,146.4878711544104,0.9979427535210513,92.46617611728226,696.6968383789062,1.3166666666666667,2.0,40.19029585992346,30.35986885294425,146.15658668955155,0.9909384936776013,68.54720158228986,625.2275390625,1.2,8.0
0.0,236,44.13168633995758,31.319490623496858,143.0125115598508,0.9947565261012522,108.18739977152944,675.8897705078125,0.31666666666666665,2.0,42.24604870484677,31.566537212144432,143.38598490959214,0.9859959376947853,103.96896352745586,705.4146728515625,0.4666666666666667,6.0
0.0,237,41.54848421323008,29.163216659072067,140.30939634569933,0.996669698816335,128.8559557601829,652.4107666015625,0.35,2.0,40.294657886533514,26.63665551071764,141.38798304572722,0.9944310441133803,84.57453249400686,688.0902709960938,0.36666666666666664,8.0
0.0,238,44.080347541124034,32.69044691814054,143.1383730500234,0.9982324922764503,131.592326952848,641.54833984375,0.4166666666666667,2.0,46.282819883957,33.177844418786044,142.32612238435144,0.9847826440518936,86.39558940663306,633.7613525390625,1.2333333333333334,6.0
0.0,239,43.02855286169072,27.91808162868281,143.8820413495065,0.9996338307061758,134.03680105793057,749.6849975585938,0.31666666666666665,3.0,41.4146363654879,26.766687276371012,147.34913987758696,0.9828989532498363,89.54417317259924,899.6295776367188,0.3,5.0
0.0,240,44.02952505283387,33.309116695790436,145.34917229672521,0.9995133889197644,152.52970108435193,648.6328125,0.36666666666666664,2.0,45.146494758089226,33.922561145806064,146.13810500175907,0.9920600754675234,91.00092781143786,726.383056640625,1.2666666666666666,5.0
0.0,241,41.89273241399119,34.231789416723615,145.00406211132767,0.9993142605005865,154.4235453632342,700.2982788085938,0.38333333333333336,1.0,43.38834935846784,33.55086494976516,144.18376491772042,0.9874485717975778,85.2805420921834,701.73828125,1.25,6.0
0.0,242,43.28015893191664,36.63246140932198,146.09562353748984,0.999324052446457,126.35494670862926,707.6261596679688,0.43333333333333335,3.0,45.18759903927943,37.73736395942511,146.08672173764077,0.9803615228058911,86.82973272776223,746.0123291015625,0.43333333333333335,5.0
0.0,243,41.902103726601624,34.12602039526638,144.93011465851214,0.9991822139776722,143.31222679609624,638.7682495117188,0.3333333333333333,2.0,42.16901520904367,33.761172476583035,143.64651950894685,0.9947878200708797,90.33571313911068,833.2583618164062,0.4166666666666667,7.0
0.0,244,42.31843970210624,39.03198217661874,145.34075929542607,0.9998768741931576,119.01664812983711,613.8436889648438,0.4166666666666667,2.0,44.68963385525377,41.871210472520616,145.45710113720585,0.9806113285439552,70.78082226293589,761.8351440429688,0.38333333333333336,8.0
0.0,245,41.01421090833195,32.325965419064204,145.4475934138795,0.999812231257664,117.1708771914291,605.668212890625,0.45,2.0,41.02821745473158,32.08733550028968,146.1875807467816,0.9937106621019323,82.76323985533622,756.4268188476562,1.2333333333333334,8.0
0.0,246,42.3418266597105,30.343697351403385,145.40103129891733,0.999327603787724,142.4537101333999,580.5514526367188,0.36666666666666664,2.0,43.851309981682405,32.81493703392928,144.63957419921726,0.9844394648342516,78.214110031264,697.8031616210938,1.15,5.0
0.0,247,42.34745613654716,32.8929667763017,146.32454093033743,0.9989971142115871,131.27275672806377,643.9854125976562,0.36666666666666664,2.0,40.99050514164858,32.84451053182567,147.66862188622554,0.9902830309589101,79.63375960831769,680.6594848632812,1.4,3.0
0.0,248,40.24673875124758,29.500062260107963,145.5171607972319,0.9992463623494656,140.9217834936834,638.427734375,0.31666666666666665,4.0,40.626267728155426,26.44938035499615,147.57326698447434,0.9902254792002939,93.1310792671647,630.956298828125,1.1666666666666667,7.0
0.0,249,42.102842348681044,30.62397434650162,145.88001799443273,0.9979270604805898,137.79169690768754,582.5160522460938,1.2666666666666666,3.0,43.10205389010526,28.024277307024505,148.51035296933955,0.9922378545706207,88.57681572075478,638.8530883789062,1.5,6.0
0.0,250,42.36300786147384,28.812107605489388,146.12364504575126,0.9987165223105148,129.6082609521781,660.5990600585938,0.35,3.0,42.811733262069936,26.556303254928533,150.990110681318,0.9893060165636199,91.13273185382667,813.1245727539062,1.2333333333333334,7.0
0.0,251,42.946064484673144,39.794775611717775,146.67685544012477,0.9966918584375435,142.66531152851513,673.1495361328125,1.2833333333333334,4.0,43.578229923004166,39.49472332999904,151.159782472963,0.9852656890338255,83.36368234543698,821.4014892578125,1.25,8.0
0.0,252,40.62652401632036,28.95583630476628,144.00444727526806,0.9995693813156313,133.69297995012005,643.4297485351562,0.38333333333333336,3.0,38.753128557371994,26.22666883079596,147.49870824564778,0.9898535649315705,79.5667498292579,733.5039672851562,1.3,3.0
0.0,253,41.526436176213984,31.14716166817644,146.09140991358123,0.9993433509450337,145.83360334737847,608.6297607421875,1.2666666666666666,2.0,42.76044182703974,29.420213250639563,148.1054802561552,0.9821170278277447,73.15915152288625,707.818359375,1.1833333333333333,5.0
0.0,254,41.202054804751754,32.001493926407186,144.22392637294882,0.9981321188638902,119.40190671596838,603.730224609375,1.3833333333333333,3.0,39.594839406526674,32.15251083002689,148.21504289537,0.9905543560482769,77.82222425759755,769.8456420898438,1.25,6.0
0.0,255,40.621311999747206,30.95829502651769,145.25519408412185,0.9993217322348854,137.50465727803487,568.142822265625,0.3333333333333333,2.0,40.31749765190677,31.4026535194472,145.12787754883576,0.9878297683782932,78.01037395685711,651.513916015625,1.1833333333333333,8.0
0.0,256,41.292746131119024,29.41766522326256,146.5813363782745,0.9991391856198732,147.2610081520662,688.7294311523438,0.4,3.0,40.81966207160784,29.161182034409627,148.9928441992951,0.9893408237526402,84.59950701473929,790.7752685546875,1.2166666666666666,6.0
0.0,257,41.4428247976134,16.855273085295348,132.61921206521288,0.9927844858502478,138.59492175519222,564.0863647460938,0.45,1.0,40.06665523533387,18.65723250231758,136.79826114425944,0.9729299572505647,103.25466643522788,622.8156127929688,0.3333333333333333,7.0
0.0,258,39.48239539433282,17.60876494110228,140.291673194714,0.9911115004573839,109.65586280484814,661.0440673828125,0.3333333333333333,4.0,42.42358923119292,19.502688220223774,141.07633117821828,0.9759615701171453,85.28180327719753,746.1724853515625,1.2833333333333334,4.0
0.0,259,39.78099368242009,17.66433963474736,139.59621243468513,0.9835633071137402,68.59108214654555,487.030517578125,0.3,3.0,41.34072926822405,20.06828088190788,137.92391958098187,0.9581305192588006,66.60158855878592,848.5877685546875,1.3166666666666667,5.0
0.0,260,39.45791520505941,18.44848579651226,139.84301160652254,0.9842275205636813,83.74286118163383,562.0347900390625,0.3333333333333333,3.0,40.14809646952932,15.815562483849096,142.57367655940982,0.9616134590079521,74.4068646579575,688.5233154296875,1.2166666666666666,4.0
0.0,261,39.459649697394696,16.38433893499493,142.30636017393707,0.9909458417161052,96.92898368533264,604.2484130859375,0.31666666666666665,3.0,41.33375767937356,18.65569811777985,141.83462214048447,0.9833237712351751,90.59223611533213,712.973388671875,1.1666666666666667,3.0
0.0,262,39.47168842007037,17.70067002989168,142.06023323518997,0.990796975614507,100.36216115648159,557.6294555664062,0.3333333333333333,3.0,41.48383820390502,22.688954388268687,142.63138629112427,0.980784481784622,83.15962849460817,764.37939453125,1.25,4.0
0.0,263,40.72888433462172,17.490028099243137,131.38302110083202,0.9649775562322025,83.80036959784576,535.9033813476562,0.35,2.0,43.78074118292767,27.266789961805014,132.16815292867756,0.9558141892923837,87.2733510320063,580.14990234375,0.3333333333333333,6.0
0.0,264,38.85423977124222,17.756724982833866,138.49234516755251,0.991964461242143,87.21142702392058,586.751708984375,0.36666666666666664,2.0,42.06815785859764,21.927235442543257,139.16884043804518,0.966115970632953,69.94070675273207,858.02587890625,1.3333333333333333,6.0
0.0,265,38.82495302355398,18.128655743013052,141.37805962101564,0.9942554610358206,96.47881820106505,554.9241333007812,0.3333333333333333,1.0,40.15277130100337,16.51138892832235,142.80580827633284,0.968339278562446,75.12985036686985,717.7803955078125,1.3166666666666667,3.0
0.0,266,38.383630237778576,17.758425744389818,139.88743990743555,0.9949350341261194,111.89447950447999,585.2657470703125,0.31666666666666665,2.0,41.801050983649134,18.14001892732582,140.24339974642197,0.9804686995407607,77.73336864380212,720.8089599609375,1.3333333333333333,5.0
0.0,267,38.38630694011257,18.370025408861995,139.72431197837238,0.9958314646071224,87.46434303188579,502.40411376953125,0.36666666666666664,3.0,41.87023305581707,20.61636427670948,139.69096378374303,0.9829809724485054,72.6906203750039,639.3713989257812,1.3833333333333333,6.0
0.0,268,38.164529605093975,19.124816734805897,142.8930045336692,0.9921436914584156,104.1187685346577,557.7674560546875,0.3,3.0,41.16609296876156,24.3881373872407,142.3602866382236,0.9754643040025487,85.2712636771048,646.4275512695312,1.3166666666666667,4.0
0.0,269,37.347250554599654,17.96463333280206,141.81824884732737,0.997366594940242,101.47762745235298,499.6341552734375,0.3333333333333333,3.0,40.80400422604918,20.40301687695726,140.5642965291679,0.9911376315932529,95.76548956789594,574.7630004882812,1.5,5.0
0.0,270,49.66935944667794,26.955657881909538,138.27615510898684,0.9607777971225018,62.1984879197629,549.1018676757812,0.4,4.0,56.00152773951249,38.56488827641822,138.03155956248918,0.989740858822535,71.05045730245081,976.9873657226562,1.4166666666666667,6.0
0.0,271,28.233393102797223,19.860923532671773,139.07482036033974,0.9976327997351065,116.8243057127691,631.9127197265625,0.3333333333333333,2.0,26.169681069692267,24.336267005592028,139.08783020253335,0.8695849755392622,92.61886316876883,867.9895629882812,0.3333333333333333,6.0
0.0,272,21.61439342203328,23.78418299072662,142.9133474485384,0.9945063950670554,132.94258020536546,621.8909301757812,0.36666666666666664,2.0,27.336684449011603,25.428499025260866,144.62300454584252,0.9330536956737693,122.36438392058773,833.096435546875,0.43333333333333335,6.0
0.0,273,22.81208554873884,19.960380216810062,142.55567172404398,0.9845764693313005,124.60508567467315,583.9191284179688,0.4166666666666667,3.0,26.256570557462357,19.82338052868595,143.13005412136846,0.9648059105486254,101.02971796028612,782.0167846679688,0.4666666666666667,8.0
0.0,274,21.73307213826008,20.42031389429675,140.71529670382392,0.9942130963772664,137.92930401251994,587.0131225585938,0.36666666666666664,3.0,25.259328620566443,22.29774117069277,141.71973731752666,0.9783004406156917,94.63168027724919,785.7432250976562,0.43333333333333335,4.0
0.0,275,22.626134124717623,17.481882020089465,141.79339050693935,0.9936778452114098,125.5954476917745,563.0975341796875,0.4,2.0,26.74132426865142,18.774151729327745,143.1047692870868,0.9189159427967297,110.41256984670014,857.6884765625,0.48333333333333334,3.0
0.0,276,22.801943024764416,16.718879868276925,141.0579223507583,0.9927457600853562,132.86460331561898,528.8616333007812,0.4166666666666667,2.0,26.846441899418522,17.173995681990274,142.41979321625257,0.871313368999072,95.86847682430289,825.230712890625,0.48333333333333334,8.0
0.0,277,21.839947757492855,19.106025771710254,143.9695692072616,0.9911420540302328,120.80636085050202,542.744873046875,0.38333333333333336,2.0,26.971925378573573,17.678212864530913,144.994943376432,0.9419758111163886,107.419067225552,780.830078125,0.43333333333333335,6.0
0.0,278,20.99053922651128,21.56757983883156,141.74730272867694,0.974545233856299,120.69656377118321,508.5940246582031,0.4,2.0,25.465717190440245,19.884641485242508,142.5419122160425,0.8325197177491496,89.77805525377136,681.6248779296875,0.48333333333333334,6.0
0.0,279,20.890221243551977,22.979211500355085,137.7574341354018,0.994625752766809,134.41856109116827,552.3146362304688,0.38333333333333336,3.0,22.624477712646016,24.957215192134043,138.1541014559757,0.9177717279192685,93.71745950654969,806.2356567382812,0.43333333333333335,11.0
0.0,280,21.254702034586593,18.805688768647073,140.6365965556256,0.9930615823131342,101.14667751801647,539.8375854492188,0.38333333333333336,3.0,26.194726625138433,17.690408435289655,142.66747402045104,0.9752573653889495,94.21566856907305,742.37451171875,0.43333333333333335,5.0
0.0,281,20.96265828614074,19.486432577910016,140.9260068075712,0.9901549514129446,118.61786793501636,512.1218872070312,0.45,3.0,24.668362110481194,18.825089362747544,142.59721817267177,0.8816625405832286,87.09220577346315,744.0255737304688,1.6,6.0
0.0,282,21.8002008775029,21.178412600002783,143.05144942221125,0.9890273758614938,120.57381144901683,590.818115234375,0.4,2.0,26.337797916185604,21.116283416038655,145.8838923214074,0.8593618586605933,97.55714482834918,879.027587890625,0.45,7.0
0.0,283,21.233381040808126,20.483166814503587,141.92674279316967,0.9983063273855588,147.97598152414082,580.4522094726562,0.36666666666666664,2.0,24.43133265782939,23.00890489720764,142.90200427319735,0.9308304074306596,106.08925438157854,791.7123413085938,0.4166666666666667,8.0
0.0,284,21.20001522651014,18.533922343053664,140.94283897721766,0.9948739880043552,100.11138130773645,494.8722229003906,0.4666666666666667,2.0,24.82485848668416,16.80734581796076,143.09567495822185,0.8914942775547915,95.00680829849387,712.5455322265625,0.48333333333333334,10.0
0.0,285,20.697785112599533,21.020891624643532,142.794276589811,0.9950799124032135,122.74549494602496,563.107421875,0.4,2.0,25.664553830336367,19.336692696371983,144.4682080276145,0.9400863551012311,104.06927480227438,845.9241333007812,0.43333333333333335,4.0
0.0,286,22.317794519954347,22.589206723272692,143.8292777572807,0.9960276726284658,112.71495191543721,552.53515625,0.4166666666666667,2.0,25.261159863311264,24.950805822185206,144.11596869337572,0.9426705039934199,98.15315212952811,795.4303588867188,0.4666666666666667,5.0
0.0,287,21.65520920159233,22.287992739615362,143.5781386563388,0.9832275611323987,138.42627686271612,540.0936889648438,0.38333333333333336,3.0,26.14581871047556,22.30242627083261,145.07331760173577,0.7351903965827092,105.8725748883208,742.5526123046875,0.4666666666666667,6.0
0.0,288,21.923763631898957,23.56062154711613,144.32368539504228,0.9942604974909801,99.00190842295302,533.814208984375,0.43333333333333335,3.0,26.24744220343932,24.0414876078212,146.61440937095156,0.932937857265522,92.00807105409524,784.2549438476562,0.48333333333333334,8.0
0.0,289,46.09650377068454,23.82942688409768,141.88158821344913,0.9935276999418207,142.59339965505347,675.2473754882812,0.38333333333333336,2.0,51.86216477478967,35.7506381437968,143.25541730768828,0.8361845299211167,124.33214056248659,960.0614624023438,0.43333333333333335,8.0
0.0,290,23.764792763215404,24.79805521514656,138.60454942957227,0.9854918288831825,137.41971854189472,676.83740234375,0.35,4.0,24.7864161185718,30.341076220178206,139.1377716484322,0.922331748508678,108.45123213655029,1059.6256103515625,0.4,6.0
0.0,291,23.205632940876136,19.608144691282437,143.77741159063254,0.9950426441143967,121.97730779588284,625.3342895507812,0.43333333333333335,2.0,27.917620568295032,19.606702607237892,145.50772324452623,0.9234104899834906,96.76912347132344,802.5686645507812,0.48333333333333334,6.0
0.0,292,22.1781215881615,18.39698888709707,142.43522511999876,0.9940995062772718,126.26854788070148,603.5433959960938,0.43333333333333335,3.0,27.330312529520107,17.410784703794924,144.39701488118945,0.9350833374490619,102.03723635714283,782.8748168945312,0.5,7.0
0.0,293,23.669382152448676,21.345712222304346,144.75530516219436,0.996692647864902,112.83390178882598,506.12847900390625,0.4,3.0,27.856038209146917,23.895236910868658,147.0340448928157,0.9721273890402209,92.7977139234278,800.7901000976562,0.43333333333333335,7.0
0.0,294,22.950196794504098,19.394380583160046,142.06257633250024,0.9934615912992398,151.4289428474629,587.8820190429688,0.4,2.0,27.540918413342947,18.552169894905123,145.05615425975623,0.909691540209235,112.63634576508935,803.212158203125,0.43333333333333335,8.0
0.0,295,21.52960911961654,17.712936643386136,140.89441493190336,0.9941838376318177,142.2293152776092,545.5054931640625,0.4,4.0,26.003621276294016,16.116635775495197,142.48680461335826,0.9314569069498024,107.85397284418991,774.4000244140625,0.43333333333333335,8.0
0.0,296,22.716578702945906,20.731936267671745,144.87662232940357,0.9839207989800857,127.20748412035988,555.98291015625,0.4166666666666667,2.0,28.83859783076912,18.61162050667849,148.67093402151465,0.8761707287809454,115.01392788919873,760.2891845703125,0.4666666666666667,6.0
0.0,297,20.4879423423425,22.304273556275575,141.64970129559308,0.9846420195606364,104.41984953748431,531.114013671875,0.43333333333333335,4.0,25.716256515237216,21.180367658748608,143.34493108461848,0.8994634720243894,99.87049233000164,805.1734619140625,0.5333333333333333,8.0
0.0,298,20.135430473654566,19.950590177288117,139.09950771901893,0.9925192811888222,122.86138640843859,564.1123046875,0.3333333333333333,2.0,23.729860393279086,19.510601672091354,139.4609678277744,0.9553192043327259,91.93118328317439,709.4058837890625,0.38333333333333336,6.0
0.0,299,20.75348725126193,22.106835474683894,141.53010958672678,0.99236877876805,121.73977822048641,563.9840087890625,0.36666666666666664,2.0,25.79936718125411,21.45986267007914,143.15343136711516,0.9304140152652853,102.08305968611882,882.2532348632812,0.43333333333333335,6.0
0.0,300,20.666289372032303,20.435343310602853,140.2119362290093,0.9929625358113932,94.19289653845368,532.3886108398438,0.43333333333333335,2.0,23.67799421897857,19.661776991550227,140.61180220163192,0.8587831427009657,82.9300565335322,775.0638427734375,0.48333333333333334,8.0
0.0,301,21.013715410126885,21.430522196520474,141.24219208696363,0.9929678409655992,114.20947913305412,559.263427734375,0.4166666666666667,2.0,23.77804829104715,21.647314704683883,142.08318099021653,0.814796225496661,93.79235842025082,732.7076416015625,0.45,7.0
0.0,302,21.68676107456791,23.10633656202283,142.2595664310198,0.9978503203442879,122.37362092804915,604.1895751953125,0.43333333333333335,2.0,24.72874668796026,25.002961614747708,144.63239534017362,0.942279695373642,96.62257479555137,792.17333984375,0.43333333333333335,5.0
0.0,303,20.00169602003031,19.103658280590068,140.95395199913796,0.9904972299688192,86.73116824827844,463.3323669433594,0.4166666666666667,3.0,24.354244828008454,17.435467023051075,142.54434653311495,0.902919061360685,86.85103697339088,602.673828125,0.4,7.0
0.0,304,21.55556248630455,21.11080244906305,143.74293148491648,0.9919206689302313,95.81657973962649,481.71661376953125,0.4166666666666667,2.0,25.257242047234335,19.58440836155456,145.5452532571436,0.8890707461988611,93.9220505970917,670.1849975585938,0.4666666666666667,7.0
0.0,305,22.20651121925042,24.993167516502673,144.48270565079594,0.9923199643959018,114.02991894296889,578.0665893554688,0.4,2.0,27.09610484660449,26.722952481210893,146.83904969920397,0.8441074928283202,109.37233565220339,744.9691772460938,0.48333333333333334,4.0
0.0,306,21.747895836428693,24.570036646459336,144.11630454106333,0.9888890807738501,115.04547420963632,532.6001586914062,0.4166666666666667,3.0,27.055545352969162,26.216803983156172,146.21911236170365,0.9113760475197594,98.28682065764497,780.2559204101562,0.4666666666666667,7.0
0.0,307,35.32813307317086,38.5399416287792,143.13485918523514,0.9915983586348885,101.32680207063856,626.8408813476562,0.3333333333333333,5.0,42.39373272497649,42.77830596935972,144.98359545312587,0.9812785198727587,92.72877030820439,938.6666259765625,0.35,9.0
0.0,308,22.304472387263964,27.461813294048063,142.50006328230177,0.9928199918545746,111.86557205268429,635.247314453125,0.45,5.0,26.366704791839176,29.40262786355389,144.68197592052155,0.9760496500472217,78.03600698490584,739.7106323242188,0.31666666666666665,9.0
0.0,309,20.587202467073155,27.377027128195195,141.86488984426444,0.9804396936123372,85.01530575544905,585.8523559570312,0.38333333333333336,5.0,23.337522858774978,26.94795390555365,142.61362037392522,0.9746660150669556,77.66829786769222,727.8715209960938,1.6,5.0
0.0,310,22.440683479096002,21.89619126131792,141.9130861603912,0.9717205181402865,105.55213074112714,513.7442016601562,0.4166666666666667,4.0,24.12861523970816,23.068311262355852,142.90910238393408,0.9671315803152624,65.94490677818101,603.5261840820312,0.2833333333333333,10.0
0.0,311,21.433032253679382,28.83477906857882,146.6968604752488,0.9901265247570132,100.45375163100402,543.438232421875,0.5,3.0,25.953410443544442,30.503479572645638,146.38889321595502,0.9837962507754241,99.89081954382357,677.156494140625,1.4333333333333333,6.0
0.0,312,30.738375570942413,30.122856277560885,147.87288715124777,0.9952801373149066,88.1648368770675,551.8628540039062,0.4,3.0,30.417620921679884,29.16648660270512,148.85204004177248,0.9439361356200846,83.91345743554609,668.669189453125,1.5333333333333334,9.0
0.0,313,25.992779617628074,26.50909486991151,138.76609891186712,0.9559714654345927,82.46633744663484,658.8333740234375,0.36666666666666664,1.0,25.68087698124206,25.161979412184596,141.88463942957952,0.9721071665176741,78.60907349887185,1068.8934326171875,0.36666666666666664,6.0
0.0,314,32.02839725790398,27.714460360848488,140.42990147235398,0.9843955798861346,94.85407642316773,626.6532592773438,0.35,2.0,28.390872246435723,28.362336536755784,142.43914886559818,0.9809238538674597,78.26448191104191,884.5264892578125,0.3333333333333333,7.0
0.0,315,29.214599860932715,31.43437125426238,141.33922014782434,0.9931209810647611,101.93014090660796,642.8888549804688,0.3333333333333333,3.0,27.3798313751792,37.63533247936589,142.39174746671586,0.979935272548013,99.92155094272249,892.5449829101562,0.36666666666666664,8.0
0.0,316,43.49902846148509,44.600533899267845,146.96134434060556,0.9939882084576422,109.1332656234195,592.2677001953125,0.31666666666666665,4.0,56.363728437030254,51.386774426111174,147.09669050050545,0.9802340287685603,91.98103934448255,853.2236938476562,1.4,11.0
0.0,317,20.052111283238034,25.854805404644758,145.12046952452664,0.9930819844903463,96.909980346839,572.934326171875,0.45,3.0,23.540840150420987,24.84772168358584,145.20444808302273,0.9870405811386939,75.38055544848021,875.8232421875,0.38333333333333336,5.0
0.0,318,21.081543711078112,26.60485286544152,144.52982129573655,0.9869395703464097,93.04590526081995,545.0525512695312,0.35,2.0,22.22112467790499,25.990586558213806,143.28708437448665,0.9570769510863306,80.39049088816284,780.3126220703125,0.36666666666666664,6.0
0.0,319,20.04248550997721,25.804529202467258,143.67651110292337,0.851064674050994,596.6821500984586,637.944091796875,0.48333333333333334,5.0,23.258697414928555,23.122088590015373,142.72346751225194,0.9693527627038621,101.1220620805824,693.4178466796875,1.4333333333333333,7.0
0.0,320,22.436640930068513,32.77644477840586,146.45988161169618,0.9828602225956555,97.37738099855108,511.3717041015625,0.4,2.0,27.605445617366698,34.74599606765159,147.27161493999742,0.9772731010558144,105.29288574808447,678.9683837890625,1.5333333333333334,9.0
0.0,321,24.784910654497583,25.79230039981373,139.22689866655415,0.9597951108292524,88.5328021495232,629.3445434570312,0.38333333333333336,2.0,25.578771589015425,23.942672581950674,140.65329777353443,0.9788368664881915,81.61480054011633,866.2512817382812,0.36666666666666664,4.0
0.0,322,27.06066815661154,25.269622515096405,139.604639155331,0.991086301470408,109.03583301983986,657.1405029296875,0.35,1.0,26.72232826383085,23.82622060862357,140.58969192855497,0.9644666066151798,91.66059906717379,965.781982421875,0.35,6.0
0.0,323,27.34421976147854,31.856757038392328,139.73876458584618,0.9900589643884296,100.80148805404008,673.7767944335938,0.36666666666666664,2.0,27.94389905887101,36.41985354028095,142.4548338290138,0.9737938047922323,90.96758487678585,913.87255859375,0.35,8.0
0.0,324,27.706927005601145,34.351804464649575,140.98065780001363,0.9865858980495417,94.16330069933281,607.33837890625,0.36666666666666664,2.0,32.86113565272451,37.285859826698484,141.6215458627891,0.957089686533069,80.21429906954864,921.5861206054688,0.36666666666666664,5.0
1.0,0,54.50466289090405,32.201845088142306,133.3252312772038,0.8250736979375853,28.602715220832806,323.3194274902344,4.983333333333333,9.0,52.18914070736503,30.562010822470782,136.4660928373672,0.9310815877852078,40.21194488888824,358.2603759765625,4.983333333333333,21.0
1.0,1,63.96100655931845,50.02638355035505,127.4497371300786,0.7298845045044738,29.146516384763004,398.75982666015625,7.466666666666667,8.0,64.48865754151038,51.38438084912956,127.8864975421742,0.924312296513589,43.32161487555453,410.67279052734375,0.4,17.0
1.0,2,68.03209033772158,52.28025116489639,127.1094792302595,0.611262742178386,27.746765582921853,465.6708984375,6.2,6.0,66.03032425905293,54.965122873593614,127.81747751401954,0.8445887702719552,34.911505308354265,415.8880310058594,6.2,15.0
1.0,3,66.48548969678691,49.93693336854497,126.52137374185067,0.7682303429850643,35.16154179807472,591.9174194335938,5.433333333333334,5.0,56.09754915318435,57.685255908074325,124.85259998211413,0.9128284842724101,47.49638797505298,486.1647644042969,5.433333333333334,11.0
1.0,4,66.34417243254664,49.48316912806333,128.44225844085824,0.8328535777833057,34.44610187962013,545.70849609375,5.666666666666667,5.0,65.24340311636755,50.344956443487085,128.15065880125942,0.972724457756752,58.819357824647795,453.2946472167969,5.65,11.0
1.0,5,63.32589607200854,41.72994398272441,129.5839061136392,0.8997605546245505,43.302971997576094,476.37908935546875,3.1,8.0,62.85540570514573,42.480404506339546,132.18566980173233,0.9597489813685586,48.7078181168053,459.00518798828125,3.1166666666666667,13.0
1.0,6,61.7809148306522,43.76507463516255,131.02223833143597,0.9367457144353439,33.23120012510799,500.7363586425781,3.6333333333333333,8.0,58.67398610737219,43.910046466653924,130.40478801668752,0.9763046792858358,47.04844286163791,405.73944091796875,3.7,18.0
1.0,7,69.15391120434963,54.29848385404877,127.26930052702517,0.8381892712270522,25.108877749366343,660.1539916992188,7.2,12.0,68.5870615007324,57.3366287632474,128.93144716967444,0.9391022356158202,43.867582714891284,551.78173828125,7.166666666666667,21.0
1.0,8,52.9447758417498,31.426774967687983,127.97027036762238,0.8567765276271666,32.24956547539648,354.5930480957031,0.36666666666666664,7.0,47.259457575804916,22.181014393796758,129.70599465580685,0.9409978002874116,40.72474653617178,379.0548095703125,4.35,9.0
1.0,9,68.55034594750006,54.97443879683363,129.0447167831833,0.7439816412256691,36.53210139137343,383.32861328125,3.5166666666666666,9.0,59.90111196850776,51.367782000246294,133.15172298822054,0.8859275288581231,43.3091508719005,445.8549499511719,3.2666666666666666,18.0
1.0,10,75.36824948896171,70.63988990871265,125.47627735097433,0.6351738658102277,25.78679874037448,398.9303283691406,6.583333333333333,8.0,81.09212130149947,79.02310732106932,125.65959355445322,0.9291776066719896,38.418078769482236,478.7314147949219,0.26666666666666666,15.0
1.0,11,60.142712344477275,41.24259615688998,128.94538416691896,0.6825426086473805,26.63147342535467,433.5859680175781,6.866666666666666,8.0,59.33466991855673,41.770842470295825,136.64999905454573,0.8793577758786291,36.67969118548541,450.9643249511719,0.18333333333333332,16.0
1.0,12,67.38627694613498,56.34494894406835,125.40596856973492,0.877410656895777,37.52789844546868,472.1573486328125,6.633333333333334,6.0,73.09140854299679,67.08546270435338,124.53594450831206,0.9704575330358544,45.63574963221015,401.0926818847656,6.616666666666666,12.0
1.0,13,67.28971500152443,47.42167718865208,126.6095102322097,0.5767500144159262,29.485046484596182,372.192138671875,2.316666666666667,9.0,67.67860851565152,56.78048299788097,125.45535020014619,0.8637636754292295,35.587191142157906,409.885009765625,0.2,19.0
1.0,14,66.0805817456019,51.71126970141448,131.8025693763751,0.8589861512276549,23.989803730821393,467.30255126953125,7.7,12.0,64.55039952948597,54.66280491164322,135.12415398311123,0.9239975326353645,36.025245120250986,434.18890380859375,4.516666666666667,17.0
1.0,15,63.833532230443694,47.398507921332495,129.15455510697237,0.8999150882634012,26.957412186824854,457.6863098144531,3.283333333333333,9.0,65.54676012884242,52.01174833040691,128.97973823869162,0.957421291741605,47.593964816640835,347.2393798828125,0.26666666666666666,14.0
1.0,16,66.86424084630981,45.009644030294,124.5332171937425,0.8898306182385695,28.780866718574885,373.6143798828125,0.26666666666666666,12.0,68.52732877773872,54.190945173404685,128.17685882696105,0.9454530065744836,37.90084182769135,440.70330810546875,0.23333333333333334,24.0
1.0,17,60.51272508347845,39.04858157243475,128.7449587913265,0.8668368681433469,49.46702676169252,413.7294006347656,6.416666666666667,9.0,58.4578475261533,37.69239099648843,126.9168081115869,0.9081596209331295,50.57912388354424,352.2305908203125,0.5,18.0
1.0,18,56.26201030207089,34.65086472522446,126.47082862651962,0.5741509444360794,36.130047694053644,480.7035827636719,0.35,4.0,54.47085683907976,28.76243431174122,125.60122126929795,0.8217919763450608,53.923555865929416,469.97930908203125,3.183333333333333,14.0
1.0,19,71.94046839839157,64.11946629751048,126.8403477724771,0.7473485987167614,23.012740229183066,587.0022583007812,6.216666666666667,8.0,72.45400712045227,67.78057226486516,127.25466551122156,0.8916342729009888,28.57140011796872,512.18310546875,6.216666666666667,14.0
1.0,20,69.67215058493308,54.62572861625925,126.70761956703423,0.8241255856908274,33.68371372180434,517.2098999023438,5.266666666666667,4.0,69.66203034509672,56.08213523619119,125.01841075885686,0.9313546679163531,52.42523516758297,426.4574890136719,5.25,11.0
1.0,21,68.96366321628147,52.1774395983963,127.40172590798893,0.681277279718834,23.62239641914556,406.9964904785156,6.116666666666666,7.0,64.10618392788787,47.931271419164204,125.44324179253795,0.8571549717410584,44.25365556948407,458.4676818847656,6.116666666666666,14.0
1.0,22,68.54375707175738,49.69752500613685,123.21411909644951,0.6939455237986265,26.486947854377547,495.5890197753906,5.733333333333333,8.0,66.64129376335389,52.62377572491348,125.27342461530415,0.9442386544675994,37.95381114127565,418.08624267578125,5.716666666666667,18.0
1.0,23,62.98409245934299,38.593036733643736,125.20027918423646,0.8522211832307639,35.594203861465985,541.3858032226562,7.033333333333333,10.0,60.35302081988829,38.39144935841368,129.90193348913252,0.9488495140676911,50.25743320618403,535.7880859375,0.35,15.0
1.0,24,53.3410623636761,19.42868655587862,128.76299960631263,0.7737597732847192,27.749134900119543,407.0578308105469,2.9,4.0,49.13545226234629,16.397517600196526,128.62361002189803,0.9024194684362905,48.36608614728988,385.13641357421875,2.8,9.0
1.0,25,69.12712706032148,53.6227570907178,127.58758289429768,0.47407234970165946,28.80502619153276,504.47943115234375,6.666666666666667,7.0,66.49686629665224,56.24515374313599,130.68905568151084,0.8582904746802037,40.0884918310237,479.72137451171875,0.2833333333333333,18.0
1.0,26,66.77134969804823,51.9220102898934,126.87652901511636,0.6238770340965041,22.7941708288418,512.7388305664062,6.0,7.0,53.272220654349255,58.93639322767723,128.8412088899205,0.9207324688372431,35.93512858375021,446.1994934082031,5.966666666666667,10.0
1.0,27,77.47951077997345,74.73232155234497,123.3320939208885,0.8201583126770191,25.695894030374973,545.4765014648438,6.633333333333334,9.0,80.85148110850196,80.1723834976162,125.64632150038817,0.9466920125689191,45.95919331954008,413.26171875,6.583333333333333,18.0
1.0,28,68.06730997974151,52.62706005595214,127.1045237585755,0.9548988399136152,44.46994170802043,465.6114501953125,5.1,8.0,65.96811621886296,55.81463196872171,124.10763760690406,0.9828979260767895,54.92514346409877,440.3933410644531,5.1,14.0
1.0,29,70.08332169331572,55.05015772808044,127.23887826862408,0.814142186872486,33.43955115147338,407.13055419921875,5.35,8.0,71.51673667596151,61.238409706702896,129.09621643549772,0.9562653828946976,50.38252863676149,454.53887939453125,0.23333333333333334,15.0
1.0,30,47.20767841938386,22.10473054182832,137.990768253419,0.8660293922822818,21.071089668032243,481.4927673339844,3.1,8.0,43.13905012804046,17.551083915247403,148.60973770674258,0.989841794802654,37.919700115412525,577.0200805664062,3.033333333333333,12.0
1.0,31,64.06346807022956,47.813989748993045,125.78133218724894,0.6002151748000569,33.82099201393743,498.4566345214844,5.233333333333333,6.0,63.952854669926786,52.8281670999814,127.03869819998242,0.7792575583309784,41.88248293507314,454.5902404785156,0.2833333333333333,11.0
1.0,32,71.59082430693198,61.338734543524886,126.6331362983236,0.883714702519849,22.073814577027804,386.8830871582031,6.566666666666666,10.0,74.78099304626961,69.28791508595793,126.99563613565356,0.9638801518029789,36.56425921491092,507.82012939453125,2.75,14.0
1.0,33,67.38737397977695,53.11486846282746,127.46860876903489,0.9197422088688225,24.879967041196664,415.7027587890625,2.4833333333333334,9.0,70.44877865536448,63.69394270821454,128.10161310513556,0.9852911140843099,35.8030541253936,363.5845947265625,2.8,17.0
1.0,34,51.87849125492381,22.105185519186673,145.1738939735484,0.9513633082874074,109.72451113499005,554.4484252929688,0.35,3.0,55.539078585417904,26.82591345730588,148.9462678816291,0.9564499127401153,122.74628925382274,605.4000854492188,0.3,7.0
1.0,35,53.06260646073393,22.657423783450383,146.79014626289833,0.9500434355370457,96.03103486072342,546.9671630859375,1.6,4.0,54.93905054704547,28.401403909643715,149.5138887185343,0.9623730722037729,113.3177937430952,602.74853515625,1.75,9.0
1.0,36,59.154090458533865,26.5786048623963,149.24924190558022,0.9236758678308613,114.96712453708938,551.7469482421875,1.7666666666666666,6.0,61.14034073192819,32.98133598333559,154.21184386632558,0.9389735559125584,124.73783432619996,610.512939453125,1.7333333333333334,9.0
1.0,37,51.18738010204844,23.168787543681482,149.87918884756218,0.9399658987952381,125.637868290614,535.701416015625,0.3333333333333333,6.0,54.947363539984345,23.86078506068655,151.97518574198244,0.9530478495483936,139.0074288120033,600.5955810546875,1.85,7.0
1.0,38,45.58856092850617,22.725897620396537,149.0738841887647,0.9454167072900923,110.72221050151086,543.8645629882812,1.45,2.0,49.55929444234433,18.57049145769198,152.22537628402188,0.9590878116914705,136.34304354371608,624.4371337890625,1.6,6.0
1.0,39,51.91772510284953,22.631298321715846,149.37843641993834,0.9482626830582606,97.23296570133613,578.5877685546875,1.3333333333333333,4.0,54.83056987505873,21.88022848700675,151.98668639907493,0.9604886995755959,125.95502503148396,606.5068359375,1.3166666666666667,7.0
1.0,40,52.66833599020939,23.534904068228315,147.92176850518604,0.9475319269015894,89.04156177108035,546.9636840820312,0.3333333333333333,2.0,55.54831603821439,21.68797662848342,151.33977584375168,0.959867402614849,99.88067984420326,673.549072265625,1.75,8.0
1.0,41,48.42272769275038,23.529397687722742,147.453690034664,0.949948741935091,104.598238102258,550.1382446289062,0.3,3.0,49.582541649529176,20.10356281113336,148.60351480618246,0.9630582404969059,92.63927183940581,595.3824462890625,1.7833333333333334,6.0
1.0,42,51.34539628432473,23.033465409586306,150.09336029018456,0.9663213652095254,107.47664564578656,510.55731201171875,1.4833333333333334,3.0,55.12138261355362,22.57433053335398,154.2831059440201,0.9575519991143643,112.20317922002522,542.6651611328125,0.2833333333333333,7.0
1.0,43,52.1357177332082,23.109142129249584,142.9496632957991,0.9514632391490632,96.7855742590055,570.4669799804688,1.4666666666666666,2.0,55.46751584796172,19.205285817509612,149.29012341110143,0.9557635198597964,128.31583103703736,599.3070068359375,1.5833333333333333,5.0
1.0,44,59.023089044452036,30.952589113534458,146.53322703668746,0.9346019873298584,108.84907141639843,552.2183227539062,0.3,4.0,60.34301422370088,33.30874324650429,146.38574881877844,0.9705145400563293,95.0848093932035,643.439697265625,1.7,9.0
1.0,45,53.39769033181471,26.690693543900398,143.78525901736865,0.9299052459966202,120.54978144127489,581.6376953125,1.4666666666666666,4.0,58.171263320246766,30.384182156628455,148.20086663374832,0.9437316443125155,132.08142339404247,577.9803466796875,1.5833333333333333,5.0
1.0,46,54.091413206695606,26.50920420187771,148.3128572182623,0.9681852749014,81.20490502930551,563.9352416992188,1.5833333333333333,2.0,57.107398057808716,30.03410009795757,152.25708183430353,0.9744538696853358,87.34823763988345,585.6898193359375,1.7666666666666666,8.0
1.0,47,55.94550630867123,31.45367338430956,146.44249620515387,0.9447863652288961,100.83480868136832,533.1646118164062,1.5333333333333334,4.0,58.11716386065825,33.844287098212675,148.66094997376558,0.9501502269512146,124.28761068374371,572.0325927734375,1.6666666666666667,9.0
1.0,48,48.60469994306447,21.746922309075554,148.2185784284568,0.9609487162485575,93.42438299507847,607.153564453125,1.4833333333333334,2.0,51.47843738711154,17.027852359824546,152.7543678406661,0.9677964114705908,87.23219677853137,635.2555541992188,1.6166666666666667,4.0
1.0,49,56.408533013339216,22.857669257599643,145.76618111600885,0.9486464128494325,97.63113056028885,589.0729370117188,1.6166666666666667,3.0,57.46245749948564,27.882218935156935,147.38179284358657,0.9649331049543317,87.07323115914988,615.7950439453125,1.7333333333333334,6.0
1.0,50,53.013060670146885,20.616976453119925,147.03226172335823,0.9532680817135979,101.4546393013768,551.4188842773438,1.7,3.0,57.314698586478514,25.353320356571686,147.99300149397632,0.9660703496547771,114.1975587940675,626.1190795898438,1.7166666666666666,6.0
1.0,51,49.22869507858887,22.114099983962912,150.70520301937643,0.9434970246122737,97.81617338761748,503.58489990234375,1.5166666666666666,3.0,51.81462802016769,19.130474045907242,155.19693978748586,0.9496397966674454,106.28530314205335,547.9293212890625,1.8,5.0
1.0,52,38.052936199802076,14.953529906529628,147.9568103407321,0.9784153916357369,111.61271813405051,553.7479248046875,0.3333333333333333,3.0,46.2956462382235,18.34532166109842,147.0171510171773,0.9675241029826519,111.94412655161727,629.3743896484375,1.6333333333333333,6.0
1.0,53,43.11053212264444,21.85799021047292,149.4250392127605,0.9511132634651542,117.6544176656202,571.2137451171875,0.3333333333333333,2.0,45.06322794842649,18.024797374764045,153.0304216789583,0.9565681732008429,127.1778689305475,607.2718505859375,0.38333333333333336,4.0
1.0,54,56.69810962752982,24.845231320701988,151.4125858140046,0.9568294738438988,88.26043623087287,474.42108154296875,1.4166666666666667,3.0,58.39944977821774,28.23775341212472,152.06698123939046,0.9674297989695956,91.89066319365196,524.1663818359375,1.3833333333333333,10.0
1.0,55,53.121107627387104,22.74830487750129,150.72707885198773,0.923286915922602,86.32546367687667,557.2273559570312,0.3,5.0,56.35751137670731,23.99870999618602,154.42708465466535,0.939477932388447,90.62870074997534,625.0140991210938,1.95,7.0
1.0,56,43.96826329940298,19.42360055778471,149.2998881403041,0.9624140864335877,109.4857956409868,643.4120483398438,1.4833333333333334,1.0,47.71740740979321,18.6968701523066,154.5780973148082,0.9667881744257657,105.52445570287205,712.3678588867188,1.5,1.0
1.0,57,47.334623182468704,21.765442888153764,149.55783899023533,0.9496976303915625,97.88325887671476,541.5555419921875,1.7666666666666666,4.0,51.20400688953695,18.7726774576322,153.74410443613866,0.9556910337409324,117.93127836686892,616.4080200195312,1.8,8.0
1.0,58,56.61707063761947,31.275552651592314,149.13158324225822,0.9490538017605951,101.76831757372128,524.3136596679688,1.7666666666666666,4.0,60.78401342947733,35.996654200345766,151.53183431517465,0.946476501797408,136.62687705174136,596.4844360351562,0.31666666666666665,8.0
1.0,59,54.72536720648924,28.57393054952784,147.29349182268578,0.9736156353306608,88.90052139087175,538.18505859375,1.6166666666666667,2.0,55.12761123691233,30.272745168712383,148.48637411504956,0.9773632304546599,80.71772211831956,604.71630859375,1.65,8.0
1.0,60,51.59625717126691,24.486062193951827,144.95830733068027,0.968410052199983,120.50934723829045,582.7991333007812,1.5,3.0,56.02775093250141,28.443861920072035,148.3273596101332,0.9641707010085484,132.79479584293767,652.4436645507812,1.5666666666666667,6.0
1.0,61,60.655391737509376,47.874227126560115,147.3531230383413,0.9317946601268912,94.03400756921656,555.7252807617188,0.3,5.0,64.83571762729628,48.533059408550855,148.7896605805559,0.9522331322587368,118.48354601430657,586.2908935546875,0.3,8.0
1.0,62,45.084644019303894,20.841297895715773,148.29381755726362,0.9383203715307153,91.80450172546927,631.5970458984375,1.5833333333333333,3.0,46.84857340561521,18.512945905798535,152.89838766987265,0.9472127853667092,106.03861116638228,656.696533203125,1.65,3.0
1.0,63,49.98740813412653,20.122490572728736,147.85521193866094,0.9539170186867976,97.72624823374827,605.2372436523438,1.3,2.0,53.21343551181068,19.09089538186545,152.7544177095329,0.9632103055956949,103.4128901167378,663.896728515625,1.45,4.0
1.0,64,32.25499830397392,37.78788966730672,128.1302721546857,0.9213776429152271,89.26553181253524,711.7822265625,0.2833333333333333,2.0,31.501347829110944,39.91837247257699,130.57255095795477,0.8748167720929646,109.95841494654115,758.1080932617188,0.3,3.0
1.0,65,31.96780739565772,41.168762695122524,129.16255686920334,0.990209505348984,133.925601198614,836.688720703125,0.36666666666666664,1.0,31.21519899989619,43.32276186342571,130.43871115712986,0.9857336202192276,123.78363356504366,801.1151123046875,1.3333333333333333,6.0
1.0,66,32.32187825064349,38.863848558171846,124.97827917059153,0.9904441988178593,119.35851967131782,818.0211181640625,0.36666666666666664,1.0,32.87586804162601,39.44891053556756,126.92104791237266,0.9609754160494397,98.10867756970822,802.8060302734375,1.3666666666666667,2.0
1.0,67,32.16358068967096,34.41699700082743,129.52262587008514,0.9772552066128785,100.00592352563956,684.1585693359375,0.4166666666666667,1.0,30.949088564089248,32.981125987853325,133.21673020633335,0.9784451198962276,100.97616744293106,739.3089599609375,0.4,6.0
1.0,68,29.154157106904517,32.553716887550266,127.71960509551549,0.9951175688858275,123.20874934234809,839.6654052734375,0.4,1.0,31.371363453489973,33.63065821148426,130.92177675455451,0.9773191588071652,118.33786770658946,814.196044921875,0.36666666666666664,4.0
1.0,69,33.445596543891405,39.393459350301185,129.27742947466302,0.9948083890245714,98.67147690756269,701.5969848632812,0.45,1.0,34.39138408497194,39.16761357064404,131.75802914654597,0.9836629902285299,98.17443530947827,707.2639770507812,0.4166666666666667,7.0
1.0,70,33.09018953007042,37.58352284393231,128.57128041139921,0.9893535431647227,118.07193046340672,780.8003540039062,0.4166666666666667,1.0,33.07061889213182,36.19993690176606,131.28376386028492,0.9669932217188857,127.12581012284829,736.3012084960938,0.36666666666666664,4.0
1.0,71,34.25715363868366,41.19615816284083,129.49672250946682,0.9854461231472518,122.67547185127114,847.7384033203125,0.4,5.0,37.05574002967783,41.09532113516256,132.42976903453535,0.9514604470843345,119.46231101854579,810.1201782226562,0.38333333333333336,10.0
1.0,72,35.98733803384367,41.72720343402567,128.22192005683442,0.9899301900942994,122.78282899150696,889.29150390625,0.4166666666666667,1.0,40.040509779937096,41.579096672666154,132.1642665480187,0.9679099568898634,119.80868617920095,886.9266357421875,0.38333333333333336,6.0
1.0,73,34.90476022217676,37.94469649350421,126.93360958789563,0.9891540725597471,94.97908015253046,650.9223022460938,0.45,2.0,36.732869956539126,36.670519156621666,130.62578957591612,0.9805019869596737,86.64462004155354,690.82568359375,0.4166666666666667,9.0
1.0,74,35.56021793394143,38.56802399855758,125.98764867778144,0.9912695301377369,108.56331840720458,707.2755737304688,0.43333333333333335,3.0,40.929918105976164,37.86391528372092,127.83234636109032,0.9827381583424627,92.92933752463142,758.3204345703125,0.4666666666666667,7.0
1.0,75,32.75885849167393,32.92387153820763,130.9461091213452,0.9639431082251521,134.10523322917243,814.4688110351562,0.38333333333333336,2.0,33.36430332594281,30.737455645553915,136.23745083702113,0.9364007728196939,143.80784856672506,910.7102661132812,0.38333333333333336,5.0
1.0,76,32.77210787091598,36.15139522041823,129.46077362585862,0.980565746974893,117.61990997848983,765.450927734375,0.4,1.0,30.939336685467854,34.67324890633519,131.3658563004176,0.971329934588544,127.30098918235115,826.4854736328125,1.4,4.0
1.0,77,30.306082519392398,35.52121122748857,130.25167675536133,0.9789421330098238,124.40809338969927,770.5962524414062,1.35,1.0,31.42358014372271,35.045902387438844,134.66083428119597,0.9637554675115211,118.89934458770995,790.780029296875,0.31666666666666665,5.0
1.0,78,31.25547732580747,35.15514248137212,128.0650232548917,0.9687308975252178,119.60509116356491,797.0039672851562,0.45,2.0,29.56107963416066,33.45391383392074,131.4192439928843,0.9370859888467769,142.02991378598398,834.5657348632812,0.45,7.0
1.0,79,29.698274788998912,35.592528711949655,126.72072826340283,0.9791275783345617,138.65643048664055,849.1163330078125,0.43333333333333335,1.0,33.2660902028394,34.52974596822262,132.5081519171295,0.9388412954697937,133.7669001709662,837.9733276367188,0.43333333333333335,3.0
1.0,80,30.05541878461394,35.46613758769144,126.25830672852554,0.9864654564685083,93.68031277219387,737.537353515625,1.3833333333333333,1.0,31.826776080726194,35.38417600395503,129.55517765411287,0.9475091703107525,91.5889420105782,858.238037109375,1.3666666666666667,4.0
1.0,81,30.07301930118888,32.263295851715974,127.16230466714089,0.9915759177815713,75.36874342866952,640.3068237304688,1.7166666666666666,2.0,30.820539032106883,30.56724902081214,125.77822264359085,0.9171458069687103,60.83565937320287,730.5241088867188,1.75,5.0
1.0,82,32.696944266022456,38.21590857021263,127.15018787992385,0.9796335845054922,86.34442149465713,620.72509765625,1.55,2.0,35.573396981303226,37.704862581104166,130.68973748917864,0.9519328457858021,66.64356966201069,697.4241333007812,0.5166666666666667,7.0
1.0,83,31.844608679744574,40.81168123248506,128.88031804667995,0.9846919966657872,122.88088257396709,891.3928833007812,0.35,1.0,32.06887258440127,42.72657393892739,131.18868375521492,0.9786306941929527,138.93064664835833,861.6476440429688,0.36666666666666664,6.0
1.0,84,31.295183727889658,39.20178247253016,127.38652542147146,0.9917099283572426,140.7145849740843,911.557373046875,0.38333333333333336,1.0,31.81765833164285,39.569813245937254,132.04273305599378,0.9747031310408822,148.7562667191537,899.0390014648438,0.3333333333333333,3.0
1.0,85,31.817459570811685,36.044315616016604,127.8727301300913,0.9847196224990991,146.93731066442325,915.49609375,0.36666666666666664,1.0,31.377978789083215,35.18569186464288,131.31403984158766,0.9608982439893251,152.84840910149114,935.9678955078125,0.31666666666666665,3.0
1.0,86,30.70511056449355,36.94194055773626,127.59301992585286,0.981855889189362,134.75715941430195,825.2357177734375,0.38333333333333336,1.0,30.601176458136926,35.73424822152792,130.33296165508162,0.9576755360319973,147.37855717458586,813.835693359375,0.3333333333333333,5.0
1.0,87,31.58019071117416,37.035941954918755,129.50321980364964,0.9950766801658335,112.94207816477126,781.1426391601562,0.43333333333333335,2.0,31.995622068061298,35.74753201070896,134.13558072519098,0.9945211623426499,121.65297530341462,757.1153564453125,0.43333333333333335,8.0
1.0,88,34.066524826409136,40.94677300138075,128.94433188267027,0.9889919895013833,117.29020507222458,815.17578125,0.43333333333333335,2.0,36.06406830137932,40.670439763641205,132.45280804464684,0.9715995080159682,115.55782298210488,796.2953491210938,0.38333333333333336,7.0
1.0,89,32.22459640361239,37.460506420690876,129.48400172276482,0.9917994842675368,140.92534039849738,883.6090087890625,0.36666666666666664,1.0,30.94109076575252,36.68182239964963,131.77573921803156,0.9835109556057048,136.513345198168,871.731201171875,0.3333333333333333,7.0
1.0,90,36.55606221848132,41.47978539169655,129.20772881813633,0.9880119508211119,144.96587177762478,966.2255859375,0.36666666666666664,1.0,38.54243353316736,40.57982161530778,131.721169542348,0.9792321481976013,157.26373828859295,941.8048095703125,0.36666666666666664,4.0
1.0,91,34.40704941954011,41.12056763745514,126.22197129408164,0.996588305960849,132.78846326899384,906.4325561523438,0.43333333333333335,3.0,40.14271974375117,41.73126193880854,129.66856863312307,0.9825055522340479,124.21872546575827,863.2423095703125,0.38333333333333336,6.0
1.0,92,35.08445080062683,39.76706117005335,127.03921664931472,0.9944278298240776,105.72798562550958,729.4808349609375,0.45,2.0,39.30382005061087,38.49937619838086,130.19185009369468,0.9532875114084742,93.67828942275793,761.9537353515625,0.45,6.0
1.0,93,34.13069518817003,39.06364519447363,128.703136402705,0.9923812916102729,112.28536309785824,762.1857299804688,0.4,1.0,40.10126012014027,38.669498214925724,130.97793388309591,0.9405838433417643,95.85979084564656,745.70068359375,0.4666666666666667,9.0
1.0,94,29.724700689142253,33.83746310077848,127.7189273576907,0.9910864463648823,97.45511620481494,698.9490966796875,0.4666666666666667,2.0,30.379495395507398,29.586776841341603,130.5793220104659,0.920026368472167,84.30986104662509,730.696533203125,1.4833333333333334,7.0
1.0,95,31.23861250351518,35.195613667977504,127.24406243070304,0.9949181503284003,108.53010780837678,726.8274536132812,0.5333333333333333,2.0,32.158186018861564,33.13590926652295,129.8744818246969,0.95576826240401,102.81268633920291,805.9885864257812,0.48333333333333334,6.0
1.0,96,31.465927649730922,33.72945790352719,127.05250016112781,0.9897840827848198,121.22786965976672,825.9147338867188,0.4,1.0,30.759650574470918,30.217814681202288,131.34242470087813,0.9584819164302407,114.33722174502662,887.8106079101562,0.4,5.0
1.0,97,30.596235417383518,34.49817457045346,126.25024715774006,0.9864076076876237,120.34014384583827,803.505859375,0.4166666666666667,2.0,29.908575703158494,31.671647377386453,130.24110562082168,0.9316605495158528,126.07050952194811,839.2382202148438,0.4166666666666667,5.0
1.0,98,30.020195831198826,35.19071554257601,127.64923257194314,0.9864556816391691,94.52945966378167,712.6665649414062,0.4,1.0,31.353109462026527,33.750426480622686,128.8864761276235,0.9155340460135065,83.5358866121885,743.6143188476562,0.48333333333333334,4.0
1.0,99,30.599402299305495,35.37865725661216,126.91708287794825,0.9800154121111057,122.01628385077072,838.4801025390625,0.4,2.0,32.303172567632714,33.998519467523266,129.26519823871402,0.9416863864845909,112.99476554345091,809.0152587890625,0.43333333333333335,7.0
1.0,100,31.08154042481692,34.88950383799361,126.47237769191078,0.991818401749397,117.37724429249056,772.935302734375,0.4,2.0,32.915344882581905,32.03217739751803,130.50333051632165,0.9521953820453767,97.79516350593326,836.2088012695312,0.4666666666666667,5.0
1.0,101,32.147464217752855,36.10652744598499,125.68977727378393,0.9825299226786974,99.76609155165136,759.0130004882812,0.4666666666666667,3.0,36.398769088665425,34.33289177945092,125.58958611962399,0.9311252892347899,89.00623821807358,766.2525024414062,0.5166666666666667,6.0
1.0,102,48.12505324764811,39.21908631660671,129.50641479536114,0.9521247297590207,166.46004352465894,973.5350341796875,0.31666666666666665,1.0,50.722347025819445,39.343915102036206,132.31298039762038,0.9618754130307882,179.06152490595758,1010.8197631835938,0.2833333333333333,2.0
1.0,103,43.993368784730784,36.45716946125988,133.7050620192496,0.9621236484128842,168.06715174107552,880.3258056640625,0.36666666666666664,1.0,46.49790413772743,36.54082526486677,137.22661486351458,0.978510792097176,186.93689466977958,913.5391845703125,0.38333333333333336,3.0
1.0,104,48.237940077540756,35.65245899716472,134.896663431951,0.9657285133846125,184.3256220139824,1001.1563720703125,1.1166666666666667,1.0,50.079073149080074,38.12329917440917,138.3355119982592,0.9598710887599309,209.09841433590373,1040.236328125,1.0833333333333333,5.0
1.0,105,46.235854421562934,36.59984307780077,130.59704746062351,0.9489529236259507,161.06265107698107,950.3233032226562,0.3333333333333333,2.0,48.5138730211224,35.12300150743997,132.75910845015247,0.9659198269947418,175.42180947659347,880.2494506835938,0.23333333333333334,4.0
1.0,106,45.234763866852205,42.73471434864982,131.6232667792723,0.9270665087220862,162.55017007650508,914.4349975585938,0.35,1.0,50.52695077886261,41.08691241716313,133.1020943736662,0.954010229044129,180.81560347626862,980.2051391601562,0.36666666666666664,3.0
1.0,107,41.69018454148414,34.88232208483846,130.93810565890075,0.9718679065514184,171.42961046227043,893.953125,0.38333333333333336,2.0,42.90706402158514,32.84714167023222,129.5817330831662,0.952916624054767,164.73997599802573,919.7593383789062,0.3333333333333333,10.0
1.0,108,47.14721783509798,37.500655020019984,130.66911908683034,0.9571198362178739,154.90257361319436,896.656982421875,0.35,1.0,48.388262702153135,35.40865189900969,132.18316964403863,0.9670098413355513,169.13120306555356,874.1509399414062,0.4166666666666667,5.0
1.0,109,48.052484194101865,35.269449802901605,133.30540603284265,0.9655539487123651,143.94480192352148,852.3017578125,0.38333333333333336,1.0,49.391416694915506,34.28185873173901,135.70862743244578,0.9609368726160095,147.1040525927924,863.5382080078125,0.3333333333333333,4.0
1.0,110,50.933070652098735,37.528667623689714,130.84961885186,0.9444486935749752,151.4110250041864,898.8212890625,0.38333333333333336,1.0,53.3475382842538,37.29994997685796,134.50874129778416,0.9478546343231434,188.53097557847548,932.750244140625,0.4,5.0
1.0,111,52.53584113619756,47.39631481383958,130.97391286538095,0.9606872240924463,143.97983216359847,824.3768310546875,0.4,1.0,56.170142566331485,46.73227099731529,133.41141998899698,0.9632315215220415,153.04621775560008,884.9713745117188,0.4,5.0
1.0,112,54.83641381665847,42.539748913569355,132.65285128245537,0.9594752073293688,144.22198611318322,922.3349609375,0.31666666666666665,3.0,58.121005253396255,44.780488327410296,136.3008942602778,0.9461744494356422,157.76817363704197,973.7178955078125,0.25,6.0
1.0,113,52.87971470842433,38.080646797644,132.37096497740308,0.9500749538119813,170.18110989837965,982.1381225585938,0.3333333333333333,3.0,56.6527873385206,40.837069606801855,136.50027329271097,0.9459108005527194,197.72001488224703,981.10107421875,0.38333333333333336,9.0
1.0,114,54.9028115516767,42.84994835026987,132.32424055470432,0.946074170742441,139.70352770642648,864.4738159179688,0.36666666666666664,2.0,57.61254035671466,44.627195322699684,134.681294005213,0.9381421910606942,166.8104211463293,914.9268188476562,0.4,5.0
1.0,115,41.42645990992658,35.17087375090392,136.47473394115792,0.967533035233426,160.88328747432996,973.8234252929688,0.35,2.0,41.319848074501785,30.433295833863227,138.49605383427738,0.9747647262509611,212.43045351729592,971.873046875,0.4166666666666667,3.0
1.0,116,48.7741112520691,38.532901353632234,131.58741342715635,0.964679298648732,138.08431488568687,917.1137084960938,0.36666666666666664,1.0,48.2811583799839,38.7109787766421,134.49106240632912,0.9520481214838399,151.9254948873703,996.7117309570312,0.36666666666666664,6.0
1.0,117,40.913223671032604,35.019858967496084,133.957771016291,0.9458149080367714,172.31419423873007,928.889404296875,0.36666666666666664,1.0,42.09112190449432,31.174760782466798,135.98898993178824,0.9515125763851335,187.28463475799174,1005.5030517578125,0.38333333333333336,1.0
1.0,118,44.34231027550024,37.34021285975001,135.1686437773171,0.9470195759346646,168.86394886633155,973.4412231445312,0.35,2.0,45.37013685248425,34.96876525911806,138.52586795178456,0.9577436585481629,219.66072338742492,1012.9456176757812,0.38333333333333336,6.0
1.0,119,47.57610438593726,40.778357998799926,127.64120934507184,0.9789469755251009,172.64231697157157,931.6048583984375,0.31666666666666665,1.0,51.08245157274991,41.91473701036719,128.6292589812463,0.9832104660736094,176.33526342031558,873.3308715820312,0.2,3.0
1.0,120,42.49583335333223,32.43906619204263,128.38886019250634,0.9745387691336092,166.46677267704092,894.5470581054688,1.1833333333333333,1.0,42.44903237502358,30.230825363907027,131.01136928790746,0.9787569367851384,180.93269632691573,945.9171142578125,0.36666666666666664,2.0
1.0,121,44.472962734710734,34.284231141788496,131.6222935816923,0.9831657422111928,166.8876247714354,860.3693237304688,0.3333333333333333,1.0,45.06231949967207,34.114156761071634,133.30165755772433,0.985675373726666,191.65408522307786,911.5709228515625,1.15,4.0
1.0,122,44.762060102662296,40.53885432531368,131.54377008706211,0.9639168860255038,161.31507318869183,904.4400024414062,0.3333333333333333,1.0,48.96111967766279,39.480295389056266,133.67247193034888,0.9697908350320131,186.46730976297732,898.1074829101562,0.36666666666666664,2.0
1.0,123,47.60619663890017,36.553387762087624,135.61544885302936,0.9485576416944653,171.06032821123307,963.0206909179688,1.15,1.0,48.709749982982,36.36134087640959,138.27185816770663,0.9500272985285344,187.60225924506273,910.6433715820312,0.4166666666666667,6.0
1.0,124,47.341572691259586,36.381393993733695,133.38483022176703,0.9640437990771864,181.28943296347984,965.9789428710938,0.35,1.0,48.95205844796526,34.772205115524265,136.6821364006497,0.9648670430719817,193.9207363690005,923.5213012695312,0.26666666666666666,3.0
1.0,125,49.18511185844623,38.38771935472123,131.3779355138501,0.9591874221673904,160.43836259998557,928.4752197265625,0.35,1.0,52.36003478144419,39.00124315861991,133.28696410100522,0.9625806580310623,192.43408395790908,966.0597534179688,0.3,3.0
1.0,126,45.62888432660619,38.56847003572003,130.65819985688267,0.9427203897491401,152.70144177006898,911.7960205078125,0.36666666666666664,1.0,47.5770636765504,38.47349977617515,131.98455450611544,0.9444566073710502,168.14628706875254,1001.4437255859375,0.36666666666666664,4.0
1.0,127,51.537068682514395,37.642118449016046,134.71128605408762,0.9574217475893009,152.7618130228612,880.9332885742188,0.3333333333333333,1.0,53.32868667488011,36.097389369399444,136.24643437710722,0.9566848515246742,176.71829044840962,936.763916015625,0.38333333333333336,5.0
1.0,128,46.48805082764036,37.440779519113754,131.6708232161224,0.9500983715066837,162.44453663916062,906.4617309570312,0.35,1.0,48.05700773976892,35.41226776339631,135.61033969306246,0.9646317304189387,192.36199344064516,926.182861328125,0.4166666666666667,7.0
1.0,129,46.89682829579485,42.28360873281775,133.45760949977105,0.9484682447911182,172.14608796015455,942.7998046875,0.31666666666666665,1.0,51.75515576966526,40.941740393411756,135.72556894802494,0.9641444732429242,195.52647555145057,976.1240234375,0.3333333333333333,4.0
1.0,130,49.7508715701618,42.397193569255414,132.98340413121292,0.9538828932001705,171.09818472472142,948.5792846679688,0.3333333333333333,2.0,52.87626604486342,42.06888119956406,136.67273190196437,0.9661756747305554,192.203910722138,934.6634521484375,0.23333333333333334,9.0
1.0,131,52.810463746636614,47.024534099708305,129.3661996989302,0.9550393482528413,164.2002081175866,952.2335205078125,0.38333333333333336,4.0,55.179929663616065,44.655894229463414,130.5092793792024,0.9377947558090566,181.71543003460272,1013.631103515625,0.4,5.0
1.0,132,45.489918812109835,37.01982806475944,125.20134988960056,0.9457056757644392,187.85231621154566,928.5466918945312,0.3333333333333333,4.0,46.959560227732936,35.85355370331137,126.1734570134962,0.9439940814710008,192.1249504035626,918.86376953125,0.38333333333333336,8.0
1.0,133,53.78603330995613,43.15732244484486,133.27338226767256,0.9520578649069343,170.9220937033743,972.0656127929688,0.3333333333333333,5.0,56.614625078431374,43.99416840926769,136.64793606435103,0.9520368139044343,201.23226330783922,965.769775390625,0.36666666666666664,6.0
1.0,134,53.78554686645884,40.42998171714982,132.37196773578398,0.9044022475986383,156.13830106906192,923.6040649414062,0.36666666666666664,3.0,58.807741880080435,43.531449442276475,133.3923935226009,0.9035903948709813,175.00171005964148,1022.933837890625,0.38333333333333336,8.0
1.0,135,41.80652707128189,38.64610447708991,136.61705538018978,0.943029480752224,166.43032708418218,925.4012451171875,0.38333333333333336,3.0,42.69744606626598,34.08735972479784,139.0381182968865,0.9600308430853259,184.0264207930113,996.5979614257812,0.43333333333333335,4.0
1.0,136,44.42339903600102,36.60691262183943,136.27496138431565,0.9639738697125513,167.24962143774292,985.2494506835938,0.36666666666666664,1.0,44.78527800816235,34.97640401292763,138.85859979860973,0.970936741699752,191.36194518129457,1013.3087768554688,0.4,2.0
1.0,137,46.06701257725669,36.09288821267828,134.77542644974795,0.9566882967340331,172.4819659198704,948.2941284179688,0.38333333333333336,2.0,46.35847412833379,35.70154860381706,136.75522649553315,0.9505096508878381,200.03311903943683,947.6756591796875,0.45,4.0
1.0,138,46.45942832319365,38.925117113057155,127.99819098814349,0.9650525773575318,170.26591175726338,882.703125,0.36666666666666664,1.0,49.818237817176346,36.83094612548259,129.15059614073718,0.9737995489411695,194.43834305720515,910.1449584960938,0.4,4.0
1.0,139,43.21554881596195,35.588288635101634,132.82206004336695,0.9784506203768215,175.947183852181,963.8074340820312,0.4166666666666667,2.0,43.98656166057842,33.54228503819471,133.4429627670293,0.9791862076897162,192.16777166966978,1046.1951904296875,0.4166666666666667,3.0
1.0,140,48.123418540634546,38.168990963808795,130.20982623409802,0.9757210115130442,153.01469113184027,932.557373046875,1.15,3.0,48.931408364296914,36.87915176658318,131.25287492262288,0.9760033973253253,171.1216522020635,902.5122680664062,1.15,6.0
1.0,141,39.29018052122917,41.70311000265937,138.28441675711926,0.9575212836669029,68.35054811867735,629.0056762695312,0.4166666666666667,2.0,44.35632016506261,37.65101581602991,135.2796933018919,0.9463371556716945,84.66286690353769,615.4766845703125,1.8166666666666667,6.0
1.0,142,38.647129275821094,42.54156421176619,135.0833062788107,0.9855143649648126,86.13177181320054,514.4127197265625,1.8666666666666667,1.0,43.49997897917998,38.3049931961677,135.01360483068677,0.9798825429565089,63.44612923489109,551.569091796875,0.5,9.0
1.0,143,38.10176534953726,32.94003961020058,134.3879234100532,0.9636010416237142,123.82342750221312,609.3649291992188,0.4,2.0,45.36813808949782,35.73199162062812,135.12512581183884,0.9522490515455817,132.17633498773893,756.0867309570312,0.35,7.0
1.0,144,39.62754226274796,29.771379948171248,133.85845413002338,0.9666159040608019,92.11874288467726,558.723388671875,0.6166666666666667,2.0,45.86410994969752,34.980265294182516,135.86232126842296,0.9363951589959966,126.28683674245707,673.03369140625,0.6,6.0
1.0,145,36.103088129160064,36.62506367908745,131.0357833021269,0.9601683413140031,134.78055896427577,655.767822265625,0.4666666666666667,1.0,41.91254701776522,35.44187619923217,132.2690873052472,0.9480529238168138,142.8296868835585,836.5106201171875,0.45,9.0
1.0,146,39.85548130677745,33.07826386888887,142.7257201117163,0.9879875683845549,98.5820140046252,607.313720703125,1.65,1.0,47.309124003465065,33.01199942900219,146.5029091220206,0.9803713130495956,89.70536583423012,581.8063354492188,0.5166666666666667,8.0
1.0,147,36.79549430103168,30.35713273554196,134.98477632699732,0.9698801415174039,106.6026375100634,596.732421875,0.48333333333333334,2.0,43.33777965223469,35.251068199472726,137.09665891444425,0.9511367672944132,90.26073775908742,576.9121704101562,0.4666666666666667,5.0
1.0,148,37.35179101909511,32.44671566669536,133.3555871671125,0.9867040028898937,84.06768501983265,485.0406188964844,2.1333333333333333,3.0,42.01808417409308,32.12969287927131,135.88091477816366,0.9756355698123217,85.29403520472471,552.8868408203125,2.1333333333333333,6.0
1.0,149,31.811406511244428,32.74888227023336,129.45113715276796,0.9675884333880291,64.28694514721371,556.5252685546875,2.1,2.0,38.68498668260477,30.964275472374744,132.95408935732164,0.963416710925385,59.54178799180909,625.8998413085938,2.0,8.0
1.0,150,35.28008434134581,33.007578485051326,131.40393257462046,0.986750927720683,84.67934168906879,498.3686218261719,2.0,2.0,40.69037929234611,30.60088455711807,134.89310063028742,0.9797759312973737,60.654181168675336,535.3487548828125,2.0833333333333335,8.0
1.0,151,30.11115870188372,34.63737748797415,130.48504102215776,0.9678543855807744,76.35301860378149,492.7525634765625,1.8166666666666667,4.0,37.77102276812467,33.701117869559155,129.62760038316628,0.9682293574648496,52.33431945731098,537.2252807617188,1.7166666666666666,10.0
1.0,152,38.80262067896563,34.70822352345616,139.01908524311696,0.9625126118078117,111.3513032063716,604.4419555664062,0.43333333333333335,3.0,45.16566960998213,34.606491550026476,142.4364232677999,0.9511177502017926,85.74249069712664,687.4159545898438,0.36666666666666664,8.0
1.0,153,38.672359440841326,36.53639912911386,141.12241052070303,0.9587211840001568,90.59934782473931,534.5745849609375,1.9833333333333334,2.0,44.17558756290893,42.829534217199594,140.90327818167182,0.9162517831645077,78.69654900449319,532.498779296875,2.0,9.0
1.0,154,37.01290846995527,32.999576288386535,135.4253366467978,0.9878338579302893,110.64597199771413,544.833251953125,0.4666666666666667,3.0,42.83008137461797,34.863002683234285,137.25816115152762,0.9711150608197168,97.32728471651427,576.9644165039062,0.55,7.0
1.0,155,36.87483860873276,27.743102946500425,136.21569386966206,0.974149316384403,125.27119292236648,605.2247314453125,0.48333333333333334,1.0,40.98870506605996,30.20611879104991,138.30323410561638,0.9577006259609947,118.33154383540659,660.7062377929688,0.5666666666666667,11.0
1.0,156,34.342166647727055,32.70250942158819,133.37898364629447,0.9811488066025373,93.25492351552725,540.8761596679688,1.8,2.0,38.80921753001017,31.828133349120694,135.29865644486543,0.9656356643377347,77.48098442155765,551.814453125,0.43333333333333335,9.0
1.0,157,35.770702377709405,31.8540494387377,135.02079230901788,0.9548981398978272,99.5298992876775,520.0469970703125,1.9333333333333333,4.0,40.42575473028967,37.72273360672377,136.8906536656184,0.938965164550451,100.35340721764697,520.8672485351562,0.45,7.0
1.0,158,34.305224400581054,32.629230342404426,134.17547243795633,0.9537589210440205,83.40798406185371,585.4060668945312,1.9833333333333334,3.0,38.305526664779144,34.171799345198316,136.43789568846495,0.9121231637325874,112.00355797561997,577.6947021484375,1.95,9.0
1.0,159,42.10195287231399,41.23084551315653,134.36577944301374,0.9861146080509228,87.59768764557947,626.3756713867188,0.5166666666666667,2.0,44.42663689745497,37.8741254780305,133.99991016044015,0.9858738184964156,93.68865841162034,643.77001953125,0.5666666666666667,5.0
1.0,160,41.34898038891846,41.432730174843314,132.0196882236525,0.9608484839712345,100.37294501766866,695.2456665039062,0.3333333333333333,2.0,46.66696244319173,40.549228618127906,134.83734678836387,0.9616141488221471,133.77292323825145,813.1990356445312,0.3,13.0
1.0,161,39.56155325335076,34.615139518218314,132.6336872810935,0.9787113379764634,121.52769417624114,681.66259765625,0.5333333333333333,2.0,45.12836231254853,34.94950485863721,135.68819629088136,0.965307981041918,101.73368437306237,661.007080078125,0.45,6.0
1.0,162,38.266511285076334,34.16572949436663,128.76187004330694,0.992004617500546,85.65903986919295,519.678466796875,0.6166666666666667,2.0,42.567329792589916,37.46072362053747,130.791754873392,0.9815359689769612,66.089797779984,595.0486450195312,0.5,11.0
1.0,163,37.77181364497924,30.209041030561565,129.71123769193196,0.973765246448374,86.90682693583824,574.8458862304688,0.5,1.0,42.27378774211229,32.350693472665604,133.096007285422,0.9610084026995096,82.10322666813454,638.6461791992188,0.4166666666666667,6.0
1.0,164,39.708806081913,29.269254506141245,136.4218704562895,0.9735837198534603,112.32445898294714,627.9818725585938,0.45,1.0,44.96299111836375,34.06358850638746,139.31977720041706,0.9583872117359397,119.84598148339757,735.563720703125,0.38333333333333336,6.0
1.0,165,37.941841887341,26.58815781178187,130.69518923997492,0.9579937513712737,94.95448890325633,555.540771484375,0.4666666666666667,1.0,39.79224371494816,31.3526398782291,134.89851150262953,0.9384155850325862,111.23497599598693,660.4739990234375,0.4,4.0
1.0,166,37.47188666081171,31.742419873251837,131.76094830278936,0.961833771201715,125.10067188478786,548.396728515625,0.5,2.0,41.67269708411716,35.355655974793734,134.61224272304298,0.9442210174914492,104.85871712735076,583.4146118164062,0.4666666666666667,9.0
1.0,167,35.453496074733124,32.09784003396787,128.61013485918008,0.9800403493931621,69.91958005651924,482.0301208496094,2.066666666666667,2.0,39.871253543881465,30.484764962324974,133.33066753589867,0.9664887893608555,72.11335469838446,549.083984375,2.1333333333333333,8.0
1.0,168,37.51218874481892,30.408228772092777,131.66976810710045,0.9797117863733055,64.70940339467177,502.9014587402344,1.9166666666666667,2.0,41.034872219470195,32.81594233682121,135.5569705128724,0.9589017466089742,66.8773602413836,503.4200439453125,0.5166666666666667,10.0
1.0,169,36.65681225501308,32.06421084859282,135.52306048044224,0.9444607519871964,71.9486655395238,484.7733154296875,1.95,1.0,43.20972076995748,34.33128733002609,139.21016007609435,0.9253374472429499,85.94352388474363,522.9341430664062,2.0,9.0
1.0,170,40.10557768917135,40.17905639122335,140.26491828540213,0.9677026145516822,111.20356135063531,581.4417724609375,1.9,2.0,44.37972859480387,37.98152004285807,144.2656590679514,0.9441075775845683,120.06544640754669,630.876953125,0.5166666666666667,8.0
1.0,171,38.215863465512264,31.521835483679276,136.57680412628403,0.9872305609943288,120.62561053722703,565.0914306640625,0.5166666666666667,2.0,43.2339224027311,35.97448928839522,141.87247532515767,0.9527078888093258,107.36657054935591,600.1898193359375,0.43333333333333335,6.0
1.0,172,38.533995422054375,30.607037135691055,136.42847550776395,0.9728994955367415,90.5297690757834,546.605224609375,0.5333333333333333,1.0,43.69030679028171,34.70430166030883,140.33887059345014,0.9462006146532967,108.10756498898058,579.9970703125,0.4666666666666667,9.0
1.0,173,38.090126905211484,33.74718142801897,135.30523280194336,0.9761029100493084,92.97110779221327,553.674072265625,2.033333333333333,2.0,40.4187672590004,33.552524682581705,138.5226933116776,0.9538863681892893,92.67664308413629,581.11328125,2.0,10.0
1.0,174,37.05154865736401,36.11343477346092,132.6021368708517,0.9754201614948377,93.1578354315954,581.4636840820312,0.48333333333333334,1.0,39.339026990075,33.42762932612971,136.8067106242558,0.9648739534654799,68.65883973825277,638.5242309570312,0.4,10.0
1.0,175,51.104140955513856,40.007043987214296,129.9430472471923,0.9309305945223723,98.5668433636846,531.8125,0.6166666666666667,2.0,40.5172526065686,38.82864522672726,135.29557893567687,0.9033838967004176,114.81001234293473,630.2742309570312,0.5666666666666667,7.0
1.0,176,36.858568711134254,33.130424161140766,133.53404552349733,0.9467539466581889,90.63013727779321,513.2151489257812,0.65,1.0,40.047752699473456,31.997121746905265,136.5319551707673,0.9287196128412695,116.05753125549995,606.5800170898438,0.6166666666666667,13.0
1.0,177,40.41737434302104,25.28764537109991,138.6329901226291,0.9692301499803224,146.1188035067812,609.729736328125,0.43333333333333335,2.0,42.34563412452294,24.941406887851343,140.06536442529068,0.9779213438246561,139.26137295550234,753.2660522460938,1.75,7.0
1.0,178,40.0145641405444,26.649962248329583,137.92089496701848,0.968229553320822,141.91218255679303,774.4781494140625,1.4666666666666666,2.0,44.468849746274685,26.98794742409967,140.31171644285104,0.9552142693718015,133.71100234924853,906.3572387695312,1.4,4.0
1.0,179,36.56855207133977,24.789966977122806,140.5877552156458,0.9739572641996875,153.70107727492893,685.4909057617188,1.55,1.0,39.46140481972768,23.57475139092063,140.51062708672944,0.9797803732396361,109.44270866528171,861.028076171875,1.5666666666666667,5.0
1.0,180,38.26754416164462,29.68228891255662,141.14127085651978,0.9717165418712778,151.99770604742127,689.3436889648438,1.5833333333333333,2.0,41.838579205559995,29.669259074203318,142.10871392830308,0.9834832465119888,143.73216441503985,999.4063720703125,1.6,8.0
1.0,181,38.57619046520084,23.430328903499387,141.94580076357352,0.957222881274135,174.36862045970514,700.5708618164062,0.38333333333333336,2.0,42.03418838334395,21.532492607230694,143.0266264054723,0.9702301261084324,176.57419343295913,931.716796875,1.6333333333333333,6.0
1.0,182,38.6103865404591,25.50763571229078,142.33994019649074,0.9599093534699008,141.08489775502647,706.640625,1.55,1.0,41.84783199422188,21.93077566780481,142.78613216493636,0.9820560941029481,118.07903928073159,750.3491821289062,1.4833333333333334,4.0
1.0,183,38.015128368695734,23.80561423327932,142.33624775977734,0.9816268555079984,151.88042207464804,688.2940063476562,1.5333333333333334,1.0,41.17061962175187,21.10304223082325,141.50162520985901,0.9955748389206688,135.04981788211097,722.5220947265625,1.4833333333333334,6.0
1.0,184,38.185809221354624,30.779047225696864,143.1576705258921,0.9660176137989118,155.0371018779694,700.9607543945312,1.5333333333333334,2.0,41.04360793654721,30.36343923369787,144.10679520017857,0.9775551152678356,132.69845355714352,821.7372436523438,1.5333333333333334,9.0
1.0,185,39.25967656739673,24.225708080019572,143.68906870753335,0.9651475261422037,187.42078304936712,724.6123046875,0.35,2.0,43.341823733608,23.88673830361091,146.902167563184,0.9759235690746294,156.5470029996706,765.779541015625,1.35,4.0
1.0,186,36.42502815306588,22.75436170244688,138.19363586737649,0.9661280298093767,168.8492332476295,716.6489868164062,1.4833333333333334,2.0,38.757874392979815,20.992795713718078,138.98518160404655,0.9815142169245877,156.7022665275411,873.8821411132812,1.4333333333333333,5.0
1.0,187,41.59871325533166,25.34250307637293,143.10896147401826,0.9490101012022263,183.65572923956307,805.7848510742188,0.36666666666666664,2.0,42.95793859620338,23.43410551236389,146.46244440174252,0.9715311568851636,218.49935075153354,916.404296875,0.38333333333333336,7.0
1.0,188,38.723853192387324,23.536281519549522,146.45172828175956,0.9757884283522694,150.7756051570007,623.1973266601562,1.7666666666666666,1.0,40.72717630030638,23.972098193817107,144.44867497827823,0.9903632401608365,134.558429955747,771.36083984375,1.75,9.0
1.0,189,38.03845172412935,21.650596228460223,143.75069293192962,0.9844366307498331,157.35173988494836,632.160400390625,1.8,2.0,40.3134214042159,21.795216862898204,142.27615712195387,0.9948771804889014,126.84889497705512,722.8406982421875,1.7666666666666666,6.0
1.0,190,37.85399472658441,22.967990093372446,143.25084675300855,0.9819216055814558,174.17320710944438,693.5103759765625,1.5333333333333334,3.0,40.18907289150313,22.42688792301116,142.04701084294587,0.9839693721514986,142.7901328439168,734.275390625,1.5,7.0
1.0,191,37.731978850756164,24.608906923242827,141.27366375362163,0.9751594796092441,173.68927900396642,651.7481079101562,0.4,2.0,40.07700217669173,27.231070897446564,142.33718735191255,0.9876886017562988,147.27044031020085,724.534912109375,1.5166666666666666,6.0
1.0,192,37.85435675527056,22.173742129420727,142.47603669341382,0.9741918746739696,156.39673706393353,629.1810302734375,1.7166666666666666,2.0,40.83127902516046,21.60647469471024,142.17679731206573,0.9840773939200153,152.79897631918288,703.017333984375,1.6666666666666667,8.0
1.0,193,39.016000500624905,23.17239039827936,142.36039496338356,0.9715352622669002,131.63567373191057,628.0468139648438,1.7166666666666666,1.0,42.58487057707718,20.652045729580212,143.40698316017475,0.9833684553679833,111.03575615137402,883.92578125,1.7333333333333334,6.0
1.0,194,41.22303696653672,24.29118394878401,137.28475870644073,0.953317202223596,180.0607130687314,763.1864013671875,0.48333333333333334,2.0,42.20011665457726,24.25284102416097,140.124715963421,0.9673691479888575,188.2339484447877,800.6995239257812,1.45,5.0
1.0,195,42.01991391322901,29.623917695345668,142.7774303081048,0.9563911339462888,136.77910851032522,641.5422973632812,1.6666666666666667,1.0,43.41407223357473,30.945097203789043,145.36117360428324,0.9727121534167319,136.32493685385384,728.4186401367188,1.6666666666666667,7.0
1.0,196,41.23868427280199,24.911808506738943,139.3835359272985,0.9691735173080149,133.77107940336572,704.0654296875,0.38333333333333336,2.0,41.69521100605931,21.15271725530324,139.96083708775893,0.9739959004452876,125.07125586760651,938.7318725585938,1.4666666666666666,5.0
1.0,197,36.94898863647327,24.55049509567945,136.47294430447124,0.978075489478586,130.59959580000935,668.0963134765625,1.4666666666666666,2.0,38.55197495540803,21.377696489558584,138.62335591620928,0.984594393818166,109.55010350645921,816.671142578125,1.4333333333333333,6.0
1.0,198,38.58871168353099,24.186020107444907,137.37156175244093,0.9638127234957807,140.59162437929615,698.767578125,1.4333333333333333,1.0,39.893472371516985,21.47999771212271,138.95948449773888,0.9787378389440293,153.7811405566447,767.7294921875,0.45,6.0
1.0,199,38.21754678488403,26.49496252284909,139.28460879425688,0.972887574039744,165.48653877023668,731.7991943359375,0.3333333333333333,2.0,41.04099374970535,22.074625446157853,141.072668590494,0.9775709226749872,135.00014074124607,778.8513793945312,1.4666666666666666,7.0
1.0,200,44.03930157216271,35.118848340585366,146.48497192687495,0.9464091252191822,186.8795456299722,738.1570434570312,0.3333333333333333,2.0,43.04767370723443,25.121758962411814,143.73001856476918,0.9618285018700864,159.4053988436599,799.6837158203125,1.4333333333333333,10.0
1.0,201,38.511334579849674,26.24708555571443,139.77933180483305,0.9628961939067365,128.88543244592285,629.8796997070312,1.55,2.0,40.02505239411854,24.561848900732457,141.33312706329863,0.975223507677892,116.4982991668785,713.34814453125,1.5333333333333334,5.0
1.0,202,37.52952892723977,26.758021119236464,140.19666123550195,0.9827121924034263,124.94123541726935,637.4332275390625,1.6166666666666667,1.0,40.33964180758191,24.6177338174344,142.24454131061236,0.986547921963475,115.70026743105018,830.3734741210938,1.6166666666666667,6.0
1.0,203,39.20841322682243,26.091045024542172,142.62359335808756,0.9753123986081992,155.79875016511807,681.361572265625,0.35,2.0,41.43064807983185,24.896620195306703,143.3664922302662,0.9827996252906689,141.43068278702145,802.0390014648438,1.4166666666666667,8.0
1.0,204,39.307298198221346,29.80288427627031,141.51427665615194,0.9742722385121797,151.81436829057873,656.6141967773438,0.4166666666666667,2.0,41.43707806136213,24.37469704123176,143.58829805228268,0.9810041725204038,144.4628285747089,735.3419799804688,0.4666666666666667,10.0
1.0,205,39.59844368174038,22.744881973723007,144.07946505128487,0.9674818523826211,157.82789579525257,673.0401611328125,1.6,2.0,41.51562914697992,21.681121952540863,145.03293637471188,0.9764133195054648,137.92245065958667,801.5978393554688,1.6333333333333333,5.0
1.0,206,40.18801329786396,23.044234095152586,141.14360657537833,0.9752218951468781,165.99098462946046,747.4612426757812,0.4166666666666667,2.0,40.74143091913007,22.691862485538284,141.38057987223542,0.9916669708411929,153.47613423674915,779.4231567382812,0.4666666666666667,5.0
1.0,207,41.19890895200049,19.90905003887754,143.96980464029784,0.9714079632743473,149.3424546392373,614.2588500976562,0.45,2.0,41.773011786016006,23.161083188982094,145.4410807659637,0.9845542588301707,152.12298576305358,709.685791015625,0.5166666666666667,5.0
1.0,208,39.774195528305874,18.85175887839334,141.62705496179186,0.9789720721033135,140.88598056858984,588.542236328125,0.4666666666666667,1.0,40.56191775731525,23.79046394929546,143.43664229371882,0.9901223298845943,138.03044529738742,755.0347290039062,1.6333333333333333,7.0
1.0,209,39.106762939135784,19.718526622141802,142.49406110214667,0.9774812956920246,149.50236777145818,615.9498901367188,1.6833333333333333,1.0,40.488226472657836,22.096521554835583,143.0377382826011,0.9945707626847231,153.23595319502004,809.7188720703125,1.7,9.0
1.0,210,39.29554520823115,29.192815199890497,141.08258404375766,0.9765247632845074,145.67371176725402,714.4409790039062,0.38333333333333336,2.0,41.11785788412396,22.45333965184088,142.4930447037096,0.9845679844059296,138.35025464129444,778.3853149414062,1.5166666666666666,5.0
1.0,211,41.79517600863077,27.367589564137848,145.28028483051492,0.9750940890560781,131.54316674977167,657.1785888671875,0.35,1.0,44.016217580694516,26.285046769547588,146.37463589783053,0.9918167476069565,142.08786123457372,830.8103637695312,1.85,9.0
1.0,212,42.92589680979727,28.299980961316308,141.57619473042956,0.9296526453107616,180.28929769798168,878.807861328125,0.4,2.0,41.937290277659365,23.743125404348916,141.22388439084307,0.9414839409830003,202.52402191280623,945.1461791992188,1.4333333333333333,5.0
1.0,213,40.300370028631626,22.378849316169873,140.731148982088,0.9724098680491171,138.06109046287958,673.5887451171875,1.6,1.0,41.17850780311316,20.234338621118052,142.25521747564537,0.9765358988057096,137.7702137194578,876.8650512695312,1.6,4.0
1.0,214,40.75718471885082,29.64943925308661,142.6390741182584,0.9909116051717382,82.10392341763765,630.5079956054688,1.3166666666666667,2.0,44.67169081341822,35.68030255980528,144.32895741965672,0.9857778182288774,65.9144814259696,864.2791748046875,0.4,8.0
1.0,215,42.393059251366275,35.45671728968845,142.8558490220493,0.993589098212519,115.8595061353455,609.4013061523438,0.36666666666666664,3.0,45.02976728451221,34.06831071054636,143.577423664713,0.9815236613230864,97.77111174550612,802.89404296875,0.4166666666666667,7.0
1.0,216,42.278126375372324,35.12351241957964,143.18276569616268,0.9974014824711297,124.18212539591195,616.5328369140625,0.31666666666666665,2.0,45.94747412741051,33.895224711705424,142.88120910986882,0.9898314482591332,99.94113127828598,743.5050659179688,0.4,6.0
1.0,217,42.93439922581466,28.13291562641439,143.96230502298903,0.9952977040287195,115.97187497743761,591.3307495117188,0.3333333333333333,2.0,44.874510802236166,25.82166638732368,145.1662304021665,0.9904515369101781,104.535788463713,734.5578002929688,0.36666666666666664,5.0
1.0,218,42.25215462069627,28.471209527182136,148.8032383810301,0.9633541807600152,104.56520545914117,574.4678344726562,1.4833333333333334,1.0,44.82313113978642,29.07975099064658,148.863871246115,0.9638632340249125,93.2840723516938,656.3707885742188,1.3333333333333333,4.0
1.0,219,40.16906658603872,28.835834562420278,144.37406092448248,0.994389172238092,98.78743198537364,580.1968383789062,1.4166666666666667,2.0,43.135483226929615,29.920780482110153,143.5946247763778,0.980330024270703,84.64718426187858,740.16943359375,0.5,5.0
1.0,220,41.713424642283215,33.014380112019204,146.61982279552865,0.9929644931200348,99.3088009796682,697.29248046875,1.45,2.0,45.367447035602595,35.310535359975766,145.42065708689015,0.9814335721716086,74.86951807440676,811.5257568359375,0.43333333333333335,5.0
1.0,221,40.30136160839899,34.84537405536478,145.22928192098405,0.9954936083110182,98.04882415792491,558.1469116210938,0.38333333333333336,2.0,43.7927981567575,35.96967301084152,143.76798249958625,0.9801009899484588,69.88348936555184,750.18505859375,0.43333333333333335,7.0
1.0,222,41.10562924333036,32.03309955853774,147.14344952943975,0.9975572309895537,97.86084498251086,524.5421142578125,1.3666666666666667,2.0,44.81612849710047,32.8559540363343,145.7972203939057,0.9805075722762041,75.61949384336629,577.357666015625,1.3666666666666667,7.0
1.0,223,40.48976182011922,36.87835286701958,145.09580299529443,0.9975990075142275,101.11596515842933,589.1671142578125,1.4,2.0,42.57422356086854,38.48112374474492,143.98216233207287,0.98838344046183,82.77934132358325,632.8590087890625,0.4666666666666667,7.0
1.0,224,39.25333071893422,30.46801957805884,143.99516299172052,0.9950543618718164,106.77525105914839,596.5579223632812,1.2333333333333334,2.0,42.52982462274621,33.71723919858164,141.89644186009625,0.9746477068565113,78.0092287193429,712.7308959960938,1.2,5.0
1.0,225,41.03385917667945,31.46505458511687,147.6425965917289,0.9967987289315757,138.4583666358077,667.3258056640625,1.2166666666666666,2.0,43.664050762788534,34.69145825386392,147.53649796754956,0.982749279108562,99.45826483809299,698.3446044921875,0.4,6.0
1.0,226,39.85207092544156,32.12659047097088,147.04119256593836,0.9976504023492176,109.79924939869335,585.1939086914062,1.2833333333333334,2.0,44.072141674710394,34.411958660357634,147.2754263247028,0.988989428440448,82.68253702105,698.9951171875,1.1333333333333333,6.0
1.0,227,41.57212738581554,32.026012516372234,150.63667151297088,0.9977940943220497,105.67250106774168,657.7824096679688,1.3333333333333333,2.0,42.61434862493898,29.692721032020728,150.1937350652744,0.9895949202554916,104.74280158009464,823.3804321289062,1.2,4.0
1.0,228,39.42494738296553,32.33358977535581,146.52119760848294,0.9996823593457405,108.08722353382393,605.1530151367188,1.2833333333333334,2.0,41.24257996940998,31.27724902391351,145.5625661507231,0.9877094647550156,85.48532074713933,631.9271240234375,0.4,6.0
1.0,229,40.37791069740739,30.989046906815283,150.92317278018285,0.997873510523274,115.21350215472751,779.821044921875,1.2166666666666666,2.0,42.103396682094036,29.28960604863273,150.0260994491882,0.9913596585881013,89.55356083625219,1003.8799438476562,1.15,5.0
1.0,230,38.59756452009739,28.65179402757287,147.5515501572479,0.9973242001340732,115.34970386413619,595.0380859375,1.4333333333333333,2.0,40.342727339373845,26.9334804978822,147.59319334458877,0.9913642706344421,91.0608217942783,762.581298828125,1.2833333333333334,6.0
1.0,231,39.86832011709393,30.13271667437167,148.72613361664278,0.9978910130796544,95.07127962863763,703.3643798828125,1.3,3.0,42.102569003775216,29.291751609965907,148.44444504399792,0.9888262566118862,75.76588610633564,801.4633178710938,1.2333333333333334,6.0
1.0,232,39.16182338355663,30.23907343765611,147.89161344414833,0.9989465571149042,120.79761103633047,657.1787719726562,1.2666666666666666,1.0,40.90785625889162,31.427847311098997,148.1258080400726,0.9874700747519143,78.70539486278034,854.6527709960938,1.4666666666666666,7.0
1.0,233,38.47094122872372,32.016982009495386,146.73704735385343,0.9976078888742717,103.05432091137277,647.0364990234375,1.2,3.0,39.721954575992136,33.398270143243934,145.4420651066187,0.9897923375568264,74.73660618742343,801.30419921875,1.1333333333333333,3.0
1.0,234,39.56270730646361,33.01081641037206,148.3244935109348,0.9980398352613736,112.60921257681588,564.1695556640625,0.3333333333333333,1.0,38.525960231764515,33.91721244324396,147.84300507667888,0.9870235153872903,114.78872614696343,750.958740234375,1.4,6.0
1.0,235,38.83349504291178,31.117825758211016,147.3016339123987,0.996770657908703,93.67062117931908,631.0919189453125,1.3333333333333333,2.0,40.19029585992346,30.35986885294425,146.15658668955155,0.9909384936776013,68.54720158228986,625.2275390625,1.2,8.0
1.0,236,44.67064020227345,33.05131412363165,143.3643043140314,0.9864250639483458,92.22912919897027,619.138916015625,1.2666666666666666,2.0,42.24604870484677,31.566537212144432,143.38598490959214,0.9859959376947853,103.96896352745586,705.4146728515625,0.4666666666666667,6.0
1.0,237,41.89821521534625,28.99197835885863,138.79421547284736,0.9920220425856573,113.80027691399732,571.0950317382812,1.25,1.0,40.294657886533514,26.63665551071764,141.38798304572722,0.9944310441133803,84.57453249400686,688.0902709960938,0.36666666666666664,8.0
1.0,238,44.528518967875264,34.248826405419,142.47383263402017,0.9948646474869148,113.59547111142518,549.6150512695312,0.38333333333333336,2.0,46.282819883957,33.177844418786044,142.32612238435144,0.9847826440518936,86.39558940663306,633.7613525390625,1.2333333333333334,6.0
1.0,239,43.319124138171304,27.538483726723292,145.69468295387298,0.993588954886227,116.87164783354035,660.3184814453125,1.2166666666666666,2.0,41.4146363654879,26.766687276371012,147.34913987758696,0.9828989532498363,89.54417317259924,899.6295776367188,0.3,5.0
1.0,240,44.4922802374088,33.5706668038974,147.77080844538858,0.9972277904316218,127.22789241101452,645.2261352539062,1.4,2.0,45.146494758089226,33.922561145806064,146.13810500175907,0.9920600754675234,91.00092781143786,726.383056640625,1.2666666666666666,5.0
1.0,241,42.32940943434625,34.35031977665557,145.88077653824442,0.9961435098836173,132.85077965226066,585.0563354492188,0.38333333333333336,2.0,43.38834935846784,33.55086494976516,144.18376491772042,0.9874485717975778,85.2805420921834,701.73828125,1.25,6.0
1.0,242,43.71211602317959,37.54143901960866,147.63092752169968,0.9935913279909464,111.14181398186929,572.8554077148438,1.4333333333333333,3.0,45.18759903927943,37.73736395942511,146.08672173764077,0.9803615228058911,86.82973272776223,746.0123291015625,0.43333333333333335,5.0
1.0,243,42.23192643100278,34.809023471029775,145.4828659365715,0.9990737330214147,119.06968635090038,551.8175048828125,1.3333333333333333,1.0,42.16901520904367,33.761172476583035,143.64651950894685,0.9947878200708797,90.33571313911068,833.2583618164062,0.4166666666666667,7.0
1.0,244,42.539650729720684,41.310972111320496,145.6417462510079,0.9983050891411746,104.1193037039767,637.5266723632812,1.3333333333333333,2.0,44.68963385525377,41.871210472520616,145.45710113720585,0.9806113285439552,70.78082226293589,761.8351440429688,0.38333333333333336,8.0
1.0,245,41.328504235741605,32.33752685709613,146.1970817483074,0.996551419082575,97.79546520505079,602.720703125,1.3166666666666667,3.0,41.02821745473158,32.08733550028968,146.1875807467816,0.9937106621019323,82.76323985533622,756.4268188476562,1.2333333333333334,8.0
1.0,246,42.7774571828327,30.208167551843594,146.06969775305453,0.9967627847593731,119.12766153935706,583.0867919921875,1.2333333333333334,2.0,43.851309981682405,32.81493703392928,144.63957419921726,0.9844394648342516,78.214110031264,697.8031616210938,1.15,5.0
1.0,247,42.75273147365517,33.0388877078584,149.0594200845267,0.9979009679363045,111.03217408604763,652.7879638671875,1.35,3.0,40.99050514164858,32.84451053182567,147.66862188622554,0.9902830309589101,79.63375960831769,680.6594848632812,1.4,3.0
1.0,248,40.55968082365231,27.758205785974326,146.92382314434343,0.9944102738358405,124.6512321206967,552.284912109375,1.3166666666666667,4.0,40.626267728155426,26.44938035499615,147.57326698447434,0.9902254792002939,93.1310792671647,630.956298828125,1.1666666666666667,7.0
1.0,249,42.39633598608147,29.34738295846889,148.88224462292993,0.9982873495617113,115.7634053611821,663.0245361328125,1.2666666666666666,3.0,43.10205389010526,28.024277307024505,148.51035296933955,0.9922378545706207,88.57681572075478,638.8530883789062,1.5,6.0
1.0,250,42.52866755668205,27.729120081098678,151.29680085283044,0.9925397753087531,110.94574189084909,640.0667114257812,1.35,2.0,42.811733262069936,26.556303254928533,150.990110681318,0.9893060165636199,91.13273185382667,813.1245727539062,1.2333333333333334,7.0
1.0,251,43.38964197818773,41.28572975028115,152.51986566686804,0.9984776617987566,118.57222343675232,754.7438354492188,1.2666666666666666,3.0,43.578229923004166,39.49472332999904,151.159782472963,0.9852656890338255,83.36368234543698,821.4014892578125,1.25,8.0
1.0,252,40.81865315815624,26.886687432969573,148.35164189825306,0.9933092915776418,112.43615477881377,712.0358276367188,1.35,2.0,38.753128557371994,26.22666883079596,147.49870824564778,0.9898535649315705,79.5667498292579,733.5039672851562,1.3,3.0
1.0,253,41.821991692693,30.290813977260846,148.7973006193325,0.9940786784764886,122.63979596458427,704.2533569335938,1.2666666666666666,3.0,42.76044182703974,29.420213250639563,148.1054802561552,0.9821170278277447,73.15915152288625,707.818359375,1.1833333333333333,5.0
1.0,254,41.59084838355601,32.630556822091,147.35036699311323,0.9967896749582457,100.2974081742073,679.7549438476562,1.3666666666666667,3.0,39.594839406526674,32.15251083002689,148.21504289537,0.9905543560482769,77.82222425759755,769.8456420898438,1.25,6.0
1.0,255,40.95402882031707,30.803758880948596,146.86459733374653,0.9963104522708827,115.83951308116326,616.6517944335938,1.2833333333333334,2.0,40.31749765190677,31.4026535194472,145.12787754883576,0.9878297683782932,78.01037395685711,651.513916015625,1.1833333333333333,8.0
1.0,256,41.56957084486196,28.432978591375473,149.810846623955,0.9939789102335506,123.42985783025313,700.7066650390625,1.25,2.0,40.81966207160784,29.161182034409627,148.9928441992951,0.9893408237526402,84.59950701473929,790.7752685546875,1.2166666666666666,6.0
1.0,257,42.539261553038145,16.660259739672497,133.59128395802358,0.9951810112936857,108.82457696903202,521.9559936523438,1.3333333333333333,1.0,40.06665523533387,18.65723250231758,136.79826114425944,0.9729299572505647,103.25466643522788,622.8156127929688,0.3333333333333333,7.0
1.0,258,40.76859548035882,17.49901615470939,138.46453859200656,0.9915001593180426,120.78720526675028,630.2467041015625,1.15,1.0,42.42358923119292,19.502688220223774,141.07633117821828,0.9759615701171453,85.28180327719753,746.1724853515625,1.2833333333333334,4.0
1.0,259,40.994732946741756,17.605464481145173,136.96930858235353,0.9948290083625979,73.04790856002228,584.3233642578125,1.2166666666666666,1.0,41.34072926822405,20.06828088190788,137.92391958098187,0.9581305192588006,66.60158855878592,848.5877685546875,1.3166666666666667,5.0
1.0,260,40.50801091303785,18.83366987511112,138.501085666138,0.995100873063884,89.7928347211382,631.046875,1.15,2.0,40.14809646952932,15.815562483849096,142.57367655940982,0.9616134590079521,74.4068646579575,688.5233154296875,1.2166666666666666,4.0
1.0,261,40.66698462778114,15.712196335523792,139.2358999243898,0.9963788577793302,109.3318969534215,635.2183837890625,1.1833333333333333,1.0,41.33375767937356,18.65569811777985,141.83462214048447,0.9833237712351751,90.59223611533213,712.973388671875,1.1666666666666667,3.0
1.0,262,40.58329015799631,17.434038611646383,139.6488414034574,0.99706457512977,103.17485682468515,658.2413940429688,1.2,1.0,41.48383820390502,22.688954388268687,142.63138629112427,0.980784481784622,83.15962849460817,764.37939453125,1.25,4.0
1.0,263,42.015901310275645,15.758716254894747,130.61135706489006,0.9750991969235205,97.87465726080882,492.5843200683594,1.45,1.0,43.78074118292767,27.266789961805014,132.16815292867756,0.9558141892923837,87.2733510320063,580.14990234375,0.3333333333333333,6.0
1.0,264,40.15575102207374,17.465975575369086,135.87390005230037,0.9952907397197005,83.52478129186437,588.9907836914062,1.25,1.0,42.06815785859764,21.927235442543257,139.16884043804518,0.966115970632953,69.94070675273207,858.02587890625,1.3333333333333333,6.0
1.0,265,40.373681166358494,18.56717488150782,138.5083958689976,0.9986529591902766,95.84387463711238,690.7706298828125,1.2,2.0,40.15277130100337,16.51138892832235,142.80580827633284,0.968339278562446,75.12985036686985,717.7803955078125,1.3166666666666667,3.0
1.0,266,40.015141303547125,17.48030817584461,137.18058373786494,0.9978609088767679,110.55938273172274,648.6819458007812,1.2166666666666666,1.0,41.801050983649134,18.14001892732582,140.24339974642197,0.9804686995407607,77.73336864380212,720.8089599609375,1.3333333333333333,5.0
1.0,267,39.6168100845967,19.044054817408334,137.61662178708968,0.9992816646446161,88.41369714656764,679.4935302734375,1.3,1.0,41.87023305581707,20.61636427670948,139.69096378374303,0.9829809724485054,72.6906203750039,639.3713989257812,1.3833333333333333,6.0
1.0,268,39.68975864939839,19.224952764554974,139.73130015885022,0.9995291565132909,106.27369122972397,685.6636352539062,1.1666666666666667,2.0,41.16609296876156,24.3881373872407,142.3602866382236,0.9754643040025487,85.2712636771048,646.4275512695312,1.3166666666666667,4.0
1.0,269,38.63301633016524,17.61876097687691,137.53540850311447,0.9998888299855773,102.08747489669463,580.7054443359375,1.4833333333333334,3.0,40.80400422604918,20.40301687695726,140.5642965291679,0.9911376315932529,95.76548956789594,574.7630004882812,1.5,5.0
1.0,270,49.91876383879547,31.36309441504396,136.96557968587078,0.9756651930872015,62.631654243078856,686.4993896484375,1.3166666666666667,3.0,56.00152773951249,38.56488827641822,138.03155956248918,0.989740858822535,71.05045730245081,976.9873657226562,1.4166666666666667,6.0
1.0,271,27.93090299636119,21.521410197762293,138.16554558365348,0.9932667409949559,105.67796136729669,576.3992309570312,0.35,2.0,26.169681069692267,24.336267005592028,139.08783020253335,0.8695849755392622,92.61886316876883,867.9895629882812,0.3333333333333333,6.0
1.0,272,22.19699407260534,24.13587581698495,142.05971701832502,0.9870108521866462,117.81792944360006,581.8109130859375,0.38333333333333336,3.0,27.336684449011603,25.428499025260866,144.62300454584252,0.9330536956737693,122.36438392058773,833.096435546875,0.43333333333333335,6.0
1.0,273,23.319053098437607,20.656397859129427,141.83663276517086,0.9739868524722914,98.89821341124616,538.6273193359375,0.43333333333333335,2.0,26.256570557462357,19.82338052868595,143.13005412136846,0.9648059105486254,101.02971796028612,782.0167846679688,0.4666666666666667,8.0
1.0,274,22.25521320901355,21.367161533656656,139.66677802576703,0.9919659661102983,112.44404246802361,542.3081665039062,1.6166666666666667,1.0,25.259328620566443,22.29774117069277,141.71973731752666,0.9783004406156917,94.63168027724919,785.7432250976562,0.43333333333333335,4.0
1.0,275,23.103701231434695,17.778401097514624,141.07396110783128,0.9892836370046935,109.30911474889712,522.4148559570312,0.4166666666666667,1.0,26.74132426865142,18.774151729327745,143.1047692870868,0.9189159427967297,110.41256984670014,857.6884765625,0.48333333333333334,3.0
1.0,276,23.312360609346264,16.821634499979822,140.23515521080841,0.9918611622736655,110.45267728723132,482.6551513671875,0.45,1.0,26.846441899418522,17.173995681990274,142.41979321625257,0.871313368999072,95.86847682430289,825.230712890625,0.48333333333333334,8.0
1.0,277,22.39765821193488,19.145169476855568,143.16735718458048,0.9958595674409401,109.45340600197284,495.4856872558594,0.38333333333333336,1.0,26.971925378573573,17.678212864530913,144.994943376432,0.9419758111163886,107.419067225552,780.830078125,0.43333333333333335,6.0
1.0,278,21.67264628878784,21.675900484582822,140.8758190572954,0.9980068056575214,97.94043859943145,466.3067932128906,0.4,1.0,25.465717190440245,19.884641485242508,142.5419122160425,0.8325197177491496,89.77805525377136,681.6248779296875,0.48333333333333334,6.0
1.0,279,21.728927924206072,23.268896538315307,136.89097940562385,0.9821231205021554,112.58984429757817,569.5648193359375,1.45,2.0,22.624477712646016,24.957215192134043,138.1541014559757,0.9177717279192685,93.71745950654969,806.2356567382812,0.43333333333333335,11.0
1.0,280,21.92255194330792,18.97172177077735,139.8936415291388,0.9897948661870165,99.32641676762955,510.2721862792969,1.4166666666666667,2.0,26.194726625138433,17.690408435289655,142.66747402045104,0.9752573653889495,94.21566856907305,742.37451171875,0.43333333333333335,5.0
1.0,281,21.746995064539767,19.38436326930821,140.1173533941547,0.99525903237807,92.84466900641547,548.5386352539062,1.6666666666666667,2.0,24.668362110481194,18.825089362747544,142.59721817267177,0.8816625405832286,87.09220577346315,744.0255737304688,1.6,6.0
1.0,282,22.37945930931124,21.23300198919853,142.62711350770718,0.9960085760862284,110.44701738580528,537.23828125,0.4166666666666667,1.0,26.337797916185604,21.116283416038655,145.8838923214074,0.8593618586605933,97.55714482834918,879.027587890625,0.45,7.0
1.0,283,21.876425441678457,21.266342234140936,141.25003286787825,0.994236923403459,122.0770649935298,539.8587646484375,0.36666666666666664,1.0,24.43133265782939,23.00890489720764,142.90200427319735,0.9308304074306596,106.08925438157854,791.7123413085938,0.4166666666666667,8.0
1.0,284,21.33365390373813,19.260295991391573,140.0050703329441,0.9924267335305887,94.6529456633425,474.1030578613281,0.4666666666666667,1.0,24.82485848668416,16.80734581796076,143.09567495822185,0.8914942775547915,95.00680829849387,712.5455322265625,0.48333333333333334,10.0
1.0,285,21.423569746370653,21.320120040637978,142.00732915467336,0.988061278894637,110.10258725341487,527.109619140625,0.4,1.0,25.664553830336367,19.336692696371983,144.4682080276145,0.9400863551012311,104.06927480227438,845.9241333007812,0.43333333333333335,4.0
1.0,286,22.588452831234306,23.301469301967447,143.15845336203495,0.9875512640522014,102.9724313077665,503.72509765625,0.4166666666666667,2.0,25.261159863311264,24.950805822185206,144.11596869337572,0.9426705039934199,98.15315212952811,795.4303588867188,0.4666666666666667,5.0
1.0,287,22.106909089583876,23.029826691809536,142.77178148191206,0.9968338837422642,109.3657419664541,509.30499267578125,1.5333333333333334,1.0,26.14581871047556,22.30242627083261,145.07331760173577,0.7351903965827092,105.8725748883208,742.5526123046875,0.4666666666666667,6.0
1.0,288,22.590047149495785,23.96267677989273,143.65592450532978,0.9938385149803668,91.20353809179562,501.4923400878906,0.43333333333333335,2.0,26.24744220343932,24.0414876078212,146.61440937095156,0.932937857265522,92.00807105409524,784.2549438476562,0.48333333333333334,8.0
1.0,289,46.27403633341418,26.81531190896887,141.05200784845778,0.9856389722711033,120.71387073323251,681.4237060546875,1.4333333333333333,1.0,51.86216477478967,35.7506381437968,143.25541730768828,0.8361845299211167,124.33214056248659,960.0614624023438,0.43333333333333335,8.0
1.0,290,23.945780134184446,25.08736040435008,137.78932885403,0.9699985983291665,103.03064773662044,624.2396240234375,0.35,6.0,24.7864161185718,30.341076220178206,139.1377716484322,0.922331748508678,108.45123213655029,1059.6256103515625,0.4,6.0
1.0,291,23.374795767409772,19.942398341058883,143.15719154728748,0.9917632010652734,104.87534276264398,572.34326171875,0.43333333333333335,2.0,27.917620568295032,19.606702607237892,145.50772324452623,0.9234104899834906,96.76912347132344,802.5686645507812,0.48333333333333334,6.0
1.0,292,22.338608791424104,18.521678264670506,141.5571478924978,0.9896896854501983,113.99366857298844,557.5579833984375,0.43333333333333335,1.0,27.330312529520107,17.410784703794924,144.39701488118945,0.9350833374490619,102.03723635714283,782.8748168945312,0.5,7.0
1.0,293,23.59047289182596,21.959473408948167,144.33619493512012,0.9913576228927313,94.82163508648767,474.0731201171875,1.8166666666666667,4.0,27.856038209146917,23.895236910868658,147.0340448928157,0.9721273890402209,92.7977139234278,800.7901000976562,0.43333333333333335,7.0
1.0,294,23.105338373092735,19.31497521727754,141.3847311498165,0.9956453466239121,124.43025544742596,538.9766235351562,0.4,1.0,27.540918413342947,18.552169894905123,145.05615425975623,0.909691540209235,112.63634576508935,803.212158203125,0.43333333333333335,8.0
1.0,295,21.73736316150153,17.87550255318898,139.83633547136697,0.9908509310951057,110.23809894972345,499.15997314453125,0.4,2.0,26.003621276294016,16.116635775495197,142.48680461335826,0.9314569069498024,107.85397284418991,774.4000244140625,0.43333333333333335,8.0
1.0,296,22.916959996602785,20.60319502762146,144.4283257694703,0.9986062954008496,102.266322136459,513.404296875,0.4,1.0,28.83859783076912,18.61162050667849,148.67093402151465,0.8761707287809454,115.01392788919873,760.2891845703125,0.4666666666666667,6.0
1.0,297,20.96776574446889,22.00492791905026,140.73870382873116,0.9962326755369394,88.67144511362767,480.515380859375,0.43333333333333335,1.0,25.716256515237216,21.180367658748608,143.34493108461848,0.8994634720243894,99.87049233000164,805.1734619140625,0.5333333333333333,8.0
1.0,298,20.542046426057375,20.083558966783514,137.94436512631287,0.9851171717509041,97.35032456965513,574.7840576171875,1.4,1.0,23.729860393279086,19.510601672091354,139.4609678277744,0.9553192043327259,91.93118328317439,709.4058837890625,0.38333333333333336,6.0
1.0,299,21.15119157901387,22.008018170800508,140.71711591615136,0.9936507448319066,102.26444007407082,526.1404418945312,0.38333333333333336,2.0,25.79936718125411,21.45986267007914,143.15343136711516,0.9304140152652853,102.08305968611882,882.2532348632812,0.43333333333333335,6.0
1.0,300,21.10543748130456,20.56523553861279,139.19471989948732,0.9940967999191549,78.94468021620128,499.5102844238281,1.7166666666666666,2.0,23.67799421897857,19.661776991550227,140.61180220163192,0.8587831427009657,82.9300565335322,775.0638427734375,0.48333333333333334,8.0
1.0,301,21.39091902049105,21.6457874467257,140.51815882266402,0.9954506241548562,95.3389149993427,511.487548828125,0.4166666666666667,3.0,23.77804829104715,21.647314704683883,142.08318099021653,0.814796225496661,93.79235842025082,732.7076416015625,0.45,7.0
1.0,302,22.059607348498474,23.224610019025356,141.5518254119534,0.9891467695515406,111.63761355217048,558.3642578125,0.43333333333333335,1.0,24.72874668796026,25.002961614747708,144.63239534017362,0.942279695373642,96.62257479555137,792.17333984375,0.43333333333333335,5.0
1.0,303,20.41110025249729,19.209127131540157,139.96738454783116,0.9929560936439895,76.94611785800049,486.89385986328125,1.5166666666666666,1.0,24.354244828008454,17.435467023051075,142.54434653311495,0.902919061360685,86.85103697339088,602.673828125,0.4,7.0
1.0,304,21.792116968257183,20.980562660113517,143.1574152181328,0.9970346212216916,80.96036148666741,495.1239929199219,1.6833333333333333,2.0,25.257242047234335,19.58440836155456,145.5452532571436,0.8890707461988611,93.9220505970917,670.1849975585938,0.4666666666666667,7.0
1.0,305,22.278312941849894,25.297974852655276,143.87594009679495,0.9967468917797326,101.1785566892928,542.2254638671875,1.4833333333333334,1.0,27.09610484660449,26.722952481210893,146.83904969920397,0.8441074928283202,109.37233565220339,744.9691772460938,0.48333333333333334,4.0
1.0,306,21.827506996090513,24.501541005782236,143.53792422185876,0.9951374132390293,92.87475066934292,490.5087585449219,0.43333333333333335,2.0,27.055545352969162,26.216803983156172,146.21911236170365,0.9113760475197594,98.28682065764497,780.2559204101562,0.4666666666666667,7.0
1.0,307,35.14687823536786,38.975556096425876,140.5314107626362,0.987146354823562,92.74385284723223,679.1321411132812,1.4333333333333333,4.0,42.39373272497649,42.77830596935972,144.98359545312587,0.9812785198727587,92.72877030820439,938.6666259765625,0.35,9.0
1.0,308,22.768431024458998,27.21512728246289,139.82685381617824,0.9772177276774776,131.3117632310795,602.3938598632812,0.3333333333333333,2.0,26.366704791839176,29.40262786355389,144.68197592052155,0.9760496500472217,78.03600698490584,739.7106323242188,0.31666666666666665,9.0
1.0,309,20.950155648811187,27.586357169482216,139.01484575019973,0.9742433742326759,76.15443438524409,661.564697265625,1.45,2.0,23.337522858774978,26.94795390555365,142.61362037392522,0.9746660150669556,77.66829786769222,727.8715209960938,1.6,5.0
1.0,310,22.995472680293837,21.259189785361528,139.4270852365387,0.9760434824899555,84.67358010939165,561.0634765625,1.8,2.0,24.12861523970816,23.068311262355852,142.90910238393408,0.9671315803152624,65.94490677818101,603.5261840820312,0.2833333333333333,10.0
1.0,311,21.762728389951047,28.998044533337076,143.74601272457153,0.9847177696365864,88.1982985973093,574.0239868164062,1.65,2.0,25.953410443544442,30.503479572645638,146.38889321595502,0.9837962507754241,99.89081954382357,677.156494140625,1.4333333333333333,6.0
1.0,312,30.829851092647324,30.702315322632476,145.0245431180998,0.9943726145214911,79.60582091986566,633.207275390625,1.7333333333333334,4.0,30.417620921679884,29.16648660270512,148.85204004177248,0.9439361356200846,83.91345743554609,668.669189453125,1.5333333333333334,9.0
1.0,313,26.338853821332865,26.64594452950292,136.6925588408356,0.9497930991788862,75.72091581621947,682.2907104492188,1.5666666666666667,2.0,25.68087698124206,25.161979412184596,141.88463942957952,0.9721071665176741,78.60907349887185,1068.8934326171875,0.36666666666666664,6.0
1.0,314,32.43249342923866,27.492378800678782,138.0770754039528,0.9793801947505005,85.01039165599934,689.1309814453125,1.6,1.0,28.390872246435723,28.362336536755784,142.43914886559818,0.9809238538674597,78.26448191104191,884.5264892578125,0.3333333333333333,7.0
1.0,315,29.30564731507927,31.224460227234978,139.13310757047321,0.9916265274146847,92.54385496666345,644.4461059570312,1.5333333333333334,2.0,27.3798313751792,37.63533247936589,142.39174746671586,0.979935272548013,99.92155094272249,892.5449829101562,0.36666666666666664,8.0
1.0,316,43.57338963486602,45.06583399063854,145.40505808931496,0.9956421042575995,107.54336233138645,705.29345703125,1.5,5.0,56.363728437030254,51.386774426111174,147.09669050050545,0.9802340287685603,91.98103934448255,853.2236938476562,1.4,11.0
1.0,317,20.483008754937877,26.566758887540963,142.2446952551386,0.9917301238617068,90.45536081032793,572.576904296875,1.7333333333333334,3.0,23.540840150420987,24.84772168358584,145.20444808302273,0.9870405811386939,75.38055544848021,875.8232421875,0.38333333333333336,5.0
1.0,318,21.426919472008485,27.350499981876283,143.65968609933708,0.9879041246414352,91.50820470937902,634.4219970703125,1.6333333333333333,3.0,22.22112467790499,25.990586558213806,143.28708437448665,0.9570769510863306,80.39049088816284,780.3126220703125,0.36666666666666664,6.0
1.0,319,20.593820500355296,26.567915241097424,141.88614373155158,0.9321388579923656,452.18502846252136,599.9531860351562,1.6833333333333333,2.0,23.258697414928555,23.122088590015373,142.72346751225194,0.9693527627038621,101.1220620805824,693.4178466796875,1.4333333333333333,7.0
1.0,320,21.910293086905178,33.5398055680845,145.26521613864875,0.9910065398864697,90.93401820037059,544.0623779296875,1.6666666666666667,1.0,27.605445617366698,34.74599606765159,147.27161493999742,0.9772731010558144,105.29288574808447,678.9683837890625,1.5333333333333334,9.0
1.0,321,24.8071043670979,26.35228468464577,138.21776509768245,0.9702710530794325,88.76437376963082,636.1327514648438,1.55,2.0,25.578771589015425,23.942672581950674,140.65329777353443,0.9788368664881915,81.61480054011633,866.2512817382812,0.36666666666666664,4.0
1.0,322,26.97909424945728,25.996896714555,139.4932137332064,0.9979235089862427,112.51515751749395,640.3101806640625,0.35,1.0,26.72232826383085,23.82622060862357,140.58969192855497,0.9644666066151798,91.66059906717379,965.781982421875,0.35,6.0
1.0,323,26.992942241902938,32.6479117155793,139.49001614671442,0.9929078551740427,102.04184423606648,673.936279296875,1.4666666666666666,2.0,27.94389905887101,36.41985354028095,142.4548338290138,0.9737938047922323,90.96758487678585,913.87255859375,0.35,8.0
1.0,324,25.92445182510918,36.02439640099742,140.22954008664556,0.9948428561755979,93.50236988153284,694.8333740234375,1.4833333333333334,3.0,32.86113565272451,37.285859826698484,141.6215458627891,0.957089686533069,80.21429906954864,921.5861206054688,0.36666666666666664,5.0
2.0,0,54.45994520886265,31.965103459299495,133.2537659048155,0.8260009872158146,28.46859188348759,321.9996643066406,4.983333333333333,9.0,52.18914070736503,30.562010822470782,136.4660928373672,0.9310815877852078,40.21194488888824,358.2603759765625,4.983333333333333,21.0
2.0,1,63.97702108155353,50.15487136030858,127.413911782298,0.7313586567129488,29.019327739431162,395.33990478515625,0.48333333333333334,8.0,64.48865754151038,51.38438084912956,127.8864975421742,0.924312296513589,43.32161487555453,410.67279052734375,0.4,17.0
2.0,2,68.0049004373328,52.52823065067307,127.08544146524387,0.6129694992227824,27.594107924066122,460.7938232421875,6.2,6.0,66.03032425905293,54.965122873593614,127.81747751401954,0.8445887702719552,34.911505308354265,415.8880310058594,6.2,15.0
2.0,3,66.49267578454194,50.09026371313463,126.49549242304374,0.7718120669760735,34.99980130316601,585.6967163085938,5.433333333333334,5.0,56.09754915318435,57.685255908074325,124.85259998211413,0.9128284842724101,47.49638797505298,486.1647644042969,5.433333333333334,11.0
2.0,4,66.38444509483861,49.698144639379414,128.41061667602494,0.8343553497623503,34.36697746708518,540.5079956054688,5.666666666666667,5.0,65.24340311636755,50.344956443487085,128.15065880125942,0.972724457756752,58.819357824647795,453.2946472167969,5.65,11.0
2.0,5,63.35555340823359,41.71988889120651,129.53030043821556,0.9016117961967104,43.24978377237869,473.3312683105469,3.1,8.0,62.85540570514573,42.480404506339546,132.18566980173233,0.9597489813685586,48.7078181168053,459.00518798828125,3.1166666666666667,13.0
2.0,6,61.824525340184834,43.926980334650125,130.96299633007445,0.9379925442826055,33.05170314383247,497.4551086425781,3.6333333333333333,8.0,58.67398610737219,43.910046466653924,130.40478801668752,0.9763046792858358,47.04844286163791,405.73944091796875,3.7,18.0
2.0,7,69.17194237445617,54.31678684099197,127.22864985994437,0.8399908092942276,25.018251258588577,653.2698364257812,7.2,12.0,68.5870615007324,57.3366287632474,128.93144716967444,0.9391022356158202,43.867582714891284,551.78173828125,7.166666666666667,21.0
2.0,8,52.96297204626199,31.140101613922944,127.92350259683172,0.8581222185995567,32.27556166840145,352.98345947265625,0.36666666666666664,6.0,47.259457575804916,22.181014393796758,129.70599465580685,0.9409978002874116,40.72474653617178,379.0548095703125,4.35,9.0
2.0,9,68.598588179948,55.06850953522522,128.99140504979417,0.7459612712653291,36.485239769515374,381.199462890625,3.5166666666666666,9.0,59.90111196850776,51.367782000246294,133.15172298822054,0.8859275288581231,43.3091508719005,445.8549499511719,3.2666666666666666,18.0
2.0,10,75.35487019590133,70.68078868669207,125.45394623750056,0.6390248386594811,25.643787023959703,395.1481628417969,6.583333333333333,8.0,81.09212130149947,79.02310732106932,125.65959355445322,0.9291776066719896,38.418078769482236,478.7314147949219,0.26666666666666666,15.0
2.0,11,60.20698726613632,41.367182237419186,128.8943010869132,0.6866666000907697,26.48791865055614,428.8896789550781,6.866666666666666,8.0,59.33466991855673,41.770842470295825,136.64999905454573,0.8793577758786291,36.67969118548541,450.9643249511719,0.18333333333333332,16.0
2.0,12,67.38163128213895,56.37338924507879,125.39013174357521,0.8789044782657218,37.45247563745892,467.3041687011719,6.633333333333334,6.0,73.09140854299679,67.08546270435338,124.53594450831206,0.9704575330358544,45.63574963221015,401.0926818847656,6.616666666666666,12.0
2.0,13,67.29154631288814,47.37868214087961,126.57984772591634,0.5808048001291459,29.357934951973732,370.2193603515625,2.316666666666667,9.0,67.67860851565152,56.78048299788097,125.45535020014619,0.8637636754292295,35.587191142157906,409.885009765625,0.2,19.0
2.0,14,66.04467890341174,51.78392385484183,131.7337672532703,0.8610505148739164,23.996529313797907,462.792236328125,7.7,12.0,64.55039952948597,54.66280491164322,135.12415398311123,0.9239975326353645,36.025245120250986,434.18890380859375,4.516666666666667,17.0
2.0,15,63.821453473858256,47.36308235268431,129.10900964890476,0.9007494569241146,26.807828583090725,454.2337646484375,3.283333333333333,9.0,65.54676012884242,52.01174833040691,128.97973823869162,0.957421291741605,47.593964816640835,347.2393798828125,0.26666666666666666,14.0
2.0,16,66.87585128734257,44.9416613531879,124.50839082920031,0.8908445919577818,28.629339859779463,372.0076904296875,0.26666666666666666,12.0,68.52732877773872,54.190945173404685,128.17685882696105,0.9454530065744836,37.90084182769135,440.70330810546875,0.23333333333333334,24.0
2.0,17,60.50683202381815,39.117487333794685,128.69768619237286,0.8678502549291773,49.30518739368466,410.37115478515625,6.416666666666667,9.0,58.4578475261533,37.69239099648843,126.9168081115869,0.9081596209331295,50.57912388354424,352.2305908203125,0.5,18.0
2.0,18,56.24729232582458,34.749306285378594,126.44405522398004,0.5744487057328928,35.97656831545436,478.1648864746094,0.35,4.0,54.47085683907976,28.76243431174122,125.60122126929795,0.8217919763450608,53.923555865929416,469.97930908203125,3.183333333333333,14.0
2.0,19,71.93039833633328,64.11720260497442,126.8074178491519,0.7477632913156945,22.89805590276103,583.0087280273438,6.216666666666667,8.0,72.45400712045227,67.78057226486516,127.25466551122156,0.8916342729009888,28.57140011796872,512.18310546875,6.216666666666667,14.0
2.0,20,69.6671012441564,54.70199132726827,126.67836425250388,0.8251689955564921,33.63026014116372,513.3343505859375,5.266666666666667,4.0,69.66203034509672,56.08213523619119,125.01841075885686,0.9313546679163531,52.42523516758297,426.4574890136719,5.25,11.0
2.0,21,68.97528769983977,52.30524280062788,127.36709048546915,0.6839667316095567,23.523493087855627,404.0370788574219,6.116666666666666,7.0,64.10618392788787,47.931271419164204,125.44324179253795,0.8571549717410584,44.25365556948407,458.4676818847656,6.116666666666666,14.0
2.0,22,68.59743772376551,49.65593787546653,123.19974857587512,0.6955068814314338,26.35912829308495,492.03570556640625,5.733333333333333,8.0,66.64129376335389,52.62377572491348,125.27342461530415,0.9442386544675994,37.95381114127565,418.08624267578125,5.716666666666667,18.0
2.0,23,63.02882347614562,38.68597389526699,125.17460420746967,0.8532953213832994,35.459489476648685,537.57470703125,7.033333333333333,10.0,60.35302081988829,38.39144935841368,129.90193348913252,0.9488495140676911,50.25743320618403,535.7880859375,0.35,15.0
2.0,24,53.337405583290455,19.320653583595707,128.71484701645704,0.775629895270644,27.59603011840113,405.31610107421875,2.9,4.0,49.13545226234629,16.397517600196526,128.62361002189803,0.9024194684362905,48.36608614728988,385.13641357421875,2.8,9.0
2.0,25,69.13009885489959,53.5869159368507,127.5476840455671,0.4763257154997818,28.6732871438565,500.5071716308594,6.666666666666667,7.0,66.49686629665224,56.24515374313599,130.68905568151084,0.8582904746802037,40.0884918310237,479.72137451171875,0.2833333333333333,18.0
2.0,26,66.77991113547317,51.88912970237122,126.84060023345555,0.6247267291760448,22.67273901748524,509.3164978027344,6.0,7.0,53.272220654349255,58.93639322767723,128.8412088899205,0.9207324688372431,35.93512858375021,446.1994934082031,5.966666666666667,10.0
2.0,27,77.4700780712884,74.75932285157995,123.31594378934591,0.8214511727589355,25.572622630540707,541.6519775390625,6.633333333333334,9.0,80.85148110850196,80.1723834976162,125.64632150038817,0.9466920125689191,45.95919331954008,413.26171875,6.583333333333333,18.0
2.0,28,68.10188401261165,52.75142094384299,127.07157032964092,0.9555199942096521,44.321571797924264,462.18658447265625,5.1,8.0,65.96811621886296,55.81463196872171,124.10763760690406,0.9828979260767895,54.92514346409877,440.3933410644531,5.1,14.0
2.0,29,70.10300937535196,55.13197003757209,127.20146585725435,0.8153859604370631,33.30155101722738,403.9873352050781,5.35,8.0,71.51673667596151,61.238409706702896,129.09621643549772,0.9562653828946976,50.38252863676149,454.53887939453125,0.23333333333333334,15.0
2.0,30,47.18253294845529,22.08885025712789,137.89045054238048,0.8662465611828017,20.95401954836916,482.0018615722656,3.1,8.0,43.13905012804046,17.551083915247403,148.60973770674258,0.989841794802654,37.919700115412525,577.0200805664062,3.033333333333333,12.0
2.0,31,64.07059892219485,47.797512105226104,125.75203217106134,0.6021124320184311,33.67658273708258,495.0104675292969,5.233333333333333,7.0,63.952854669926786,52.8281670999814,127.03869819998242,0.7792575583309784,41.88248293507314,454.5902404785156,0.2833333333333333,11.0
2.0,32,71.59483678659637,61.3449696673736,126.59846314200034,0.884082723528397,21.998578628904113,384.467529296875,6.566666666666666,10.0,74.78099304626961,69.28791508595793,126.99563613565356,0.9638801518029789,36.56425921491092,507.82012939453125,2.75,14.0
2.0,33,67.39837396667392,53.09772306697052,127.428470014571,0.9201208100045677,24.760062855846172,413.9743957519531,2.4833333333333334,9.0,70.44877865536448,63.69394270821454,128.10161310513556,0.9852911140843099,35.8030541253936,363.5845947265625,2.8,17.0
2.0,34,51.92456728669906,22.106177269264066,144.82282493530136,0.951592923225522,108.0921919198397,555.5256958007812,0.35,4.0,55.539078585417904,26.82591345730588,148.9462678816291,0.9564499127401153,122.74628925382274,605.4000854492188,0.3,7.0
2.0,35,53.09189259792452,22.661721360761767,146.4066703829556,0.9502177485311827,94.48388933767149,549.7957153320312,1.6,3.0,54.93905054704547,28.401403909643715,149.5138887185343,0.9623730722037729,113.3177937430952,602.74853515625,1.75,9.0
2.0,36,59.21930372541059,26.570686980888745,148.81402198776328,0.9237930625765928,113.18089949634214,547.1204223632812,1.7666666666666666,5.0,61.14034073192819,32.98133598333559,154.21184386632558,0.9389735559125584,124.73783432619996,610.512939453125,1.7333333333333334,9.0
2.0,37,51.23441041165771,23.17295539327432,149.4333659466693,0.9401671387926359,124.0699902975723,538.5322265625,0.3333333333333333,6.0,54.947363539984345,23.86078506068655,151.97518574198244,0.9530478495483936,139.0074288120033,600.5955810546875,1.85,7.0
2.0,38,45.643616548412936,22.732040495358365,148.64294984098845,0.9457624550730991,109.20033088358764,548.5860595703125,1.4333333333333333,2.0,49.55929444234433,18.57049145769198,152.22537628402188,0.9590878116914705,136.34304354371608,624.4371337890625,1.6,6.0
2.0,39,51.97137657509869,22.63521001681536,148.93916713641968,0.9484717987540018,95.72624595229826,584.6897583007812,1.3333333333333333,4.0,54.83056987505873,21.88022848700675,151.98668639907493,0.9604886995755959,125.95502503148396,606.5068359375,1.3166666666666667,7.0
2.0,40,52.72557841259405,23.532835195357823,147.51378118768912,0.9477046884682131,87.40974828225546,545.08447265625,0.35,2.0,55.54831603821439,21.68797662848342,151.33977584375168,0.959867402614849,99.88067984420326,673.549072265625,1.75,8.0
2.0,41,48.46815071337683,23.533607625612174,147.05759051966243,0.9501755248478051,103.01962651985178,548.0579833984375,0.31666666666666665,3.0,49.582541649529176,20.10356281113336,148.60351480618246,0.9630582404969059,92.63927183940581,595.3824462890625,1.7833333333333334,6.0
2.0,42,51.38249333291272,23.038937838496086,149.64043304251322,0.9665225251409808,105.5739209097402,517.0552978515625,1.4833333333333334,3.0,55.12138261355362,22.57433053335398,154.2831059440201,0.9575519991143643,112.20317922002522,542.6651611328125,0.2833333333333333,7.0
2.0,43,52.19011911735627,23.105158480883123,142.6485499985895,0.9516835751502463,95.27950974498566,575.5081787109375,1.4666666666666666,2.0,55.46751584796172,19.205285817509612,149.29012341110143,0.9557635198597964,128.31583103703736,599.3070068359375,1.5833333333333333,5.0
2.0,44,59.0751899262596,30.963891428595396,146.15565379353527,0.934736278195661,107.17385683241162,551.22265625,0.31666666666666665,4.0,60.34301422370088,33.30874324650429,146.38574881877844,0.9705145400563293,95.0848093932035,643.439697265625,1.7,9.0
2.0,45,53.44139101837895,26.746476087847714,143.46910883463758,0.9302026117611366,118.76121234313871,586.3406982421875,1.4666666666666666,4.0,58.171263320246766,30.384182156628455,148.20086663374832,0.9437316443125155,132.08142339404247,577.9803466796875,1.5833333333333333,5.0
2.0,46,54.14908812552416,26.532195737317753,147.89930070322302,0.9683969686574972,79.66548463328337,569.7235107421875,1.5666666666666667,2.0,57.107398057808716,30.03410009795757,152.25708183430353,0.9744538696853358,87.34823763988345,585.6898193359375,1.7666666666666666,8.0
2.0,47,55.98547256119102,31.52311418076848,146.0672561742059,0.9449571007315853,99.13197681748983,534.9422607421875,1.5333333333333334,4.0,58.11716386065825,33.844287098212675,148.66094997376558,0.9501502269512146,124.28761068374371,572.0325927734375,1.6666666666666667,9.0
2.0,48,48.65290942447917,21.745724025894603,147.80446699834613,0.9611913504923446,92.05555232952463,612.2561645507812,1.4833333333333334,2.0,51.47843738711154,17.027852359824546,152.7543678406661,0.9677964114705908,87.23219677853137,635.2555541992188,1.6166666666666667,4.0
2.0,49,56.46605291256038,22.769537719291968,145.4158810387562,0.9480493669712983,95.84469226952706,593.6204833984375,1.6166666666666667,3.0,57.46245749948564,27.882218935156935,147.38179284358657,0.9649331049543317,87.07323115914988,615.7950439453125,1.7333333333333334,6.0
2.0,50,53.07250970671798,20.708280080967512,146.66605896022912,0.9527663091223899,99.48584955313805,549.4361572265625,1.7,3.0,57.314698586478514,25.353320356571686,147.99300149397632,0.9660703496547771,114.1975587940675,626.1190795898438,1.7166666666666666,6.0
2.0,51,49.27860624112219,22.204021826811626,150.2949001862648,0.9428955768035711,95.90989671392748,513.027099609375,1.5166666666666666,3.0,51.81462802016769,19.130474045907242,155.19693978748586,0.9496397966674454,106.28530314205335,547.9293212890625,1.8,5.0
2.0,52,38.0542148077564,15.054949089174489,147.5860265317431,0.9782991408268171,109.35973952106707,558.3272094726562,1.5,3.0,46.2956462382235,18.34532166109842,147.0171510171773,0.9675241029826519,111.94412655161727,629.3743896484375,1.6333333333333333,6.0
2.0,53,43.154590319180315,21.95896224666255,149.03841190934875,0.9504883460693081,115.39037036246668,568.6470947265625,0.3333333333333333,2.0,45.06322794842649,18.024797374764045,153.0304216789583,0.9565681732008429,127.1778689305475,607.2718505859375,0.38333333333333336,4.0
2.0,54,56.75114771898896,24.80280555353574,150.99281927468525,0.9560458736460261,86.4100299653083,484.0691833496094,1.4166666666666667,3.0,58.39944977821774,28.23775341212472,152.06698123939046,0.9674297989695956,91.89066319365196,524.1663818359375,1.3833333333333333,10.0
2.0,55,53.179656546537714,22.72542920874351,150.32744283773525,0.9225452194560991,84.68690423136849,550.1727294921875,0.31666666666666665,5.0,56.35751137670731,23.99870999618602,154.42708465466535,0.939477932388447,90.62870074997534,625.0140991210938,1.95,7.0
2.0,56,44.007044130899665,19.51233339112708,148.91181866714487,0.9620966116643667,107.5334099598686,647.0640869140625,1.4833333333333334,1.0,47.71740740979321,18.6968701523066,154.5780973148082,0.9667881744257657,105.52445570287205,712.3678588867188,1.5,1.0
2.0,57,47.3830004208511,21.852637869539933,149.17930294167942,0.9491869923288797,96.0575267772785,539.4028930664062,1.7666666666666666,4.0,51.20400688953695,18.7726774576322,153.74410443613866,0.9556910337409324,117.93127836686892,616.4080200195312,1.8,8.0
2.0,58,56.68412237658417,31.268598786394023,148.7425662990915,0.9489288543924882,99.95866881628189,522.5023193359375,1.7666666666666666,3.0,60.78401342947733,35.996654200345766,151.53183431517465,0.946476501797408,136.62687705174136,596.4844360351562,0.31666666666666665,8.0
2.0,59,54.787229403207675,28.563595065710356,146.9256565382367,0.9732752382287125,87.11821869133558,536.0037841796875,1.6,2.0,55.12761123691233,30.272745168712383,148.48637411504956,0.9773632304546599,80.71772211831956,604.71630859375,1.65,8.0
2.0,60,51.646983090703614,24.47522352716821,144.61950200625344,0.9684572860857814,118.28427088799486,586.0888061523438,1.4833333333333334,3.0,56.02775093250141,28.443861920072035,148.3273596101332,0.9641707010085484,132.79479584293767,652.4436645507812,1.5666666666666667,6.0
2.0,61,60.718388982125575,47.94138417754963,146.98013581593943,0.9317728139131002,92.08409624568844,548.8740844726562,0.31666666666666665,5.0,64.83571762729628,48.533059408550855,148.7896605805559,0.9522331322587368,118.48354601430657,586.2908935546875,0.3,8.0
2.0,62,45.143624512270165,20.933364584589626,147.91743811431647,0.9377854095476607,90.04711986830245,637.8260498046875,1.5666666666666667,3.0,46.84857340561521,18.512945905798535,152.89838766987265,0.9472127853667092,106.03861116638228,656.696533203125,1.65,3.0
2.0,63,50.045941092997566,20.226243069040123,147.48999178234297,0.9533568492921822,95.90775765253312,612.344482421875,1.3,2.0,53.21343551181068,19.09089538186545,152.7544177095329,0.9632103055956949,103.4128901167378,663.896728515625,1.45,4.0
2.0,64,32.64561957566636,38.03892047226242,129.13197249948544,0.9112695458855135,92.35708060380801,684.49853515625,0.2833333333333333,2.0,31.501347829110944,39.91837247257699,130.57255095795477,0.8748167720929646,109.95841494654115,758.1080932617188,0.3,3.0
2.0,65,32.31222380619833,41.586748958965224,129.7332051935488,0.9790606859437754,136.76701007190218,796.51318359375,0.36666666666666664,1.0,31.21519899989619,43.32276186342571,130.43871115712986,0.9857336202192276,123.78363356504366,801.1151123046875,1.3333333333333333,6.0
2.0,66,31.961644504277647,39.41970436071062,126.16688724908238,0.9791130685854595,122.75694936920814,776.2294311523438,0.36666666666666664,1.0,32.87586804162601,39.44891053556756,126.92104791237266,0.9609754160494397,98.10867756970822,802.8060302734375,1.3666666666666667,2.0
2.0,67,32.60998714600808,34.507404571112005,129.9005060166239,0.961265797630549,101.96285470502545,641.2047119140625,0.4166666666666667,1.0,30.949088564089248,32.981125987853325,133.21673020633335,0.9784451198962276,100.97616744293106,739.3089599609375,0.4,6.0
2.0,68,29.534923765453172,32.262341137398344,127.94055826998331,0.9852932155667564,125.25147620223663,796.6367797851562,0.4,1.0,31.371363453489973,33.63065821148426,130.92177675455451,0.9773191588071652,118.33786770658946,814.196044921875,0.36666666666666664,4.0
2.0,69,33.743804928887656,39.826808409224746,130.45979270872962,0.9874356484371062,101.03835687688218,665.2427978515625,0.45,1.0,34.39138408497194,39.16761357064404,131.75802914654597,0.9836629902285299,98.17443530947827,707.2639770507812,0.4166666666666667,7.0
2.0,70,32.74215021526328,37.8435157270709,129.2767629362863,0.9751439639458394,119.7986010671795,741.5811767578125,0.4166666666666667,1.0,33.07061889213182,36.19993690176606,131.28376386028492,0.9669932217188857,127.12581012284829,736.3012084960938,0.36666666666666664,4.0
2.0,71,33.69364169390685,41.64185422519499,129.8561915575056,0.9732306435673498,125.33381329322424,799.3760375976562,0.4,5.0,37.05574002967783,41.09532113516256,132.42976903453535,0.9514604470843345,119.46231101854579,810.1201782226562,0.38333333333333336,10.0
2.0,72,35.273040589776,42.309955235705786,128.24111580410533,0.9753804713935483,121.31752751450762,851.5737915039062,0.4166666666666667,1.0,40.040509779937096,41.579096672666154,132.1642665480187,0.9679099568898634,119.80868617920095,886.9266357421875,0.38333333333333336,6.0
2.0,73,34.76793190563187,38.3388991448054,127.0358177366121,0.9695118075633276,95.63242118268789,611.5150146484375,0.45,2.0,36.732869956539126,36.670519156621666,130.62578957591612,0.9805019869596737,86.64462004155354,690.82568359375,0.4166666666666667,9.0
2.0,74,34.993951785815625,38.8402773080283,126.02957595265119,0.978706318339006,109.4043468178188,661.496826171875,0.43333333333333335,3.0,40.929918105976164,37.86391528372092,127.83234636109032,0.9827381583424627,92.92933752463142,758.3204345703125,0.4666666666666667,7.0
2.0,75,33.15599743133595,32.68047397753987,130.5600365162108,0.9609342109513301,134.96178154077342,766.3895263671875,0.38333333333333336,2.0,33.36430332594281,30.737455645553915,136.23745083702113,0.9364007728196939,143.80784856672506,910.7102661132812,0.38333333333333336,5.0
2.0,76,33.16804505722748,36.495762168462036,130.12712460244452,0.9759996232173054,119.46015528344645,726.2748413085938,0.4,1.0,30.939336685467854,34.67324890633519,131.3658563004176,0.971329934588544,127.30098918235115,826.4854736328125,1.4,4.0
2.0,77,30.79532071229481,35.52660710763564,129.75979014464625,0.9585288403179907,124.36049578385536,747.9178466796875,1.35,1.0,31.42358014372271,35.045902387438844,134.66083428119597,0.9637554675115211,118.89934458770995,790.780029296875,0.31666666666666665,5.0
2.0,78,31.579031867851338,35.16822350732028,127.98004939749686,0.9561172251632497,119.1023180803299,760.7229614257812,0.45,2.0,29.56107963416066,33.45391383392074,131.4192439928843,0.9370859888467769,142.02991378598398,834.5657348632812,0.45,7.0
2.0,79,29.853254212128647,35.73083601368708,126.43111411495693,0.9534215626009539,137.24079929410607,813.1193237304688,0.43333333333333335,1.0,33.2660902028394,34.52974596822262,132.5081519171295,0.9388412954697937,133.7669001709662,837.9733276367188,0.43333333333333335,3.0
2.0,80,30.661593830993553,35.61760596020619,125.97566662038867,0.9680958424936512,91.91852314869465,714.1961669921875,1.3833333333333333,1.0,31.826776080726194,35.38417600395503,129.55517765411287,0.9475091703107525,91.5889420105782,858.238037109375,1.3666666666666667,4.0
2.0,81,30.10039791661444,32.20058964301367,126.62499217312575,0.9755756956833999,73.74587018166125,626.6258544921875,1.7166666666666666,2.0,30.820539032106883,30.56724902081214,125.77822264359085,0.9171458069687103,60.83565937320287,730.5241088867188,1.75,5.0
2.0,82,32.23025498272727,38.45283627527952,126.76860589817564,0.9675080955131995,86.23925359373487,601.9564208984375,1.55,2.0,35.573396981303226,37.704862581104166,130.68973748917864,0.9519328457858021,66.64356966201069,697.4241333007812,0.5166666666666667,7.0
2.0,83,31.95273752862858,40.89892364945645,128.91235880423386,0.9846157716808853,122.89569189522439,890.35595703125,0.35,1.0,32.06887258440127,42.72657393892739,131.18868375521492,0.9786306941929527,138.93064664835833,861.6476440429688,0.36666666666666664,6.0
2.0,84,31.407437094813954,39.335496142317005,127.38685652060416,0.9915641564027982,140.20018402524897,908.6732177734375,0.38333333333333336,1.0,31.81765833164285,39.569813245937254,132.04273305599378,0.9747031310408822,148.7562667191537,899.0390014648438,0.3333333333333333,3.0
2.0,85,31.890779279610676,36.054039434059995,127.83207890864125,0.9848530376190268,146.5943837074107,911.314697265625,0.36666666666666664,1.0,31.377978789083215,35.18569186464288,131.31403984158766,0.9608982439893251,152.84840910149114,935.9678955078125,0.31666666666666665,3.0
2.0,86,30.79104027893771,36.959042822132936,127.51499204954466,0.98186793884305,134.33468257952256,821.3400268554688,0.38333333333333336,1.0,30.601176458136926,35.73424822152792,130.33296165508162,0.9576755360319973,147.37855717458586,813.835693359375,0.3333333333333333,5.0
2.0,87,31.660411715367555,37.08896366918422,129.37398642696866,0.9950849112881861,112.76214536140458,777.7894897460938,0.43333333333333335,2.0,31.995622068061298,35.74753201070896,134.13558072519098,0.9945211623426499,121.65297530341462,757.1153564453125,0.43333333333333335,8.0
2.0,88,34.00334179222158,41.101677120599334,128.94022775348816,0.9887033428145443,117.10581644350867,812.45361328125,0.43333333333333335,2.0,36.06406830137932,40.670439763641205,132.45280804464684,0.9715995080159682,115.55782298210488,796.2953491210938,0.38333333333333336,7.0
2.0,89,32.27322309272521,37.455108449498006,129.38818207622288,0.9919025895643162,140.3045394663792,878.8526611328125,0.36666666666666664,1.0,30.94109076575252,36.68182239964963,131.77573921803156,0.9835109556057048,136.513345198168,871.731201171875,0.3333333333333333,7.0
2.0,90,36.46088953121958,41.606165518634626,129.09955396092897,0.9880670825622919,144.34330699796476,963.3771362304688,0.36666666666666664,1.0,38.54243353316736,40.57982161530778,131.721169542348,0.9792321481976013,157.26373828859295,941.8048095703125,0.36666666666666664,4.0
2.0,91,34.37141946251625,41.248856261920125,126.15917074748789,0.9965725428286123,132.46881903452163,902.808349609375,0.43333333333333335,3.0,40.14271974375117,41.73126193880854,129.66856863312307,0.9825055522340479,124.21872546575827,863.2423095703125,0.38333333333333336,6.0
2.0,92,35.02309391958117,39.83443089614919,126.95216366428618,0.9942191327563499,104.94207135308045,725.9255981445312,0.45,2.0,39.30382005061087,38.49937619838086,130.19185009369468,0.9532875114084742,93.67828942275793,761.9537353515625,0.45,6.0
2.0,93,34.117920350448834,39.17098830360561,128.52638757122895,0.9922193039757036,111.34349697597202,760.3322143554688,0.38333333333333336,1.0,40.10126012014027,38.669498214925724,130.97793388309591,0.9405838433417643,95.85979084564656,745.70068359375,0.4666666666666667,9.0
2.0,94,29.810183877400483,33.70744296615133,127.54622577710617,0.9911635120920781,96.63206073107006,696.5579833984375,0.4666666666666667,2.0,30.379495395507398,29.586776841341603,130.5793220104659,0.920026368472167,84.30986104662509,730.696533203125,1.4833333333333334,7.0
2.0,95,31.343629764061436,35.16097462261214,127.11197795815698,0.9948886457216076,107.40570525988431,724.6216430664062,0.5333333333333333,2.0,32.158186018861564,33.13590926652295,129.8744818246969,0.95576826240401,102.81268633920291,805.9885864257812,0.48333333333333334,6.0
2.0,96,31.54847667676448,33.679127537064794,126.8889458567608,0.9896886445427515,120.10004746666027,823.759033203125,0.4,1.0,30.759650574470918,30.217814681202288,131.34242470087813,0.9584819164302407,114.33722174502662,887.8106079101562,0.4,5.0
2.0,97,30.68207184857956,34.47893537362266,126.11688838814845,0.986185009848047,119.58655540393607,799.6212158203125,0.4,2.0,29.908575703158494,31.671647377386453,130.24110562082168,0.9316605495158528,126.07050952194811,839.2382202148438,0.4166666666666667,5.0
2.0,98,30.116374098596605,35.18890166925521,127.48331458593654,0.9861438845366194,93.9948997467053,711.28125,0.4,1.0,31.353109462026527,33.750426480622686,128.8864761276235,0.9155340460135065,83.5358866121885,743.6143188476562,0.48333333333333334,4.0
2.0,99,30.564659077564897,35.36668502457514,126.65946681274372,0.9795177667222464,120.7483094999074,836.0099487304688,0.4,2.0,32.303172567632714,33.998519467523266,129.26519823871402,0.9416863864845909,112.99476554345091,809.0152587890625,0.43333333333333335,7.0
2.0,100,31.07215464343844,34.89332465015446,126.28581567643626,0.9916476310039352,116.08628441121084,770.4378051757812,0.4,2.0,32.915344882581905,32.03217739751803,130.50333051632165,0.9521953820453767,97.79516350593326,836.2088012695312,0.4666666666666667,5.0
2.0,101,32.11816696590911,36.10641491238565,125.55731344343398,0.9818633600366328,98.71987575890643,757.8223266601562,0.4666666666666667,3.0,36.398769088665425,34.33289177945092,125.58958611962399,0.9311252892347899,89.00623821807358,766.2525024414062,0.5166666666666667,6.0
2.0,102,48.09218146799596,39.18736213773185,129.68558734496514,0.9499770124932513,167.40650716853452,976.616943359375,0.31666666666666665,1.0,50.722347025819445,39.343915102036206,132.31298039762038,0.9618754130307882,179.06152490595758,1010.8197631835938,0.2833333333333333,2.0
2.0,103,43.95128381534404,36.49797420814789,133.91284981607518,0.9602052061337241,168.77629976611018,881.1309204101562,0.36666666666666664,1.0,46.49790413772743,36.54082526486677,137.22661486351458,0.978510792097176,186.93689466977958,913.5391845703125,0.38333333333333336,3.0
2.0,104,48.2127205048177,35.56589785184433,135.14899404114556,0.9642440571789783,185.2982040934191,992.266845703125,1.1166666666666667,1.0,50.079073149080074,38.12329917440917,138.3355119982592,0.9598710887599309,209.09841433590373,1040.236328125,1.0833333333333333,5.0
2.0,105,46.187315902124276,36.6643878385431,130.81957138858493,0.9463882298612651,162.05550853440826,952.400634765625,0.3333333333333333,2.0,48.5138730211224,35.12300150743997,132.75910845015247,0.9659198269947418,175.42180947659347,880.2494506835938,0.23333333333333334,4.0
2.0,106,45.162325428318006,42.78050092619265,131.83030197231594,0.9235711938419375,163.27531900705594,917.3779296875,0.35,1.0,50.52695077886261,41.08691241716313,133.1020943736662,0.954010229044129,180.81560347626862,980.2051391601562,0.36666666666666664,3.0
2.0,107,41.637748080280474,34.933336384635965,131.04439729772415,0.9703484829440662,171.61116497186157,896.5371704101562,0.38333333333333336,2.0,42.90706402158514,32.84714167023222,129.5817330831662,0.952916624054767,164.73997599802573,919.7593383789062,0.3333333333333333,10.0
2.0,108,47.09306819936353,37.55164585694991,130.86678864676375,0.9546685268252364,155.6958456333632,899.2037963867188,0.35,1.0,48.388262702153135,35.40865189900969,132.18316964403863,0.9670098413355513,169.13120306555356,874.1509399414062,0.4166666666666667,5.0
2.0,109,48.046895451585556,35.284800405329236,133.5309759980069,0.9641191053301273,144.56860228342038,855.5007934570312,0.38333333333333336,1.0,49.391416694915506,34.28185873173901,135.70862743244578,0.9609368726160095,147.1040525927924,863.5382080078125,0.3333333333333333,4.0
2.0,110,50.920854137909515,37.38503461382113,131.06997008212005,0.9422742820685291,152.22875037707098,902.2284545898438,0.38333333333333336,1.0,53.3475382842538,37.29994997685796,134.50874129778416,0.9478546343231434,188.53097557847548,932.750244140625,0.4,5.0
2.0,111,52.521701243423365,47.218774264219846,131.15683977657443,0.9592080985048742,144.35706288989877,827.2344970703125,0.4,1.0,56.170142566331485,46.73227099731529,133.41141998899698,0.9632315215220415,153.04621775560008,884.9713745117188,0.4,5.0
2.0,112,54.823629001660706,42.36778061391868,132.82118878874536,0.9580111938215001,144.76671287830783,925.8497924804688,0.31666666666666665,3.0,58.121005253396255,44.780488327410296,136.3008942602778,0.9461744494356422,157.76817363704197,973.7178955078125,0.25,6.0
2.0,113,52.84218601357249,37.955536229803066,132.59260754427441,0.947860525611536,170.96632844694795,984.3345947265625,0.3333333333333333,3.0,56.6527873385206,40.837069606801855,136.50027329271097,0.9459108005527194,197.72001488224703,981.10107421875,0.38333333333333336,9.0
2.0,114,54.88097585631028,42.61920072635042,132.51711947466086,0.9439605310293151,140.2781710653187,868.3431396484375,0.36666666666666664,2.0,57.61254035671466,44.627195322699684,134.681294005213,0.9381421910606942,166.8104211463293,914.9268188476562,0.4,5.0
2.0,115,41.391610941435026,35.231996067100866,136.68469851093172,0.9658754766698626,161.62912326033506,977.5087890625,0.35,2.0,41.319848074501785,30.433295833863227,138.49605383427738,0.9747647262509611,212.43045351729592,971.873046875,0.4166666666666667,3.0
2.0,116,48.743456868245445,38.472725137946405,131.7755438654427,0.9630634561789387,138.73396121343404,921.2131958007812,0.36666666666666664,1.0,48.2811583799839,38.7109787766421,134.49106240632912,0.9520481214838399,151.9254948873703,996.7117309570312,0.36666666666666664,6.0
2.0,117,40.86508242751864,35.134430450527184,134.19943866540936,0.9431068213215877,173.13154806599925,930.6005859375,0.36666666666666664,1.0,42.09112190449432,31.174760782466798,135.98898993178824,0.9515125763851335,187.28463475799174,1005.5030517578125,0.38333333333333336,1.0
2.0,118,44.28166178639919,37.41587557146644,135.43148216193714,0.9442550681906765,170.04037617512154,975.6614990234375,0.35,2.0,45.37013685248425,34.96876525911806,138.52586795178456,0.9577436585481629,219.66072338742492,1012.9456176757812,0.38333333333333336,6.0
2.0,119,47.540151767196576,40.75094203580479,127.73108289152981,0.9781804092945791,173.0792243489597,932.316162109375,0.31666666666666665,1.0,51.08245157274991,41.91473701036719,128.6292589812463,0.9832104660736094,176.33526342031558,873.3308715820312,0.2,3.0
2.0,120,42.45896245584746,32.52010211673034,128.55094198089617,0.9731820305106613,167.11922182817034,886.1305541992188,1.1833333333333333,1.0,42.44903237502358,30.230825363907027,131.01136928790746,0.9787569367851384,180.93269632691573,945.9171142578125,0.36666666666666664,2.0
2.0,121,44.4436733905048,34.27293534920948,131.78721193747435,0.9826922105078616,167.6198405138294,860.6311645507812,0.3333333333333333,1.0,45.06231949967207,34.114156761071634,133.30165755772433,0.985675373726666,191.65408522307786,911.5709228515625,1.15,4.0
2.0,122,44.82713750171704,40.45870350807905,131.2287638813596,0.9631474382999342,159.59510004333964,908.490478515625,0.3333333333333333,1.0,48.96111967766279,39.480295389056266,133.67247193034888,0.9697908350320131,186.46730976297732,898.1074829101562,0.36666666666666664,2.0
2.0,123,47.60321023984128,36.57070118302606,135.17905839482057,0.9461605888623856,169.03605827958074,927.5382080078125,0.36666666666666664,1.0,48.709749982982,36.36134087640959,138.27185816770663,0.9500272985285344,187.60225924506273,910.6433715820312,0.4166666666666667,6.0
2.0,124,47.36779949878694,36.37416271521409,133.0104102687346,0.9628544118083749,179.36490356669708,973.3212890625,0.35,1.0,48.95205844796526,34.772205115524265,136.6821364006497,0.9648670430719817,193.9207363690005,923.5213012695312,0.26666666666666666,3.0
2.0,125,49.17306121497397,38.38809381510858,131.05835909173402,0.9573067309901216,158.78430648440371,929.778076171875,0.35,1.0,52.36003478144419,39.00124315861991,133.28696410100522,0.9625806580310623,192.43408395790908,966.0597534179688,0.3,3.0
2.0,126,45.62427077348651,38.57771426592236,130.38030368327992,0.9399475862917194,151.61671760646442,914.1843872070312,0.36666666666666664,1.0,47.5770636765504,38.47349977617515,131.98455450611544,0.9444566073710502,168.14628706875254,1001.4437255859375,0.36666666666666664,4.0
2.0,127,51.50850720551364,37.74079543177391,134.310488252632,0.9550571000712378,151.55635457675203,882.4415283203125,0.3333333333333333,1.0,53.32868667488011,36.097389369399444,136.24643437710722,0.9566848515246742,176.71829044840962,936.763916015625,0.38333333333333336,5.0
2.0,128,46.49567219933942,37.482193944509966,131.35253587080481,0.948329033604316,161.45235668651765,910.0223388671875,0.36666666666666664,1.0,48.05700773976892,35.41226776339631,135.61033969306246,0.9646317304189387,192.36199344064516,926.182861328125,0.4166666666666667,7.0
2.0,129,46.991665131466505,42.22141976749985,133.08710966007337,0.9473458941831275,171.04079300151568,947.2606811523438,0.3333333333333333,1.0,51.75515576966526,40.941740393411756,135.72556894802494,0.9641444732429242,195.52647555145057,976.1240234375,0.3333333333333333,4.0
2.0,130,49.72662596925387,42.42750825953726,132.62046419214158,0.9517741744486753,169.48033048773567,953.6874389648438,0.3333333333333333,2.0,52.87626604486342,42.06888119956406,136.67273190196437,0.9661756747305554,192.203910722138,934.6634521484375,0.23333333333333334,9.0
2.0,131,52.77061576191181,47.10777581186257,129.13198424638145,0.9523780343599523,163.1670502820498,955.741943359375,0.38333333333333336,4.0,55.179929663616065,44.655894229463414,130.5092793792024,0.9377947558090566,181.71543003460272,1013.631103515625,0.4,5.0
2.0,132,45.49008794278066,37.05237506301704,125.09275372474572,0.9422987523871126,187.7173851624039,934.3865356445312,0.3333333333333333,4.0,46.959560227732936,35.85355370331137,126.1734570134962,0.9439940814710008,192.1249504035626,918.86376953125,0.38333333333333336,8.0
2.0,133,53.81469544496772,43.24742975032971,132.90302398032412,0.9505189737463469,169.1223563592689,975.7640380859375,0.3333333333333333,5.0,56.614625078431374,43.99416840926769,136.64793606435103,0.9520368139044343,201.23226330783922,965.769775390625,0.36666666666666664,6.0
2.0,134,53.810610470269495,40.4762306792131,132.02013260484694,0.9004744191216499,155.08689612091956,926.4029541015625,0.36666666666666664,3.0,58.807741880080435,43.531449442276475,133.3923935226009,0.9035903948709813,175.00171005964148,1022.933837890625,0.38333333333333336,8.0
2.0,135,41.863635428636535,38.689654306628796,136.16837788386093,0.9402580013665479,164.76930704407295,929.6033325195312,0.38333333333333336,2.0,42.69744606626598,34.08735972479784,139.0381182968865,0.9600308430853259,184.0264207930113,996.5979614257812,0.43333333333333335,4.0
2.0,136,44.418671229484914,36.63630936196647,135.8064133729311,0.9626837119102135,164.62420360876536,989.01708984375,0.36666666666666664,1.0,44.78527800816235,34.97640401292763,138.85859979860973,0.970936741699752,191.36194518129457,1013.3087768554688,0.4,2.0
2.0,137,46.077099086074135,36.11140030488328,134.36138624508013,0.9548593736518881,170.43785742184696,954.383056640625,0.38333333333333336,2.0,46.35847412833379,35.70154860381706,136.75522649553315,0.9505096508878381,200.03311903943683,947.6756591796875,0.45,4.0
2.0,138,46.44205904068879,38.95909743120447,127.81125512563347,0.9635606804061945,169.26944356871303,888.8764038085938,0.36666666666666664,1.0,49.818237817176346,36.83094612548259,129.15059614073718,0.9737995489411695,194.43834305720515,910.1449584960938,0.4,4.0
2.0,139,43.23768849590105,35.63367113043477,132.51410465364117,0.9779024975531427,174.87111369395734,969.90283203125,0.4166666666666667,2.0,43.98656166057842,33.54228503819471,133.4429627670293,0.9791862076897162,192.16777166966978,1046.1951904296875,0.4166666666666667,3.0
2.0,140,48.13982491661288,38.19018314808596,129.95605727050378,0.9747889360996452,152.71973217394844,891.9271850585938,0.3333333333333333,3.0,48.931408364296914,36.87915176658318,131.25287492262288,0.9760033973253253,171.1216522020635,902.5122680664062,1.15,6.0
2.0,141,39.89350816765266,41.48729010306729,136.37313170534637,0.9604190732743059,63.44607528254386,623.4610595703125,0.43333333333333335,1.0,44.35632016506261,37.65101581602991,135.2796933018919,0.9463371556716945,84.66286690353769,615.4766845703125,1.8166666666666667,6.0
2.0,142,39.16431605994048,42.80151052736899,133.13954843058465,0.9868467212650055,80.24943581460263,517.9284057617188,0.5166666666666667,1.0,43.49997897917998,38.3049931961677,135.01360483068677,0.9798825429565089,63.44612923489109,551.569091796875,0.5,9.0
2.0,143,38.622955565386604,32.787446727884046,132.5651429083726,0.9638388254711218,118.92127681955628,636.2742919921875,0.4,1.0,45.36813808949782,35.73199162062812,135.12512581183884,0.9522490515455817,132.17633498773893,756.0867309570312,0.35,7.0
2.0,144,40.188579579634116,29.480559496367313,132.03317352516765,0.9674305320578038,88.28363517246004,569.555419921875,0.6166666666666667,2.0,45.86410994969752,34.980265294182516,135.86232126842296,0.9363951589959966,126.28683674245707,673.03369140625,0.6,6.0
2.0,145,36.652266471622056,36.639020313105455,129.60344641226982,0.9610641287005107,129.62079716168944,682.47900390625,0.4666666666666667,1.0,41.91254701776522,35.44187619923217,132.2690873052472,0.9480529238168138,142.8296868835585,836.5106201171875,0.45,9.0
2.0,146,40.22418400311957,32.94028338117796,139.61739013768084,0.9874248214591387,90.0265727218175,615.549072265625,1.6333333333333333,1.0,47.309124003465065,33.01199942900219,146.5029091220206,0.9803713130495956,89.70536583423012,581.8063354492188,0.5166666666666667,8.0
2.0,147,37.32550666106568,30.24307726693363,133.0028650259013,0.9715709691938912,99.86218796393558,608.735595703125,0.48333333333333334,1.0,43.33777965223469,35.251068199472726,137.09665891444425,0.9511367672944132,90.26073775908742,576.9121704101562,0.4666666666666667,5.0
2.0,148,37.87597676524799,32.225490066514475,131.43873527151834,0.987274862226618,79.52188859948905,488.91253662109375,2.1166666666666667,2.0,42.01808417409308,32.12969287927131,135.88091477816366,0.9756355698123217,85.29403520472471,552.8868408203125,2.1333333333333333,6.0
2.0,149,32.29619190479599,32.621597357735965,127.95986857360947,0.9704101002072608,58.8416774873312,545.15478515625,2.0833333333333335,2.0,38.68498668260477,30.964275472374744,132.95408935732164,0.963416710925385,59.54178799180909,625.8998413085938,2.0,8.0
2.0,150,35.73383103130991,32.907740305850126,129.8017965260397,0.9872023420952841,78.21285694863946,504.1187744140625,1.9833333333333334,2.0,40.69037929234611,30.60088455711807,134.89310063028742,0.9797759312973737,60.654181168675336,535.3487548828125,2.0833333333333335,8.0
2.0,151,30.442439468954213,34.71873410754326,129.1265847485416,0.9690713705824423,71.8662619046782,495.58697509765625,0.5,1.0,37.77102276812467,33.701117869559155,129.62760038316628,0.9682293574648496,52.33431945731098,537.2252807617188,1.7166666666666666,10.0
2.0,152,39.29300632645186,34.98853049867538,136.39308522194017,0.9627691594574734,103.14180022706722,622.2060546875,0.45,3.0,45.16566960998213,34.606491550026476,142.4364232677999,0.9511177502017926,85.74249069712664,687.4159545898438,0.36666666666666664,8.0
2.0,153,38.97674240444465,36.7538933179194,138.45525583274485,0.964944065790138,86.32266262239028,542.52294921875,1.9666666666666666,2.0,44.17558756290893,42.829534217199594,140.90327818167182,0.9162517831645077,78.69654900449319,532.498779296875,2.0,9.0
2.0,154,37.47773117570885,32.97527877763974,133.26550886415146,0.9884383254985726,106.19720510292524,562.9876098632812,0.4666666666666667,2.0,42.83008137461797,34.863002683234285,137.25816115152762,0.9711150608197168,97.32728471651427,576.9644165039062,0.55,7.0
2.0,155,37.328952810391534,28.084108727476746,133.95068051450116,0.975614252100326,121.29402330292322,626.367919921875,0.5,1.0,40.98870506605996,30.20611879104991,138.30323410561638,0.9577006259609947,118.33154383540659,660.7062377929688,0.5666666666666667,11.0
2.0,156,34.78367925693912,32.94056108211613,131.47510412640264,0.9822252026866634,90.59285563696676,538.419189453125,0.5,2.0,38.80921753001017,31.828133349120694,135.29865644486543,0.9656356643377347,77.48098442155765,551.814453125,0.43333333333333335,9.0
2.0,157,36.08593699428752,32.0715634624008,132.95237372186548,0.95728861376812,92.7009353214217,523.1072998046875,1.9166666666666667,3.0,40.42575473028967,37.72273360672377,136.8906536656184,0.938965164550451,100.35340721764697,520.8672485351562,0.45,7.0
2.0,158,34.724071457811455,32.53639653270976,132.19255759841002,0.953515217807576,79.91439433731529,578.1351928710938,1.9666666666666666,3.0,38.305526664779144,34.171799345198316,136.43789568846495,0.9121231637325874,112.00355797561997,577.6947021484375,1.95,9.0
2.0,159,42.36159098246035,41.404433492286216,133.63555357602326,0.9864044366421928,84.6922563456377,623.6484985351562,0.5166666666666667,2.0,44.42663689745497,37.8741254780305,133.99991016044015,0.9858738184964156,93.68865841162034,643.77001953125,0.5666666666666667,5.0
2.0,160,41.59009307500109,41.779083353522,131.33925387249843,0.9623722853387255,97.23881239301392,693.7664794921875,0.35,2.0,46.66696244319173,40.549228618127906,134.83734678836387,0.9616141488221471,133.77292323825145,813.1990356445312,0.3,13.0
2.0,161,39.72288347098343,34.721953834960104,131.9272363275041,0.9795551489906483,119.3665876609299,682.392578125,0.5333333333333333,2.0,45.12836231254853,34.94950485863721,135.68819629088136,0.965307981041918,101.73368437306237,661.007080078125,0.45,6.0
2.0,162,38.461212238740266,34.21842092702414,128.20120806830752,0.9928154319184999,84.48397144650784,519.313232421875,0.6166666666666667,2.0,42.567329792589916,37.46072362053747,130.791754873392,0.9815359689769612,66.089797779984,595.0486450195312,0.5,11.0
2.0,163,38.015964848706595,30.025040293950198,129.04768760525008,0.974332570476163,84.73398798837565,573.0960693359375,0.5,1.0,42.27378774211229,32.350693472665604,133.096007285422,0.9610084026995096,82.10322666813454,638.6461791992188,0.4166666666666667,6.0
2.0,164,39.812344024924464,29.265556172535153,135.49385771722757,0.9745560362974478,109.49777700099759,628.4010009765625,0.45,1.0,44.96299111836375,34.06358850638746,139.31977720041706,0.9583872117359397,119.84598148339757,735.563720703125,0.38333333333333336,6.0
2.0,165,38.03233189751534,26.403402302249532,129.95363636565102,0.9590132593972115,93.17040278743576,553.7254028320312,0.4666666666666667,1.0,39.79224371494816,31.3526398782291,134.89851150262953,0.9384155850325862,111.23497599598693,660.4739990234375,0.4,4.0
2.0,166,37.59426797145804,31.78192006690594,131.06384049203047,0.9627625968759714,124.07803191436216,554.418701171875,0.5,2.0,41.67269708411716,35.355655974793734,134.61224272304298,0.9442210174914492,104.85871712735076,583.4146118164062,0.4666666666666667,9.0
2.0,167,35.61804832425168,32.0520528512598,127.95912518831864,0.9803307156073409,67.89282268123856,491.6290283203125,2.066666666666667,2.0,39.871253543881465,30.484764962324974,133.33066753589867,0.9664887893608555,72.11335469838446,549.083984375,2.1333333333333333,8.0
2.0,168,37.701566740614105,30.323861547663366,130.923489035893,0.980527636527953,62.506205578618506,511.8103332519531,1.9,2.0,41.034872219470195,32.81594233682121,135.5569705128724,0.9589017466089742,66.8773602413836,503.4200439453125,0.5166666666666667,10.0
2.0,169,36.81539263604062,32.06556123452189,134.64320683298536,0.9446942886664567,70.11594953675711,495.197509765625,1.95,1.0,43.20972076995748,34.33128733002609,139.21016007609435,0.9253374472429499,85.94352388474363,522.9341430664062,2.0,9.0
2.0,170,40.168133251965315,40.48553122705054,139.13462445179175,0.9679228943751716,109.54512635937476,592.7915649414062,1.9,2.0,44.37972859480387,37.98152004285807,144.2656590679514,0.9441075775845683,120.06544640754669,630.876953125,0.5166666666666667,8.0
2.0,171,38.31392564273695,31.623153556021855,135.62220396790426,0.9878889621277004,117.77540537077556,570.3713989257812,0.5166666666666667,1.0,43.2339224027311,35.97448928839522,141.87247532515767,0.9527078888093258,107.36657054935591,600.1898193359375,0.43333333333333335,6.0
2.0,172,38.66763952189948,30.632887248544154,135.43912037060863,0.9738655164207805,87.74130157250994,544.5636596679688,0.55,1.0,43.69030679028171,34.70430166030883,140.33887059345014,0.9462006146532967,108.10756498898058,579.9970703125,0.4666666666666667,9.0
2.0,173,38.27535546038161,33.89988774242814,134.3542543839384,0.9764322230610726,91.22854200722571,559.9241943359375,2.033333333333333,2.0,40.4187672590004,33.552524682581705,138.5226933116776,0.9538863681892893,92.67664308413629,581.11328125,2.0,10.0
2.0,174,37.148158177037786,36.22881848202765,131.7784803047912,0.9758978165324727,91.13518949166433,579.7777099609375,0.48333333333333334,1.0,39.339026990075,33.42762932612971,136.8067106242558,0.9648739534654799,68.65883973825277,638.5242309570312,0.4,10.0
2.0,175,51.26823623431124,40.61764670846573,129.02822863579044,0.9338606101702689,95.33939816417927,535.1739501953125,0.6,2.0,40.5172526065686,38.82864522672726,135.29557893567687,0.9033838967004176,114.81001234293473,630.2742309570312,0.5666666666666667,7.0
2.0,176,36.99456868461644,33.21824044653021,132.69965265683015,0.9474229435010374,88.91063386233867,514.9718017578125,0.65,1.0,40.047752699473456,31.997121746905265,136.5319551707673,0.9287196128412695,116.05753125549995,606.5800170898438,0.6166666666666667,13.0
2.0,177,39.44152695827361,27.092884435877068,139.0804733075502,0.9662570356062159,135.5607507117631,609.6849365234375,0.43333333333333335,2.0,42.34563412452294,24.941406887851343,140.06536442529068,0.9779213438246561,139.26137295550234,753.2660522460938,1.75,7.0
2.0,178,40.00314775478877,26.901199220264395,136.01914460552896,0.9623751667350778,124.3047392886453,757.9761352539062,1.4666666666666666,2.0,44.468849746274685,26.98794742409967,140.31171644285104,0.9552142693718015,133.71100234924853,906.3572387695312,1.4,4.0
2.0,179,35.25267865437979,24.104786310433195,137.06917647500535,0.9683189578439517,128.7219055762489,671.5294799804688,1.55,1.0,39.46140481972768,23.57475139092063,140.51062708672944,0.9797803732396361,109.44270866528171,861.028076171875,1.5666666666666667,5.0
2.0,180,38.3732098617101,30.584845990779275,138.8497395835245,0.9674839785898806,131.55672134341842,674.9564208984375,1.5833333333333333,3.0,41.838579205559995,29.669259074203318,142.10871392830308,0.9834832465119888,143.73216441503985,999.4063720703125,1.6,8.0
2.0,181,37.883972863863,23.50616788224124,140.7252525651986,0.9484137120842109,152.9929202323865,699.2923583984375,0.38333333333333336,2.0,42.03418838334395,21.532492607230694,143.0266264054723,0.9702301261084324,176.57419343295913,931.716796875,1.6333333333333333,6.0
2.0,182,38.37356092100161,26.226515065113812,140.60899512215212,0.958455650650539,124.80973487067843,690.5044555664062,1.5333333333333334,1.0,41.84783199422188,21.93077566780481,142.78613216493636,0.9820560941029481,118.07903928073159,750.3491821289062,1.4833333333333334,4.0
2.0,183,37.0239573865755,23.246880626011567,138.99643667862736,0.9792208782524447,129.57905934408672,673.2454833984375,1.5333333333333334,1.0,41.17061962175187,21.10304223082325,141.50162520985901,0.9955748389206688,135.04981788211097,722.5220947265625,1.4833333333333334,6.0
2.0,184,37.819163962139015,30.806640488240184,142.57520207697573,0.9546313267444347,140.95214953423095,688.3763427734375,1.5333333333333334,2.0,41.04360793654721,30.36343923369787,144.10679520017857,0.9775551152678356,132.69845355714352,821.7372436523438,1.5333333333333334,9.0
2.0,185,39.033221260917735,23.980113547459343,143.19775237907118,0.9592027532702302,167.8682199886333,723.0161743164062,0.35,2.0,43.341823733608,23.88673830361091,146.902167563184,0.9759235690746294,156.5470029996706,765.779541015625,1.35,4.0
2.0,186,35.89728834937473,21.478856245035075,136.9096520038197,0.9631334289150423,150.28586482757646,700.3646850585938,1.4833333333333334,2.0,38.757874392979815,20.992795713718078,138.98518160404655,0.9815142169245877,156.7022665275411,873.8821411132812,1.4333333333333333,5.0
2.0,187,41.24966972569867,27.28627734687483,144.90705097260482,0.9468260813881919,177.14846274240244,807.206298828125,0.36666666666666664,2.0,42.95793859620338,23.43410551236389,146.46244440174252,0.9715311568851636,218.49935075153354,916.404296875,0.38333333333333336,7.0
2.0,188,38.509758873604234,24.096846113190622,144.14141305483656,0.9738413504173155,130.8488409391876,609.93212890625,1.7666666666666666,1.0,40.72717630030638,23.972098193817107,144.44867497827823,0.9903632401608365,134.558429955747,771.36083984375,1.75,9.0
2.0,189,37.55487343215056,20.84888235031646,140.6997917680486,0.9834380946197744,135.5131071029217,618.2939453125,1.8,2.0,40.3134214042159,21.795216862898204,142.27615712195387,0.9948771804889014,126.84889497705512,722.8406982421875,1.7666666666666666,6.0
2.0,190,36.686576433957946,22.014654101780735,140.57282504054328,0.9798367380974378,151.8603463868044,678.3092041015625,1.5333333333333334,3.0,40.18907289150313,22.42688792301116,142.04701084294587,0.9839693721514986,142.7901328439168,734.275390625,1.5,7.0
2.0,191,36.720619881395876,24.12292121035872,140.10820845956925,0.9714744586655426,151.62660188784628,648.9188232421875,0.38333333333333336,2.0,40.07700217669173,27.231070897446564,142.33718735191255,0.9876886017562988,147.27044031020085,724.534912109375,1.5166666666666666,6.0
2.0,192,37.467035656079574,20.09095316146392,140.59694279919384,0.9691136823732737,135.4870198755819,616.3367309570312,1.7166666666666666,2.0,40.83127902516046,21.60647469471024,142.17679731206573,0.9840773939200153,152.79897631918288,703.017333984375,1.6666666666666667,8.0
2.0,193,38.95566081981005,24.024697105814553,140.38892955625806,0.9710555738195308,120.35014642103647,614.9083251953125,1.7166666666666666,1.0,42.58487057707718,20.652045729580212,143.40698316017475,0.9833684553679833,111.03575615137402,883.92578125,1.7333333333333334,6.0
2.0,194,40.49286597506711,26.127222184393137,138.44885312934588,0.9493839369185161,168.8227926814855,764.1441650390625,0.48333333333333334,2.0,42.20011665457726,24.25284102416097,140.124715963421,0.9673691479888575,188.2339484447877,800.6995239257812,1.45,5.0
2.0,195,41.64493295273474,31.907785895261874,143.6870869257162,0.9565094791404444,131.1502010367954,628.4550170898438,1.6666666666666667,1.0,43.41407223357473,30.945097203789043,145.36117360428324,0.9727121534167319,136.32493685385384,728.4186401367188,1.6666666666666667,7.0
2.0,196,41.342860565228776,25.00100664349097,138.65113679902578,0.9691761340555339,129.11328424133728,690.6355590820312,0.38333333333333336,2.0,41.69521100605931,21.15271725530324,139.96083708775893,0.9739959004452876,125.07125586760651,938.7318725585938,1.4666666666666666,5.0
2.0,197,37.00016753080491,24.177671361645796,135.66419457204864,0.9776105321331267,125.72424842486242,673.5381469726562,1.4666666666666666,2.0,38.55197495540803,21.377696489558584,138.62335591620928,0.984594393818166,109.55010350645921,816.671142578125,1.4333333333333333,6.0
2.0,198,38.78762241889299,23.879380039226476,136.53428614363955,0.9631286308189542,135.44478290819995,703.3775634765625,1.4333333333333333,1.0,39.893472371516985,21.47999771212271,138.95948449773888,0.9787378389440293,153.7811405566447,767.7294921875,0.45,6.0
2.0,199,38.348807130245476,26.604913127752415,138.2402733209374,0.9726627790378221,158.830177512136,731.6961059570312,0.35,2.0,41.04099374970535,22.074625446157853,141.072668590494,0.9775709226749872,135.00014074124607,778.8513793945312,1.4666666666666666,7.0
2.0,200,44.18082525523882,35.41861577361855,145.7705114764034,0.9459696624838698,183.1854410219185,730.1808471679688,0.3333333333333333,2.0,43.04767370723443,25.121758962411814,143.73001856476918,0.9618285018700864,159.4053988436599,799.6837158203125,1.4333333333333333,10.0
2.0,201,38.431896903229145,26.133044364076564,138.77433420258507,0.9621931896461368,124.0786169632014,633.283447265625,1.55,2.0,40.02505239411854,24.561848900732457,141.33312706329863,0.975223507677892,116.4982991668785,713.34814453125,1.5333333333333334,5.0
2.0,202,37.53928125116383,26.664614697639898,139.13390388129088,0.9824226073790141,119.79438918176754,644.48486328125,1.6,1.0,40.33964180758191,24.6177338174344,142.24454131061236,0.986547921963475,115.70026743105018,830.3734741210938,1.6166666666666667,6.0
2.0,203,39.15260205427371,26.200490986314236,141.56797065698322,0.9753581938083694,149.59726054382912,681.7286376953125,0.36666666666666664,2.0,41.43064807983185,24.896620195306703,143.3664922302662,0.9827996252906689,141.43068278702145,802.0390014648438,1.4166666666666667,8.0
2.0,204,39.57544944532529,29.79120741148234,140.43756997733072,0.9725881040160933,146.01623482314153,660.118408203125,0.4166666666666667,2.0,41.43707806136213,24.37469704123176,143.58829805228268,0.9810041725204038,144.4628285747089,735.3419799804688,0.4666666666666667,10.0
2.0,205,39.576816497462076,22.796518604939767,142.93832853543967,0.9672349900484924,152.1709137665502,679.1834716796875,1.6,2.0,41.51562914697992,21.681121952540863,145.03293637471188,0.9764133195054648,137.92245065958667,801.5978393554688,1.6333333333333333,5.0
2.0,206,40.16913830538803,23.4096573151709,140.2540472870167,0.9756907786298542,159.79719637807278,748.8319091796875,0.4166666666666667,1.0,40.74143091913007,22.691862485538284,141.38057987223542,0.9916669708411929,153.47613423674915,779.4231567382812,0.4666666666666667,5.0
2.0,207,41.21908454543649,19.7266795584777,142.86790948704285,0.9711179881181727,144.4204079475213,614.4747924804688,0.45,2.0,41.773011786016006,23.161083188982094,145.4410807659637,0.9845542588301707,152.12298576305358,709.685791015625,0.5166666666666667,5.0
2.0,208,39.76530293699277,18.83206484925592,140.5637648865692,0.9790542383668082,135.23406726952658,592.0911254882812,0.4666666666666667,1.0,40.56191775731525,23.79046394929546,143.43664229371882,0.9901223298845943,138.03044529738742,755.0347290039062,1.6333333333333333,7.0
2.0,209,39.18227230585405,19.573860207762838,141.3473032631486,0.9774058423112063,144.03390140011396,623.77978515625,1.6833333333333333,1.0,40.488226472657836,22.096521554835583,143.0377382826011,0.9945707626847231,153.23595319502004,809.7188720703125,1.7,9.0
2.0,210,39.35759913719733,29.238383957826002,140.06192775630862,0.9762340487674884,140.11657639183255,708.3021240234375,0.38333333333333336,2.0,41.11785788412396,22.45333965184088,142.4930447037096,0.9845679844059296,138.35025464129444,778.3853149414062,1.5166666666666666,5.0
2.0,211,41.88318704795129,27.468274375340606,144.0976630525613,0.9748987574064383,126.64283145589792,647.40185546875,0.36666666666666664,1.0,44.016217580694516,26.285046769547588,146.37463589783053,0.9918167476069565,142.08786123457372,830.8103637695312,1.85,9.0
2.0,212,43.026152784860436,28.262983097134203,140.95841473745622,0.9284225516932753,175.73585195425153,861.7151489257812,0.4,3.0,41.937290277659365,23.743125404348916,141.22388439084307,0.9414839409830003,202.52402191280623,945.1461791992188,1.4333333333333333,5.0
2.0,213,40.17596424048592,22.433077847613877,139.76768536929407,0.9723599117251093,132.77734266528853,683.837158203125,1.6,1.0,41.17850780311316,20.234338621118052,142.25521747564537,0.9765358988057096,137.7702137194578,876.8650512695312,1.6,4.0
2.0,214,40.93740609876353,29.72878200887086,142.51968186857155,0.9911598336649425,81.30880357465628,632.8684692382812,1.3166666666666667,2.0,44.67169081341822,35.68030255980528,144.32895741965672,0.9857778182288774,65.9144814259696,864.2791748046875,0.4,8.0
2.0,215,42.5500129690317,35.49295386312752,142.71812542749012,0.9938712943829758,115.05032009068657,614.9644775390625,0.36666666666666664,3.0,45.02976728451221,34.06831071054636,143.577423664713,0.9815236613230864,97.77111174550612,802.89404296875,0.4166666666666667,7.0
2.0,216,42.406912865686046,35.17762294376092,143.021538411448,0.9975559050170499,123.58974873031912,623.4625854492188,0.31666666666666665,2.0,45.94747412741051,33.895224711705424,142.88120910986882,0.9898314482591332,99.94113127828598,743.5050659179688,0.4,6.0
2.0,217,43.109708783120226,28.231321439676048,143.81639526534522,0.9954392037884275,115.07634154023123,598.3840942382812,0.3333333333333333,2.0,44.874510802236166,25.82166638732368,145.1662304021665,0.9904515369101781,104.535788463713,734.5578002929688,0.36666666666666664,5.0
2.0,218,42.43985146718267,28.49603563798907,148.55742247892496,0.9637648221210803,103.63598751056088,575.905517578125,1.4833333333333334,1.0,44.82313113978642,29.07975099064658,148.863871246115,0.9638632340249125,93.2840723516938,656.3707885742188,1.3333333333333333,4.0
2.0,219,40.337248937623215,28.905157787557343,144.18843626641555,0.9946635285303315,98.42473911174437,581.558349609375,1.4166666666666667,2.0,43.135483226929615,29.920780482110153,143.5946247763778,0.980330024270703,84.64718426187858,740.16943359375,0.5,5.0
2.0,220,41.88381434723551,33.02943627611136,146.35194323996328,0.9932240121316772,97.80515652662132,698.4959106445312,1.45,2.0,45.367447035602595,35.310535359975766,145.42065708689015,0.9814335721716086,74.86951807440676,811.5257568359375,0.43333333333333335,5.0
2.0,221,40.40993632498619,34.954228294655465,145.01127748550064,0.9957636786246439,97.07083778094159,564.0821533203125,0.38333333333333336,2.0,43.7927981567575,35.96967301084152,143.76798249958625,0.9801009899484588,69.88348936555184,750.18505859375,0.43333333333333335,7.0
2.0,222,41.223511942236655,32.10778096275178,146.85193363949165,0.9977517026341968,97.04066571419276,528.142578125,1.3666666666666667,2.0,44.81612849710047,32.8559540363343,145.7972203939057,0.9805075722762041,75.61949384336629,577.357666015625,1.3666666666666667,7.0
2.0,223,40.562417042748976,36.98154464585451,144.82080177635794,0.9977762360265291,100.48826765361753,591.7813110351562,1.4,2.0,42.57422356086854,38.48112374474492,143.98216233207287,0.98838344046183,82.77934132358325,632.8590087890625,0.4666666666666667,7.0
2.0,224,39.37688466067036,30.430274878350208,143.73415727165494,0.9952674364264928,106.39998802130293,600.17626953125,1.2333333333333334,2.0,42.52982462274621,33.71723919858164,141.89644186009625,0.9746477068565113,78.0092287193429,712.7308959960938,1.2,5.0
2.0,225,41.14755771960782,31.425467686309556,147.35919483344054,0.99694233030111,137.6223601214781,670.607421875,1.2166666666666666,2.0,43.664050762788534,34.69145825386392,147.53649796754956,0.982749279108562,99.45826483809299,698.3446044921875,0.4,6.0
2.0,226,40.01391207105378,32.11529920052371,146.78577329960848,0.9977428979664947,108.63752681983073,588.8291625976562,1.2833333333333334,2.0,44.072141674710394,34.411958660357634,147.2754263247028,0.988989428440448,82.68253702105,698.9951171875,1.1333333333333333,6.0
2.0,227,41.682748578356524,32.03048098511609,150.2676479727515,0.997911000715274,104.78426344171226,660.7208862304688,1.3333333333333333,2.0,42.61434862493898,29.692721032020728,150.1937350652744,0.9895949202554916,104.74280158009464,823.3804321289062,1.2,4.0
2.0,228,39.53840338119802,32.329853614446634,146.26652862238728,0.9997272142057859,107.48867531603253,608.4735717773438,1.2833333333333334,2.0,41.24257996940998,31.27724902391351,145.5625661507231,0.9877094647550156,85.48532074713933,631.9271240234375,0.4,6.0
2.0,229,40.39873458793231,30.970080727474475,150.59903768834155,0.9980097567096381,113.95596733864494,783.9888916015625,1.2166666666666666,2.0,42.103396682094036,29.28960604863273,150.0260994491882,0.9913596585881013,89.55356083625219,1003.8799438476562,1.15,5.0
2.0,230,38.745475601705664,28.685105537240066,147.33736934788044,0.9974508689314544,114.7897254860726,596.9360961914062,1.4166666666666667,2.0,40.342727339373845,26.9334804978822,147.59319334458877,0.9913642706344421,91.0608217942783,762.581298828125,1.2833333333333334,6.0
2.0,231,39.987991674935486,30.038849364488954,148.45798323628665,0.9979860685851766,94.41292392674569,706.6718139648438,1.2833333333333334,3.0,42.102569003775216,29.291751609965907,148.44444504399792,0.9888262566118862,75.76588610633564,801.4633178710938,1.2333333333333334,6.0
2.0,232,39.27683625328557,30.129455713671618,147.66848848120233,0.9989922369001525,119.58847903339318,660.3076782226562,1.2666666666666666,1.0,40.90785625889162,31.427847311098997,148.1258080400726,0.9874700747519143,78.70539486278034,854.6527709960938,1.4666666666666666,7.0
2.0,233,38.634756228706706,31.96885416209166,146.464759232014,0.997722182600318,101.90135677116331,651.8163452148438,1.2,3.0,39.721954575992136,33.398270143243934,145.4420651066187,0.9897923375568264,74.73660618742343,801.30419921875,1.1333333333333333,3.0
2.0,234,39.631780976038506,32.81390437901574,148.0254220166249,0.9981141364470123,111.85977506941242,571.1154174804688,0.3333333333333333,1.0,38.525960231764515,33.91721244324396,147.84300507667888,0.9870235153872903,114.78872614696343,750.958740234375,1.4,6.0
2.0,235,38.92909543939684,31.090142906170154,147.01807216822615,0.9968784060439954,92.80486283927644,633.1971435546875,1.3333333333333333,2.0,40.19029585992346,30.35986885294425,146.15658668955155,0.9909384936776013,68.54720158228986,625.2275390625,1.2,8.0
2.0,236,44.785056477437344,33.0842999599777,142.94164009109912,0.986810339511736,91.11544479406177,623.8031616210938,1.2666666666666666,1.0,42.24604870484677,31.566537212144432,143.38598490959214,0.9859959376947853,103.96896352745586,705.4146728515625,0.4666666666666667,6.0
2.0,237,41.990411586759414,28.974988040929347,138.48975446105132,0.992324031188257,112.0975908792741,573.6941528320312,1.25,1.0,40.294657886533514,26.63665551071764,141.38798304572722,0.9944310441133803,84.57453249400686,688.0902709960938,0.36666666666666664,8.0
2.0,238,44.625855672915776,34.27728790235318,142.07716818525458,0.9951795178422285,111.75388772965334,550.8147583007812,0.38333333333333336,2.0,46.282819883957,33.177844418786044,142.32612238435144,0.9847826440518936,86.39558940663306,633.7613525390625,1.2333333333333334,6.0
2.0,239,43.39701632416756,27.401013281233798,145.21006996187415,0.9938231583015513,114.87856375613944,664.3533935546875,1.2166666666666666,2.0,41.4146363654879,26.766687276371012,147.34913987758696,0.9828989532498363,89.54417317259924,899.6295776367188,0.3,5.0
2.0,240,44.598707305559415,33.67057397140603,147.2357525785185,0.9974766343943325,125.96876357832514,647.8529663085938,1.3833333333333333,2.0,45.146494758089226,33.922561145806064,146.13810500175907,0.9920600754675234,91.00092781143786,726.383056640625,1.2666666666666666,5.0
2.0,241,42.37799024431441,34.4563948620604,145.39818029024542,0.9964089823007679,130.61056510148887,587.2714233398438,0.38333333333333336,2.0,43.38834935846784,33.55086494976516,144.18376491772042,0.9874485717975778,85.2805420921834,701.73828125,1.25,6.0
2.0,242,43.784947956648985,37.662588219249834,147.10442553864425,0.9939818240557862,108.99282659195194,574.632080078125,1.4333333333333333,3.0,45.18759903927943,37.73736395942511,146.08672173764077,0.9803615228058911,86.82973272776223,746.0123291015625,0.43333333333333335,5.0
2.0,243,42.300958236700765,34.906408029047256,145.00946320690034,0.9992188392101807,117.54041271056394,555.2999877929688,1.3333333333333333,1.0,42.16901520904367,33.761172476583035,143.64651950894685,0.9947878200708797,90.33571313911068,833.2583618164062,0.4166666666666667,7.0
2.0,244,42.599123626950245,41.47382459874903,145.16753336791203,0.99850633996462,102.3451375468099,639.845947265625,1.3333333333333333,2.0,44.68963385525377,41.871210472520616,145.45710113720585,0.9806113285439552,70.78082226293589,761.8351440429688,0.38333333333333336,8.0
2.0,245,41.42625445761129,32.35659985889603,145.70641913789902,0.9967694665896143,96.71934317005906,606.7242431640625,1.3166666666666667,3.0,41.02821745473158,32.08733550028968,146.1875807467816,0.9937106621019323,82.76323985533622,756.4268188476562,1.2333333333333334,8.0
2.0,246,42.872671822147005,30.142042347882956,145.58411334343205,0.9969836261586893,117.58601717370482,586.8609619140625,1.2333333333333334,2.0,43.851309981682405,32.81493703392928,144.63957419921726,0.9844394648342516,78.214110031264,697.8031616210938,1.15,5.0
2.0,247,42.82898363170951,33.05329051687611,148.494903273596,0.9980767182268442,109.62026032312423,656.887451171875,1.35,3.0,40.99050514164858,32.84451053182567,147.66862188622554,0.9902830309589101,79.63375960831769,680.6594848632812,1.4,3.0
2.0,248,40.61658489297856,27.693557673273077,146.41412462278453,0.9946066269727701,122.42330023435926,556.4400024414062,1.3166666666666667,4.0,40.626267728155426,26.44938035499615,147.57326698447434,0.9902254792002939,93.1310792671647,630.956298828125,1.1666666666666667,7.0
2.0,249,42.488914196693294,29.316921118145896,148.31709680171087,0.9984232729658898,114.1663510980382,667.4937744140625,1.25,3.0,43.10205389010526,28.024277307024505,148.51035296933955,0.9922378545706207,88.57681572075478,638.8530883789062,1.5,6.0
2.0,250,42.62399996226305,27.57981471179386,150.67170092833962,0.9927801335081528,109.29327792579471,644.6029052734375,1.35,2.0,42.811733262069936,26.556303254928533,150.990110681318,0.9893060165636199,91.13273185382667,813.1245727539062,1.2333333333333334,7.0
2.0,251,43.48618685351058,41.432637659406964,151.8647606874866,0.9986508326678912,116.3913194667677,759.10986328125,1.2666666666666666,3.0,43.578229923004166,39.49472332999904,151.159782472963,0.9852656890338255,83.36368234543698,821.4014892578125,1.25,8.0
2.0,252,40.931823098840624,26.74018029419597,147.79565625963522,0.9935508740744201,111.26508907863325,716.9991455078125,1.35,2.0,38.753128557371994,26.22666883079596,147.49870824564778,0.9898535649315705,79.5667498292579,733.5039672851562,1.3,3.0
2.0,253,41.93031947849404,30.25643944937267,148.23936334892136,0.9943401551459615,120.78168240923219,707.4720458984375,1.2666666666666666,3.0,42.76044182703974,29.420213250639563,148.1054802561552,0.9821170278277447,73.15915152288625,707.818359375,1.1833333333333333,5.0
2.0,254,41.6794123291232,32.61187375173387,146.82048182803712,0.9969959849514737,98.68335680674164,683.2457275390625,1.3666666666666667,3.0,39.594839406526674,32.15251083002689,148.21504289537,0.9905543560482769,77.82222425759755,769.8456420898438,1.25,6.0
2.0,255,41.04873306655855,30.710603360922786,146.35511893554389,0.9965394607058093,114.2840383760381,620.1708374023438,1.2833333333333334,2.0,40.31749765190677,31.4026535194472,145.12787754883576,0.9878297683782932,78.01037395685711,651.513916015625,1.1833333333333333,8.0
2.0,256,41.6512486979524,28.25942527937667,149.2270176852733,0.9942113859625462,121.21029010162943,705.2030639648438,1.25,2.0,40.81966207160784,29.161182034409627,148.9928441992951,0.9893408237526402,84.59950701473929,790.7752685546875,1.2166666666666666,6.0
2.0,257,41.64282231250279,16.071399108089402,133.00636809103648,0.9950937200368579,106.84107417671527,512.4822998046875,0.45,1.0,40.06665523533387,18.65723250231758,136.79826114425944,0.9729299572505647,103.25466643522788,622.8156127929688,0.3333333333333333,7.0
2.0,258,39.641212670344295,16.89872570491003,138.75766909405735,0.993441890922546,120.64270040659096,633.1011352539062,0.3333333333333333,1.0,42.42358923119292,19.502688220223774,141.07633117821828,0.9759615701171453,85.28180327719753,746.1724853515625,1.2833333333333334,4.0
2.0,259,40.08520890930123,17.822428759365813,138.97591967649683,0.9920283920176864,72.51754648309628,570.2293090820312,1.2166666666666666,1.0,41.34072926822405,20.06828088190788,137.92391958098187,0.9581305192588006,66.60158855878592,848.5877685546875,1.3166666666666667,5.0
2.0,260,39.698941847812506,18.549720540768195,138.80930868007735,0.9929240216341039,81.01948915784305,608.4002075195312,1.15,2.0,40.14809646952932,15.815562483849096,142.57367655940982,0.9616134590079521,74.4068646579575,688.5233154296875,1.2166666666666666,4.0
2.0,261,39.73398264548282,16.476295143753557,140.8841345727011,0.997802511319571,109.64600296428301,618.8094482421875,1.1833333333333333,1.0,41.33375767937356,18.65569811777985,141.83462214048447,0.9833237712351751,90.59223611533213,712.973388671875,1.1666666666666667,3.0
2.0,262,39.710861934360345,17.820370129594302,140.54257665773378,0.9960492978626704,98.80862362688873,641.2569580078125,1.2,1.0,41.48383820390502,22.688954388268687,142.63138629112427,0.980784481784622,83.15962849460817,764.37939453125,1.25,4.0
2.0,263,40.56816279012109,12.982431113480619,129.03856194482555,0.9692445771493668,95.80761797140212,477.8819885253906,1.45,1.0,43.78074118292767,27.266789961805014,132.16815292867756,0.9558141892923837,87.2733510320063,580.14990234375,0.3333333333333333,6.0
2.0,264,39.96810740712081,17.64576444524831,136.48669296474188,0.9950960723786936,85.1286177893391,560.5146484375,1.25,1.0,42.06815785859764,21.927235442543257,139.16884043804518,0.966115970632953,69.94070675273207,858.02587890625,1.3333333333333333,6.0
2.0,265,40.19442368293469,18.576369902094484,139.15071113724986,0.9983964542406871,97.26833298202848,654.8679809570312,1.2,2.0,40.15277130100337,16.51138892832235,142.80580827633284,0.968339278562446,75.12985036686985,717.7803955078125,1.3166666666666667,3.0
2.0,266,39.817612102178344,17.58715645428096,137.80544342060912,0.9976721540962895,112.3651847326667,617.3045043945312,1.2166666666666666,1.0,41.801050983649134,18.14001892732582,140.24339974642197,0.9804686995407607,77.73336864380212,720.8089599609375,1.3333333333333333,5.0
2.0,267,39.45629830233333,19.05999499803208,138.1864350364814,0.9991301852701143,89.70473126592907,644.841552734375,1.3,2.0,41.87023305581707,20.61636427670948,139.69096378374303,0.9829809724485054,72.6906203750039,639.3713989257812,1.3833333333333333,6.0
2.0,268,39.50096755790693,19.264658000967263,140.39255373815064,0.999320006092504,107.76713770941484,644.095703125,1.1833333333333333,2.0,41.16609296876156,24.3881373872407,142.3602866382236,0.9754643040025487,85.2712636771048,646.4275512695312,1.3166666666666667,4.0
2.0,269,38.45888169244235,17.8032178422933,138.2702938768712,0.9998910962094666,103.12289456573382,548.5018310546875,1.4833333333333334,3.0,40.80400422604918,20.40301687695726,140.5642965291679,0.9911376315932529,95.76548956789594,574.7630004882812,1.5,5.0
2.0,270,50.172375040930056,29.540163398883827,136.85123236059056,0.9744214429717681,61.79515433983681,682.4911499023438,1.3166666666666667,3.0,56.00152773951249,38.56488827641822,138.03155956248918,0.989740858822535,71.05045730245081,976.9873657226562,1.4166666666666667,6.0
2.0,271,28.04328626371259,20.968148976679657,138.3012130920599,0.9934996820482189,107.10583944353203,599.01416015625,0.35,1.0,26.169681069692267,24.336267005592028,139.08783020253335,0.8695849755392622,92.61886316876883,867.9895629882812,0.3333333333333333,6.0
2.0,272,21.96219414669752,24.08158993104542,142.66858128106207,0.9897170991804098,120.6127667432861,601.5751342773438,0.38333333333333336,3.0,27.336684449011603,25.428499025260866,144.62300454584252,0.9330536956737693,122.36438392058773,833.096435546875,0.43333333333333335,6.0
2.0,273,23.063686704810262,20.554280365522775,142.2893532215534,0.9748012424152568,102.2087083378554,556.11181640625,0.43333333333333335,2.0,26.256570557462357,19.82338052868595,143.13005412136846,0.9648059105486254,101.02971796028612,782.0167846679688,0.4666666666666667,8.0
2.0,274,22.09274024379779,21.171785542335375,140.2273847116764,0.9914687432122851,114.7241065646196,560.3007202148438,0.36666666666666664,1.0,25.259328620566443,22.29774117069277,141.71973731752666,0.9783004406156917,94.63168027724919,785.7432250976562,0.43333333333333335,4.0
2.0,275,22.887079208098708,17.798129844705194,141.33541558748288,0.9917991093532713,111.22332192341702,540.992919921875,0.4166666666666667,1.0,26.74132426865142,18.774151729327745,143.1047692870868,0.9189159427967297,110.41256984670014,857.6884765625,0.48333333333333334,3.0
2.0,276,23.106306820261082,16.897091639853915,140.67895848327646,0.9939990795120628,112.15965511923457,503.6021728515625,0.45,1.0,26.846441899418522,17.173995681990274,142.41979321625257,0.871313368999072,95.86847682430289,825.230712890625,0.48333333333333334,8.0
2.0,277,22.161847526947742,19.294525121433345,143.67712034931156,0.9973514898159377,111.63990898231617,515.9476928710938,0.38333333333333336,1.0,26.971925378573573,17.678212864530913,144.994943376432,0.9419758111163886,107.419067225552,780.830078125,0.43333333333333335,6.0
2.0,278,21.408747991938984,21.712251760024063,141.29454855920517,0.9971889209395483,100.37715203882783,486.7634582519531,0.4,1.0,25.465717190440245,19.884641485242508,142.5419122160425,0.8325197177491496,89.77805525377136,681.6248779296875,0.48333333333333334,6.0
2.0,279,21.419810972264045,23.229755381670582,136.64038320858475,0.9838264519229335,114.0910194547294,567.5554809570312,1.45,2.0,22.624477712646016,24.957215192134043,138.1541014559757,0.9177717279192685,93.71745950654969,806.2356567382812,0.43333333333333335,11.0
2.0,280,21.665369183778587,19.059594558603873,140.65207451705987,0.9894278869384179,101.15565591997779,510.5957336425781,0.38333333333333336,2.0,26.194726625138433,17.690408435289655,142.66747402045104,0.9752573653889495,94.21566856907305,742.37451171875,0.43333333333333335,5.0
2.0,281,21.491700561088958,19.555544823459254,140.4850524276266,0.9965846126820237,95.02397939664831,550.8004760742188,1.6666666666666667,2.0,24.668362110481194,18.825089362747544,142.59721817267177,0.8816625405832286,87.09220577346315,744.0255737304688,1.6,6.0
2.0,282,22.144111221675512,21.299287897291986,143.08728035784964,0.9968846438286593,112.88789125522584,557.6593627929688,0.4166666666666667,1.0,26.337797916185604,21.116283416038655,145.8838923214074,0.8593618586605933,97.55714482834918,879.027587890625,0.45,7.0
2.0,283,21.630600829376963,21.115967059650018,141.33195384781246,0.9948980136299206,125.01856458954705,556.8846435546875,0.36666666666666664,2.0,24.43133265782939,23.00890489720764,142.90200427319735,0.9308304074306596,106.08925438157854,791.7123413085938,0.4166666666666667,8.0
2.0,284,21.274560399501762,19.339601704603936,140.73638047540265,0.9945255686012309,98.47131800917253,484.47064208984375,0.4666666666666667,1.0,24.82485848668416,16.80734581796076,143.09567495822185,0.8914942775547915,95.00680829849387,712.5455322265625,0.48333333333333334,10.0
2.0,285,21.133793602651593,21.41142320532686,142.22635191245033,0.9924580621105324,112.65351167716972,541.4649658203125,0.4,1.0,25.664553830336367,19.336692696371983,144.4682080276145,0.9400863551012311,104.06927480227438,845.9241333007812,0.43333333333333335,4.0
2.0,286,22.41008688114836,23.100131961255318,143.4132387643868,0.9888894327017701,104.34460398684962,523.3599243164062,0.4166666666666667,2.0,25.261159863311264,24.950805822185206,144.11596869337572,0.9426705039934199,98.15315212952811,795.4303588867188,0.4666666666666667,5.0
2.0,287,21.908755621781943,22.97616278975527,142.996414345157,0.9965172827203761,110.33541746663701,511.2308654785156,1.5333333333333334,1.0,26.14581871047556,22.30242627083261,145.07331760173577,0.7351903965827092,105.8725748883208,742.5526123046875,0.4666666666666667,6.0
2.0,288,22.39106607959659,23.929348112174594,144.12194244851307,0.9959462780815589,93.330923631151,514.266845703125,0.43333333333333335,2.0,26.24744220343932,24.0414876078212,146.61440937095156,0.932937857265522,92.00807105409524,784.2549438476562,0.48333333333333334,8.0
2.0,289,46.28599092459675,26.87052955843142,140.91254568398398,0.9854948470214779,119.76309405295041,707.4696044921875,1.4333333333333333,2.0,51.86216477478967,35.7506381437968,143.25541730768828,0.8361845299211167,124.33214056248659,960.0614624023438,0.43333333333333335,8.0
2.0,290,23.951431768682067,25.104442214339382,137.69286577343883,0.9697791495351761,102.24750081985093,623.9239501953125,0.35,6.0,24.7864161185718,30.341076220178206,139.1377716484322,0.922331748508678,108.45123213655029,1059.6256103515625,0.4,6.0
2.0,291,23.39271217187373,19.94229864940072,143.00377494667083,0.9915420412521045,104.0569698231775,571.1875610351562,0.43333333333333335,2.0,27.917620568295032,19.606702607237892,145.50772324452623,0.9234104899834906,96.76912347132344,802.5686645507812,0.48333333333333334,6.0
2.0,292,22.346180515203898,18.527935703062617,141.39924958156155,0.989483982466466,113.12001473709017,556.2432250976562,0.43333333333333335,1.0,27.330312529520107,17.410784703794924,144.39701488118945,0.9350833374490619,102.03723635714283,782.8748168945312,0.5,7.0
2.0,293,23.602494419675963,21.960326145836675,144.1695888462932,0.9912941398100739,94.00717562870113,487.66015625,1.8166666666666667,4.0,27.856038209146917,23.895236910868658,147.0340448928157,0.9721273890402209,92.7977139234278,800.7901000976562,0.43333333333333335,7.0
2.0,294,23.115550151440114,19.313833428881885,141.25066130260362,0.9955463854028577,123.53389872054976,537.9915771484375,0.4,1.0,27.540918413342947,18.552169894905123,145.05615425975623,0.909691540209235,112.63634576508935,803.212158203125,0.43333333333333335,8.0
2.0,295,21.74657719067183,17.88817703517574,139.69204421700772,0.9906532395897888,109.36108625424367,498.61737060546875,0.4,2.0,26.003621276294016,16.116635775495197,142.48680461335826,0.9314569069498024,107.85397284418991,774.4000244140625,0.43333333333333335,8.0
2.0,296,22.931354363991517,20.596085247598207,144.27560580663237,0.9986359286239418,101.4616258408006,512.3043823242188,0.4,1.0,28.83859783076912,18.61162050667849,148.67093402151465,0.8761707287809454,115.01392788919873,760.2891845703125,0.4666666666666667,6.0
2.0,297,20.988708463912523,22.01120507864414,140.59591143667592,0.9961586995568976,88.02325980807012,479.42303466796875,0.43333333333333335,1.0,25.716256515237216,21.180367658748608,143.34493108461848,0.8994634720243894,99.87049233000164,805.1734619140625,0.5333333333333333,8.0
2.0,298,20.563590442628538,20.089878020714863,137.81771077896275,0.9848950255254169,96.5778124836595,596.0311279296875,1.4,1.0,23.729860393279086,19.510601672091354,139.4609678277744,0.9553192043327259,91.93118328317439,709.4058837890625,0.38333333333333336,6.0
2.0,299,21.16843409148178,22.010701665762028,140.57578599856836,0.9934679257363493,101.44025367520214,524.7593994140625,0.38333333333333336,2.0,25.79936718125411,21.45986267007914,143.15343136711516,0.9304140152652853,102.08305968611882,882.2532348632812,0.43333333333333335,6.0
2.0,300,21.124843746712862,20.566438168503424,139.05967035176397,0.9939538469978847,78.34383786394199,516.4993896484375,1.7166666666666666,2.0,23.67799421897857,19.661776991550227,140.61180220163192,0.8587831427009657,82.9300565335322,775.0638427734375,0.48333333333333334,8.0
2.0,301,21.405670737434463,21.64208804829628,140.39129633576965,0.995302067564836,94.65280623416305,527.6296997070312,1.7,3.0,23.77804829104715,21.647314704683883,142.08318099021653,0.814796225496661,93.79235842025082,732.7076416015625,0.45,7.0
2.0,302,22.06832460765842,23.233668772928777,141.4132151257516,0.9891094181156912,110.80984466114245,571.775146484375,1.45,1.0,24.72874668796026,25.002961614747708,144.63239534017362,0.942279695373642,96.62257479555137,792.17333984375,0.43333333333333335,5.0
2.0,303,20.42396759479537,19.208263926843124,139.80389181388563,0.9928196824664686,76.42678510999218,502.21331787109375,1.5166666666666666,1.0,24.354244828008454,17.435467023051075,142.54434653311495,0.902919061360685,86.85103697339088,602.673828125,0.4,7.0
2.0,304,21.802471065684536,20.987374815632602,143.00324043202255,0.9969177037140878,80.28308066472135,506.64996337890625,1.6833333333333333,2.0,25.257242047234335,19.58440836155456,145.5452532571436,0.8890707461988611,93.9220505970917,670.1849975585938,0.4666666666666667,7.0
2.0,305,22.268795535563683,25.318079379045223,143.72282187777336,0.9967153137245145,100.40359917055724,556.251708984375,1.5,1.0,27.09610484660449,26.722952481210893,146.83904969920397,0.8441074928283202,109.37233565220339,744.9691772460938,0.48333333333333334,4.0
2.0,306,21.829887270339245,24.512825646272567,143.3825777106535,0.9951152154509637,92.14121454774926,488.9305725097656,0.43333333333333335,3.0,27.055545352969162,26.216803983156172,146.21911236170365,0.9113760475197594,98.28682065764497,780.2559204101562,0.4666666666666667,7.0
2.0,307,35.16320194103031,38.70548747453982,140.88263346311535,0.9937913158813381,99.30018140515443,681.7845458984375,1.4,4.0,42.39373272497649,42.77830596935972,144.98359545312587,0.9812785198727587,92.72877030820439,938.6666259765625,0.35,9.0
2.0,308,22.53965805283395,27.348453052436486,139.89860213835777,0.9886250010663615,98.22342617377245,609.6829223632812,0.36666666666666664,1.0,26.366704791839176,29.40262786355389,144.68197592052155,0.9760496500472217,78.03600698490584,739.7106323242188,0.31666666666666665,9.0
2.0,309,20.6420673164292,27.88515334740755,139.01822774946513,0.978900669220221,79.11539584885531,659.1985473632812,1.4333333333333333,1.0,23.337522858774978,26.94795390555365,142.61362037392522,0.9746660150669556,77.66829786769222,727.8715209960938,1.6,5.0
2.0,310,23.023670544286247,20.824466119490637,139.8135969904371,0.9785139536911628,69.68233337784113,544.998291015625,1.7833333333333334,2.0,24.12861523970816,23.068311262355852,142.90910238393408,0.9671315803152624,65.94490677818101,603.5261840820312,0.2833333333333333,10.0
2.0,311,21.444435782451936,29.23739953569468,143.8126116028016,0.989822495316675,88.99188960516199,587.9028930664062,1.5833333333333333,2.0,25.953410443544442,30.503479572645638,146.38889321595502,0.9837962507754241,99.89081954382357,677.156494140625,1.4333333333333333,6.0
2.0,312,30.686913354741055,30.950158845401905,145.31413323052791,0.9966105480043399,84.6300185786805,574.3104858398438,1.7,4.0,30.417620921679884,29.16648660270512,148.85204004177248,0.9439361356200846,83.91345743554609,668.669189453125,1.5333333333333334,9.0
2.0,313,26.43325091269196,26.612414722346113,137.4958114140365,0.9606612948108418,79.59790613139859,666.7222900390625,1.5166666666666666,2.0,25.68087698124206,25.161979412184596,141.88463942957952,0.9721071665176741,78.60907349887185,1068.8934326171875,0.36666666666666664,6.0
2.0,314,32.348115100460554,26.917240589972746,138.4709199839111,0.9845647311276144,85.97806559584399,666.8894653320312,1.5833333333333333,2.0,28.390872246435723,28.362336536755784,142.43914886559818,0.9809238538674597,78.26448191104191,884.5264892578125,0.3333333333333333,7.0
2.0,315,29.797753486609807,30.286225079450407,140.13854602076418,0.9950824720868161,98.82643970261512,654.658203125,0.3333333333333333,2.0,27.3798313751792,37.63533247936589,142.39174746671586,0.979935272548013,99.92155094272249,892.5449829101562,0.36666666666666664,8.0
2.0,316,43.625936999264674,45.004526068577675,145.39833403294816,0.9955779675360559,107.7996468113119,709.6995849609375,1.5,5.0,56.363728437030254,51.386774426111174,147.09669050050545,0.9802340287685603,91.98103934448255,853.2236938476562,1.4,11.0
2.0,317,20.50789231096635,26.540479451738925,142.21519545347593,0.9915084876664729,90.61632465745419,575.8199462890625,1.7333333333333334,3.0,23.540840150420987,24.84772168358584,145.20444808302273,0.9870405811386939,75.38055544848021,875.8232421875,0.38333333333333336,5.0
2.0,318,21.443218316458058,27.315576405755245,143.66312935641884,0.9877458957710846,91.72360793442522,637.5810546875,1.6333333333333333,3.0,22.22112467790499,25.990586558213806,143.28708437448665,0.9570769510863306,80.39049088816284,780.3126220703125,0.36666666666666664,6.0
2.0,319,20.604415394295096,26.54287671688633,141.8714433266859,0.9328449069094079,451.8214130574009,603.460205078125,1.6833333333333333,2.0,23.258697414928555,23.122088590015373,142.72346751225194,0.9693527627038621,101.1220620805824,693.4178466796875,1.4333333333333333,7.0
2.0,320,21.91923633228805,33.513555662942515,145.26321826929333,0.9908792668720144,91.10402748622619,546.83984375,1.6666666666666667,1.0,27.605445617366698,34.74599606765159,147.27161493999742,0.9772731010558144,105.29288574808447,678.9683837890625,1.5333333333333334,9.0
2.0,321,24.838148904848623,26.31176596029355,138.20818803714926,0.9703519544065343,89.01593169521732,640.1591796875,1.55,2.0,25.578771589015425,23.942672581950674,140.65329777353443,0.9788368664881915,81.61480054011633,866.2512817382812,0.36666666666666664,4.0
2.0,322,27.007758076426402,25.94589896273614,139.49604347424776,0.9980060511673003,112.83903881292531,641.518798828125,0.35,1.0,26.72232826383085,23.82622060862357,140.58969192855497,0.9644666066151798,91.66059906717379,965.781982421875,0.35,6.0
2.0,323,27.029515875333743,32.60877639760519,139.50187988864678,0.9928218582445817,102.36270950105677,677.6041870117188,1.4666666666666666,2.0,27.94389905887101,36.41985354028095,142.4548338290138,0.9737938047922323,90.96758487678585,913.87255859375,0.35,8.0
2.0,324,25.937796895145148,35.99824648348758,140.22578950803742,0.9949423005215016,93.7389022312766,698.6943969726562,1.4666666666666666,3.0,32.86113565272451,37.285859826698484,141.6215458627891,0.957089686533069,80.21429906954864,921.5861206054688,0.36666666666666664,5.0
4.0,0,54.67575280730473,32.786050347441176,132.7865096278432,0.8221586106981338,27.725408915628975,321.3960876464844,4.983333333333333,9.0,52.18914070736503,30.562010822470782,136.4660928373672,0.9310815877852078,40.21194488888824,358.2603759765625,4.983333333333333,21.0
4.0,1,64.00571832633386,49.684827968515485,127.09999196230343,0.7173191639540027,27.945796458174073,393.0970458984375,0.48333333333333334,8.0,64.48865754151038,51.38438084912956,127.8864975421742,0.924312296513589,43.32161487555453,410.67279052734375,0.4,17.0
4.0,2,68.16091754929754,52.083382414403346,126.80639399931813,0.5969898936569685,26.91983649853512,452.8027038574219,6.2,6.0,66.03032425905293,54.965122873593614,127.81747751401954,0.8445887702719552,34.911505308354265,415.8880310058594,6.2,15.0
4.0,3,66.58948518719313,49.58426583529601,126.22190424690041,0.7544890224772361,33.83421896282954,578.7188720703125,5.433333333333334,5.0,56.09754915318435,57.685255908074325,124.85259998211413,0.9128284842724101,47.49638797505298,486.1647644042969,5.433333333333334,11.0
4.0,4,66.26749297345829,49.00701479321,128.09087585654044,0.8244328272189881,32.92675273995201,534.6304931640625,5.666666666666667,5.0,65.24340311636755,50.344956443487085,128.15065880125942,0.972724457756752,58.819357824647795,453.2946472167969,5.65,11.0
4.0,5,63.297968611682016,41.588025900714435,129.16222764444464,0.894066457116964,41.396346891909275,475.9053955078125,3.1,8.0,62.85540570514573,42.480404506339546,132.18566980173233,0.9597489813685586,48.7078181168053,459.00518798828125,3.1166666666666667,13.0
4.0,6,61.73378346940613,43.27727613512087,130.61250211177565,0.9321422369110458,32.141241542322234,500.0093688964844,3.6333333333333333,8.0,58.67398610737219,43.910046466653924,130.40478801668752,0.9763046792858358,47.04844286163791,405.73944091796875,3.7,18.0
4.0,7,69.15665454207335,54.10149624201408,126.90197467374082,0.8292023620189407,24.100506489042743,647.4596557617188,7.2,12.0,68.5870615007324,57.3366287632474,128.93144716967444,0.9391022356158202,43.867582714891284,551.78173828125,7.166666666666667,21.0
4.0,8,53.13193288183124,31.874030489974754,127.57032482000348,0.8484145785310504,30.94908123849109,349.37530517578125,0.36666666666666664,7.0,47.259457575804916,22.181014393796758,129.70599465580685,0.9409978002874116,40.72474653617178,379.0548095703125,4.35,9.0
4.0,9,68.494143965887,54.63362846521116,128.62515505223186,0.7295942290490598,34.897032936561345,384.1731262207031,3.5,9.0,59.90111196850776,51.367782000246294,133.15172298822054,0.8859275288581231,43.3091508719005,445.8549499511719,3.2666666666666666,18.0
4.0,10,75.44454699496137,70.59390740282305,125.21437243525692,0.6163786014565834,24.960439977176634,387.8258361816406,6.583333333333333,8.0,81.09212130149947,79.02310732106932,125.65959355445322,0.9291776066719896,38.418078769482236,478.7314147949219,0.26666666666666666,15.0
4.0,11,60.19567105307135,40.91209391404246,128.51391958489458,0.6638208014606304,25.753162725181085,424.2734680175781,6.866666666666666,8.0,59.33466991855673,41.770842470295825,136.64999905454573,0.8793577758786291,36.67969118548541,450.9643249511719,0.18333333333333332,16.0
4.0,12,67.47919584755435,56.32605178370873,125.16856311830271,0.8708171391636699,35.62028394771147,458.6383361816406,6.633333333333334,6.0,73.09140854299679,67.08546270435338,124.53594450831206,0.9704575330358544,45.63574963221015,401.0926818847656,6.616666666666666,12.0
4.0,13,67.36059088739565,47.48331370517239,126.28927563788753,0.5577217744927484,28.553158340942844,373.24810791015625,2.316666666666667,8.0,67.67860851565152,56.78048299788097,125.45535020014619,0.8637636754292295,35.587191142157906,409.885009765625,0.2,19.0
4.0,14,66.32233705857003,51.30541259468865,131.3114683556039,0.8503996533757539,23.182985911495848,454.36236572265625,7.7,13.0,64.55039952948597,54.66280491164322,135.12415398311123,0.9239975326353645,36.025245120250986,434.18890380859375,4.516666666666667,17.0
4.0,15,63.94271343625999,47.40571119755163,128.75297372495714,0.8953483209446138,26.02979617972835,455.5243225097656,3.283333333333333,9.0,65.54676012884242,52.01174833040691,128.97973823869162,0.957421291741605,47.593964816640835,347.2393798828125,0.26666666666666666,14.0
4.0,16,66.90149477038567,45.20564591018553,124.25744881259192,0.8827007342540075,27.763503591147582,368.33453369140625,0.26666666666666666,11.0,68.52732877773872,54.190945173404685,128.17685882696105,0.9454530065744836,37.90084182769135,440.70330810546875,0.23333333333333334,24.0
4.0,17,60.5238731111507,39.12347774009815,128.5181609565718,0.8645795524805941,48.10213873629351,405.6483459472656,6.416666666666667,9.0,58.4578475261533,37.69239099648843,126.9168081115869,0.9081596209331295,50.57912388354424,352.2305908203125,0.5,18.0
4.0,18,56.316003203906,34.687879177639886,126.37547758343918,0.5644050337823343,35.52014143650979,474.29833984375,0.35,4.0,54.47085683907976,28.76243431174122,125.60122126929795,0.8217919763450608,53.923555865929416,469.97930908203125,3.183333333333333,14.0
4.0,19,71.96763224678016,64.14517737941472,126.69597469553746,0.7407468871100913,22.554154098022536,577.66845703125,6.216666666666667,8.0,72.45400712045227,67.78057226486516,127.25466551122156,0.8916342729009888,28.57140011796872,512.18310546875,6.216666666666667,14.0
4.0,20,69.70245031265851,54.66517785349553,126.59779085490138,0.8198239592721688,33.029243074890076,507.9485778808594,5.266666666666667,4.0,69.66203034509672,56.08213523619119,125.01841075885686,0.9313546679163531,52.42523516758297,426.4574890136719,5.25,11.0
4.0,21,68.98778845359406,52.221976325250075,127.26155016999293,0.676171501250551,22.884952506588547,399.8380126953125,6.116666666666666,7.0,64.10618392788787,47.931271419164204,125.44324179253795,0.8571549717410584,44.25365556948407,458.4676818847656,6.116666666666666,14.0
4.0,22,68.55361772332725,49.757126638686195,123.13900169549325,0.6857410982891282,25.951284828130667,486.9759826660156,5.733333333333333,8.0,66.64129376335389,52.62377572491348,125.27342461530415,0.9442386544675994,37.95381114127565,418.08624267578125,5.716666666666667,18.0
4.0,23,62.992017715162795,38.62315743869226,125.04042244784647,0.8494171706408513,34.43987974835039,532.3526611328125,7.033333333333333,10.0,60.35302081988829,38.39144935841368,129.90193348913252,0.9488495140676911,50.25743320618403,535.7880859375,0.35,15.0
4.0,24,53.381581218109616,19.50141742135211,128.51228421769977,0.7698527614804918,27.024439068746062,403.15283203125,2.9,4.0,49.13545226234629,16.397517600196526,128.62361002189803,0.9024194684362905,48.36608614728988,385.13641357421875,2.8,9.0
4.0,25,69.14722064128574,53.657148360453625,127.3368166228487,0.4594485576938655,28.067829274124563,494.80572509765625,6.666666666666667,7.0,66.49686629665224,56.24515374313599,130.68905568151084,0.8582904746802037,40.0884918310237,479.72137451171875,0.2833333333333333,18.0
4.0,26,66.79315864657502,51.94055459578735,126.67523949845437,0.6121097574382234,22.170303643314355,504.7374267578125,6.0,7.0,53.272220654349255,58.93639322767723,128.8412088899205,0.9207324688372431,35.93512858375021,446.1994934082031,5.966666666666667,10.0
4.0,27,77.49469176742379,74.7521580957911,123.25135658291744,0.8164796359319942,25.13021873182936,536.09765625,6.633333333333334,9.0,80.85148110850196,80.1723834976162,125.64632150038817,0.9466920125689191,45.95919331954008,413.26171875,6.583333333333333,18.0
4.0,28,68.07089839609783,52.66950522473601,126.9699682493928,0.9544728460459457,43.23753633188204,457.39056396484375,5.1,8.0,65.96811621886296,55.81463196872171,124.10763760690406,0.9828979260767895,54.92514346409877,440.3933410644531,5.1,14.0
4.0,29,70.11167751226117,55.1059038789964,127.00333071975075,0.8088636330807412,32.54445441247441,399.4331359863281,5.35,8.0,71.51673667596151,61.238409706702896,129.09621643549772,0.9562653828946976,50.38252863676149,454.53887939453125,0.23333333333333334,15.0
4.0,30,47.25087705275814,22.17448094674983,137.47289791828456,0.860332266041713,20.438475282628588,483.50836181640625,3.1,8.0,43.13905012804046,17.551083915247403,148.60973770674258,0.989841794802654,37.919700115412525,577.0200805664062,3.033333333333333,12.0
4.0,31,64.08797909884431,47.893286906706706,125.63557158360017,0.5929778407105585,33.19127683188242,490.52606201171875,5.233333333333333,7.0,63.952854669926786,52.8281670999814,127.03869819998242,0.7792575583309784,41.88248293507314,454.5902404785156,0.2833333333333333,11.0
4.0,32,71.59719784271283,61.35674692979481,126.41866279040894,0.8801554836797446,21.518093345303555,381.5081481933594,6.566666666666666,10.0,74.78099304626961,69.28791508595793,126.99563613565356,0.9638801518029789,36.56425921491092,507.82012939453125,2.75,14.0
4.0,33,67.41073956068135,53.14717893439476,127.23297910129556,0.9171286779693526,24.157703078363966,411.951416015625,2.4833333333333334,9.0,70.44877865536448,63.69394270821454,128.10161310513556,0.9852911140843099,35.8030541253936,363.5845947265625,2.8,17.0
4.0,34,51.99324296246189,22.0629104057713,144.44394432027178,0.9520865944254979,106.74660699072433,559.7041015625,0.35,3.0,55.539078585417904,26.82591345730588,148.9462678816291,0.9564499127401153,122.74628925382274,605.4000854492188,0.3,7.0
4.0,35,53.154818010141994,22.624904947441046,145.9953477674605,0.9506328695564703,93.17505085287934,548.304443359375,1.6,3.0,54.93905054704547,28.401403909643715,149.5138887185343,0.9623730722037729,113.3177937430952,602.74853515625,1.75,9.0
4.0,36,59.30360172371948,26.483129242120622,148.34795132548777,0.9241056370638605,111.68981927171217,543.8162231445312,0.4,5.0,61.14034073192819,32.98133598333559,154.21184386632558,0.9389735559125584,124.73783432619996,610.512939453125,1.7333333333333334,9.0
4.0,37,51.30695186645889,23.1501265494163,148.96145009602904,0.9406838915288999,122.89214072296062,543.6013793945312,0.35,6.0,54.947363539984345,23.86078506068655,151.97518574198244,0.9530478495483936,139.0074288120033,600.5955810546875,1.85,7.0
4.0,38,45.716173897918324,22.700795460262217,148.1825927777658,0.9464686433720231,108.0004607950363,549.89697265625,1.4333333333333333,2.0,49.55929444234433,18.57049145769198,152.22537628402188,0.9590878116914705,136.34304354371608,624.4371337890625,1.6,6.0
4.0,39,52.037861166424385,22.59446211485501,148.4641094910324,0.9489976794112107,94.48716398830555,586.6153564453125,1.3333333333333333,4.0,54.83056987505873,21.88022848700675,151.98668639907493,0.9604886995755959,125.95502503148396,606.5068359375,1.3166666666666667,7.0
4.0,40,52.81169989827113,23.495913280852683,147.07590920500823,0.9481324584490328,85.93458537595438,546.048583984375,0.35,2.0,55.54831603821439,21.68797662848342,151.33977584375168,0.959867402614849,99.88067984420326,673.549072265625,1.75,8.0
4.0,41,48.5409138358043,23.500158714878342,146.63646098545468,0.9506598746481051,101.72680037275967,549.5139770507812,0.31666666666666665,3.0,49.582541649529176,20.10356281113336,148.60351480618246,0.9630582404969059,92.63927183940581,595.3824462890625,1.7833333333333334,6.0
4.0,42,51.44964864336652,22.997207389940208,149.1538449421333,0.9668981193159955,103.94138477132202,519.9868774414062,1.4833333333333334,3.0,55.12138261355362,22.57433053335398,154.2831059440201,0.9575519991143643,112.20317922002522,542.6651611328125,0.2833333333333333,7.0
4.0,43,52.25885695468138,23.058455001914073,142.32665198495596,0.9521643815665585,94.0407923778406,576.2825927734375,1.4666666666666666,2.0,55.46751584796172,19.205285817509612,149.29012341110143,0.9557635198597964,128.31583103703736,599.3070068359375,1.5833333333333333,5.0
4.0,44,59.15615180334378,30.925440444729528,145.7516474052,0.9350326897558754,105.78381143383382,553.289306640625,0.31666666666666665,4.0,60.34301422370088,33.30874324650429,146.38574881877844,0.9705145400563293,95.0848093932035,643.439697265625,1.7,9.0
4.0,45,53.507337066878335,26.751067451966072,143.13724122180156,0.9305935534615829,117.35398262473439,586.5924072265625,1.4666666666666666,4.0,58.171263320246766,30.384182156628455,148.20086663374832,0.9437316443125155,132.08142339404247,577.9803466796875,1.5833333333333333,5.0
4.0,46,54.235753691465355,26.49734840380379,147.46064384406864,0.968755374310741,78.30643206638968,572.2532958984375,1.5666666666666667,2.0,57.107398057808716,30.03410009795757,152.25708183430353,0.9744538696853358,87.34823763988345,585.6898193359375,1.7666666666666666,8.0
4.0,47,56.0566227202156,31.540123672677836,145.66562381536238,0.9453520125285104,97.67915819282052,533.30126953125,1.5166666666666666,4.0,58.11716386065825,33.844287098212675,148.66094997376558,0.9501502269512146,124.28761068374371,572.0325927734375,1.6666666666666667,9.0
4.0,48,48.7033346328115,21.70536437444818,147.36148033923806,0.961733219856734,90.94877293105668,613.2593383789062,1.4666666666666666,2.0,51.47843738711154,17.027852359824546,152.7543678406661,0.9677964114705908,87.23219677853137,635.2555541992188,1.6166666666666667,4.0
4.0,49,56.535390990596085,22.739440880656964,145.00545118595585,0.9484296539403532,94.73550110896838,599.1519775390625,1.6,3.0,57.46245749948564,27.882218935156935,147.38179284358657,0.9649331049543317,87.07323115914988,615.7950439453125,1.7333333333333334,6.0
4.0,50,53.15528771950362,20.597965585845895,146.22675055204246,0.9534394865041395,98.18638090802551,548.8566284179688,1.7,3.0,57.314698586478514,25.353320356571686,147.99300149397632,0.9660703496547771,114.1975587940675,626.1190795898438,1.7166666666666666,6.0
4.0,51,49.31946855109194,22.130780238466073,149.77805677013689,0.943463992211066,94.66222178712883,523.453857421875,1.5166666666666666,3.0,51.81462802016769,19.130474045907242,155.19693978748586,0.9496397966674454,106.28530314205335,547.9293212890625,1.8,5.0
4.0,52,38.14672807658626,14.849356479551679,147.11561704005203,0.9795146263524592,107.60305478165236,564.012451171875,1.5,2.0,46.2956462382235,18.34532166109842,147.0171510171773,0.9675241029826519,111.94412655161727,629.3743896484375,1.6333333333333333,6.0
4.0,53,43.1854723102874,21.87411275242067,148.53714892615358,0.9511182644290281,113.7612476638023,572.2637329101562,0.35,2.0,45.06322794842649,18.024797374764045,153.0304216789583,0.9565681732008429,127.1778689305475,607.2718505859375,0.38333333333333336,4.0
4.0,54,56.83384041350438,24.81214538934754,150.4707108858293,0.956403322394826,84.92362937974008,494.7247009277344,1.4166666666666667,3.0,58.39944977821774,28.23775341212472,152.06698123939046,0.9674297989695956,91.89066319365196,524.1663818359375,1.3833333333333333,10.0
4.0,55,53.252489613539716,22.872894216671764,149.7994359264771,0.9232557768849102,83.33709428043335,548.6101684570312,0.31666666666666665,5.0,56.35751137670731,23.99870999618602,154.42708465466535,0.939477932388447,90.62870074997534,625.0140991210938,1.95,7.0
4.0,56,44.177474557148564,19.430731940513677,148.41426290573662,0.9627406624443864,105.90355854810156,652.0701293945312,1.4666666666666666,1.0,47.71740740979321,18.6968701523066,154.5780973148082,0.9667881744257657,105.52445570287205,712.3678588867188,1.5,1.0
4.0,57,47.43780454587217,21.75339062979419,148.66831799446618,0.9496388352184102,94.33797493168555,539.0682373046875,1.7666666666666666,4.0,51.20400688953695,18.7726774576322,153.74410443613866,0.9556910337409324,117.93127836686892,616.4080200195312,1.8,8.0
4.0,58,56.707349046549794,31.67796352542198,148.25438733641815,0.9505538342166294,98.83933716415697,521.8087768554688,1.7666666666666666,3.0,60.78401342947733,35.996654200345766,151.53183431517465,0.946476501797408,136.62687705174136,596.4844360351562,0.31666666666666665,8.0
4.0,59,54.8266141874163,28.873786185372822,146.4797024938559,0.9738359115782227,85.516432825099,535.4501342773438,1.6,2.0,55.12761123691233,30.272745168712383,148.48637411504956,0.9773632304546599,80.71772211831956,604.71630859375,1.65,8.0
4.0,60,51.68088932760244,24.624807155874255,144.22774728112435,0.9696774320721554,116.8740224625057,590.7276000976562,1.4833333333333334,3.0,56.02775093250141,28.443861920072035,148.3273596101332,0.9641707010085484,132.79479584293767,652.4436645507812,1.5666666666666667,6.0
4.0,61,60.68787668552537,48.42738165865006,146.540186669845,0.9331957427572364,90.37503382495402,547.60302734375,0.31666666666666665,5.0,64.83571762729628,48.533059408550855,148.7896605805559,0.9522331322587368,118.48354601430657,586.2908935546875,0.3,8.0
4.0,62,45.217053490153035,20.84780753108085,147.44236930079092,0.9385245445270148,88.6595175995592,645.0328979492188,1.5666666666666667,3.0,46.84857340561521,18.512945905798535,152.89838766987265,0.9472127853667092,106.03861116638228,656.696533203125,1.65,3.0
4.0,63,50.14354787207365,20.105987442239982,147.0141075470042,0.9539559438314928,94.34651536163472,620.9824829101562,1.2833333333333334,2.0,53.21343551181068,19.09089538186545,152.7544177095329,0.9632103055956949,103.4128901167378,663.896728515625,1.45,4.0
4.0,64,32.65604619432639,38.0538297920777,129.25500803674973,0.9105114732420042,92.54250347505746,685.3818359375,0.2833333333333333,2.0,31.501347829110944,39.91837247257699,130.57255095795477,0.8748167720929646,109.95841494654115,758.1080932617188,0.3,3.0
4.0,65,32.32309158896154,41.592130571925765,129.8146044547178,0.9757255470877804,136.809179496627,797.8058471679688,0.36666666666666664,1.0,31.21519899989619,43.32276186342571,130.43871115712986,0.9857336202192276,123.78363356504366,801.1151123046875,1.3333333333333333,6.0
4.0,66,31.935926511548395,39.434674807091774,126.31266451051305,0.976679511907319,122.8776047972849,778.1116333007812,0.36666666666666664,1.0,32.87586804162601,39.44891053556756,126.92104791237266,0.9609754160494397,98.10867756970822,802.8060302734375,1.3666666666666667,2.0
4.0,67,32.52182915959946,34.49172380898888,129.96560879437519,0.9608922737856884,101.98326446909817,641.7734985351562,0.4166666666666667,1.0,30.949088564089248,32.981125987853325,133.21673020633335,0.9784451198962276,100.97616744293106,739.3089599609375,0.4,6.0
4.0,68,29.586249595985308,32.1972917252697,127.98899312485909,0.9803796614096971,125.1558033497534,797.8195190429688,0.4,1.0,31.371363453489973,33.63065821148426,130.92177675455451,0.9773191588071652,118.33786770658946,814.196044921875,0.36666666666666664,4.0
4.0,69,33.73270887296756,39.83983277839446,130.59132550312816,0.9857395851849673,101.01497238000633,666.4525756835938,0.45,1.0,34.39138408497194,39.16761357064404,131.75802914654597,0.9836629902285299,98.17443530947827,707.2639770507812,0.4166666666666667,7.0
4.0,70,32.80179084061547,37.86234955841081,129.37099657049458,0.9703052995909607,119.75374042822637,742.7034301757812,0.4166666666666667,1.0,33.07061889213182,36.19993690176606,131.28376386028492,0.9669932217188857,127.12581012284829,736.3012084960938,0.36666666666666664,4.0
4.0,71,33.81057702755917,41.63726017918963,129.91723221050222,0.9704656032310507,125.38146061531165,800.95751953125,0.4,5.0,37.05574002967783,41.09532113516256,132.42976903453535,0.9514604470843345,119.46231101854579,810.1201782226562,0.38333333333333336,10.0
4.0,72,35.344765435833146,42.33322519443545,128.27297206406334,0.9699794156923267,120.93507078866253,852.6539916992188,0.4166666666666667,1.0,40.040509779937096,41.579096672666154,132.1642665480187,0.9679099568898634,119.80868617920095,886.9266357421875,0.38333333333333336,6.0
4.0,73,34.6048214727982,38.272752777739015,127.07520306272309,0.9667570685440018,95.60798877505675,611.7610473632812,0.4666666666666667,2.0,36.732869956539126,36.670519156621666,130.62578957591612,0.9805019869596737,86.64462004155354,690.82568359375,0.4166666666666667,9.0
4.0,74,35.086949508635165,38.88082711434573,126.06133794568447,0.974334704113835,109.38309461721872,661.4907836914062,0.43333333333333335,3.0,40.929918105976164,37.86391528372092,127.83234636109032,0.9827381583424627,92.92933752463142,758.3204345703125,0.4666666666666667,7.0
4.0,75,33.0900861236063,32.62520787322455,130.5556520424041,0.9607099992715307,134.94905354721425,766.108642578125,0.38333333333333336,2.0,33.36430332594281,30.737455645553915,136.23745083702113,0.9364007728196939,143.80784856672506,910.7102661132812,0.38333333333333336,5.0
4.0,76,33.1280991992542,36.51694917721149,130.2177376270581,0.9759408808616968,119.44062036143663,727.4509887695312,0.4,1.0,30.939336685467854,34.67324890633519,131.3658563004176,0.971329934588544,127.30098918235115,826.4854736328125,1.4,4.0
4.0,77,30.798981826718872,35.54570181073294,129.7469836462868,0.95174174350675,124.2101384827211,730.015380859375,1.35,1.0,31.42358014372271,35.045902387438844,134.66083428119597,0.9637554675115211,118.89934458770995,790.780029296875,0.31666666666666665,5.0
4.0,78,31.574691132496955,35.16036155742323,128.00162408975024,0.9555523983592689,118.93554969653366,761.5094604492188,0.45,2.0,29.56107963416066,33.45391383392074,131.4192439928843,0.9370859888467769,142.02991378598398,834.5657348632812,0.45,7.0
4.0,79,29.69336880730844,35.695505395778675,126.44152600815482,0.9478827773091381,137.0006349805007,813.5808715820312,0.43333333333333335,1.0,33.2660902028394,34.52974596822262,132.5081519171295,0.9388412954697937,133.7669001709662,837.9733276367188,0.43333333333333335,3.0
4.0,80,30.523661594344585,35.59220710630476,125.9814037167608,0.964005112979266,91.57870426484266,696.6310424804688,1.3833333333333333,1.0,31.826776080726194,35.38417600395503,129.55517765411287,0.9475091703107525,91.5889420105782,858.238037109375,1.3666666666666667,4.0
4.0,81,30.02571912687727,32.16572898680878,126.62727065307188,0.9753299197167992,73.52127730821195,608.6177368164062,1.7166666666666666,2.0,30.820539032106883,30.56724902081214,125.77822264359085,0.9171458069687103,60.83565937320287,730.5241088867188,1.75,5.0
4.0,82,32.335338385685034,38.468202631771575,126.76669005182359,0.9671441173073796,86.1768937933752,587.2679443359375,1.55,2.0,35.573396981303226,37.704862581104166,130.68973748917864,0.9519328457858021,66.64356966201069,697.4241333007812,0.5166666666666667,7.0
4.0,83,31.819862401867756,40.80363851037771,128.94824475125364,0.9832163886670722,123.13661791827428,891.4246826171875,0.35,1.0,32.06887258440127,42.72657393892739,131.18868375521492,0.9786306941929527,138.93064664835833,861.6476440429688,0.36666666666666664,6.0
4.0,84,31.208142010135955,39.20416455970882,127.44862905523757,0.9908910155335775,141.14523671625363,910.4617309570312,0.38333333333333336,1.0,31.81765833164285,39.569813245937254,132.04273305599378,0.9747031310408822,148.7562667191537,899.0390014648438,0.3333333333333333,3.0
4.0,85,31.76259803163777,36.062404419289194,127.9393134373863,0.9832660671254776,147.31673010887448,914.129150390625,0.36666666666666664,1.0,31.377978789083215,35.18569186464288,131.31403984158766,0.9608982439893251,152.84840910149114,935.9678955078125,0.31666666666666665,3.0
4.0,86,30.6443488202544,36.93902657816971,127.6598237501176,0.9802778649414091,135.20779850915005,821.080078125,0.38333333333333336,1.0,30.601176458136926,35.73424822152792,130.33296165508162,0.9576755360319973,147.37855717458586,813.835693359375,0.3333333333333333,5.0
4.0,87,31.53539624030284,37.04950630967944,129.5864802560074,0.994086001361767,113.11206291528947,779.96826171875,0.43333333333333335,2.0,31.995622068061298,35.74753201070896,134.13558072519098,0.9945211623426499,121.65297530341462,757.1153564453125,0.43333333333333335,8.0
4.0,88,34.099290883871554,40.95986370542159,129.01458244642393,0.9875221140715494,117.53196840058905,814.2022705078125,0.43333333333333335,2.0,36.06406830137932,40.670439763641205,132.45280804464684,0.9715995080159682,115.55782298210488,796.2953491210938,0.38333333333333336,7.0
4.0,89,32.18574538241875,37.465752235462446,129.562922499282,0.9905369928042279,141.37628609984972,881.191162109375,0.36666666666666664,1.0,30.94109076575252,36.68182239964963,131.77573921803156,0.9835109556057048,136.513345198168,871.731201171875,0.3333333333333333,7.0
4.0,90,36.54421058620743,41.49969409183927,129.2863599910583,0.9868416966034087,145.3571118587294,965.1732788085938,0.36666666666666664,1.0,38.54243353316736,40.57982161530778,131.721169542348,0.9792321481976013,157.26373828859295,941.8048095703125,0.36666666666666664,4.0
4.0,91,34.413525132262755,41.134655400526334,126.28397013995152,0.9961031221948027,133.06970050355687,904.5152587890625,0.43333333333333335,2.0,40.14271974375117,41.73126193880854,129.66856863312307,0.9825055522340479,124.21872546575827,863.2423095703125,0.38333333333333336,6.0
4.0,92,35.03866400205941,39.77185992487573,127.10667408819667,0.9936895585207517,106.08136632171522,726.7304077148438,0.45,2.0,39.30382005061087,38.49937619838086,130.19185009369468,0.9532875114084742,93.67828942275793,761.9537353515625,0.45,6.0
4.0,93,34.05469058704175,39.06047352544344,128.78399542633616,0.9918062767161369,112.70257448356972,760.4299926757812,0.4,1.0,40.10126012014027,38.669498214925724,130.97793388309591,0.9405838433417643,95.85979084564656,745.70068359375,0.4666666666666667,9.0
4.0,94,29.65168861758372,33.8157391953656,127.79354987799272,0.9899994345184437,97.83885155483233,695.7991333007812,0.4666666666666667,2.0,30.379495395507398,29.586776841341603,130.5793220104659,0.920026368472167,84.30986104662509,730.696533203125,1.4833333333333334,7.0
4.0,95,31.159288143211658,35.196706442516444,127.31401057609136,0.9942829653015577,108.93590990239659,726.09228515625,0.5333333333333333,2.0,32.158186018861564,33.13590926652295,129.8744818246969,0.95576826240401,102.81268633920291,805.9885864257812,0.48333333333333334,6.0
4.0,96,31.3903874574782,33.7309387480934,127.12127205906447,0.9885856053452072,121.64795921659191,824.4022216796875,0.4,1.0,30.759650574470918,30.217814681202288,131.34242470087813,0.9584819164302407,114.33722174502662,887.8106079101562,0.4,5.0
4.0,97,30.559146923784724,34.51860400636083,126.31602368168232,0.9845473125416775,120.70775121597137,801.3311767578125,0.4166666666666667,2.0,29.908575703158494,31.671647377386453,130.24110562082168,0.9316605495158528,126.07050952194811,839.2382202148438,0.4166666666666667,5.0
4.0,98,29.986431319519312,35.19338433546375,127.72295042663418,0.9846598564321416,94.75261542277792,709.6697387695312,0.4,1.0,31.353109462026527,33.750426480622686,128.8864761276235,0.9155340460135065,83.5358866121885,743.6143188476562,0.48333333333333334,4.0
4.0,99,30.61370909300988,35.39189060653348,126.99090689455703,0.9776617044158106,122.39010191611442,835.4768676757812,0.4,2.0,32.303172567632714,33.998519467523266,129.26519823871402,0.9416863864845909,112.99476554345091,809.0152587890625,0.43333333333333335,7.0
4.0,100,31.074850367670905,34.90106279773196,126.54016633346849,0.9905862017967232,117.86730452153137,769.73095703125,0.4,2.0,32.915344882581905,32.03217739751803,130.50333051632165,0.9521953820453767,97.79516350593326,836.2088012695312,0.4666666666666667,5.0
4.0,101,32.13115950378584,36.105184034469424,125.75090202799475,0.9811910005366489,100.18662758159763,754.6472778320312,0.4666666666666667,3.0,36.398769088665425,34.33289177945092,125.58958611962399,0.9311252892347899,89.00623821807358,766.2525024414062,0.5166666666666667,6.0
4.0,102,48.11098429775047,39.16966323496412,129.57501172759947,0.9495168006747825,166.6922799886197,977.8035888671875,0.31666666666666665,1.0,50.722347025819445,39.343915102036206,132.31298039762038,0.9618754130307882,179.06152490595758,1010.8197631835938,0.2833333333333333,2.0
4.0,103,43.96763305946411,36.48992020337954,133.77071910044376,0.9598294568312874,168.11699278043307,883.4261474609375,0.36666666666666664,1.0,46.49790413772743,36.54082526486677,137.22661486351458,0.978510792097176,186.93689466977958,913.5391845703125,0.38333333333333336,3.0
4.0,104,48.22729885525725,35.54716918782563,135.00309872914232,0.9639734327974471,184.41944978115743,986.712890625,1.1166666666666667,1.0,50.079073149080074,38.12329917440917,138.3355119982592,0.9598710887599309,209.09841433590373,1040.236328125,1.0833333333333333,5.0
4.0,105,46.20307007284684,36.66098984031263,130.70630916065357,0.9458691007431306,161.4189427590506,953.3592529296875,0.3333333333333333,2.0,48.5138730211224,35.12300150743997,132.75910845015247,0.9659198269947418,175.42180947659347,880.2494506835938,0.23333333333333334,4.0
4.0,106,45.18240483409332,42.79158230120122,131.7059898892823,0.9227871621705006,162.62009423813225,919.7269287109375,0.35,1.0,50.52695077886261,41.08691241716313,133.1020943736662,0.954010229044129,180.81560347626862,980.2051391601562,0.36666666666666664,3.0
4.0,107,41.649985484677934,34.93638042025137,130.91075941791058,0.9699959276402312,171.29542210871733,898.9368286132812,0.38333333333333336,2.0,42.90706402158514,32.84714167023222,129.5817330831662,0.952916624054767,164.73997599802573,919.7593383789062,0.3333333333333333,10.0
4.0,108,47.10098060668821,37.56659270338875,130.74921649818268,0.9540840461115817,155.10115979121565,900.3026123046875,0.35,1.0,48.388262702153135,35.40865189900969,132.18316964403863,0.9670098413355513,169.13120306555356,874.1509399414062,0.4166666666666667,5.0
4.0,109,48.0634350712696,35.27732177483193,133.39486987388025,0.9638249143021713,144.0129840364358,857.30029296875,0.38333333333333336,1.0,49.391416694915506,34.28185873173901,135.70862743244578,0.9609368726160095,147.1040525927924,863.5382080078125,0.3333333333333333,4.0
4.0,110,50.936389660938346,37.36007261382928,130.9541587241055,0.9417861471682718,151.46559983903245,903.7106323242188,0.38333333333333336,1.0,53.3475382842538,37.29994997685796,134.50874129778416,0.9478546343231434,188.53097557847548,932.750244140625,0.4,5.0
4.0,111,52.546906179959265,47.19190795984985,131.03445221239275,0.9589270705867362,143.78450280254327,829.3875122070312,0.4,1.0,56.170142566331485,46.73227099731529,133.41141998899698,0.9632315215220415,153.04621775560008,884.9713745117188,0.4,5.0
4.0,112,54.84299171868001,42.336016700708356,132.6823371977278,0.9577992260269246,144.18688390729073,926.6121826171875,0.31666666666666665,3.0,58.121005253396255,44.780488327410296,136.3008942602778,0.9461744494356422,157.76817363704197,973.7178955078125,0.25,6.0
4.0,113,52.85824668889294,37.927622676011794,132.46402289928048,0.9474527264902638,170.23720966999775,986.8726806640625,0.3333333333333333,3.0,56.6527873385206,40.837069606801855,136.50027329271097,0.9459108005527194,197.72001488224703,981.10107421875,0.38333333333333336,9.0
4.0,114,54.89823991180535,42.5819181999196,132.3848079673073,0.9435020658131119,139.6844461941663,870.3226318359375,0.36666666666666664,2.0,57.61254035671466,44.627195322699684,134.681294005213,0.9381421910606942,166.8104211463293,914.9268188476562,0.4,5.0
4.0,115,41.39055364272136,35.244168390907376,136.51895692222377,0.9655940135825258,160.8788605272514,979.8825073242188,0.35,2.0,41.319848074501785,30.433295833863227,138.49605383427738,0.9747647262509611,212.43045351729592,971.873046875,0.4166666666666667,3.0
4.0,116,48.76017505618006,38.45629405678972,131.64865625288306,0.9627058846604588,138.203256192443,923.3912353515625,0.36666666666666664,1.0,48.2811583799839,38.7109787766421,134.49106240632912,0.9520481214838399,151.9254948873703,996.7117309570312,0.36666666666666664,6.0
4.0,117,40.8858198583924,35.13876937738932,134.06018933958276,0.942566238317903,172.45344192180426,933.6824340820312,0.36666666666666664,1.0,42.09112190449432,31.174760782466798,135.98898993178824,0.9515125763851335,187.28463475799174,1005.5030517578125,0.38333333333333336,1.0
4.0,118,44.30189420182434,37.41536258159144,135.28474110888797,0.9437653114954485,169.28251247042084,977.633544921875,0.35,2.0,45.37013685248425,34.96876525911806,138.52586795178456,0.9577436585481629,219.66072338742492,1012.9456176757812,0.38333333333333336,6.0
4.0,119,47.560144045388235,40.735594223778136,127.6225712822256,0.9780717073677362,172.35961514516703,934.5248413085938,0.31666666666666665,1.0,51.08245157274991,41.91473701036719,128.6292589812463,0.9832104660736094,176.33526342031558,873.3308715820312,0.2,3.0
4.0,120,42.4738949599073,32.5194525612241,128.44718126506456,0.9729311593087312,166.39383958766444,881.2571411132812,1.1833333333333333,1.0,42.44903237502358,30.230825363907027,131.01136928790746,0.9787569367851384,180.93269632691573,945.9171142578125,0.36666666666666664,2.0
4.0,121,44.45748263568233,34.262242456493546,131.6566209600711,0.9826784218820743,166.8512266467829,862.7235107421875,0.3333333333333333,1.0,45.06231949967207,34.114156761071634,133.30165755772433,0.985675373726666,191.65408522307786,911.5709228515625,1.15,4.0
4.0,122,44.835512460589534,40.46153016500869,131.138575428218,0.9632379155036177,158.9964096941327,909.3469848632812,0.35,1.0,48.96111967766279,39.480295389056266,133.67247193034888,0.9697908350320131,186.46730976297732,898.1074829101562,0.36666666666666664,2.0
4.0,123,47.60376918717259,36.582527801766695,135.0583023737406,0.946097528801853,168.3724624269439,929.0559692382812,0.36666666666666664,1.0,48.709749982982,36.36134087640959,138.27185816770663,0.9500272985285344,187.60225924506273,910.6433715820312,0.4166666666666667,6.0
4.0,124,47.37029247042212,36.383127995614494,132.90496066845435,0.9628822335474706,178.70343489037737,975.0809326171875,0.35,1.0,48.95205844796526,34.772205115524265,136.6821364006497,0.9648670430719817,193.9207363690005,923.5213012695312,0.26666666666666666,3.0
4.0,125,49.16732899808138,38.40879591769872,130.96711829430885,0.9572318999243538,158.21375390315666,930.0308227539062,0.35,1.0,52.36003478144419,39.00124315861991,133.28696410100522,0.9625806580310623,192.43408395790908,966.0597534179688,0.3,3.0
4.0,126,45.62832816043569,38.591920857542426,130.30021556327506,0.939936268409734,151.15581618254083,914.6116943359375,0.36666666666666664,1.0,47.5770636765504,38.47349977617515,131.98455450611544,0.9444566073710502,168.14628706875254,1001.4437255859375,0.36666666666666664,4.0
4.0,127,51.502119558853344,37.77637293725099,134.19877440074484,0.9549056396398633,151.08461188917715,882.9484252929688,0.35,1.0,53.32868667488011,36.097389369399444,136.24643437710722,0.9566848515246742,176.71829044840962,936.763916015625,0.38333333333333336,5.0
4.0,128,46.50153059546629,37.497930940106464,131.26235760061326,0.9483986820374221,161.00147724987465,910.5719604492188,0.36666666666666664,1.0,48.05700773976892,35.41226776339631,135.61033969306246,0.9646317304189387,192.36199344064516,926.182861328125,0.4166666666666667,7.0
4.0,129,47.01264689336493,42.23382502337727,132.9827848573011,0.9475268978616154,170.5595535745178,948.145263671875,0.3333333333333333,1.0,51.75515576966526,40.941740393411756,135.72556894802494,0.9641444732429242,195.52647555145057,976.1240234375,0.3333333333333333,4.0
4.0,130,49.731211032706156,42.44756058509842,132.51871163004844,0.951825932950364,168.92349646803126,954.7627563476562,0.3333333333333333,2.0,52.87626604486342,42.06888119956406,136.67273190196437,0.9661756747305554,192.203910722138,934.6634521484375,0.23333333333333334,9.0
4.0,131,52.76887210543432,47.13232586440683,129.06363539841354,0.9522909059812134,162.7713252883106,956.5875244140625,0.38333333333333336,4.0,55.179929663616065,44.655894229463414,130.5092793792024,0.9377947558090566,181.71543003460272,1013.631103515625,0.4,5.0
4.0,132,45.49062824976173,37.063941500186935,125.05745499433542,0.9420627325932274,187.40992220260694,936.3318481445312,0.3333333333333333,4.0,46.959560227732936,35.85355370331137,126.1734570134962,0.9439940814710008,192.1249504035626,918.86376953125,0.38333333333333336,8.0
4.0,133,53.81811730159265,43.2875500480343,132.7990537093002,0.9505242470053507,168.5003141346641,976.9109497070312,0.3333333333333333,5.0,56.614625078431374,43.99416840926769,136.64793606435103,0.9520368139044343,201.23226330783922,965.769775390625,0.36666666666666664,6.0
4.0,134,53.81644939669553,40.49106415236846,131.92127002554923,0.9003651245078225,154.62110126086287,926.9391479492188,0.36666666666666664,3.0,58.807741880080435,43.531449442276475,133.3923935226009,0.9035903948709813,175.00171005964148,1022.933837890625,0.38333333333333336,8.0
4.0,135,41.875844467800086,38.69778701713952,136.04471010065032,0.9401778897216995,164.19488597985662,931.0170288085938,0.38333333333333336,2.0,42.69744606626598,34.08735972479784,139.0381182968865,0.9600308430853259,184.0264207930113,996.5979614257812,0.43333333333333335,4.0
4.0,136,44.4217585803332,36.646592098480376,135.6778267487054,0.9627456241273641,163.86290528985967,990.2516479492188,0.36666666666666664,1.0,44.78527800816235,34.97640401292763,138.85859979860973,0.970936741699752,191.36194518129457,1013.3087768554688,0.4,2.0
4.0,137,46.0777332422195,36.12132626299855,134.2465154634835,0.9548593667982284,169.7858234062096,956.2386474609375,0.38333333333333336,2.0,46.35847412833379,35.70154860381706,136.75522649553315,0.9505096508878381,200.03311903943683,947.6756591796875,0.45,4.0
4.0,138,46.43841838332353,38.96943056420007,127.7544413248378,0.9635585182024625,168.82277089351845,890.3699951171875,0.36666666666666664,1.0,49.818237817176346,36.83094612548259,129.15059614073718,0.9737995489411695,194.43834305720515,910.1449584960938,0.4,4.0
4.0,139,43.24202982894845,35.64835696866287,132.4269280411942,0.9779479122587675,174.3820741914368,970.8436279296875,0.4166666666666667,2.0,43.98656166057842,33.54228503819471,133.4429627670293,0.9791862076897162,192.16777166966978,1046.1951904296875,0.4166666666666667,3.0
4.0,140,48.140124721697134,38.205009235154584,129.8825552758009,0.9747965142405467,152.43813935919036,892.81640625,0.3333333333333333,3.0,48.931408364296914,36.87915176658318,131.25287492262288,0.9760033973253253,171.1216522020635,902.5122680664062,1.15,6.0
4.0,141,39.95590465759183,41.431835562267636,136.1177496111812,0.9618621521669735,62.58995744437556,621.9874267578125,0.43333333333333335,1.0,44.35632016506261,37.65101581602991,135.2796933018919,0.9463371556716945,84.66286690353769,615.4766845703125,1.8166666666666667,6.0
4.0,142,39.26625270233999,42.897500906842765,132.77297553592126,0.9873462403016903,79.06112602487127,519.623779296875,1.8,1.0,43.49997897917998,38.3049931961677,135.01360483068677,0.9798825429565089,63.44612923489109,551.569091796875,0.5,9.0
4.0,143,38.716369648464735,32.756411623397405,132.23178973859484,0.9642940531522988,118.22348632901424,642.7021484375,0.4,1.0,45.36813808949782,35.73199162062812,135.12512581183884,0.9522490515455817,132.17633498773893,756.0867309570312,0.35,7.0
4.0,144,40.30394842147404,29.420212439490708,131.68151987333198,0.9679953396260613,87.63741664769043,571.7987060546875,0.6166666666666667,2.0,45.86410994969752,34.980265294182516,135.86232126842296,0.9363951589959966,126.28683674245707,673.03369140625,0.6,6.0
4.0,145,36.751634167226484,36.6712864977114,129.3408604560226,0.9616609726545691,129.08169829390914,688.74072265625,0.4666666666666667,1.0,41.91254701776522,35.44187619923217,132.2690873052472,0.9480529238168138,142.8296868835585,836.5106201171875,0.45,9.0
4.0,146,40.290910495843015,32.89389245669989,138.94909166368984,0.9872289691580866,88.32654134068946,623.2576904296875,1.6333333333333333,1.0,47.309124003465065,33.01199942900219,146.5029091220206,0.9803713130495956,89.70536583423012,581.8063354492188,0.5166666666666667,8.0
4.0,147,37.42570754327433,30.23474418406127,132.61597660522642,0.9725244198698921,98.53037683198437,611.0690307617188,0.48333333333333334,1.0,43.33777965223469,35.251068199472726,137.09665891444425,0.9511367672944132,90.26073775908742,576.9121704101562,0.4666666666666667,5.0
4.0,148,37.99092632849142,32.17531308495607,131.02764990472525,0.9875834048403724,78.6209674132266,494.79559326171875,2.1166666666666667,2.0,42.01808417409308,32.12969287927131,135.88091477816366,0.9756355698123217,85.29403520472471,552.8868408203125,2.1333333333333333,6.0
4.0,149,32.42294973695493,32.59805854082913,127.61620851204324,0.9713993896858019,57.687779461425066,550.0548095703125,2.0833333333333335,2.0,38.68498668260477,30.964275472374744,132.95408935732164,0.963416710925385,59.54178799180909,625.8998413085938,2.0,8.0
4.0,150,35.827951265573155,32.89304452059685,129.4726474378499,0.9875339044454815,76.91733029177271,510.2668151855469,1.9833333333333334,2.0,40.69037929234611,30.60088455711807,134.89310063028742,0.9797759312973737,60.654181168675336,535.3487548828125,2.0833333333333335,8.0
4.0,151,30.50841475109031,34.71772993979595,128.88001981480636,0.9697686547515391,71.02160656394517,498.6300048828125,0.5,1.0,37.77102276812467,33.701117869559155,129.62760038316628,0.9682293574648496,52.33431945731098,537.2252807617188,1.7166666666666666,10.0
4.0,152,39.39129397645751,35.058600787175365,135.83824176909533,0.962987636500797,101.44995110895991,625.8629150390625,0.45,3.0,45.16566960998213,34.606491550026476,142.4364232677999,0.9511177502017926,85.74249069712664,687.4159545898438,0.36666666666666664,8.0
4.0,153,39.04720433287685,36.769581337078236,137.9504822157047,0.9671691370038268,85.78163555594472,549.1392211914062,1.9666666666666666,2.0,44.17558756290893,42.829534217199594,140.90327818167182,0.9162517831645077,78.69654900449319,532.498779296875,2.0,9.0
4.0,154,37.57721875553361,32.981868183730654,132.81004722810712,0.9887911308757059,105.41502661361363,567.3613891601562,0.4666666666666667,1.0,42.83008137461797,34.863002683234285,137.25816115152762,0.9711150608197168,97.32728471651427,576.9644165039062,0.55,7.0
4.0,155,37.43660342730745,28.179981370244878,133.47236660936846,0.976081883574321,120.57071470646974,631.0231323242188,0.5,1.0,40.98870506605996,30.20611879104991,138.30323410561638,0.9577006259609947,118.33154383540659,660.7062377929688,0.5666666666666667,11.0
4.0,156,34.87324859116682,33.059152986771814,131.07056735614674,0.9826710472552707,90.06864761207822,540.6777954101562,0.5,2.0,38.80921753001017,31.828133349120694,135.29865644486543,0.9656356643377347,77.48098442155765,551.814453125,0.43333333333333335,9.0
4.0,157,36.14621418826772,32.14891654453218,132.526105766137,0.9581836981815032,91.48504666342689,529.4794311523438,1.9166666666666667,3.0,40.42575473028967,37.72273360672377,136.8906536656184,0.938965164550451,100.35340721764697,520.8672485351562,0.45,7.0
4.0,158,34.76099798349096,32.621173704453,131.77774620084708,0.9539123876012792,79.15382462814875,584.3165283203125,1.9666666666666666,3.0,38.305526664779144,34.171799345198316,136.43789568846495,0.9121231637325874,112.00355797561997,577.6947021484375,1.95,9.0
4.0,159,42.374967920821746,41.41098099135723,133.61932222257508,0.9863995677539383,84.69641658281944,623.422119140625,0.5166666666666667,2.0,44.42663689745497,37.8741254780305,133.99991016044015,0.9858738184964156,93.68865841162034,643.77001953125,0.5666666666666667,5.0
4.0,160,41.5993107815824,41.794752999114664,131.32126210849995,0.9623984747083841,97.23830248144367,693.53662109375,0.35,2.0,46.66696244319173,40.549228618127906,134.83734678836387,0.9616141488221471,133.77292323825145,813.1990356445312,0.3,13.0
4.0,161,39.72699691337455,34.718520397056075,131.90924545484032,0.9795714689513129,119.38250188878072,682.200439453125,0.5333333333333333,2.0,45.12836231254853,34.94950485863721,135.68819629088136,0.965307981041918,101.73368437306237,661.007080078125,0.45,6.0
4.0,162,38.47133261307036,34.215646817981245,128.18231054539808,0.9928239800418317,84.50026370582123,519.1346435546875,0.6166666666666667,2.0,42.567329792589916,37.46072362053747,130.791754873392,0.9815359689769612,66.089797779984,595.0486450195312,0.5,11.0
4.0,163,38.0284345681321,30.014355474012035,129.02692200333942,0.9743234353903764,84.72742461783099,572.8375244140625,0.5,1.0,42.27378774211229,32.350693472665604,133.096007285422,0.9610084026995096,82.10322666813454,638.6461791992188,0.4166666666666667,6.0
4.0,164,39.81937753290275,29.260570615115967,135.4739846836239,0.9745626724355408,109.5004873233961,628.1103515625,0.45,1.0,44.96299111836375,34.06358850638746,139.31977720041706,0.9583872117359397,119.84598148339757,735.563720703125,0.38333333333333336,6.0
4.0,165,38.0414350110335,26.39715610476233,129.93177965408634,0.9590145463299532,93.1569264825228,553.4212036132812,0.4666666666666667,1.0,39.79224371494816,31.3526398782291,134.89851150262953,0.9384155850325862,111.23497599598693,660.4739990234375,0.4,4.0
4.0,166,37.601235282347005,31.780388921401155,131.04487799918888,0.96278016788941,124.08815459750485,554.1781005859375,0.5,2.0,41.67269708411716,35.355655974793734,134.61224272304298,0.9442210174914492,104.85871712735076,583.4146118164062,0.4666666666666667,9.0
4.0,167,35.62476980120233,32.050425869222224,127.93723429211819,0.9803278417977594,67.88577365409992,491.4747009277344,2.066666666666667,2.0,39.871253543881465,30.484764962324974,133.33066753589867,0.9664887893608555,72.11335469838446,549.083984375,2.1333333333333333,8.0
4.0,168,37.70879300202034,30.322763065616474,130.90283904106542,0.9805370172304771,62.50090274245878,511.63037109375,1.9,2.0,41.034872219470195,32.81594233682121,135.5569705128724,0.9589017466089742,66.8773602413836,503.4200439453125,0.5166666666666667,10.0
4.0,169,36.8230968080408,32.062506501443735,134.62369164795618,0.9446966698140709,70.10655183353862,495.0957336425781,1.95,1.0,43.20972076995748,34.33128733002609,139.21016007609435,0.9253374472429499,85.94352388474363,522.9341430664062,2.0,9.0
4.0,170,40.170751102147705,40.49447291609539,139.11288909458702,0.9679190752944142,109.55999042502327,592.5935668945312,1.9,2.0,44.37972859480387,37.98152004285807,144.2656590679514,0.9441075775845683,120.06544640754669,630.876953125,0.5166666666666667,8.0
4.0,171,38.32445258637133,31.62057627972676,135.6016335677703,0.9878967269447367,117.78989180047063,570.0487060546875,0.5166666666666667,1.0,43.2339224027311,35.97448928839522,141.87247532515767,0.9527078888093258,107.36657054935591,600.1898193359375,0.43333333333333335,6.0
4.0,172,38.67642765624997,30.629473547966732,135.41711304051267,0.9738766497503437,87.7397994951491,544.2870483398438,0.55,1.0,43.69030679028171,34.70430166030883,140.33887059345014,0.9462006146532967,108.10756498898058,579.9970703125,0.4666666666666667,9.0
4.0,173,38.28207459566228,33.900158693380156,134.3319421684826,0.9764403168845319,91.22369620229932,559.752685546875,2.033333333333333,2.0,40.4187672590004,33.552524682581705,138.5226933116776,0.9538863681892893,92.67664308413629,581.11328125,2.0,10.0
4.0,174,37.157585049171,36.22878031935045,131.75658660622196,0.9759040147554966,91.13259011320508,579.465576171875,0.48333333333333334,1.0,39.339026990075,33.42762932612971,136.8067106242558,0.9648739534654799,68.65883973825277,638.5242309570312,0.4,10.0
4.0,175,51.27415121832742,40.64247942065622,128.99992234247807,0.9339312748125241,95.30416393010768,534.904541015625,0.6,2.0,40.5172526065686,38.82864522672726,135.29557893567687,0.9033838967004176,114.81001234293473,630.2742309570312,0.5666666666666667,7.0
4.0,176,37.0029550508402,33.218113549792534,132.678709989332,0.9474322656539125,88.89618417446684,514.7099609375,0.65,1.0,40.047752699473456,31.997121746905265,136.5319551707673,0.9287196128412695,116.05753125549995,606.5800170898438,0.6166666666666667,13.0
4.0,177,39.41233293629454,26.92381886878995,138.9858902076832,0.9658336174488252,135.9218457615782,614.432861328125,0.43333333333333335,2.0,42.34563412452294,24.941406887851343,140.06536442529068,0.9779213438246561,139.26137295550234,753.2660522460938,1.75,7.0
4.0,178,40.04289561389707,26.699229760488077,136.14783914719985,0.9620894874083501,125.38500731002301,753.9500732421875,1.4666666666666666,2.0,44.468849746274685,26.98794742409967,140.31171644285104,0.9552142693718015,133.71100234924853,906.3572387695312,1.4,4.0
4.0,179,35.25830387324431,24.072085839904915,137.3751709148151,0.9679377707415421,130.57925633253632,669.0770874023438,1.55,1.0,39.46140481972768,23.57475139092063,140.51062708672944,0.9797803732396361,109.44270866528171,861.028076171875,1.5666666666666667,5.0
4.0,180,38.59400594003283,30.329989146472364,139.03440712128133,0.9669256774342273,133.10440661787595,671.8497924804688,1.5833333333333333,3.0,41.838579205559995,29.669259074203318,142.10871392830308,0.9834832465119888,143.73216441503985,999.4063720703125,1.6,8.0
4.0,181,37.68021820374774,23.60766568451941,140.842423050551,0.9486135284763848,154.17473068553448,703.9383544921875,0.38333333333333336,2.0,42.03418838334395,21.532492607230694,143.0266264054723,0.9702301261084324,176.57419343295913,931.716796875,1.6333333333333333,6.0
4.0,182,38.19280243283659,26.245027630699088,140.78561517396042,0.9575048162160277,125.7912383368506,685.9404296875,1.5333333333333334,1.0,41.84783199422188,21.93077566780481,142.78613216493636,0.9820560941029481,118.07903928073159,750.3491821289062,1.4833333333333334,4.0
4.0,183,37.11248266015174,23.178673066318204,139.30871270377673,0.9788911806269824,131.38146987827866,669.1525268554688,1.5333333333333334,1.0,41.17061962175187,21.10304223082325,141.50162520985901,0.9955748389206688,135.04981788211097,722.5220947265625,1.4833333333333334,6.0
4.0,184,37.70580652358495,30.46041621303558,142.65415825891506,0.9540586590101602,141.7770536503022,686.70068359375,1.5333333333333334,2.0,41.04360793654721,30.36343923369787,144.10679520017857,0.9775551152678356,132.69845355714352,821.7372436523438,1.5333333333333334,9.0
4.0,185,38.90745422145923,23.983412710158245,143.2800343555366,0.9586281374114793,168.68116546620996,727.7560424804688,0.35,2.0,43.341823733608,23.88673830361091,146.902167563184,0.9759235690746294,156.5470029996706,765.779541015625,1.35,4.0
4.0,186,35.69346217596793,21.628361887052183,136.98362047323639,0.9623538553720599,151.09255688601934,695.3968505859375,1.4833333333333334,2.0,38.757874392979815,20.992795713718078,138.98518160404655,0.9815142169245877,156.7022665275411,873.8821411132812,1.4333333333333333,5.0
4.0,187,40.99108728189467,27.18337737947751,144.7442556875335,0.9454989366019622,176.48602622574003,813.9556884765625,0.36666666666666664,2.0,42.95793859620338,23.43410551236389,146.46244440174252,0.9715311568851636,218.49935075153354,916.404296875,0.38333333333333336,7.0
4.0,188,38.408458300294186,24.1537337988,144.45545435806835,0.9732255898886109,132.17745122962612,606.3330078125,1.7666666666666666,1.0,40.72717630030638,23.972098193817107,144.44867497827823,0.9903632401608365,134.558429955747,771.36083984375,1.75,9.0
4.0,189,37.36392592122537,20.905576169899103,141.01561700345655,0.9828968820351396,136.63585110642174,613.5775756835938,1.8,2.0,40.3134214042159,21.795216862898204,142.27615712195387,0.9948771804889014,126.84889497705512,722.8406982421875,1.7666666666666666,6.0
4.0,190,36.618395358016016,22.054903170244533,140.85023637235037,0.9793212110555756,153.19591166102924,675.045166015625,0.36666666666666664,3.0,40.18907289150313,22.42688792301116,142.04701084294587,0.9839693721514986,142.7901328439168,734.275390625,1.5,7.0
4.0,191,36.61121656254119,24.110251633252496,140.18554704812894,0.9710949608955893,152.94518024736107,651.62939453125,0.4,2.0,40.07700217669173,27.231070897446564,142.33718735191255,0.9876886017562988,147.27044031020085,724.534912109375,1.5166666666666666,6.0
4.0,192,37.33045789123526,20.24943415507319,140.78907049212592,0.9686037481402079,136.7255606363554,612.46630859375,1.7166666666666666,2.0,40.83127902516046,21.60647469471024,142.17679731206573,0.9840773939200153,152.79897631918288,703.017333984375,1.6666666666666667,8.0
4.0,193,38.792309031230964,24.061985199257027,140.58702211963066,0.9700024375193861,120.60031316269203,611.819091796875,1.7,1.0,42.58487057707718,20.652045729580212,143.40698316017475,0.9833684553679833,111.03575615137402,883.92578125,1.7333333333333334,6.0
4.0,194,40.249240406717234,25.972632276534238,138.26048523078862,0.948923862936207,168.95076815167158,770.5780639648438,0.48333333333333334,2.0,42.20011665457726,24.25284102416097,140.124715963421,0.9673691479888575,188.2339484447877,800.6995239257812,1.45,5.0
4.0,195,41.3778231537615,31.664509279439667,143.61708671754275,0.9558290029675999,130.99979366350738,625.9934692382812,1.6666666666666667,1.0,43.41407223357473,30.945097203789043,145.36117360428324,0.9727121534167319,136.32493685385384,728.4186401367188,1.6666666666666667,7.0
4.0,196,41.32362442913374,25.010147572583136,138.17242882934377,0.9690544604851181,126.60020534119894,693.755615234375,0.38333333333333336,1.0,41.69521100605931,21.15271725530324,139.96083708775893,0.9739959004452876,125.07125586760651,938.7318725585938,1.4666666666666666,5.0
4.0,197,36.99142070997792,24.204090100000755,135.26747009353628,0.9775898373561279,123.5743786299173,680.7501831054688,1.4666666666666666,2.0,38.55197495540803,21.377696489558584,138.62335591620928,0.984594393818166,109.55010350645921,816.671142578125,1.4333333333333333,6.0
4.0,198,38.83287382999472,23.81940847631692,136.1175977541259,0.9629445791190013,132.9734983600639,710.45263671875,1.4333333333333333,1.0,39.893472371516985,21.47999771212271,138.95948449773888,0.9787378389440293,153.7811405566447,767.7294921875,0.45,6.0
4.0,199,38.38686889176484,26.73107567091968,137.79179148439488,0.9726210467832129,155.8967811440843,739.7289428710938,0.35,2.0,41.04099374970535,22.074625446157853,141.072668590494,0.9775709226749872,135.00014074124607,778.8513793945312,1.4666666666666666,7.0
4.0,200,44.152558510106836,35.26740840987172,145.09592626562778,0.9453043916059415,179.95385856093066,737.4306030273438,0.3333333333333333,2.0,43.04767370723443,25.121758962411814,143.73001856476918,0.9618285018700864,159.4053988436599,799.6837158203125,1.4333333333333333,10.0
4.0,201,38.331189022201336,26.17969450908259,138.30925016772167,0.9619194405087912,121.90050449330556,641.1344604492188,1.5333333333333334,2.0,40.02505239411854,24.561848900732457,141.33312706329863,0.975223507677892,116.4982991668785,713.34814453125,1.5333333333333334,5.0
4.0,202,37.46927548864112,26.649693536498855,138.66346780956792,0.9823305934046227,117.48058585815869,652.9888916015625,1.6,1.0,40.33964180758191,24.6177338174344,142.24454131061236,0.986547921963475,115.70026743105018,830.3734741210938,1.6166666666666667,6.0
4.0,203,39.05141635169989,26.261108770614335,141.03529407720643,0.9753618771020871,146.79290311977468,689.8327026367188,0.36666666666666664,1.0,41.43064807983185,24.896620195306703,143.3664922302662,0.9827996252906689,141.43068278702145,802.0390014648438,1.4166666666666667,8.0
4.0,204,39.71193491183956,29.759444872753946,139.93482900095208,0.9715873723147276,143.3559240861331,666.0208129882812,0.4166666666666667,2.0,41.43707806136213,24.37469704123176,143.58829805228268,0.9810041725204038,144.4628285747089,735.3419799804688,0.4666666666666667,10.0
4.0,205,39.50611386157021,22.840410789520973,142.37594831030975,0.9672310852899803,149.5225875122702,687.1461791992188,1.6,2.0,41.51562914697992,21.681121952540863,145.03293637471188,0.9764133195054648,137.92245065958667,801.5978393554688,1.6333333333333333,5.0
4.0,206,40.06721184492311,23.479288735535278,139.74365503163847,0.9756889699101284,156.6083643497521,754.1888427734375,0.4166666666666667,1.0,40.74143091913007,22.691862485538284,141.38057987223542,0.9916669708411929,153.47613423674915,779.4231567382812,0.4666666666666667,5.0
4.0,207,41.179906794068614,19.78185395767375,142.30380330179463,0.9710255713752842,142.02779001227753,622.093017578125,0.45,2.0,41.773011786016006,23.161083188982094,145.4410807659637,0.9845542588301707,152.12298576305358,709.685791015625,0.5166666666666667,5.0
4.0,208,39.72717014010299,18.95925434649606,140.05641307754078,0.9791377923956747,132.73685094723362,598.02001953125,0.4666666666666667,1.0,40.56191775731525,23.79046394929546,143.43664229371882,0.9901223298845943,138.03044529738742,755.0347290039062,1.6333333333333333,7.0
4.0,209,39.1383339364405,19.655710574418986,140.82472163736605,0.977352924261531,141.43637831518106,631.691162109375,1.6833333333333333,1.0,40.488226472657836,22.096521554835583,143.0377382826011,0.9945707626847231,153.23595319502004,809.7188720703125,1.7,9.0
4.0,210,39.29955537602286,29.206123560915387,139.56418357921655,0.9760585315569413,137.46198120644266,714.2620239257812,0.38333333333333336,1.0,41.11785788412396,22.45333965184088,142.4930447037096,0.9845679844059296,138.35025464129444,778.3853149414062,1.5166666666666666,5.0
4.0,211,41.82670569819125,27.434715788808585,143.50936952339296,0.9747278751668264,124.32047191595586,652.2725219726562,0.36666666666666664,1.0,44.016217580694516,26.285046769547588,146.37463589783053,0.9918167476069565,142.08786123457372,830.8103637695312,1.85,9.0
4.0,212,42.9540518416013,27.976496747463433,140.40922757966365,0.9275375752797744,172.2084981941299,868.5880126953125,0.4,3.0,41.937290277659365,23.743125404348916,141.22388439084307,0.9414839409830003,202.52402191280623,945.1461791992188,1.4333333333333333,5.0
4.0,213,40.05802363941238,22.494525335042837,139.27392305494394,0.9723292850227166,130.26274658458448,692.1766357421875,1.6,1.0,41.17850780311316,20.234338621118052,142.25521747564537,0.9765358988057096,137.7702137194578,876.8650512695312,1.6,4.0
4.0,214,40.820543561946266,29.661934217788627,142.42605136661734,0.9911518007914526,81.36345753809763,644.3430786132812,1.3166666666666667,2.0,44.67169081341822,35.68030255980528,144.32895741965672,0.9857778182288774,65.9144814259696,864.2791748046875,0.4,8.0
4.0,215,42.44435154758326,35.47539853760105,142.64235798080279,0.9939378248925671,115.00417382668871,617.6063232421875,0.36666666666666664,3.0,45.02976728451221,34.06831071054636,143.577423664713,0.9815236613230864,97.77111174550612,802.89404296875,0.4166666666666667,7.0
4.0,216,42.321901001585616,35.1439709595767,142.9634271468531,0.9976195288837537,123.52366501363662,626.1759643554688,0.31666666666666665,2.0,45.94747412741051,33.895224711705424,142.88120910986882,0.9898314482591332,99.94113127828598,743.5050659179688,0.4,6.0
4.0,217,42.98652232138895,28.15726568671568,143.71830068938473,0.9955422256332193,115.13772416120304,601.98583984375,0.3333333333333333,2.0,44.874510802236166,25.82166638732368,145.1662304021665,0.9904515369101781,104.535788463713,734.5578002929688,0.36666666666666664,5.0
4.0,218,42.30702707199296,28.48342308325357,148.4599410997571,0.9641672980520526,103.90717275288438,586.7318115234375,1.4833333333333334,1.0,44.82313113978642,29.07975099064658,148.863871246115,0.9638632340249125,93.2840723516938,656.3707885742188,1.3333333333333333,4.0
4.0,219,40.2321951006435,28.862296688127117,144.12823902195086,0.9947035548913133,98.1449055558258,591.9407348632812,1.4166666666666667,2.0,43.135483226929615,29.920780482110153,143.5946247763778,0.980330024270703,84.64718426187858,740.16943359375,0.5,5.0
4.0,220,41.76001889306358,33.035013084903866,146.3256546319172,0.9933695278809987,98.26229452901401,706.850341796875,1.45,2.0,45.367447035602595,35.310535359975766,145.42065708689015,0.9814335721716086,74.86951807440676,811.5257568359375,0.43333333333333335,5.0
4.0,221,40.34539438712007,34.87514288109035,144.97027251353364,0.9957905479618813,97.15209160872462,567.2418212890625,0.38333333333333336,2.0,43.7927981567575,35.96967301084152,143.76798249958625,0.9801009899484588,69.88348936555184,750.18505859375,0.43333333333333335,7.0
4.0,222,41.14856379036553,32.064117822760316,146.8473997874925,0.9977814294126474,97.1550872532157,536.6560668945312,1.3666666666666667,2.0,44.81612849710047,32.8559540363343,145.7972203939057,0.9805075722762041,75.61949384336629,577.357666015625,1.3666666666666667,7.0
4.0,223,40.526405114224296,36.91272844045721,144.84350804335762,0.9978138802672213,100.4107302851557,604.4121704101562,1.4,2.0,42.57422356086854,38.48112374474492,143.98216233207287,0.98838344046183,82.77934132358325,632.8590087890625,0.4666666666666667,7.0
4.0,224,39.30780582657086,30.498503182366868,143.76346799692308,0.9953801326827293,106.27995271553573,611.6426391601562,1.2333333333333334,2.0,42.52982462274621,33.71723919858164,141.89644186009625,0.9746477068565113,78.0092287193429,712.7308959960938,1.2,5.0
4.0,225,41.08360707874294,31.491940186469108,147.33197563071292,0.9970846500873083,137.6980095120294,681.8658447265625,1.2166666666666666,2.0,43.664050762788534,34.69145825386392,147.53649796754956,0.982749279108562,99.45826483809299,698.3446044921875,0.4,6.0
4.0,226,39.91550663829878,32.15464008921797,146.73658334557194,0.9978580388027916,109.00005528554232,598.5671997070312,1.2833333333333334,2.0,44.072141674710394,34.411958660357634,147.2754263247028,0.988989428440448,82.68253702105,698.9951171875,1.1333333333333333,6.0
4.0,227,41.645977461435514,32.0578693233703,150.26044608751752,0.9980038122443793,104.8209292457031,671.322265625,1.3333333333333333,3.0,42.61434862493898,29.692721032020728,150.1937350652744,0.9895949202554916,104.74280158009464,823.3804321289062,1.2,4.0
4.0,228,39.471032174373654,32.36503000892049,146.23543880383434,0.9997552146359009,107.48890841180923,618.0387573242188,1.2833333333333334,2.0,41.24257996940998,31.27724902391351,145.5625661507231,0.9877094647550156,85.48532074713933,631.9271240234375,0.4,6.0
4.0,229,40.39849760726447,31.018524222155406,150.53329057457245,0.9981108809921435,114.01847595259113,797.1065673828125,1.2166666666666666,2.0,42.103396682094036,29.28960604863273,150.0260994491882,0.9913596585881013,89.55356083625219,1003.8799438476562,1.15,5.0
4.0,230,38.64162739435038,28.69031125368267,147.2314328245514,0.9975889748505973,114.74228319141957,607.1127319335938,1.4166666666666667,2.0,40.342727339373845,26.9334804978822,147.59319334458877,0.9913642706344421,91.0608217942783,762.581298828125,1.2833333333333334,6.0
4.0,231,39.926514879617905,30.1558204843014,148.3863954808957,0.9981139381870282,94.20389529248666,719.5151977539062,1.2833333333333334,3.0,42.102569003775216,29.291751609965907,148.44444504399792,0.9888262566118862,75.76588610633564,801.4633178710938,1.2333333333333334,6.0
4.0,232,39.21890370552345,30.262793984664196,147.5605318404186,0.9991137732234459,119.63696071942195,672.464599609375,1.2666666666666666,1.0,40.90785625889162,31.427847311098997,148.1258080400726,0.9874700747519143,78.70539486278034,854.6527709960938,1.4666666666666666,7.0
4.0,233,38.518113918332105,32.03848397315556,146.44369237975053,0.9978416849209382,102.04269497057567,663.013671875,1.2,3.0,39.721954575992136,33.398270143243934,145.4420651066187,0.9897923375568264,74.73660618742343,801.30419921875,1.1333333333333333,3.0
4.0,234,39.60467467689275,33.02731073234062,147.98863711992897,0.9982723568587396,111.83447266890482,573.7806396484375,0.3333333333333333,1.0,38.525960231764515,33.91721244324396,147.84300507667888,0.9870235153872903,114.78872614696343,750.958740234375,1.4,6.0
4.0,235,38.881920699358304,31.15144447760586,146.9967639418371,0.9970322820549008,92.85515476210492,644.83544921875,1.3333333333333333,2.0,40.19029585992346,30.35986885294425,146.15658668955155,0.9909384936776013,68.54720158228986,625.2275390625,1.2,8.0
4.0,236,44.815644313457994,33.28095756077504,142.76068067212717,0.9870395025151226,90.90001322304317,621.7989501953125,1.2666666666666666,1.0,42.24604870484677,31.566537212144432,143.38598490959214,0.9859959376947853,103.96896352745586,705.4146728515625,0.4666666666666667,6.0
4.0,237,42.00481471525495,28.954411867556132,138.3296939635354,0.9922582651625952,112.01513460005856,571.6878662109375,1.25,1.0,40.294657886533514,26.63665551071764,141.38798304572722,0.9944310441133803,84.57453249400686,688.0902709960938,0.36666666666666664,8.0
4.0,238,44.64610468780597,34.426859184123266,142.02998018479875,0.9955354302151045,111.91814399132625,550.4085083007812,0.38333333333333336,2.0,46.282819883957,33.177844418786044,142.32612238435144,0.9847826440518936,86.39558940663306,633.7613525390625,1.2333333333333334,6.0
4.0,239,43.43367707423726,27.515758027687482,145.02212862177498,0.9942176794174243,114.96573100411524,662.20703125,1.2166666666666666,2.0,41.4146363654879,26.766687276371012,147.34913987758696,0.9828989532498363,89.54417317259924,899.6295776367188,0.3,5.0
4.0,240,44.63313653161687,33.64822278657455,147.1018051193888,0.9976390979059886,125.89499356858653,645.6593017578125,1.3833333333333333,2.0,45.146494758089226,33.922561145806064,146.13810500175907,0.9920600754675234,91.00092781143786,726.383056640625,1.2666666666666666,5.0
4.0,241,42.451096431666926,34.417734583094415,145.38407614285748,0.9964841707953938,131.75887124769247,586.6259765625,0.38333333333333336,2.0,43.38834935846784,33.55086494976516,144.18376491772042,0.9874485717975778,85.2805420921834,701.73828125,1.25,6.0
4.0,242,43.81286215620511,37.69770115808853,147.11908037629507,0.9943614389703701,110.22006059886053,572.6214599609375,1.4333333333333333,3.0,45.18759903927943,37.73736395942511,146.08672173764077,0.9803615228058911,86.82973272776223,746.0123291015625,0.43333333333333335,5.0
4.0,243,42.335728175142,34.91582212925038,144.98928648148836,0.9993532852623359,117.88477809693376,553.4713745117188,1.3333333333333333,1.0,42.16901520904367,33.761172476583035,143.64651950894685,0.9947878200708797,90.33571313911068,833.2583618164062,0.4166666666666667,7.0
4.0,244,42.61711676417701,41.60174220853704,145.22149436732792,0.9987207063054899,103.09825741085547,637.5614624023438,1.3333333333333333,2.0,44.68963385525377,41.871210472520616,145.45710113720585,0.9806113285439552,70.78082226293589,761.8351440429688,0.38333333333333336,8.0
4.0,245,41.45398516881872,32.38860838039808,145.70269035436542,0.9969711498804347,97.09773376230515,604.6384887695312,1.3166666666666667,3.0,41.02821745473158,32.08733550028968,146.1875807467816,0.9937106621019323,82.76323985533622,756.4268188476562,1.2333333333333334,8.0
4.0,246,42.888885906553476,30.2504683960096,145.6206231301698,0.997255112621848,118.05765866950196,584.8242797851562,1.2333333333333334,2.0,43.851309981682405,32.81493703392928,144.63957419921726,0.9844394648342516,78.214110031264,697.8031616210938,1.15,5.0
4.0,247,42.86402387991044,33.100641180032795,148.4875070032568,0.9983503803679132,110.35500207438162,654.7777099609375,1.35,3.0,40.99050514164858,32.84451053182567,147.66862188622554,0.9902830309589101,79.63375960831769,680.6594848632812,1.4,3.0
4.0,248,40.6637073068301,27.54054596807886,146.38968117158154,0.9949659105589664,122.88376741587228,554.9251098632812,1.3166666666666667,4.0,40.626267728155426,26.44938035499615,147.57326698447434,0.9902254792002939,93.1310792671647,630.956298828125,1.1666666666666667,7.0
4.0,249,42.546747505003715,29.25885291880743,148.16048612760142,0.9985855902939599,114.32578534888762,665.3123779296875,1.25,3.0,43.10205389010526,28.024277307024505,148.51035296933955,0.9922378545706207,88.57681572075478,638.8530883789062,1.5,6.0
4.0,250,42.66303197157215,27.629006717634326,150.49644750743133,0.9935029986156456,109.92813778557633,642.52783203125,1.35,2.0,42.811733262069936,26.556303254928533,150.990110681318,0.9893060165636199,91.13273185382667,813.1245727539062,1.2333333333333334,7.0
4.0,251,43.52093525356776,41.53248047204424,151.70741730225586,0.9988984497390868,116.56621257579957,756.5191040039062,1.2666666666666666,3.0,43.578229923004166,39.49472332999904,151.159782472963,0.9852656890338255,83.36368234543698,821.4014892578125,1.25,8.0
4.0,252,40.94689711580543,26.68403110763522,147.4600175182924,0.993957681634465,111.12068520457342,714.6351928710938,1.35,2.0,38.753128557371994,26.22666883079596,147.49870824564778,0.9898535649315705,79.5667498292579,733.5039672851562,1.3,3.0
4.0,253,41.95665575611633,30.338097856616557,148.20800671232544,0.9947319844422812,120.63058620292537,705.02783203125,1.2666666666666666,3.0,42.76044182703974,29.420213250639563,148.1054802561552,0.9821170278277447,73.15915152288625,707.818359375,1.1833333333333333,5.0
4.0,254,41.71478000285961,32.77717065247307,146.53017391863415,0.9975022059625349,98.82216299755356,680.8980102539062,1.3666666666666667,3.0,39.594839406526674,32.15251083002689,148.21504289537,0.9905543560482769,77.82222425759755,769.8456420898438,1.25,6.0
4.0,255,41.08869323547841,30.85885387625992,146.31313628286713,0.9969268074814545,114.89061500960702,618.094970703125,1.2833333333333334,2.0,40.31749765190677,31.4026535194472,145.12787754883576,0.9878297683782932,78.01037395685711,651.513916015625,1.1833333333333333,8.0
4.0,256,41.69874169032301,28.349714721010915,149.19749676396341,0.9947634950308866,121.50800245618626,702.7637939453125,1.25,2.0,40.81966207160784,29.161182034409627,148.9928441992951,0.9893408237526402,84.59950701473929,790.7752685546875,1.2166666666666666,6.0
4.0,257,42.49569000411229,16.545267245392317,133.58877685639905,0.9949768990701996,108.78312780543922,517.74609375,0.45,1.0,40.06665523533387,18.65723250231758,136.79826114425944,0.9729299572505647,103.25466643522788,622.8156127929688,0.3333333333333333,7.0
4.0,258,40.69160797636185,17.429834380616306,138.64699771718938,0.9915286011215424,120.20462510990768,640.8053588867188,0.3333333333333333,1.0,42.42358923119292,19.502688220223774,141.07633117821828,0.9759615701171453,85.28180327719753,746.1724853515625,1.2833333333333334,4.0
4.0,259,40.9379809315365,17.63817296894408,137.29376578060078,0.9942115871055569,72.82875483422941,569.358154296875,1.2166666666666666,1.0,41.34072926822405,20.06828088190788,137.92391958098187,0.9581305192588006,66.60158855878592,848.5877685546875,1.3166666666666667,5.0
4.0,260,40.44269255127337,18.80415355890391,138.66312002473498,0.9945569649244843,89.0510467584977,606.8004150390625,1.3,2.0,40.14809646952932,15.815562483849096,142.57367655940982,0.9616134590079521,74.4068646579575,688.5233154296875,1.2166666666666666,4.0
4.0,261,40.58483699815886,15.78480973004311,139.56461160886704,0.9961307019780326,108.40663137037069,617.707275390625,1.1833333333333333,1.0,41.33375767937356,18.65569811777985,141.83462214048447,0.9833237712351751,90.59223611533213,712.973388671875,1.1666666666666667,3.0
4.0,262,40.52852526417285,17.47980899234468,139.90305262871306,0.9968124052600078,102.83155823955894,640.0611572265625,1.2,1.0,41.48383820390502,22.688954388268687,142.63138629112427,0.980784481784622,83.15962849460817,764.37939453125,1.25,4.0
4.0,263,41.924282304959185,15.240270728712712,130.558453283574,0.9734755476426052,97.7154660684036,476.68621826171875,1.45,1.0,43.78074118292767,27.266789961805014,132.16815292867756,0.9558141892923837,87.2733510320063,580.14990234375,0.3333333333333333,6.0
4.0,264,39.91216973411426,17.72561453336453,136.4749529397644,0.9951471322647157,84.76289745540242,556.734619140625,0.36666666666666664,1.0,42.06815785859764,21.927235442543257,139.16884043804518,0.966115970632953,69.94070675273207,858.02587890625,1.3333333333333333,6.0
4.0,265,40.14126524006795,18.58863668170851,139.09061505986077,0.9983628676604044,96.57315037920768,647.812744140625,1.2,2.0,40.15277130100337,16.51138892832235,142.80580827633284,0.968339278562446,75.12985036686985,717.7803955078125,1.3166666666666667,3.0
4.0,266,39.75211433337772,17.632737052631022,137.76818640287277,0.9976855999067307,111.5783297846886,609.1749267578125,1.2166666666666666,1.0,41.801050983649134,18.14001892732582,140.24339974642197,0.9804686995407607,77.73336864380212,720.8089599609375,1.3333333333333333,5.0
4.0,267,39.41574659757609,19.067517582911258,138.10732260535508,0.9991256323752544,89.06784483594834,635.9435424804688,1.3166666666666667,2.0,41.87023305581707,20.61636427670948,139.69096378374303,0.9829809724485054,72.6906203750039,639.3713989257812,1.3833333333333333,6.0
4.0,268,39.44125878535968,19.317060755514703,140.3059964191979,0.9992671752689591,106.91314496429442,633.0079956054688,1.1833333333333333,2.0,41.16609296876156,24.3881373872407,142.3602866382236,0.9754643040025487,85.2712636771048,646.4275512695312,1.3166666666666667,4.0
4.0,269,38.407115983173874,17.902699188297138,138.27978033373805,0.9998918892642145,101.88268720317808,538.7301635742188,1.4833333333333334,3.0,40.80400422604918,20.40301687695726,140.5642965291679,0.9911376315932529,95.76548956789594,574.7630004882812,1.5,5.0
4.0,270,51.07563646549913,37.03683489925106,119.5104273376547,0.9731105868758332,41.409846771672676,691.4560546875,1.3,3.0,56.00152773951249,38.56488827641822,138.03155956248918,0.989740858822535,71.05045730245081,976.9873657226562,1.4166666666666667,6.0
4.0,271,31.28693057299284,23.685966949680346,119.67814034181325,0.9918536246593348,63.967896590394844,616.0993041992188,0.35,1.0,26.169681069692267,24.336267005592028,139.08783020253335,0.8695849755392622,92.61886316876883,867.9895629882812,0.3333333333333333,6.0
4.0,272,26.572540381632496,23.11220203375859,121.0422897600153,0.9747542321761623,67.20273359596746,617.6510009765625,0.38333333333333336,3.0,27.336684449011603,25.428499025260866,144.62300454584252,0.9330536956737693,122.36438392058773,833.096435546875,0.43333333333333335,6.0
4.0,273,26.830588589853882,19.978505911286355,121.22343699809967,0.9587276070515137,54.38527408359562,568.2171020507812,0.43333333333333335,2.0,26.256570557462357,19.82338052868595,143.13005412136846,0.9648059105486254,101.02971796028612,782.0167846679688,0.4666666666666667,8.0
4.0,274,26.64935173446677,20.64888123634148,119.67477386542213,0.9893837757712909,64.72914840528688,576.1709594726562,0.36666666666666664,1.0,25.259328620566443,22.29774117069277,141.71973731752666,0.9783004406156917,94.63168027724919,785.7432250976562,0.43333333333333335,4.0
4.0,275,26.198726936509352,17.553009820348407,121.17739400978122,0.9794803339470485,64.39310679505496,555.8580932617188,0.4166666666666667,1.0,26.74132426865142,18.774151729327745,143.1047692870868,0.9189159427967297,110.41256984670014,857.6884765625,0.48333333333333334,3.0
4.0,276,26.498308277560042,16.555405583938217,120.18392662206718,0.9789341239922261,65.9465942660529,520.7349853515625,0.45,1.0,26.846441899418522,17.173995681990274,142.41979321625257,0.871313368999072,95.86847682430289,825.230712890625,0.48333333333333334,8.0
4.0,277,25.155490846145582,17.23818172007154,121.9151389982346,0.9896808796559633,63.67447398502577,532.8876342773438,0.38333333333333336,1.0,26.971925378573573,17.678212864530913,144.994943376432,0.9419758111163886,107.419067225552,780.830078125,0.43333333333333335,6.0
4.0,278,24.93523788308275,19.94611955232389,120.68178655571242,0.9879538390769078,56.00311990723583,502.7720947265625,0.4,1.0,25.465717190440245,19.884641485242508,142.5419122160425,0.8325197177491496,89.77805525377136,681.6248779296875,0.48333333333333334,6.0
4.0,279,26.271514810165073,22.273582459594298,119.92391222484949,0.967470668232756,66.9098008573738,576.8091430664062,1.45,2.0,22.624477712646016,24.957215192134043,138.1541014559757,0.9177717279192685,93.71745950654969,806.2356567382812,0.43333333333333335,11.0
4.0,280,25.02061760666473,17.741995885791937,119.29638434753217,0.98585811949626,58.394960449316216,526.6826171875,0.38333333333333336,2.0,26.194726625138433,17.690408435289655,142.66747402045104,0.9752573653889495,94.21566856907305,742.37451171875,0.43333333333333335,5.0
4.0,281,24.799381446144498,17.204166236606763,120.33402413248541,0.9907735886018919,52.128249146817325,556.8375244140625,1.6666666666666667,2.0,24.668362110481194,18.825089362747544,142.59721817267177,0.8816625405832286,87.09220577346315,744.0255737304688,1.6,6.0
4.0,282,25.058233294737647,19.88550132781549,121.96085803674788,0.9861993022729892,62.99216385622799,574.2166137695312,0.4166666666666667,1.0,26.337797916185604,21.116283416038655,145.8838923214074,0.8593618586605933,97.55714482834918,879.027587890625,0.45,7.0
4.0,283,25.597532810346625,20.48166901950625,121.81805443157666,0.9882454903785769,68.4176976669795,572.6423950195312,0.36666666666666664,2.0,24.43133265782939,23.00890489720764,142.90200427319735,0.9308304074306596,106.08925438157854,791.7123413085938,0.4166666666666667,8.0
4.0,284,25.91475891064642,17.72039341971613,119.39846289161608,0.9877313484791485,49.81472825392132,494.9287109375,0.4666666666666667,1.0,24.82485848668416,16.80734581796076,143.09567495822185,0.8914942775547915,95.00680829849387,712.5455322265625,0.48333333333333334,10.0
4.0,285,25.166453294073545,19.027147558200188,121.86512997930451,0.9739586037488388,62.277353079901445,554.3258666992188,0.4,1.0,25.664553830336367,19.336692696371983,144.4682080276145,0.9400863551012311,104.06927480227438,845.9241333007812,0.43333333333333335,4.0
4.0,286,28.059762222181256,22.592541026729762,122.53455443021382,0.9818467691550524,61.06393051655971,538.514892578125,0.4166666666666667,1.0,25.261159863311264,24.950805822185206,144.11596869337572,0.9426705039934199,98.15315212952811,795.4303588867188,0.4666666666666667,5.0
4.0,287,27.765616114211383,22.035084778256337,122.3867469212471,0.9862927151300709,66.62524924834372,526.3493041992188,0.4,1.0,26.14581871047556,22.30242627083261,145.07331760173577,0.7351903965827092,105.8725748883208,742.5526123046875,0.4666666666666667,6.0
4.0,288,27.254620221064002,22.459137714868724,122.30321490404695,0.9898686241880273,52.100725444038005,525.3209228515625,0.43333333333333335,1.0,26.24744220343932,24.0414876078212,146.61440937095156,0.932937857265522,92.00807105409524,784.2549438476562,0.48333333333333334,8.0
4.0,289,46.086749300647035,34.65910387800276,120.93942790892339,0.9803705635217942,70.24347782196145,656.2225952148438,0.38333333333333336,1.0,51.86216477478967,35.7506381437968,143.25541730768828,0.8361845299211167,124.33214056248659,960.0614624023438,0.43333333333333335,8.0
4.0,290,28.19581832608133,26.231553985820415,120.50654580515966,0.9529046626349833,61.02689998885097,647.6157836914062,0.35,5.0,24.7864161185718,30.341076220178206,139.1377716484322,0.922331748508678,108.45123213655029,1059.6256103515625,0.4,6.0
4.0,291,25.784764058371405,19.080450672544433,121.88884396762947,0.9827319609033036,59.47505277914473,608.0470581054688,0.45,2.0,27.917620568295032,19.606702607237892,145.50772324452623,0.9234104899834906,96.76912347132344,802.5686645507812,0.48333333333333334,6.0
4.0,292,25.092549369961805,16.968453759083772,120.54416576648093,0.972713363086599,67.04705983600377,594.2567749023438,0.45,1.0,27.330312529520107,17.410784703794924,144.39701488118945,0.9350833374490619,102.03723635714283,782.8748168945312,0.5,7.0
4.0,293,27.346639737122857,22.190214929286174,122.12669544626402,0.9866041515378005,50.726030154231694,499.6044616699219,0.4,3.0,27.856038209146917,23.895236910868658,147.0340448928157,0.9721273890402209,92.7977139234278,800.7901000976562,0.43333333333333335,7.0
4.0,294,26.24704028512914,18.1086764991455,121.42924350418019,0.9837287645865597,76.37308765977423,580.7630615234375,0.4,1.0,27.540918413342947,18.552169894905123,145.05615425975623,0.909691540209235,112.63634576508935,803.212158203125,0.43333333333333335,8.0
4.0,295,24.543571663647384,16.634164898024054,119.85543659401775,0.9762913897236327,66.34321999226586,538.0777587890625,0.4,2.0,26.003621276294016,16.116635775495197,142.48680461335826,0.9314569069498024,107.85397284418991,774.4000244140625,0.43333333333333335,8.0
4.0,296,25.347152805243947,18.679304338282115,122.81638747313826,0.9925300565467924,57.6527584024268,546.7736206054688,0.4166666666666667,1.0,28.83859783076912,18.61162050667849,148.67093402151465,0.8761707287809454,115.01392788919873,760.2891845703125,0.4666666666666667,6.0
4.0,297,24.264967719536806,19.164398117718907,120.588008654187,0.987022377173362,51.982359725267884,511.68988037109375,0.45,1.0,25.716256515237216,21.180367658748608,143.34493108461848,0.8994634720243894,99.87049233000164,805.1734619140625,0.5333333333333333,8.0
4.0,298,24.553644028586202,18.48872718658561,119.22100020084584,0.978324271918213,58.27630631972767,546.8150634765625,1.3666666666666667,1.0,23.729860393279086,19.510601672091354,139.4609678277744,0.9553192043327259,91.93118328317439,709.4058837890625,0.38333333333333336,6.0
4.0,299,24.38868470951684,19.822501949532196,120.63181709168185,0.9772040533089359,56.73301805331505,557.24267578125,0.38333333333333336,1.0,25.79936718125411,21.45986267007914,143.15343136711516,0.9304140152652853,102.08305968611882,882.2532348632812,0.43333333333333335,6.0
4.0,300,24.120499461567565,18.229131536375615,119.77191061133152,0.9858085466867128,44.91311779953662,510.76788330078125,0.43333333333333335,2.0,23.67799421897857,19.661776991550227,140.61180220163192,0.8587831427009657,82.9300565335322,775.0638427734375,0.48333333333333334,8.0
4.0,301,25.726548046128034,19.223082142497546,121.1369698777859,0.9883449088395905,55.08830348431587,546.4234008789062,0.4166666666666667,2.0,23.77804829104715,21.647314704683883,142.08318099021653,0.814796225496661,93.79235842025082,732.7076416015625,0.45,7.0
4.0,302,25.708256038715284,21.60277959782467,121.34542377751522,0.9805372202535128,63.01892513700892,597.6798706054688,0.43333333333333335,1.0,24.72874668796026,25.002961614747708,144.63239534017362,0.942279695373642,96.62257479555137,792.17333984375,0.43333333333333335,5.0
4.0,303,23.268643347189954,16.623615636588035,119.02464233400487,0.9910527899089105,43.420564168045814,474.35919189453125,1.5,1.0,24.354244828008454,17.435467023051075,142.54434653311495,0.902919061360685,86.85103697339088,602.673828125,0.4,7.0
4.0,304,24.40777810911085,18.05786563469174,121.81260812690789,0.9883290601784628,42.70170022885878,495.78350830078125,1.6833333333333333,1.0,25.257242047234335,19.58440836155456,145.5452532571436,0.8890707461988611,93.9220505970917,670.1849975585938,0.4666666666666667,7.0
4.0,305,27.24136813502859,24.230083846543458,122.42551380779965,0.9869441065213709,54.95178995920156,568.2789306640625,0.4,1.0,27.09610484660449,26.722952481210893,146.83904969920397,0.8441074928283202,109.37233565220339,744.9691772460938,0.48333333333333334,4.0
4.0,306,24.93910775118869,23.431561326480544,122.06074401255805,0.9903022715138852,51.116033221318276,518.8746337890625,0.43333333333333335,1.0,27.055545352969162,26.216803983156172,146.21911236170365,0.9113760475197594,98.28682065764497,780.2559204101562,0.4666666666666667,7.0
4.0,307,39.79986532929514,37.663258085192766,122.58725152242093,0.9622248198088704,56.092569520684776,685.0713500976562,1.4,4.0,42.39373272497649,42.77830596935972,144.98359545312587,0.9812785198727587,92.72877030820439,938.6666259765625,0.35,9.0
4.0,308,24.54133021472371,25.859047215430515,122.44015818549293,0.9480395781071728,138.44673588281466,656.8290405273438,0.43333333333333335,1.0,26.366704791839176,29.40262786355389,144.68197592052155,0.9760496500472217,78.03600698490584,739.7106323242188,0.31666666666666665,9.0
4.0,309,25.83365152425226,25.593505697663037,122.07511952863089,0.9537113588266776,48.451115410132104,656.8004760742188,1.4333333333333333,1.0,23.337522858774978,26.94795390555365,142.61362037392522,0.9746660150669556,77.66829786769222,727.8715209960938,1.6,5.0
4.0,310,26.834553004812804,22.014828679885234,121.82453799140377,0.960125248019189,75.40141751696467,536.2468872070312,1.75,2.0,24.12861523970816,23.068311262355852,142.90910238393408,0.9671315803152624,65.94490677818101,603.5261840820312,0.2833333333333333,10.0
4.0,311,27.656144804685095,27.42679056360562,125.07239142731453,0.9699456237069335,58.88744761600606,604.8792114257812,1.5666666666666667,2.0,25.953410443544442,30.503479572645638,146.38889321595502,0.9837962507754241,99.89081954382357,677.156494140625,1.4333333333333333,6.0
4.0,312,33.68246811590576,27.505063294459255,125.78562615136192,0.9824831517916262,48.5961942113056,580.0072631835938,0.4166666666666667,4.0,30.417620921679884,29.16648660270512,148.85204004177248,0.9439361356200846,83.91345743554609,668.669189453125,1.5333333333333334,9.0
4.0,313,30.07759430849682,24.689777387763705,119.5259996269836,0.9148728259577386,48.58309982364972,681.584228515625,0.36666666666666664,1.0,25.68087698124206,25.161979412184596,141.88463942957952,0.9721071665176741,78.60907349887185,1068.8934326171875,0.36666666666666664,6.0
4.0,314,33.90847475251359,28.30401058429289,120.99798191050432,0.9646938245119969,59.75256677230959,659.1044921875,0.38333333333333336,1.0,28.390872246435723,28.362336536755784,142.43914886559818,0.9809238538674597,78.26448191104191,884.5264892578125,0.3333333333333333,7.0
4.0,315,34.3053247645894,32.571857100947916,120.93716872734144,0.968750629353617,57.43872910017501,685.4677124023438,0.35,1.0,27.3798313751792,37.63533247936589,142.39174746671586,0.979935272548013,99.92155094272249,892.5449829101562,0.36666666666666664,8.0
4.0,316,43.320525911183815,45.32715377267885,145.79670191551205,0.9946892313333878,109.81358017635614,708.8134155273438,1.5,5.0,56.363728437030254,51.386774426111174,147.09669050050545,0.9802340287685603,91.98103934448255,853.2236938476562,1.4,11.0
4.0,317,20.47810372896768,26.536761586346984,142.53078281864296,0.989925327537785,92.23679206715047,574.241943359375,1.7333333333333334,3.0,23.540840150420987,24.84772168358584,145.20444808302273,0.9870405811386939,75.38055544848021,875.8232421875,0.38333333333333336,5.0
4.0,318,21.32405675099407,27.340732434222303,144.05489693156298,0.9866741764944316,93.52577781286243,635.5493774414062,1.6333333333333333,3.0,22.22112467790499,25.990586558213806,143.28708437448665,0.9570769510863306,80.39049088816284,780.3126220703125,0.36666666666666664,6.0
4.0,319,20.612812346273714,26.42062181142784,142.20864243201993,0.9363980800425855,453.2620767900414,601.5220947265625,1.6833333333333333,2.0,23.258697414928555,23.122088590015373,142.72346751225194,0.9693527627038621,101.1220620805824,693.4178466796875,1.4333333333333333,7.0
4.0,320,21.86738857657895,33.54173966273441,145.6656918201064,0.9892749722579534,92.82768349226615,545.1458740234375,1.6666666666666667,1.0,27.605445617366698,34.74599606765159,147.27161493999742,0.9772731010558144,105.29288574808447,678.9683837890625,1.5333333333333334,9.0
4.0,321,24.786735755462203,26.392202595331472,138.50211851638707,0.9705748815864963,90.76733562550487,638.4138793945312,1.55,2.0,25.578771589015425,23.942672581950674,140.65329777353443,0.9788368664881915,81.61480054011633,866.2512817382812,0.36666666666666664,4.0
4.0,322,26.811502423576414,26.047925857151938,139.82570173856683,0.9983002529968588,114.928841916321,640.4849243164062,0.35,1.0,26.72232826383085,23.82622060862357,140.58969192855497,0.9644666066151798,91.66059906717379,965.781982421875,0.35,6.0
4.0,323,26.791131958600925,32.73069800904536,139.84508896334705,0.9925409296710442,104.37054808795921,675.4885864257812,1.4666666666666666,2.0,27.94389905887101,36.41985354028095,142.4548338290138,0.9737938047922323,90.96758487678585,913.87255859375,0.35,8.0
4.0,324,25.774964080525127,36.067968877237796,140.55785013167107,0.9954041953363434,95.59127088410378,696.5851440429688,1.4666666666666666,3.0,32.86113565272451,37.285859826698484,141.6215458627891,0.957089686533069,80.21429906954864,921.5861206054688,0.36666666666666664,5.0
raw,0,48.905240354166246,47.749697563676726,117.13784630706229,0.9139711925792887,30.190471925625957,321.3590087890625,4.983333333333333,9.0,52.18914070736503,30.562010822470782,136.4660928373672,0.9310815877852078,40.21194488888824,358.2603759765625,4.983333333333333,21.0
raw,1,55.0081669900429,52.18147522542418,112.68667296689391,0.901810776356388,51.5700900045519,405.4022216796875,6.416666666666667,9.0,58.4578475261533,37.69239099648843,126.9168081115869,0.9081596209331295,50.57912388354424,352.2305908203125,0.5,18.0
raw,2,58.81612192370089,59.55619169784205,113.11888699246009,0.8504075892823203,35.737642813584216,392.96417236328125,0.48333333333333334,8.0,64.48865754151038,51.38438084912956,127.8864975421742,0.924312296513589,43.32161487555453,410.67279052734375,0.4,17.0
raw,3,51.49532894853948,46.10740254899073,108.06555600701603,0.7168801131654414,36.63056008106878,474.0290222167969,0.35,4.0,54.47085683907976,28.76243431174122,125.60122126929795,0.8217919763450608,53.923555865929416,469.97930908203125,3.183333333333333,14.0
raw,4,64.06038405930373,63.274372485419725,109.78514555580269,0.7895516539669855,34.07549688439019,452.37969970703125,6.2,6.0,66.03032425905293,54.965122873593614,127.81747751401954,0.8445887702719552,34.911505308354265,415.8880310058594,6.2,15.0
raw,5,67.3926100836394,71.14125922594278,110.4214360648825,0.8520248097457349,28.358025345480655,577.3479614257812,6.216666666666667,8.0,72.45400712045227,67.78057226486516,127.25466551122156,0.8916342729009888,28.57140011796872,512.18310546875,6.216666666666667,14.0
raw,6,62.752547138798995,60.938265022009745,109.87057207983378,0.8681098254588872,39.29443683908573,578.34130859375,5.433333333333334,5.0,56.09754915318435,57.685255908074325,124.85259998211413,0.9128284842724101,47.49638797505298,486.1647644042969,5.433333333333334,11.0
raw,7,63.88257669009412,63.30037311096054,108.45811505852333,0.9029396152980289,30.83630298208959,507.580322265625,5.266666666666667,4.0,69.66203034509672,56.08213523619119,125.01841075885686,0.9313546679163531,52.42523516758297,426.4574890136719,5.25,11.0
raw,8,61.668727762475946,60.54668897078816,110.97038301552719,0.9143608116023433,35.055772398915224,534.3051147460938,5.666666666666667,5.0,65.24340311636755,50.344956443487085,128.15065880125942,0.972724457756752,58.819357824647795,453.2946472167969,5.65,11.0
raw,9,64.22330944794868,62.07196451477338,109.44874487143593,0.8179595135082232,23.84310446890396,399.6356506347656,6.116666666666666,7.0,64.10618392788787,47.931271419164204,125.44324179253795,0.8571549717410584,44.25365556948407,458.4676818847656,6.116666666666666,14.0
raw,10,58.74930634271396,54.955132664090996,114.90347953112949,0.9390867594916205,44.05429340488496,476.0071716308594,3.1,8.0,62.85540570514573,42.480404506339546,132.18566980173233,0.9597489813685586,48.7078181168053,459.00518798828125,3.1166666666666667,13.0
raw,11,62.73075053249825,60.90926789732741,106.5690442997172,0.8383410168937483,27.916324224844402,486.7506408691406,5.733333333333333,8.0,66.64129376335389,52.62377572491348,125.27342461530415,0.9442386544675994,37.95381114127565,418.08624267578125,5.716666666666667,18.0
raw,12,56.76996853247563,55.739995463540744,116.05271015756762,0.9640090731885288,35.901164188641985,500.10577392578125,3.6333333333333333,8.0,58.67398610737219,43.910046466653924,130.40478801668752,0.9763046792858358,47.04844286163791,405.73944091796875,3.7,18.0
raw,13,58.595119116111455,53.72690422618288,110.67856126177378,0.9216768289164609,40.43918448897699,532.099853515625,7.033333333333333,10.0,60.35302081988829,38.39144935841368,129.90193348913252,0.9488495140676911,50.25743320618403,535.7880859375,0.35,15.0
raw,14,64.42381695026926,64.6379263550955,113.35824701345283,0.9207670579374655,28.83401591921995,647.123779296875,7.2,12.0,68.5870615007324,57.3366287632474,128.93144716967444,0.9391022356158202,43.867582714891284,551.78173828125,7.166666666666667,21.0
raw,15,48.83928727958903,37.55660332384508,113.72744965779614,0.877536554111951,33.50481703775728,403.2809753417969,2.9,4.0,49.13545226234629,16.397517600196526,128.62361002189803,0.9024194684362905,48.36608614728988,385.13641357421875,2.8,9.0
raw,16,46.27418793491249,45.70474372774747,115.30284273252057,0.9396289985405282,39.57800223989949,349.1789855957031,0.36666666666666664,7.0,47.259457575804916,22.181014393796758,129.70599465580685,0.9409978002874116,40.72474653617178,379.0548095703125,4.35,9.0
raw,17,64.82631666410215,63.92036277409079,113.85317823647398,0.7736927612384078,35.62562329434883,494.40240478515625,6.666666666666667,7.0,66.49686629665224,56.24515374313599,130.68905568151084,0.8582904746802037,40.0884918310237,479.72137451171875,0.2833333333333333,18.0
raw,18,64.195973929527,64.13563127260963,116.47707953405595,0.8710829936900688,31.81823807497949,384.3023986816406,3.5,9.0,59.90111196850776,51.367782000246294,133.15172298822054,0.8859275288581231,43.3091508719005,445.8549499511719,3.2666666666666666,18.0
raw,19,62.233478344912406,63.40496062105408,111.60841093003333,0.8327712935866785,21.510831508577155,504.47003173828125,6.0,7.0,53.272220654349255,58.93639322767723,128.8412088899205,0.9207324688372431,35.93512858375021,446.1994934082031,5.966666666666667,10.0
raw,20,71.18927531124504,75.50626245424385,109.36341099637983,0.8323102648974643,28.19013218776604,387.44281005859375,6.583333333333333,8.0,81.09212130149947,79.02310732106932,125.65959355445322,0.9291776066719896,38.418078769482236,478.7314147949219,0.26666666666666666,15.0
raw,21,74.00055515878017,78.02698399456854,107.04710698637557,0.8868636970141074,25.562107202682967,535.5961303710938,6.633333333333334,9.0,80.85148110850196,80.1723834976162,125.64632150038817,0.9466920125689191,45.95919331954008,413.26171875,6.583333333333333,18.0
raw,22,55.39201399075616,54.05491536656002,118.1711176031142,0.861046405328515,31.12169106738179,424.01702880859375,6.866666666666666,8.0,59.33466991855673,41.770842470295825,136.64999905454573,0.8793577758786291,36.67969118548541,450.9643249511719,0.18333333333333332,16.0
raw,23,62.186839296932504,61.693406524093426,109.20274923539368,0.9698012686038429,39.63612388653701,457.0780334472656,5.1,8.0,65.96811621886296,55.81463196872171,124.10763760690406,0.9828979260767895,54.92514346409877,440.3933410644531,5.1,14.0
raw,24,63.0594299260553,65.91568955865682,108.02003871814352,0.922948231294236,37.952976816924604,458.1949462890625,6.633333333333334,6.0,73.09140854299679,67.08546270435338,124.53594450831206,0.9704575330358544,45.63574963221015,401.0926818847656,6.616666666666666,12.0
raw,25,64.56962310532374,64.42744602601866,113.25878960188048,0.9086035646111159,36.111898063892625,399.0500183105469,5.35,8.0,71.51673667596151,61.238409706702896,129.09621643549772,0.9562653828946976,50.38252863676149,454.53887939453125,0.23333333333333334,15.0
raw,26,63.80452461339105,61.47195528895672,110.63171873797825,0.7941219542912572,29.187997142113602,373.38525390625,2.316666666666667,8.0,67.67860851565152,56.78048299788097,125.45535020014619,0.8637636754292295,35.587191142157906,409.885009765625,0.2,19.0
raw,27,41.30083109167737,36.747319915045644,128.77278277943947,0.9300436599401785,20.40410513493981,483.72894287109375,3.1,8.0,43.13905012804046,17.551083915247403,148.60973770674258,0.989841794802654,37.919700115412525,577.0200805664062,3.033333333333333,12.0
raw,28,63.088033057774496,61.865078417730516,117.31333010301034,0.9068697391293835,27.41021955947133,453.9200744628906,7.7,13.0,64.55039952948597,54.66280491164322,135.12415398311123,0.9239975326353645,36.025245120250986,434.18890380859375,4.516666666666667,17.0
raw,29,58.95079030114843,59.550950456985014,109.66726498860545,0.7915663317511324,33.339042621330464,490.2601318359375,5.233333333333333,7.0,63.952854669926786,52.8281670999814,127.03869819998242,0.7792575583309784,41.88248293507314,454.5902404785156,0.2833333333333333,11.0
raw,30,58.15705997011324,58.641334578026864,113.14674402275429,0.9440934555834966,29.815135075565706,455.56243896484375,3.283333333333333,9.0,65.54676012884242,52.01174833040691,128.97973823869162,0.957421291741605,47.593964816640835,347.2393798828125,0.26666666666666666,14.0
raw,31,67.82808524890201,69.32234450104605,111.91291552777787,0.9330085602624384,25.13373975949378,381.3330078125,6.566666666666666,10.0,74.78099304626961,69.28791508595793,126.99563613565356,0.9638801518029789,36.56425921491092,507.82012939453125,2.75,14.0
raw,32,63.92247462146683,60.50429574949168,110.85191412088304,0.9465233872215405,35.72333691508703,368.1357421875,0.26666666666666666,11.0,68.52732877773872,54.190945173404685,128.17685882696105,0.9454530065744836,37.90084182769135,440.70330810546875,0.23333333333333334,24.0
raw,33,63.06342074014105,63.36896595931752,112.69806545101699,0.9552772200275951,22.67055243491967,412.0426940917969,2.4833333333333334,9.0,70.44877865536448,63.69394270821454,128.10161310513556,0.9852911140843099,35.8030541253936,363.5845947265625,2.8,17.0
raw,34,49.94790935463966,29.14380139586367,136.78090530877958,0.945880215576872,108.06381679307435,560.1790771484375,0.35,3.0,55.539078585417904,26.82591345730588,148.9462678816291,0.9564499127401153,122.74628925382274,605.4000854492188,0.3,7.0
raw,35,54.581080186082175,32.96864015869827,137.1018642034488,0.9453474470383405,93.98887868900658,593.50927734375,1.6,3.0,57.46245749948564,27.882218935156935,147.38179284358657,0.9649331049543317,87.07323115914988,615.7950439453125,1.7333333333333334,6.0
raw,36,51.1657346730131,30.699340817872155,138.48591805653592,0.9477736164896646,98.1322551526739,545.7247924804688,1.6,3.0,54.93905054704547,28.401403909643715,149.5138887185343,0.9623730722037729,113.3177937430952,602.74853515625,1.75,9.0
raw,37,51.10104953595404,29.29270586544293,138.5515818570725,0.9495624321540188,105.94564904481217,545.0824584960938,0.3333333333333333,3.0,57.314698586478514,25.353320356571686,147.99300149397632,0.9660703496547771,114.1975587940675,626.1190795898438,1.7166666666666666,6.0
raw,38,57.112782452856244,35.46700507295925,141.3115941018729,0.9198607869699079,114.93127382676022,543.7457275390625,0.4,5.0,61.14034073192819,32.98133598333559,154.21184386632558,0.9389735559125584,124.73783432619996,610.512939453125,1.7333333333333334,9.0
raw,39,47.15430731205264,26.401231337794897,143.00525505398065,0.9402989712924663,99.28987786040892,518.4862670898438,1.5166666666666666,3.0,51.81462802016769,19.130474045907242,155.19693978748586,0.9496397966674454,106.28530314205335,547.9293212890625,1.8,5.0
raw,40,49.14237919600999,29.2458517802048,141.75682959949137,0.934850843354182,116.55120205858253,543.3016357421875,0.3333333333333333,6.0,54.947363539984345,23.86078506068655,151.97518574198244,0.9530478495483936,139.0074288120033,600.5955810546875,1.85,7.0
raw,41,38.5260040043529,22.526848497765652,140.0080626083005,0.9425126769512061,115.20725638494412,558.5769653320312,1.5,2.0,46.2956462382235,18.34532166109842,147.0171510171773,0.9675241029826519,111.94412655161727,629.3743896484375,1.6333333333333333,6.0
raw,42,43.61530663833493,24.092136778643244,140.95907633121027,0.9389170486838044,106.64659448827393,546.9267578125,1.4333333333333333,2.0,49.55929444234433,18.57049145769198,152.22537628402188,0.9590878116914705,136.34304354371608,624.4371337890625,1.6,6.0
raw,43,41.25843417200148,24.53941489386704,141.48701585853124,0.9473262614410335,118.65920101903868,573.6630859375,0.35,2.0,45.06322794842649,18.024797374764045,153.0304216789583,0.9565681732008429,127.1778689305475,607.2718505859375,0.38333333333333336,4.0
raw,44,50.11560928451644,28.407412796385678,141.641058373931,0.9437754651116219,98.78799101732909,583.3749389648438,1.3333333333333333,4.0,54.83056987505873,21.88022848700675,151.98668639907493,0.9604886995755959,125.95502503148396,606.5068359375,1.3166666666666667,7.0
raw,45,54.973677789863146,32.760222712744124,142.8420364696164,0.9535739500498901,91.31174670745793,489.8724060058594,1.4166666666666667,3.0,58.39944977821774,28.23775341212472,152.06698123939046,0.9674297989695956,91.89066319365196,524.1663818359375,1.3833333333333333,10.0
raw,46,50.53560170397311,29.47463803253212,139.82550558090753,0.9431210581747155,94.27601809173012,547.0296020507812,0.35,2.0,55.54831603821439,21.68797662848342,151.33977584375168,0.959867402614849,99.88067984420326,673.549072265625,1.75,8.0
raw,47,51.78502994821699,31.17777245968868,142.92282043127452,0.9182035264373066,89.4481119211676,551.0272216796875,0.31666666666666665,5.0,56.35751137670731,23.99870999618602,154.42708465466535,0.939477932388447,90.62870074997534,625.0140991210938,1.95,7.0
raw,48,46.54261292374225,27.33070226293366,138.98875543699438,0.9452832106363451,104.8368080504386,550.47412109375,0.31666666666666665,3.0,49.582541649529176,20.10356281113336,148.60351480618246,0.9630582404969059,92.63927183940581,595.3824462890625,1.7833333333333334,6.0
raw,49,41.720175822895705,23.450926109552316,141.4680289736932,0.9576109531423692,110.76048260639965,646.1363525390625,1.4666666666666666,1.0,47.71740740979321,18.6968701523066,154.5780973148082,0.9667881744257657,105.52445570287205,712.3678588867188,1.5,1.0
raw,50,49.49777913123873,29.5436080159425,142.2514825814652,0.9612920682730994,111.02136708066553,516.8963623046875,1.4833333333333334,3.0,55.12138261355362,22.57433053335398,154.2831059440201,0.9575519991143643,112.20317922002522,542.6651611328125,0.2833333333333333,7.0
raw,51,45.295362535700846,25.072408542120883,141.29058123205456,0.9479128443475715,101.08630258579012,535.34228515625,1.7666666666666666,4.0,51.20400688953695,18.7726774576322,153.74410443613866,0.9556910337409324,117.93127836686892,616.4080200195312,1.8,8.0
raw,52,50.014124970859214,26.05105814524741,135.2256455669568,0.9449045481773567,96.74297630961917,573.3468627929688,1.4666666666666666,2.0,55.46751584796172,19.205285817509612,149.29012341110143,0.9557635198597964,128.31583103703736,599.3070068359375,1.5833333333333333,5.0
raw,53,55.77935831904069,36.632724194425066,141.06605526047503,0.9296032555154481,100.09775479664597,517.98876953125,1.7666666666666666,3.0,60.78401342947733,35.996654200345766,151.53183431517465,0.946476501797408,136.62687705174136,596.4844360351562,0.31666666666666665,8.0
raw,54,57.58891259710502,38.41229362754856,138.06332503398178,0.9297031577890033,107.11836238367994,554.1201782226562,0.31666666666666665,4.0,60.34301422370088,33.30874324650429,146.38574881877844,0.9705145400563293,95.0848093932035,643.439697265625,1.7,9.0
raw,55,53.947875082424346,34.606487778300185,138.75813658750621,0.9664111422812394,94.39644866633216,531.69677734375,1.6,2.0,55.12761123691233,30.272745168712383,148.48637411504956,0.9773632304546599,80.71772211831956,604.71630859375,1.65,8.0
raw,56,51.75381295626133,33.39689711708937,135.75957149542236,0.9225637677380745,118.68735036107637,583.5879516601562,1.4666666666666666,4.0,58.171263320246766,30.384182156628455,148.20086663374832,0.9437316443125155,132.08142339404247,577.9803466796875,1.5833333333333333,5.0
raw,57,50.58669512024773,31.03209455636997,136.123145356356,0.9499315204876904,118.28374238400698,586.1401977539062,0.3333333333333333,3.0,56.02775093250141,28.443861920072035,148.3273596101332,0.9641707010085484,132.79479584293767,652.4436645507812,1.5666666666666667,6.0
raw,58,52.17118415707569,32.86210914623755,139.94910343416228,0.9624580573116459,85.0709096552427,569.2796630859375,1.5666666666666667,2.0,57.107398057808716,30.03410009795757,152.25708183430353,0.9744538696853358,87.34823763988345,585.6898193359375,1.7666666666666666,8.0
raw,59,61.17348053428989,46.848292242370846,138.52369226272467,0.9127330580846195,100.51504244625164,550.0775146484375,0.31666666666666665,5.0,64.83571762729628,48.533059408550855,148.7896605805559,0.9522331322587368,118.48354601430657,586.2908935546875,0.3,8.0
raw,60,54.54898513952174,36.23699108378851,137.89268289578155,0.9375686768954324,103.09785203549552,530.7578735351562,1.5166666666666666,4.0,58.11716386065825,33.844287098212675,148.66094997376558,0.9501502269512146,124.28761068374371,572.0325927734375,1.6666666666666667,9.0
raw,61,43.22467841648865,25.119110372719163,140.23135555786172,0.9327677422703555,94.25666470594251,638.8700561523438,1.5666666666666667,3.0,46.84857340561521,18.512945905798535,152.89838766987265,0.9472127853667092,106.03861116638228,656.696533203125,1.65,3.0
raw,62,46.52826671030456,25.366327059126093,140.13716659875365,0.9586617188179615,89.64631192745856,609.978515625,1.4666666666666666,2.0,51.47843738711154,17.027852359824546,152.7543678406661,0.9677964114705908,87.23219677853137,635.2555541992188,1.6166666666666667,4.0
raw,63,48.35844909150138,25.93830708649215,140.15515155158445,0.9503669332957861,103.19915688501197,614.814697265625,1.2833333333333334,2.0,53.21343551181068,19.09089538186545,152.7544177095329,0.9632103055956949,103.4128901167378,663.896728515625,1.45,4.0
raw,64,51.38788716038085,37.716142300037625,127.73673492969236,0.886413714974002,93.84811055235303,736.9075317382812,0.2833333333333333,2.0,31.501347829110944,39.91837247257699,130.57255095795477,0.8748167720929646,109.95841494654115,758.1080932617188,0.3,3.0
raw,65,53.68121914053033,43.18333233981671,129.53435032336847,0.9450478930226021,133.87987290588057,894.55712890625,0.35,1.0,32.06887258440127,42.72657393892739,131.18868375521492,0.9786306941929527,138.93064664835833,861.6476440429688,0.36666666666666664,6.0
raw,66,54.59996534146299,43.4439253366051,129.44505214747574,0.954678458307352,145.44174383775726,877.458984375,0.36666666666666664,1.0,31.21519899989619,43.32276186342571,130.43871115712986,0.9857336202192276,123.78363356504366,801.1151123046875,1.3333333333333333,6.0
raw,67,53.893936564904195,39.68536891564747,127.88563664445144,0.944749465259126,150.11490429073717,915.7451782226562,0.38333333333333336,1.0,31.81765833164285,39.569813245937254,132.04273305599378,0.9747031310408822,148.7562667191537,899.0390014648438,0.3333333333333333,3.0
raw,68,54.66609894025829,38.271613556788544,123.85366387171743,0.9584679719753736,129.1836659655607,860.7540283203125,0.36666666666666664,1.0,32.87586804162601,39.44891053556756,126.92104791237266,0.9609754160494397,98.10867756970822,802.8060302734375,1.3666666666666667,2.0
raw,69,51.64468485259743,32.70070509727672,128.47189231125336,0.9385495909192313,158.86902115939534,921.3753051757812,0.36666666666666664,1.0,31.377978789083215,35.18569186464288,131.31403984158766,0.9608982439893251,152.84840910149114,935.9678955078125,0.31666666666666665,3.0
raw,70,51.130190740821945,31.48411582460842,130.0227010827171,0.9385266391244234,108.17806246237723,725.3632202148438,0.4166666666666667,1.0,30.949088564089248,32.981125987853325,133.21673020633335,0.9784451198962276,100.97616744293106,739.3089599609375,0.4,6.0
raw,71,51.73237782711882,34.0504519684729,128.24439021049932,0.9338988953632589,141.82636246100202,826.2156372070312,0.38333333333333336,1.0,30.601176458136926,35.73424822152792,130.33296165508162,0.9576755360319973,147.37855717458586,813.835693359375,0.3333333333333333,5.0
raw,72,48.42139745851193,28.555402514095864,128.40720214265193,0.9546543698824115,137.35022869955657,882.8135986328125,0.4,1.0,31.371363453489973,33.63065821148426,130.92177675455451,0.9773191588071652,118.33786770658946,814.196044921875,0.36666666666666664,4.0
raw,73,51.92500425097975,35.0130332021373,130.58945947097268,0.959148599139913,126.75285042404596,785.7626342773438,0.43333333333333335,1.0,31.995622068061298,35.74753201070896,134.13558072519098,0.9945211623426499,121.65297530341462,757.1153564453125,0.43333333333333335,8.0
raw,74,55.14341586874759,39.07318832393532,129.11884514786436,0.9639280984613068,110.89274043316578,737.9176025390625,0.45,1.0,34.39138408497194,39.16761357064404,131.75802914654597,0.9836629902285299,98.17443530947827,707.2639770507812,0.4166666666666667,7.0
raw,75,56.45358824545079,40.489666279002975,129.76773966118733,0.9419445466927918,129.73086553946928,819.22998046875,0.43333333333333335,1.0,36.06406830137932,40.670439763641205,132.45280804464684,0.9715995080159682,115.55782298210488,796.2953491210938,0.38333333333333336,7.0
raw,76,54.2486582570091,34.55838579409252,128.60874236205132,0.9440529522081736,130.4600471837398,819.8011474609375,0.4166666666666667,1.0,33.07061889213182,36.19993690176606,131.28376386028492,0.9669932217188857,127.12581012284829,736.3012084960938,0.36666666666666664,4.0
raw,77,52.79937547533617,35.77848883510353,130.43419555810235,0.9579422843975776,152.19569559872014,888.716552734375,0.36666666666666664,1.0,30.94109076575252,36.68182239964963,131.77573921803156,0.9835109556057048,136.513345198168,871.731201171875,0.3333333333333333,7.0
raw,78,57.06686542413062,40.52448402382207,130.25075090908916,0.9515355939889928,133.8563281262455,896.0289916992188,0.4,6.0,37.05574002967783,41.09532113516256,132.42976903453535,0.9514604470843345,119.46231101854579,810.1201782226562,0.38333333333333336,10.0
raw,79,58.318105847323096,39.96788798804487,130.21929642304846,0.9509313386018708,158.42977024868077,970.3944091796875,0.36666666666666664,1.0,38.54243353316736,40.57982161530778,131.721169542348,0.9792321481976013,157.26373828859295,941.8048095703125,0.36666666666666664,4.0
raw,80,58.57838507133041,41.415578331764145,129.097642116897,0.9531415667208972,140.97070216948282,926.1694946289062,0.4166666666666667,1.0,40.040509779937096,41.579096672666154,132.1642665480187,0.9679099568898634,119.80868617920095,886.9266357421875,0.38333333333333336,6.0
raw,81,56.750811913482615,39.904901182649546,126.86139607738853,0.9479334147768226,146.95579049251364,910.4888305664062,0.43333333333333335,2.0,40.14271974375117,41.73126193880854,129.66856863312307,0.9825055522340479,124.21872546575827,863.2423095703125,0.38333333333333336,6.0
raw,82,55.94442348413214,34.97025220941286,127.60410072443074,0.9554914989622008,102.22768352708584,687.7769165039062,0.45,2.0,36.732869956539126,36.670519156621666,130.62578957591612,0.9805019869596737,86.64462004155354,690.82568359375,0.4166666666666667,9.0
raw,83,56.606585202817264,37.700413761612054,127.79749889145502,0.9604778288441999,113.56945091574431,731.806640625,0.45,2.0,39.30382005061087,38.49937619838086,130.19185009369468,0.9532875114084742,93.67828942275793,761.9537353515625,0.45,6.0
raw,84,56.346927021735375,34.81186149739068,126.74353467565427,0.961638181773555,116.36233603344095,751.9992065429688,0.4166666666666667,2.0,40.929918105976164,37.86391528372092,127.83234636109032,0.9827381583424627,92.92933752463142,758.3204345703125,0.4666666666666667,7.0
raw,85,55.7480217217594,36.97596779817328,129.73671931087185,0.9545259382288288,120.13059576102307,763.5888061523438,0.4,1.0,40.10126012014027,38.669498214925724,130.97793388309591,0.9405838433417643,95.85979084564656,745.70068359375,0.4666666666666667,9.0
raw,86,47.3923994739648,30.367576027024782,132.5791882796299,0.9364580935601006,141.96515245388326,859.9949340820312,0.38333333333333336,1.0,33.36430332594281,30.737455645553915,136.23745083702113,0.9364007728196939,143.80784856672506,910.7102661132812,0.38333333333333336,5.0
raw,87,48.53529292225866,30.37153905814447,128.59734510866474,0.9553632627748678,103.71532616625899,698.6570434570312,0.4666666666666667,2.0,30.379495395507398,29.586776841341603,130.5793220104659,0.920026368472167,84.30986104662509,730.696533203125,1.4833333333333334,7.0
raw,88,53.14363757213314,34.505165202932105,129.7067586680504,0.9555928876379971,128.42171370595992,804.6435546875,0.4,1.0,30.939336685467854,34.67324890633519,131.3658563004176,0.971329934588544,127.30098918235115,826.4854736328125,1.4,4.0
raw,89,51.21871284691106,32.27361548759695,127.91009874392216,0.9674246878165602,118.0194934490541,730.0613403320312,0.5333333333333333,2.0,32.158186018861564,33.13590926652295,129.8744818246969,0.95576826240401,102.81268633920291,805.9885864257812,0.48333333333333334,6.0
raw,90,50.63926044822319,32.76771521919457,131.82417589959914,0.9382878109156316,135.7223846956819,771.030517578125,0.4166666666666667,1.0,31.42358014372271,35.045902387438844,134.66083428119597,0.9637554675115211,118.89934458770995,790.780029296875,0.31666666666666665,5.0
raw,91,49.30871429891132,30.328194751039867,127.73357730581495,0.9574397177104041,131.27165038512032,827.9706420898438,0.4,1.0,30.759650574470918,30.217814681202288,131.34242470087813,0.9584819164302407,114.33722174502662,887.8106079101562,0.4,5.0
raw,92,50.009004101366045,32.71004317592993,129.10440229213134,0.9468347848271752,131.40530359042089,832.8887329101562,0.43333333333333335,2.0,29.56107963416066,33.45391383392074,131.4192439928843,0.9370859888467769,142.02991378598398,834.5657348632812,0.45,7.0
raw,93,50.12069849648347,31.124014074947237,126.91431669287128,0.9468256848024617,128.7792378822155,807.4116821289062,0.4166666666666667,2.0,29.908575703158494,31.671647377386453,130.24110562082168,0.9316605495158528,126.07050952194811,839.2382202148438,0.4166666666666667,5.0
raw,94,51.05118025444634,33.07813788726522,127.75941772076246,0.945073014189519,150.93779306410568,884.1659545898438,0.43333333333333335,1.0,33.2660902028394,34.52974596822262,132.5081519171295,0.9388412954697937,133.7669001709662,837.9733276367188,0.43333333333333335,3.0
raw,95,49.951655236521056,32.107816141260976,128.4898325732147,0.9367460863249125,102.98325506836534,711.0108642578125,0.4166666666666667,1.0,31.353109462026527,33.750426480622686,128.8864761276235,0.9155340460135065,83.5358866121885,743.6143188476562,0.48333333333333334,4.0
raw,96,50.82578146700566,33.49591781155208,127.1924896287406,0.9534485580992119,106.93778668396419,739.4703979492188,0.4,2.0,31.826776080726194,35.38417600395503,129.55517765411287,0.9475091703107525,91.5889420105782,858.238037109375,1.3666666666666667,4.0
raw,97,51.3646430227134,31.603261738509204,127.65991584276267,0.938119373453279,130.0612540624826,838.560302734375,0.4,2.0,32.303172567632714,33.998519467523266,129.26519823871402,0.9416863864845909,112.99476554345091,809.0152587890625,0.43333333333333335,7.0
raw,98,50.1952357980021,27.72775026079498,127.9005787004192,0.970341148085198,83.40709889125662,630.1759643554688,1.7,2.0,30.820539032106883,30.56724902081214,125.77822264359085,0.9171458069687103,60.83565937320287,730.5241088867188,1.75,5.0
raw,99,51.833725646278914,30.4534443507365,127.15669953814393,0.9596262167989341,123.46359659912196,772.9689331054688,0.4166666666666667,2.0,32.915344882581905,32.03217739751803,130.50333051632165,0.9521953820453767,97.79516350593326,836.2088012695312,0.4666666666666667,5.0
raw,100,54.33037881824916,36.43117220897572,128.19680284474765,0.9496018509136608,92.82350607103268,620.7900390625,0.4666666666666667,2.0,35.573396981303226,37.704862581104166,130.68973748917864,0.9519328457858021,66.64356966201069,697.4241333007812,0.5166666666666667,7.0
raw,101,53.202565676011,33.1285454386796,126.2539183459695,0.9334731579783004,105.36007201859803,754.7664184570312,0.4666666666666667,3.0,36.398769088665425,34.33289177945092,125.58958611962399,0.9311252892347899,89.00623821807358,766.2525024414062,0.5166666666666667,6.0
raw,102,51.62746891341696,48.97071696150002,119.96141692232246,0.978046516578088,160.1343478122618,978.6788330078125,0.31666666666666665,1.0,50.722347025819445,39.343915102036206,132.31298039762038,0.9618754130307882,179.06152490595758,1010.8197631835938,0.2833333333333333,2.0
raw,103,49.52323344850951,48.5140249660153,121.54079194170684,0.975059808037858,151.55568044374405,910.7304077148438,0.35,1.0,48.96111967766279,39.480295389056266,133.67247193034888,0.9697908350320131,186.46730976297732,898.1074829101562,0.36666666666666664,2.0
raw,104,47.50845598228707,45.157896744471,124.63259023300327,0.9791510519575775,161.51516226983432,884.7151489257812,0.36666666666666664,1.0,46.49790413772743,36.54082526486677,137.22661486351458,0.978510792097176,186.93689466977958,913.5391845703125,0.38333333333333336,3.0
raw,105,51.174537715701845,46.07435017547299,125.86865904229695,0.9758704598725666,162.66668689833438,930.6256713867188,0.36666666666666664,1.0,48.709749982982,36.36134087640959,138.27185816770663,0.9500272985285344,187.60225924506273,910.6433715820312,0.4166666666666667,6.0
raw,106,51.72229576479029,47.18037225190464,125.713943131556,0.9759173820309982,182.7433631584853,984.768798828125,1.1166666666666667,1.0,50.079073149080074,38.12329917440917,138.3355119982592,0.9598710887599309,209.09841433590373,1040.236328125,1.0833333333333333,5.0
raw,107,51.19783014677209,46.37188921150386,123.39010335715062,0.9756001576609659,173.26584643690012,976.9675903320312,0.35,1.0,48.95205844796526,34.772205115524265,136.6821364006497,0.9648670430719817,193.9207363690005,923.5213012695312,0.26666666666666666,3.0
raw,108,49.96735832580499,46.13001950981791,120.90787001210322,0.9770687617242595,153.028963188313,954.0255737304688,0.3333333333333333,2.0,48.5138730211224,35.12300150743997,132.75910845015247,0.9659198269947418,175.42180947659347,880.2494506835938,0.23333333333333334,4.0
raw,109,53.01148068379422,48.47953158147916,121.237906113134,0.978019792611394,150.63690223812614,930.7830200195312,0.35,1.0,52.36003478144419,39.00124315861991,133.28696410100522,0.9625806580310623,192.43408395790908,966.0597534179688,0.3,3.0
raw,110,50.71912339024768,50.32219111072533,122.22045138271753,0.9849551410292263,155.86104563204145,921.2039794921875,0.35,1.0,50.52695077886261,41.08691241716313,133.1020943736662,0.954010229044129,180.81560347626862,980.2051391601562,0.36666666666666664,3.0
raw,111,49.73136716051697,47.66844929842225,120.8100027455928,0.9835889692608201,140.38995994566733,915.5628662109375,0.36666666666666664,1.0,47.5770636765504,38.47349977617515,131.98455450611544,0.9444566073710502,168.14628706875254,1001.4437255859375,0.36666666666666664,4.0
raw,112,45.49141485583881,43.43429794447212,121.8316954631772,0.9836240975204921,155.9519322962035,900.3952026367188,0.38333333333333336,2.0,42.90706402158514,32.84714167023222,129.5817330831662,0.952916624054767,164.73997599802573,919.7593383789062,0.3333333333333333,10.0
raw,113,55.07091666604873,48.514874778180165,125.01710405899485,0.9792174514946934,143.43819202559928,884.1236572265625,0.35,1.0,53.32868667488011,36.097389369399444,136.24643437710722,0.9566848515246742,176.71829044840962,936.763916015625,0.38333333333333336,5.0
raw,114,51.63983810377375,46.56664999253095,121.18467105849632,0.9794790846032131,146.30536636333062,901.0943603515625,0.35,1.0,48.388262702153135,35.40865189900969,132.18316964403863,0.9670098413355513,169.13120306555356,874.1509399414062,0.4166666666666667,5.0
raw,115,50.681107439019506,46.36055803759842,121.74428307885219,0.9724937990682258,149.34290114388943,911.5311279296875,0.36666666666666664,1.0,48.05700773976892,35.41226776339631,135.61033969306246,0.9646317304189387,192.36199344064516,926.182861328125,0.4166666666666667,7.0
raw,116,51.54203494633722,45.81718119086473,124.02056882143528,0.9843839535011856,137.5260938458291,858.523681640625,0.38333333333333336,1.0,49.391416694915506,34.28185873173901,135.70862743244578,0.9609368726160095,147.1040525927924,863.5382080078125,0.3333333333333333,4.0
raw,117,51.87227824781795,51.024088302928334,123.58507953733363,0.9819375928383839,160.33047943868155,949.5844116210938,0.3333333333333333,1.0,51.75515576966526,40.941740393411756,135.72556894802494,0.9641444732429242,195.52647555145057,976.1240234375,0.3333333333333333,4.0
raw,118,54.09251710464623,49.69103003403481,121.1985327392858,0.9752153766274962,151.4803966094061,904.7811889648438,0.38333333333333336,1.0,53.3475382842538,37.29994997685796,134.50874129778416,0.9478546343231434,188.53097557847548,932.750244140625,0.4,5.0
raw,119,54.36399274437184,51.91501152024397,123.01202366069768,0.9757070623699341,162.1541532814564,956.1799926757812,0.3333333333333333,2.0,52.87626604486342,42.06888119956406,136.67273190196437,0.9661756747305554,192.203910722138,934.6634521484375,0.23333333333333334,9.0
raw,120,57.33875082442175,57.574808678068926,121.60721059926651,0.9776149697415202,137.9745796930456,830.734130859375,0.4,1.0,56.170142566331485,46.73227099731529,133.41141998899698,0.9632315215220415,153.04621775560008,884.9713745117188,0.4,5.0
raw,121,57.51286206842991,56.120778091160055,119.55702345668973,0.9854859743416803,152.99631522150918,957.9459838867188,0.38333333333333336,4.0,55.179929663616065,44.655894229463414,130.5092793792024,0.9377947558090566,181.71543003460272,1013.631103515625,0.4,5.0
raw,122,59.2430667292974,55.36398146183822,123.61901993583118,0.9694883242077817,137.9960434634043,927.4544677734375,0.3333333333333333,3.0,58.121005253396255,44.780488327410296,136.3008942602778,0.9461744494356422,157.76817363704197,973.7178955078125,0.25,6.0
raw,123,49.06078211965093,45.69889541442854,115.48952142494119,0.9906092252607425,171.58178855446522,938.1185913085938,0.3333333333333333,4.0,46.959560227732936,35.85355370331137,126.1734570134962,0.9439940814710008,192.1249504035626,918.86376953125,0.38333333333333336,8.0
raw,124,56.921351654764024,51.491331111021665,122.94623376071002,0.9804092624626735,166.0821507281375,988.4005737304688,0.3333333333333333,3.0,56.6527873385206,40.837069606801855,136.50027329271097,0.9459108005527194,197.72001488224703,981.10107421875,0.38333333333333336,9.0
raw,125,57.9515527686785,54.85228963281854,123.30546457401846,0.9785023323431717,160.4094342974119,978.3851318359375,0.3333333333333333,5.0,56.614625078431374,43.99416840926769,136.64793606435103,0.9520368139044343,201.23226330783922,965.769775390625,0.36666666666666664,6.0
raw,126,59.00833425457951,55.46635984213482,123.16428431264077,0.9792179731834105,134.18375008379684,871.7286987304688,0.36666666666666664,2.0,57.61254035671466,44.627195322699684,134.681294005213,0.9381421910606942,166.8104211463293,914.9268188476562,0.4,5.0
raw,127,57.75140634956669,52.96788890053101,122.27009081073489,0.9777499687983285,143.18888194524305,928.0618286132812,0.36666666666666664,3.0,58.807741880080435,43.531449442276475,133.3923935226009,0.9035903948709813,175.00171005964148,1022.933837890625,0.38333333333333336,8.0
raw,128,45.016273701499244,42.58891979519837,127.88158762505368,0.9673543884615882,158.39392017961188,981.441162109375,0.35,2.0,41.319848074501785,30.433295833863227,138.49605383427738,0.9747647262509611,212.43045351729592,971.873046875,0.4166666666666667,3.0
raw,129,45.08979275348861,45.041425438285735,127.19042900809632,0.9783444672347302,157.90807588766853,932.648193359375,0.38333333333333336,2.0,42.69744606626598,34.08735972479784,139.0381182968865,0.9600308430853259,184.0264207930113,996.5979614257812,0.43333333333333335,4.0
raw,130,52.46131358574782,48.972931923001475,122.26850678157594,0.9821657595708118,132.48265865933803,924.9677734375,0.36666666666666664,1.0,48.2811583799839,38.7109787766421,134.49106240632912,0.9520481214838399,151.9254948873703,996.7117309570312,0.36666666666666664,6.0
raw,131,48.2791630345919,44.984862191641255,126.41497654851932,0.9762029828738171,164.15189807844143,991.8539428710938,0.36666666666666664,1.0,44.78527800816235,34.97640401292763,138.85859979860973,0.970936741699752,191.36194518129457,1013.3087768554688,0.4,2.0
raw,132,45.14640056317898,42.335580905456105,124.68781064167405,0.9851856534757722,166.7298318332675,935.5139770507812,0.36666666666666664,1.0,42.09112190449432,31.174760782466798,135.98898993178824,0.9515125763851335,187.28463475799174,1005.5030517578125,0.38333333333333336,1.0
raw,133,49.65926813904164,45.43712058990554,124.94531568825147,0.9791287028402674,165.17285012084386,958.261474609375,0.38333333333333336,2.0,46.35847412833379,35.70154860381706,136.75522649553315,0.9505096508878381,200.03311903943683,947.6756591796875,0.45,4.0
raw,134,48.76425103638758,45.30704186095885,125.94996486372682,0.9643790267536051,166.66087084649433,978.8659057617188,0.35,2.0,45.37013685248425,34.96876525911806,138.52586795178456,0.9577436585481629,219.66072338742492,1012.9456176757812,0.38333333333333336,6.0
raw,135,50.46061282126031,47.0203532865976,118.28530870863105,0.9744018990671267,159.75965018017632,891.9813842773438,0.36666666666666664,1.0,49.818237817176346,36.83094612548259,129.15059614073718,0.9737995489411695,194.43834305720515,910.1449584960938,0.4,4.0
raw,136,51.49367248205246,49.80356609010278,118.54186038294144,0.9718391322693313,165.1839888465591,935.7418212890625,0.31666666666666665,1.0,51.08245157274991,41.91473701036719,128.6292589812463,0.9832104660736094,176.33526342031558,873.3308715820312,0.2,3.0
raw,137,46.98690604620165,44.32132954965351,123.55206373803351,0.9788154986627403,165.62061293917196,972.3922119140625,0.4166666666666667,2.0,43.98656166057842,33.54228503819471,133.4429627670293,0.9791862076897162,192.16777166966978,1046.1951904296875,0.4166666666666667,3.0
raw,138,45.8901970191986,41.11635835338518,118.80384592229467,0.9776292006267399,161.05386662295757,879.53076171875,1.1833333333333333,1.0,42.44903237502358,30.230825363907027,131.01136928790746,0.9787569367851384,180.93269632691573,945.9171142578125,0.36666666666666664,2.0
raw,139,51.86097133946974,47.99791941223559,120.55860731213126,0.980609718543176,138.48654131838146,894.010498046875,0.3333333333333333,3.0,48.931408364296914,36.87915176658318,131.25287492262288,0.9760033973253253,171.1216522020635,902.5122680664062,1.15,6.0
raw,140,48.09159321280324,44.17701192144611,122.52367092097597,0.9652374148097571,163.92043720996696,863.8536987304688,0.3333333333333333,1.0,45.06231949967207,34.114156761071634,133.30165755772433,0.985675373726666,191.65408522307786,911.5709228515625,1.15,4.0
raw,141,43.934093566968315,44.582675627550515,120.02059219896604,0.9346164718123384,61.86993042730961,621.65283203125,0.43333333333333335,1.0,44.35632016506261,37.65101581602991,135.2796933018919,0.9463371556716945,84.66286690353769,615.4766845703125,1.8166666666666667,6.0
raw,142,44.32531726578194,44.13894443337642,120.57960069320315,0.9781607885985043,85.56873891736245,626.0624389648438,0.5166666666666667,2.0,44.42663689745497,37.8741254780305,133.99991016044015,0.9858738184964156,93.68865841162034,643.77001953125,0.5666666666666667,5.0
raw,143,42.74040015469643,45.4489523840832,120.32713707251341,0.9712947650928021,80.12262656911162,523.1207885742188,1.7833333333333334,1.0,43.49997897917998,38.3049931961677,135.01360483068677,0.9798825429565089,63.44612923489109,551.569091796875,0.5,9.0
raw,144,43.82742768704917,44.49020915080056,118.70897609697703,0.9437386048419839,98.56587762288996,696.5338745117188,0.35,2.0,46.66696244319173,40.549228618127906,134.83734678836387,0.9616141488221471,133.77292323825145,813.1990356445312,0.3,13.0
raw,145,42.75957166172948,36.16800368048112,119.29989710172539,0.9488412971144711,109.8531243426703,647.3978271484375,0.4,1.0,45.36813808949782,35.73199162062812,135.12512581183884,0.9522490515455817,132.17633498773893,756.0867309570312,0.35,7.0
raw,146,42.1698631850124,36.578083942536566,119.30635321077256,0.9635026587061956,112.61543259450633,684.5901489257812,0.5333333333333333,2.0,45.12836231254853,34.94950485863721,135.68819629088136,0.965307981041918,101.73368437306237,661.007080078125,0.45,6.0
raw,147,43.791507140127955,33.87206074368887,119.30303000487767,0.9538871718239141,83.79680715307245,573.8818969726562,0.6166666666666667,2.0,45.86410994969752,34.980265294182516,135.86232126842296,0.9363951589959966,126.28683674245707,673.03369140625,0.6,6.0
raw,148,40.955396612283934,36.75438433904178,115.34108788448964,0.9779700030257142,76.72556233587443,521.27880859375,0.6166666666666667,2.0,42.567329792589916,37.46072362053747,130.791754873392,0.9815359689769612,66.089797779984,595.0486450195312,0.5,11.0
raw,149,40.400832010054565,39.55624063770965,116.09104727432518,0.943926742620637,118.28939688715366,693.3088989257812,0.4666666666666667,1.0,41.91254701776522,35.44187619923217,132.2690873052472,0.9480529238168138,142.8296868835585,836.5106201171875,0.45,9.0
raw,150,40.20393982270322,33.86043755925461,117.10801580793884,0.9615794197866148,83.54687306533691,575.7007446289062,0.5,1.0,42.27378774211229,32.350693472665604,133.096007285422,0.9610084026995096,82.10322666813454,638.6461791992188,0.4166666666666667,6.0
raw,151,44.100881005141915,37.95708131474818,131.16458001452753,0.9831910494544454,96.83101176763557,627.7164306640625,1.6333333333333333,1.0,47.309124003465065,33.01199942900219,146.5029091220206,0.9803713130495956,89.70536583423012,581.8063354492188,0.5166666666666667,8.0
raw,152,42.14966315438665,32.6224090042556,124.34178048532037,0.9567134668134156,106.9606827513158,631.4127807617188,0.45,1.0,44.96299111836375,34.06358850638746,139.31977720041706,0.9583872117359397,119.84598148339757,735.563720703125,0.38333333333333336,6.0
raw,153,40.9960845040821,34.149734955288466,120.8277466133012,0.9508581502913047,99.77173628774324,613.1691284179688,0.48333333333333334,1.0,43.33777965223469,35.251068199472726,137.09665891444425,0.9511367672944132,90.26073775908742,576.9121704101562,0.4666666666666667,5.0
raw,154,40.519615387234744,31.472046928670625,118.65785812979561,0.9427475610019911,88.84162197458352,556.3154907226562,0.4666666666666667,1.0,39.79224371494816,31.3526398782291,134.89851150262953,0.9384155850325862,111.23497599598693,660.4739990234375,0.4,4.0
raw,155,41.44928136830953,35.83072540566769,120.38077968366918,0.9784266198287439,80.50882021516401,498.08160400390625,2.1166666666666667,1.0,42.01808417409308,32.12969287927131,135.88091477816366,0.9756355698123217,85.29403520472471,552.8868408203125,2.1333333333333333,6.0
raw,156,40.09355182503063,34.92260898571153,118.67997512325502,0.942167115691665,109.49905538233992,557.0387573242188,0.5,2.0,41.67269708411716,35.355655974793734,134.61224272304298,0.9442210174914492,104.85871712735076,583.4146118164062,0.4666666666666667,9.0
raw,157,35.52047999905295,36.36125299068593,116.780387235297,0.9504671312309042,64.01116180817041,552.3296508789062,2.0833333333333335,2.0,38.68498668260477,30.964275472374744,132.95408935732164,0.963416710925385,59.54178799180909,625.8998413085938,2.0,8.0
raw,158,37.5457259015954,35.62629592345546,116.3262526720391,0.9728578168316678,68.27099133353215,492.29638671875,2.066666666666667,2.0,39.871253543881465,30.484764962324974,133.33066753589867,0.9664887893608555,72.11335469838446,549.083984375,2.1333333333333333,8.0
raw,159,39.41788232532315,36.36195698224104,117.67844501697559,0.9797866241255605,82.43535502610342,513.68212890625,1.9833333333333334,2.0,40.69037929234611,30.60088455711807,134.89310063028742,0.9797759312973737,60.654181168675336,535.3487548828125,2.0833333333333335,8.0
raw,160,39.707592737094885,34.35334024469434,119.24262763720688,0.966781454073422,65.0263262585932,511.7483825683594,1.9,2.0,41.034872219470195,32.81594233682121,135.5569705128724,0.9589017466089742,66.8773602413836,503.4200439453125,0.5166666666666667,10.0
raw,161,35.4411617490567,38.235986368687406,115.51873660008833,0.9522097920555629,69.98875577925389,501.0575256347656,0.5166666666666667,1.0,37.77102276812467,33.701117869559155,129.62760038316628,0.9682293574648496,52.33431945731098,537.2252807617188,1.7166666666666666,10.0
raw,162,39.04710248812774,35.83335366222087,123.20288506331113,0.9319018945792981,70.02852132450926,494.8753662109375,1.95,1.0,43.20972076995748,34.33128733002609,139.21016007609435,0.9253374472429499,85.94352388474363,522.9341430664062,2.0,9.0
raw,163,42.569189276999424,37.74791670592022,126.50893539891094,0.9500140988467397,106.84246361476767,628.7813110351562,0.45,3.0,45.16566960998213,34.606491550026476,142.4364232677999,0.9511177502017926,85.74249069712664,687.4159545898438,0.36666666666666664,8.0
raw,164,42.059369174781075,41.61781404679032,129.50484388649463,0.954669026446475,101.50438640063129,593.4909057617188,1.9,2.0,44.37972859480387,37.98152004285807,144.2656590679514,0.9441075775845683,120.06544640754669,630.876953125,0.5166666666666667,8.0
raw,165,42.73398474306242,40.605049346249885,126.46225016258555,0.9152561719008375,75.94806018404967,552.9434204101562,1.9666666666666666,2.0,44.17558756290893,42.829534217199594,140.90327818167182,0.9162517831645077,78.69654900449319,532.498779296875,2.0,9.0
raw,166,40.729073741545974,34.19920186568112,124.83424010881978,0.9732416079606772,111.7980875902569,573.7421875,0.5166666666666667,1.0,43.2339224027311,35.97448928839522,141.87247532515767,0.9527078888093258,107.36657054935591,600.1898193359375,0.43333333333333335,6.0
raw,167,40.947302203621135,36.488210494572655,122.39840514932823,0.9743223590669602,100.00176672567846,570.7095947265625,0.4666666666666667,1.0,42.83008137461797,34.863002683234285,137.25816115152762,0.9711150608197168,97.32728471651427,576.9644165039062,0.55,7.0
raw,168,41.156643245877945,33.66515402578592,125.18370346864555,0.9565080227976103,89.32894909898636,547.0654296875,0.55,1.0,43.69030679028171,34.70430166030883,140.33887059345014,0.9462006146532967,108.10756498898058,579.9970703125,0.4666666666666667,9.0
raw,169,40.68264027046536,31.712736271635578,123.312750184861,0.9721785168570322,115.53121301134297,634.6438598632812,0.5,1.0,40.98870506605996,30.20611879104991,138.30323410561638,0.9577006259609947,118.33154383540659,660.7062377929688,0.5666666666666667,11.0
raw,170,40.293456564082845,36.64600295792819,123.95450149856207,0.9710730346685358,85.83805426387272,559.0835571289062,2.033333333333333,2.0,40.4187672590004,33.552524682581705,138.5226933116776,0.9538863681892893,92.67664308413629,581.11328125,2.0,10.0
raw,171,39.31120562777245,35.87388411489325,120.20923798684595,0.9788996070632658,85.86547055618496,542.6513061523438,0.5,2.0,38.80921753001017,31.828133349120694,135.29865644486543,0.9656356643377347,77.48098442155765,551.814453125,0.43333333333333335,9.0
raw,172,39.756647834569385,38.9312822751002,120.72730955508648,0.9653892591244074,88.38589357347047,582.6022338867188,0.48333333333333334,1.0,39.339026990075,33.42762932612971,136.8067106242558,0.9648739534654799,68.65883973825277,638.5242309570312,0.4,10.0
raw,173,39.78170465743943,36.181923326771525,121.55025316067737,0.9502271435737172,91.72914807445409,533.0318603515625,1.9166666666666667,3.0,40.42575473028967,37.72273360672377,136.8906536656184,0.938965164550451,100.35340721764697,520.8672485351562,0.45,7.0
raw,174,54.09996071948876,42.600049464035045,120.61121493244758,0.9057981377810242,100.75936629128819,537.2334594726562,0.6,2.0,40.5172526065686,38.82864522672726,135.29557893567687,0.9033838967004176,114.81001234293473,630.2742309570312,0.5666666666666667,7.0
raw,175,38.150313751578,35.92716697698925,120.87942388777827,0.9538484944622415,80.25172439094462,587.4424438476562,1.9666666666666666,3.0,38.305526664779144,34.171799345198316,136.43789568846495,0.9121231637325874,112.00355797561997,577.6947021484375,1.95,9.0
raw,176,39.42688891285708,35.93358943776048,121.37778942294514,0.9323235547329033,90.16596185885533,517.3319091796875,0.65,1.0,40.047752699473456,31.997121746905265,136.5319551707673,0.9287196128412695,116.05753125549995,606.5800170898438,0.6166666666666667,13.0
raw,177,41.12428202140132,36.43384623378266,132.50153464754118,0.9700271389572169,134.13537106028826,616.6651000976562,0.43333333333333335,2.0,42.34563412452294,24.941406887851343,140.06536442529068,0.9779213438246561,139.26137295550234,753.2660522460938,1.75,7.0
raw,178,40.88887530858867,33.11434609273379,131.66643280267752,0.968805870353316,128.03430413921348,694.5472412109375,0.38333333333333336,1.0,41.69521100605931,21.15271725530324,139.96083708775893,0.9739959004452876,125.07125586760651,938.7318725585938,1.4666666666666666,5.0
raw,179,39.70572525496319,36.644751321466025,129.52050577259797,0.966774104361292,123.01433408045085,753.7576904296875,1.4666666666666666,2.0,44.468849746274685,26.98794742409967,140.31171644285104,0.9552142693718015,133.71100234924853,906.3572387695312,1.4,4.0
raw,180,36.971818305935116,32.13259647447207,129.28008838165042,0.9777008608873782,127.03886985119823,678.8710327148438,1.4666666666666666,2.0,38.55197495540803,21.377696489558584,138.62335591620928,0.984594393818166,109.55010350645921,816.671142578125,1.4333333333333333,6.0
raw,181,38.51745371504392,33.313968742530356,130.71106196105697,0.9718894812400758,128.2428115141701,669.5878295898438,1.5333333333333334,1.0,39.46140481972768,23.57475139092063,140.51062708672944,0.9797803732396361,109.44270866528171,861.028076171875,1.5666666666666667,5.0
raw,182,39.45220837476914,33.29179396046676,130.1923957747035,0.9647252046669331,137.06646728955718,708.3768310546875,1.4333333333333333,1.0,39.893472371516985,21.47999771212271,138.95948449773888,0.9787378389440293,153.7811405566447,767.7294921875,0.45,6.0
raw,183,39.091537386745614,39.76962095380809,132.41564014524818,0.9707419728598634,131.15903622901186,671.9908447265625,1.5833333333333333,3.0,41.838579205559995,29.669259074203318,142.10871392830308,0.9834832465119888,143.73216441503985,999.4063720703125,1.6,8.0
raw,184,38.30908638578226,35.529396993164745,132.67408713940011,0.9730145731887454,162.93020619670187,740.3817138671875,0.35,2.0,41.04099374970535,22.074625446157853,141.072668590494,0.9775709226749872,135.00014074124607,778.8513793945312,1.4666666666666666,7.0
raw,185,39.96906919517195,31.678662011767972,134.30130871214283,0.9535780432947883,151.3308570476329,706.3668212890625,0.38333333333333336,2.0,42.03418838334395,21.532492607230694,143.0266264054723,0.9702301261084324,176.57419343295913,931.716796875,1.6333333333333333,6.0
raw,186,45.2500532045523,42.56929877112929,138.22940249538988,0.9409372382293478,171.24726813347934,738.3776245117188,0.3333333333333333,2.0,43.04767370723443,25.121758962411814,143.73001856476918,0.9618285018700864,159.4053988436599,799.6837158203125,1.4333333333333333,10.0
raw,187,39.84712520701544,35.40627550621067,134.21983234631733,0.9635439144327311,124.63799474166848,685.6825561523438,1.5333333333333334,1.0,41.84783199422188,21.93077566780481,142.78613216493636,0.9820560941029481,118.07903928073159,750.3491821289062,1.4833333333333334,4.0
raw,188,38.70230491052469,34.52770821843316,132.96747114281612,0.9637036984204991,125.94538073033789,639.8351440429688,1.5333333333333334,2.0,40.02505239411854,24.561848900732457,141.33312706329863,0.975223507677892,116.4982991668785,713.34814453125,1.5333333333333334,5.0
raw,189,38.77221488452349,32.96420788017889,132.68040631117506,0.9810941942977992,129.79647739667058,668.9698486328125,1.5333333333333334,1.0,41.17061962175187,21.10304223082325,141.50162520985901,0.9955748389206688,135.04981788211097,722.5220947265625,1.4833333333333334,6.0
raw,190,37.674388376078504,34.91590728812126,133.5770421845694,0.9823348557682804,123.62681231882931,651.6326293945312,1.6,1.0,40.33964180758191,24.6177338174344,142.24454131061236,0.986547921963475,115.70026743105018,830.3734741210938,1.6166666666666667,6.0
raw,191,39.14880852922742,40.370382089359765,136.16640885254282,0.961229781093435,139.47457438476135,687.2779541015625,1.5333333333333334,2.0,41.04360793654721,30.36343923369787,144.10679520017857,0.9775551152678356,132.69845355714352,821.7372436523438,1.5333333333333334,9.0
raw,192,39.70492435825681,35.03857968118159,135.80086948751614,0.9754022052901499,154.0543807948839,690.480224609375,0.36666666666666664,1.0,41.43064807983185,24.896620195306703,143.3664922302662,0.9827996252906689,141.43068278702145,802.0390014648438,1.4166666666666667,8.0
raw,193,41.29972600924736,33.70891981907094,136.79665886740617,0.9636562048471591,165.7521287709747,730.3126220703125,0.35,2.0,43.341823733608,23.88673830361091,146.902167563184,0.9759235690746294,156.5470029996706,765.779541015625,1.35,4.0
raw,194,39.84957484785917,38.53096238842985,134.8520782053866,0.9698697616373986,146.84770260200196,666.4121704101562,0.4166666666666667,2.0,41.43707806136213,24.37469704123176,143.58829805228268,0.9810041725204038,144.4628285747089,735.3419799804688,0.4666666666666667,10.0
raw,195,37.4680727016618,30.263185026359977,130.39708290617963,0.9682869382516711,149.01369747079457,694.89404296875,1.4833333333333334,2.0,38.757874392979815,20.992795713718078,138.98518160404655,0.9815142169245877,156.7022665275411,873.8821411132812,1.4333333333333333,5.0
raw,196,40.01910376924361,32.6087962901592,137.48284245787391,0.9687608595424051,155.14156881763654,685.5970458984375,1.6,2.0,41.51562914697992,21.681121952540863,145.03293637471188,0.9764133195054648,137.92245065958667,801.5978393554688,1.6333333333333333,5.0
raw,197,44.64675880918709,36.706809123975056,138.3785302677233,0.9518017845003467,174.9501016043061,816.86474609375,0.36666666666666664,2.0,42.95793859620338,23.43410551236389,146.46244440174252,0.9715311568851636,218.49935075153354,916.404296875,0.38333333333333336,7.0
raw,198,39.99710591505427,32.63053924161417,133.8308049684122,0.9754329542409604,159.96473720286446,754.7099609375,0.4166666666666667,1.0,40.74143091913007,22.691862485538284,141.38057987223542,0.9916669708411929,153.47613423674915,779.4231567382812,0.4666666666666667,5.0
raw,199,40.25565502811494,32.366373475671544,137.90885876318526,0.9756020939003861,130.49968252151473,606.4071044921875,1.7666666666666666,1.0,40.72717630030638,23.972098193817107,144.44867497827823,0.9903632401608365,134.558429955747,771.36083984375,1.75,9.0
raw,200,42.30466319463085,29.25697882424672,137.21925474419697,0.9718774739089886,143.80339187146006,622.61767578125,0.45,2.0,41.773011786016006,23.161083188982094,145.4410807659637,0.9845542588301707,152.12298576305358,709.685791015625,0.5166666666666667,5.0
raw,201,39.85047295554989,28.99340254322766,134.38818563445489,0.9853747540339398,134.84849515750568,613.1824951171875,1.8,2.0,40.3134214042159,21.795216862898204,142.27615712195387,0.9948771804889014,126.84889497705512,722.8406982421875,1.7666666666666666,6.0
raw,202,40.57277081299109,28.191471226608392,134.99885916797274,0.9799349988656465,138.63320833931226,598.4063720703125,0.4666666666666667,1.0,40.56191775731525,23.79046394929546,143.43664229371882,0.9901223298845943,138.03044529738742,755.0347290039062,1.6333333333333333,7.0
raw,203,39.157256009921625,30.75067599007456,134.24644944903076,0.9817996493230532,150.77756780845647,677.358154296875,0.36666666666666664,3.0,40.18907289150313,22.42688792301116,142.04701084294587,0.9839693721514986,142.7901328439168,734.275390625,1.5,7.0
raw,204,39.87090146352173,28.17412113365748,136.00207128974392,0.9769209148572693,145.05913634414526,630.1013793945312,1.6833333333333333,1.0,40.488226472657836,22.096521554835583,143.0377382826011,0.9945707626847231,153.23595319502004,809.7188720703125,1.7,9.0
raw,205,38.85078140180621,32.484571786090925,133.6450905102786,0.9749716856182352,150.4103911725906,653.6346435546875,0.4,2.0,40.07700217669173,27.231070897446564,142.33718735191255,0.9876886017562988,147.27044031020085,724.534912109375,1.5166666666666666,6.0
raw,206,39.855021555222095,36.93143781005548,134.2157962323403,0.9734423402577864,141.5309046446717,714.949462890625,0.38333333333333336,1.0,41.11785788412396,22.45333965184088,142.4930447037096,0.9845679844059296,138.35025464129444,778.3853149414062,1.5166666666666666,5.0
raw,207,39.49169024632775,29.12133670960185,134.22041726780833,0.9741556425209941,134.48286030294042,612.447509765625,1.7166666666666666,2.0,40.83127902516046,21.60647469471024,142.17679731206573,0.9840773939200153,152.79897631918288,703.017333984375,1.6666666666666667,8.0
raw,208,42.342897183952175,36.12448370921688,138.7887601286686,0.973337871587581,127.78093012820307,653.0040283203125,0.36666666666666664,1.0,44.016217580694516,26.285046769547588,146.37463589783053,0.9918167476069565,142.08786123457372,830.8103637695312,1.85,9.0
raw,209,41.01475064863962,32.768000324852764,133.99114061745095,0.9741708728838107,119.44998524598958,612.158203125,1.7,1.0,42.58487057707718,20.652045729580212,143.40698316017475,0.9833684553679833,111.03575615137402,883.92578125,1.7333333333333334,6.0
raw,210,41.804027594567046,35.644757294645395,133.3067405683731,0.9277647718250646,168.5328891165483,869.5829467773438,0.4,3.0,41.937290277659365,23.743125404348916,141.22388439084307,0.9414839409830003,202.52402191280623,945.1461791992188,1.4333333333333333,5.0
raw,211,42.53501328911749,35.86797615640857,131.79378900478767,0.9554857456189539,166.96154310931377,773.3505859375,0.48333333333333334,2.0,42.20011665457726,24.25284102416097,140.124715963421,0.9673691479888575,188.2339484447877,800.6995239257812,1.45,5.0
raw,212,41.63919918777682,31.32427683363269,133.68444567393578,0.9726091621149978,134.97831844572517,690.6398315429688,1.6,1.0,41.17850780311316,20.234338621118052,142.25521747564537,0.9765358988057096,137.7702137194578,876.8650512695312,1.6,4.0
raw,213,44.75159369821639,41.857743234152395,137.21730017864223,0.9631542311033714,130.11140474359792,626.3931884765625,1.6666666666666667,1.0,43.41407223357473,30.945097203789043,145.36117360428324,0.9727121534167319,136.32493685385384,728.4186401367188,1.6666666666666667,7.0
raw,214,41.20643931761146,32.76292952456282,138.13927253036084,0.9887613316190642,79.16625613696908,674.818359375,1.3166666666666667,2.0,44.67169081341822,35.68030255980528,144.32895741965672,0.9857778182288774,65.9144814259696,864.2791748046875,0.4,8.0
raw,215,42.95735322236509,34.830770101061425,138.7095252839849,0.9816964154401906,78.79713775353622,632.6441040039062,1.2666666666666666,1.0,42.24604870484677,31.566537212144432,143.38598490959214,0.9859959376947853,103.96896352745586,705.4146728515625,0.4666666666666667,6.0
raw,216,42.97882336390998,37.47905581172108,138.29863397267297,0.9854295748878964,106.56202136900902,615.0579223632812,0.36666666666666664,3.0,45.02976728451221,34.06831071054636,143.577423664713,0.9815236613230864,97.77111174550612,802.89404296875,0.4166666666666667,7.0
raw,217,40.542076052592186,31.438965613240626,134.4497208526522,0.9894814031713542,101.70331316989461,579.995361328125,1.25,1.0,40.294657886533514,26.63665551071764,141.38798304572722,0.9944310441133803,84.57453249400686,688.0902709960938,0.36666666666666664,8.0
raw,218,43.092804567728514,36.88546780910922,138.5153045992954,0.992526640015285,112.61932554396992,624.8700561523438,0.31666666666666665,2.0,45.94747412741051,33.895224711705424,142.88120910986882,0.9898314482591332,99.94113127828598,743.5050659179688,0.4,6.0
raw,219,43.54985826298366,35.03847543402791,137.72541706175716,0.9882978307509782,97.89966052719222,553.5515747070312,0.38333333333333336,2.0,46.282819883957,33.177844418786044,142.32612238435144,0.9847826440518936,86.39558940663306,633.7613525390625,1.2333333333333334,6.0
raw,220,43.34787441763375,29.953865496706857,139.4714391354447,0.9901029512037822,108.58178418399746,603.018310546875,0.3333333333333333,2.0,44.874510802236166,25.82166638732368,145.1662304021665,0.9904515369101781,104.535788463713,734.5578002929688,0.36666666666666664,5.0
raw,221,41.62474646641181,30.16626306799827,140.872645368284,0.9895769475382957,102.06602738924289,672.458740234375,1.2166666666666666,2.0,41.4146363654879,26.766687276371012,147.34913987758696,0.9828989532498363,89.54417317259924,899.6295776367188,0.3,5.0
raw,222,42.61665289918017,30.89264065911236,144.53475791707294,0.9457538400253032,98.30877745736075,614.6763305664062,1.4833333333333334,1.0,44.82313113978642,29.07975099064658,148.863871246115,0.9638632340249125,93.2840723516938,656.3707885742188,1.3333333333333333,4.0
raw,223,42.616628773385514,33.54257144479717,142.78695430839844,0.991959585674235,106.00956884896988,654.5860595703125,1.3833333333333333,1.0,45.146494758089226,33.922561145806064,146.13810500175907,0.9920600754675234,91.00092781143786,726.383056640625,1.2666666666666666,5.0
raw,224,40.92014043160464,30.36727606562224,139.7044077119182,0.9871918267119008,89.59576094313377,619.9195556640625,1.4166666666666667,2.0,43.135483226929615,29.920780482110153,143.5946247763778,0.980330024270703,84.64718426187858,740.16943359375,0.5,5.0
raw,225,41.65698380547998,33.90545991924408,140.76660739490347,0.9900217211749728,117.41375539652893,591.7108154296875,0.38333333333333336,2.0,43.38834935846784,33.55086494976516,144.18376491772042,0.9874485717975778,85.2805420921834,701.73828125,1.25,6.0
raw,226,42.56663878304793,34.31284305375348,141.72629351475567,0.9848792416219876,92.89586886064143,733.7708740234375,1.45,3.0,45.367447035602595,35.310535359975766,145.42065708689015,0.9814335721716086,74.86951807440676,811.5257568359375,0.43333333333333335,5.0
raw,227,42.65874336112183,36.77739256191698,142.39483283408916,0.9863397476226703,96.27955986854317,580.076904296875,1.4166666666666667,3.0,45.18759903927943,37.73736395942511,146.08672173764077,0.9803615228058911,86.82973272776223,746.0123291015625,0.43333333333333335,5.0
raw,228,41.51582044462691,35.71299847744959,140.50847389225729,0.9882582165501718,91.93241665800173,575.5390625,1.3833333333333333,2.0,43.7927981567575,35.96967301084152,143.76798249958625,0.9801009899484588,69.88348936555184,750.18505859375,0.43333333333333335,7.0
raw,229,41.67193761972597,34.36979698742958,140.47516836724742,0.9938039005951383,102.15235548970753,562.3103637695312,1.3333333333333333,1.0,42.16901520904367,33.761172476583035,143.64651950894685,0.9947878200708797,90.33571313911068,833.2583618164062,0.4166666666666667,7.0
raw,230,42.46179892259458,33.3459015634218,142.25974965569966,0.9891117108512677,88.78651408235129,558.7371215820312,1.3666666666666667,2.0,44.81612849710047,32.8559540363343,145.7972203939057,0.9805075722762041,75.61949384336629,577.357666015625,1.3666666666666667,7.0
raw,231,41.98991247190307,40.289090009965776,140.48618991304164,0.9909452990608079,89.09454730757034,646.23681640625,1.3333333333333333,2.0,44.68963385525377,41.871210472520616,145.45710113720585,0.9806113285439552,70.78082226293589,761.8351440429688,0.38333333333333336,8.0
raw,232,42.01575386751175,37.749328667880015,139.9891623281825,0.991227887857016,90.93543777776745,635.478515625,1.4,2.0,42.57422356086854,38.48112374474492,143.98216233207287,0.98838344046183,82.77934132358325,632.8590087890625,0.4666666666666667,7.0
raw,233,40.24995918886899,32.49573496597582,141.09505597006685,0.9917638701823481,81.89101373437666,614.7493896484375,1.3166666666666667,3.0,41.02821745473158,32.08733550028968,146.1875807467816,0.9937106621019323,82.76323985533622,756.4268188476562,1.2333333333333334,8.0
raw,234,40.32176014152777,32.20570849233377,138.8028260009922,0.9874665492703962,92.74442643255611,640.9274291992188,1.2333333333333334,3.0,42.52982462274621,33.71723919858164,141.89644186009625,0.9746477068565113,78.0092287193429,712.7308959960938,1.2,5.0
raw,235,41.541423390415666,32.11235676498836,140.8631348715175,0.9921132098458665,99.84058205423338,594.9732055664062,1.2166666666666666,2.0,43.851309981682405,32.81493703392928,144.63957419921726,0.9844394648342516,78.214110031264,697.8031616210938,1.15,5.0
raw,236,41.49585772915643,33.60986801691845,142.86662891591084,0.9892648413067933,123.16797503457025,711.5482177734375,1.2166666666666666,2.0,43.664050762788534,34.69145825386392,147.53649796754956,0.982749279108562,99.45826483809299,698.3446044921875,0.4,6.0
raw,237,41.211248975059576,34.0948037885755,143.70552700318066,0.9919019891763178,96.17443600540042,665.2341918945312,1.3333333333333333,3.0,40.99050514164858,32.84451053182567,147.66862188622554,0.9902830309589101,79.63375960831769,680.6594848632812,1.4,3.0
raw,238,40.35914859528021,33.89135489531686,142.31662748007378,0.992169774431582,101.44270249570127,624.3568115234375,1.2833333333333334,2.0,44.072141674710394,34.411958660357634,147.2754263247028,0.988989428440448,82.68253702105,698.9951171875,1.1333333333333333,6.0
raw,239,39.771108083089,30.171788521575785,141.79465292101858,0.9876682765106736,107.63116976662246,563.849365234375,1.3,4.0,40.626267728155426,26.44938035499615,147.57326698447434,0.9902254792002939,93.1310792671647,630.956298828125,1.1666666666666667,7.0
raw,240,42.39901252242286,34.31044468780272,145.83828386818362,0.9895477648134751,96.30146054120587,699.4577026367188,1.3333333333333333,1.0,42.61434862493898,29.692721032020728,150.1937350652744,0.9895949202554916,104.74280158009464,823.3804321289062,1.2,4.0
raw,241,40.813850967373625,30.772301050877015,143.88673368074453,0.9945447928391665,98.48982649722586,676.7167358398438,1.25,3.0,43.10205389010526,28.024277307024505,148.51035296933955,0.9922378545706207,88.57681572075478,638.8530883789062,1.5,6.0
raw,242,39.93175942729162,33.563916066178585,141.77279880608117,0.995076904370827,98.24774428418806,643.558837890625,1.3,2.0,41.24257996940998,31.27724902391351,145.5625661507231,0.9877094647550156,85.48532074713933,631.9271240234375,0.4,6.0
raw,243,40.73116030014188,31.90294457202674,146.13936514694345,0.985427637345954,94.5487950847891,653.63232421875,1.3333333333333333,2.0,42.811733262069936,26.556303254928533,150.990110681318,0.9893060165636199,91.13273185382667,813.1245727539062,1.2333333333333334,7.0
raw,244,39.765896786747966,32.08195354976704,146.50889344682344,0.9911890106447308,107.53503457896215,831.2576293945312,1.2166666666666666,2.0,42.103396682094036,29.28960604863273,150.0260994491882,0.9913596585881013,89.55356083625219,1003.8799438476562,1.15,5.0
raw,245,42.38841810349544,40.334414263902104,147.32639899253618,0.9907610976787807,101.62986455976778,768.4942016601562,1.2666666666666666,3.0,43.578229923004166,39.49472332999904,151.159782472963,0.9852656890338255,83.36368234543698,821.4014892578125,1.25,8.0
raw,246,39.09556215382772,30.632142757531973,143.2308119830631,0.990963915967487,104.50652438335936,635.8385620117188,1.4333333333333333,2.0,40.342727339373845,26.9334804978822,147.59319334458877,0.9913642706344421,91.0608217942783,762.581298828125,1.2833333333333334,6.0
raw,247,39.08002798519357,30.015125373398142,143.6283194330967,0.9877703657666035,94.7866722505222,726.59765625,1.35,2.0,38.753128557371994,26.22666883079596,147.49870824564778,0.9898535649315705,79.5667498292579,733.5039672851562,1.3,3.0
raw,248,39.8154892747228,32.26242640018249,144.26829853515918,0.9933002010306168,88.9554086672635,752.37353515625,1.2833333333333334,3.0,42.102569003775216,29.291751609965907,148.44444504399792,0.9888262566118862,75.76588610633564,801.4633178710938,1.2333333333333334,6.0
raw,249,40.3354359319945,31.763632506811472,143.51437259065372,0.9864376058984666,105.37627519019566,715.0784912109375,1.2666666666666666,3.0,42.76044182703974,29.420213250639563,148.1054802561552,0.9821170278277447,73.15915152288625,707.818359375,1.1833333333333333,5.0
raw,250,39.10145498239751,32.37898799966519,143.5491336066575,0.9942384503469628,112.56811356960185,703.51171875,1.2666666666666666,1.0,40.90785625889162,31.427847311098997,148.1258080400726,0.9874700747519143,78.70539486278034,854.6527709960938,1.4666666666666666,7.0
raw,251,40.393524226394455,34.18099159725346,142.55557363709556,0.9901076551523276,84.8932900379748,691.1532592773438,1.3666666666666667,3.0,39.594839406526674,32.15251083002689,148.21504289537,0.9905543560482769,77.82222425759755,769.8456420898438,1.25,6.0
raw,252,40.05727048967855,33.8413684946086,141.86793160568786,0.9926684478693424,95.72839094589114,690.9904174804688,1.2,3.0,39.721954575992136,33.398270143243934,145.4420651066187,0.9897923375568264,74.73660618742343,801.30419921875,1.1333333333333333,3.0
raw,253,40.08545612536294,33.11001352671353,141.7043553523566,0.9914226118736017,96.7769224711148,627.8651123046875,1.2666666666666666,2.0,40.31749765190677,31.4026535194472,145.12787754883576,0.9878297683782932,78.01037395685711,651.513916015625,1.1833333333333333,8.0
raw,254,42.560882168146584,35.45311147378378,143.49480783779111,0.9922021560597362,101.78976273871143,572.6184692382812,0.3333333333333333,1.0,38.525960231764515,33.91721244324396,147.84300507667888,0.9870235153872903,114.78872614696343,750.958740234375,1.4,6.0
raw,255,40.6510767294399,31.78797238711458,144.422877654663,0.9888517463854618,105.36047119547135,714.35595703125,1.25,2.0,40.81966207160784,29.161182034409627,148.9928441992951,0.9893408237526402,84.59950701473929,790.7752685546875,1.2166666666666666,6.0
raw,256,39.22281222284497,32.854664963118765,142.46078643195415,0.9914304655544919,86.18950926638149,675.3212280273438,1.3333333333333333,2.0,40.19029585992346,30.35986885294425,146.15658668955155,0.9909384936776013,68.54720158228986,625.2275390625,1.2,8.0
raw,257,62.50193559689012,26.895412627552407,134.91947477107186,0.9853547993358787,96.14625059829734,524.9573974609375,0.45,1.0,40.06665523533387,18.65723250231758,136.79826114425944,0.9729299572505647,103.25466643522788,622.8156127929688,0.3333333333333333,7.0
raw,258,60.14614315347526,25.5733383315476,138.84156591066912,0.9820821430911979,84.79403030317229,566.9049682617188,0.36666666666666664,1.0,42.06815785859764,21.927235442543257,139.16884043804518,0.966115970632953,69.94070675273207,858.02587890625,1.3333333333333333,6.0
raw,259,60.13475176508996,27.396039710275378,140.69420113462138,0.9815015633277736,122.9078536583529,657.4136962890625,0.3333333333333333,1.0,42.42358923119292,19.502688220223774,141.07633117821828,0.9759615701171453,85.28180327719753,746.1724853515625,1.2833333333333334,4.0
raw,260,60.0262449834531,26.168960297551305,141.825417589393,0.9845678789730136,92.9615127650311,659.1221923828125,1.2,1.0,40.15277130100337,16.51138892832235,142.80580827633284,0.968339278562446,75.12985036686985,717.7803955078125,1.3166666666666667,3.0
raw,261,59.7623892564494,25.564280050240928,139.73720793573938,0.9810961229014403,73.9914895443323,576.223876953125,1.2166666666666666,1.0,41.34072926822405,20.06828088190788,137.92391958098187,0.9581305192588006,66.60158855878592,848.5877685546875,1.3166666666666667,5.0
raw,262,59.5283927629795,26.20036353386382,140.26211419867172,0.9871619033266396,109.76670041003274,616.736083984375,1.2166666666666666,1.0,41.801050983649134,18.14001892732582,140.24339974642197,0.9804686995407607,77.73336864380212,720.8089599609375,1.3333333333333333,5.0
raw,263,59.80769835238207,27.27776944204581,140.88644670218716,0.9823688621084443,89.32609538072967,614.7093505859375,1.3,2.0,40.14809646952932,15.815562483849096,142.57367655940982,0.9616134590079521,74.4068646579575,688.5233154296875,1.2166666666666666,4.0
raw,264,59.80798047071166,25.923371279615857,140.1621865291029,0.9876513937111441,85.92497870713373,644.3469848632812,1.3,1.0,41.87023305581707,20.61636427670948,139.69096378374303,0.9829809724485054,72.6906203750039,639.3713989257812,1.3833333333333333,6.0
raw,265,59.53918965337904,23.489099305676746,142.21865017391696,0.9869097800746874,108.9295780818,625.3992309570312,1.1833333333333333,1.0,41.33375767937356,18.65569811777985,141.83462214048447,0.9833237712351751,90.59223611533213,712.973388671875,1.1666666666666667,3.0
raw,266,59.33374463118915,28.568327322078847,142.95374125198487,0.9812837569307349,101.89424438812324,642.4761962890625,1.1666666666666667,2.0,41.16609296876156,24.3881373872407,142.3602866382236,0.9754643040025487,85.2712636771048,646.4275512695312,1.3166666666666667,4.0
raw,267,59.59252854964299,26.247473164069778,142.40431267706552,0.985924630760032,104.06754160697574,647.8079833984375,1.2,1.0,41.48383820390502,22.688954388268687,142.63138629112427,0.980784481784622,83.15962849460817,764.37939453125,1.25,4.0
raw,268,58.676321481041086,24.4913301806252,141.26338665136987,0.9922669714487662,96.30096413114785,544.6298828125,1.4833333333333334,3.0,40.80400422604918,20.40301687695726,140.5642965291679,0.9911376315932529,95.76548956789594,574.7630004882812,1.5,5.0
raw,269,64.43654208262916,37.74799239520914,130.42373520555765,0.9580656506734722,87.16759411091147,482.9467468261719,1.4333333333333333,1.0,43.78074118292767,27.266789961805014,132.16815292867756,0.9558141892923837,87.2733510320063,580.14990234375,0.3333333333333333,6.0
raw,270,73.22319127594756,61.97229243434842,125.16259366595243,0.9605495766987002,49.0572761050268,691.455810546875,1.3,3.0,56.00152773951249,38.56488827641822,138.03155956248918,0.989740858822535,71.05045730245081,976.9873657226562,1.4166666666666667,6.0
raw,271,68.53158107595598,57.47006055061618,129.33086942463393,0.9707492231861804,102.22061868949282,656.2225952148438,0.38333333333333336,1.0,51.86216477478967,35.7506381437968,143.25541730768828,0.8361845299211167,124.33214056248659,960.0614624023438,0.43333333333333335,8.0
raw,272,50.21413180819308,39.46741018977353,126.25786530280241,0.9837005093245722,88.21304721459569,616.0994262695312,0.35,1.0,26.169681069692267,24.336267005592028,139.08783020253335,0.8695849755392622,92.61886316876883,867.9895629882812,0.3333333333333333,6.0
raw,273,47.628086353320434,44.45462090116387,126.66695217401295,0.9516475796344939,89.80158923991127,647.615234375,0.35,5.0,24.7864161185718,30.341076220178206,139.1377716484322,0.922331748508678,108.45123213655029,1059.6256103515625,0.4,6.0
raw,274,44.474246158333166,39.16557108851859,129.63210295167298,0.9651362960485417,96.6725165864679,617.6510009765625,0.38333333333333336,3.0,27.336684449011603,25.428499025260866,144.62300454584252,0.9330536956737693,122.36438392058773,833.096435546875,0.43333333333333335,6.0
raw,275,44.43846628398127,34.235180717526234,131.13244475940638,0.975729653295624,89.19774051908519,608.0470581054688,0.45,2.0,27.917620568295032,19.606702607237892,145.50772324452623,0.9234104899834906,96.76912347132344,802.5686645507812,0.48333333333333334,6.0
raw,276,44.66019439279517,34.8178052489325,129.50492783336725,0.9574224386457498,80.08085443847989,568.2171630859375,0.43333333333333335,2.0,26.256570557462357,19.82338052868595,143.13005412136846,0.9648059105486254,101.02971796028612,782.0167846679688,0.4666666666666667,8.0
raw,277,43.44318630391737,31.518598190119384,129.61498861539638,0.9706659544574859,96.05537194260535,594.2567749023438,0.45,1.0,27.330312529520107,17.410784703794924,144.39701488118945,0.9350833374490619,102.03723635714283,782.8748168945312,0.5,7.0
raw,278,44.75132464159773,35.84659990709321,127.49032393106019,0.9811856802965702,92.71938939946381,576.1709594726562,0.36666666666666664,1.0,25.259328620566443,22.29774117069277,141.71973731752666,0.9783004406156917,94.63168027724919,785.7432250976562,0.43333333333333335,4.0
raw,279,46.50750619961295,38.56889127632296,132.10864189934597,0.9834815259230171,80.64540565286364,499.6043701171875,0.4,3.0,27.856038209146917,23.895236910868658,147.0340448928157,0.9721273890402209,92.7977139234278,800.7901000976562,0.43333333333333335,7.0
raw,280,42.708736586113005,31.305640212942933,128.86385410755864,0.9676462861547882,91.1075797957119,555.858154296875,0.4166666666666667,1.0,26.74132426865142,18.774151729327745,143.1047692870868,0.9189159427967297,110.41256984670014,857.6884765625,0.48333333333333334,3.0
raw,281,43.07327010930448,33.24359647658848,129.68986442796935,0.9747286727709225,107.2762845744603,580.7630615234375,0.4,1.0,27.540918413342947,18.552169894905123,145.05615425975623,0.909691540209235,112.63634576508935,803.212158203125,0.43333333333333335,8.0
raw,282,42.60663933728738,30.059967993715468,128.06844172284903,0.9695584982529283,89.42173465596909,520.7349853515625,0.45,1.0,26.846441899418522,17.173995681990274,142.41979321625257,0.871313368999072,95.86847682430289,825.230712890625,0.48333333333333334,8.0
raw,283,42.71642616430167,30.784640811239118,128.15110938503642,0.9691465432905243,92.87861552535617,538.0778198242188,0.4,2.0,26.003621276294016,16.116635775495197,142.48680461335826,0.9314569069498024,107.85397284418991,774.4000244140625,0.43333333333333335,8.0
raw,284,42.15210622550722,31.153159460775186,130.65557558961063,0.9829492828500884,89.29706397818649,532.8871459960938,0.38333333333333336,1.0,26.971925378573573,17.678212864530913,144.994943376432,0.9419758111163886,107.419067225552,780.830078125,0.43333333333333335,6.0
raw,285,42.15967949888343,33.9830675816678,132.3209303111224,0.9862190147469881,89.16988302181238,546.7736206054688,0.4166666666666667,1.0,28.83859783076912,18.61162050667849,148.67093402151465,0.8761707287809454,115.01392788919873,760.2891845703125,0.4666666666666667,6.0
raw,286,42.5000673086495,35.18106346032257,128.6199458930315,0.9810737721903996,79.62619992465591,502.77215576171875,0.4,1.0,25.465717190440245,19.884641485242508,142.5419122160425,0.8325197177491496,89.77805525377136,681.6248779296875,0.48333333333333334,6.0
raw,287,40.831838709215376,35.23738182077107,129.00178591312516,0.9781623146618247,77.32546259642561,511.69000244140625,0.45,1.0,25.716256515237216,21.180367658748608,143.34493108461848,0.8994634720243894,99.87049233000164,805.1734619140625,0.5333333333333333,8.0
raw,288,43.911043492110835,38.154862032831964,125.19148674011917,0.9682929444151425,89.64622754549026,576.8089599609375,1.45,2.0,22.624477712646016,24.957215192134043,138.1541014559757,0.9177717279192685,93.71745950654969,806.2356567382812,0.43333333333333335,11.0
raw,289,42.75290024927728,33.41216646996424,126.56177343308698,0.9691900634412813,82.69219031964525,546.8151245117188,1.3666666666666667,1.0,23.729860393279086,19.510601672091354,139.4609678277744,0.9553192043327259,91.93118328317439,709.4058837890625,0.38333333333333336,6.0
raw,290,42.64172650073458,31.714529819672695,127.74986753551359,0.9768382805340107,81.76378870290421,526.6826171875,0.38333333333333336,2.0,26.194726625138433,17.690408435289655,142.66747402045104,0.9752573653889495,94.21566856907305,742.37451171875,0.43333333333333335,5.0
raw,291,41.77898705187384,35.635866044329845,129.00561170635999,0.9729839785042805,88.6251974487061,557.24267578125,0.38333333333333336,1.0,25.79936718125411,21.45986267007914,143.15343136711516,0.9304140152652853,102.08305968611882,882.2532348632812,0.43333333333333335,6.0
raw,292,40.74907945470989,31.430342883075173,127.97297007089433,0.9832540547903391,76.68116153123634,556.83740234375,1.6666666666666667,2.0,24.668362110481194,18.825089362747544,142.59721817267177,0.8816625405832286,87.09220577346315,744.0255737304688,1.6,6.0
raw,293,42.4016314766867,33.42530079818176,127.65162007003515,0.9815973964216367,69.16086523852243,510.76788330078125,0.43333333333333335,2.0,23.67799421897857,19.661776991550227,140.61180220163192,0.8587831427009657,82.9300565335322,775.0638427734375,0.48333333333333334,8.0
raw,294,42.22334947491708,35.08362375504626,130.29219579018877,0.9784545331495904,91.61932961921195,574.2167358398438,0.4166666666666667,1.0,26.337797916185604,21.116283416038655,145.8838923214074,0.8593618586605933,97.55714482834918,879.027587890625,0.45,7.0
raw,295,44.23842727723665,34.926573893933586,128.9528848902107,0.9836192079954369,83.95822173332164,546.423828125,0.4166666666666667,2.0,23.77804829104715,21.647314704683883,142.08318099021653,0.814796225496661,93.79235842025082,732.7076416015625,0.45,7.0
raw,296,43.08931890066871,36.00341626621895,129.08949582454153,0.9852455535020475,100.94024586334456,572.6420288085938,0.36666666666666664,2.0,24.43133265782939,23.00890489720764,142.90200427319735,0.9308304074306596,106.08925438157854,791.7123413085938,0.4166666666666667,8.0
raw,297,44.39631779785308,38.115258617578775,129.80687754885383,0.9780787439826862,95.47297379460787,597.6795043945312,0.43333333333333335,1.0,24.72874668796026,25.002961614747708,144.63239534017362,0.942279695373642,96.62257479555137,792.17333984375,0.43333333333333335,5.0
raw,298,43.52464032433609,31.43352682167728,127.80225688160398,0.9849138406788591,79.17884854872199,494.92877197265625,0.4666666666666667,1.0,24.82485848668416,16.80734581796076,143.09567495822185,0.8914942775547915,95.00680829849387,712.5455322265625,0.48333333333333334,10.0
raw,299,41.289059749879506,31.085440687232794,128.1310557895022,0.980748218032334,65.95661571710878,474.3596496582031,1.5,1.0,24.354244828008454,17.435467023051075,142.54434653311495,0.902919061360685,86.85103697339088,602.673828125,0.4,7.0
raw,300,42.79306947697136,33.531607440090056,129.68802651070507,0.9728671362246417,91.35529649993202,554.3258666992188,0.4,1.0,25.664553830336367,19.336692696371983,144.4682080276145,0.9400863551012311,104.06927480227438,845.9241333007812,0.43333333333333335,4.0
raw,301,41.24172796723811,33.23317686093894,131.15201064481613,0.9839222081803878,70.95164998432779,495.78350830078125,1.6833333333333333,1.0,25.257242047234335,19.58440836155456,145.5452532571436,0.8890707461988611,93.9220505970917,670.1849975585938,0.4666666666666667,7.0
raw,302,46.38326544970786,38.72424326458427,130.7368185266218,0.9732710230009322,85.41148041910532,538.5150146484375,0.4166666666666667,1.0,25.261159863311264,24.950805822185206,144.11596869337572,0.9426705039934199,98.15315212952811,795.4303588867188,0.4666666666666667,5.0
raw,303,46.68084227471352,41.838194974052186,131.79306572396666,0.9783432307930219,87.61719870582851,568.2785034179688,0.4,1.0,27.09610484660449,26.722952481210893,146.83904969920397,0.8441074928283202,109.37233565220339,744.9691772460938,0.48333333333333334,4.0
raw,304,46.11814989013653,38.030815433379246,130.35633373094663,0.975317337645687,92.32012077846122,526.3497924804688,0.4,1.0,26.14581871047556,22.30242627083261,145.07331760173577,0.7351903965827092,105.8725748883208,742.5526123046875,0.4666666666666667,6.0
raw,305,43.43831101127674,40.841083966469704,131.47232227860923,0.9817294082666768,82.46152267919996,518.8746337890625,0.43333333333333335,1.0,27.055545352969162,26.216803983156172,146.21911236170365,0.9113760475197594,98.28682065764497,780.2559204101562,0.4666666666666667,7.0
raw,306,45.12477360324071,38.32627047471887,131.1433439832062,0.9838470980594516,76.152688239969,525.3206176757812,0.43333333333333335,1.0,26.24744220343932,24.0414876078212,146.61440937095156,0.932937857265522,92.00807105409524,784.2549438476562,0.48333333333333334,8.0
raw,307,54.578286711109044,54.793122243309845,123.8522648793941,0.9605811969575444,90.04238347413832,685.0745849609375,1.4,4.0,42.39373272497649,42.77830596935972,144.98359545312587,0.9812785198727587,92.72877030820439,938.6666259765625,0.35,9.0
raw,308,64.66241548266095,64.46552323699827,127.36702300802123,0.9642546279024425,96.16609339696595,698.7014770507812,1.5,5.0,56.363728437030254,51.386774426111174,147.09669050050545,0.9802340287685603,91.98103934448255,853.2236938476562,1.4,11.0
raw,309,35.50567201983543,39.8379913376693,123.1158134425588,0.9631746059602219,146.61524318922574,656.8353881835938,0.43333333333333335,1.0,26.366704791839176,29.40262786355389,144.68197592052155,0.9760496500472217,78.03600698490584,739.7106323242188,0.31666666666666665,9.0
raw,310,37.45232343868842,35.971758309976494,124.70936074367269,0.974973194588027,81.14373739706195,629.832763671875,0.4666666666666667,2.0,23.540840150420987,24.84772168358584,145.20444808302273,0.9870405811386939,75.38055544848021,875.8232421875,0.38333333333333336,5.0
raw,311,37.20676846812357,39.60766525616185,122.19481266350047,0.9587299393382626,73.47683517392994,656.8041381835938,1.4333333333333333,1.0,23.337522858774978,26.94795390555365,142.61362037392522,0.9746660150669556,77.66829786769222,727.8715209960938,1.6,5.0
raw,312,38.1725829943188,37.73165968741479,125.12665809723492,0.9559060173536069,81.85092427611352,609.9795532226562,1.6166666666666667,1.0,22.22112467790499,25.990586558213806,143.28708437448665,0.9570769510863306,80.39049088816284,780.3126220703125,0.36666666666666664,6.0
raw,313,38.914887571637294,35.58493108699772,122.73572305450088,0.9689679259811111,77.02993345257113,536.2496337890625,1.75,2.0,24.12861523970816,23.068311262355852,142.90910238393408,0.9671315803152624,65.94490677818101,603.5261840820312,0.2833333333333333,10.0
raw,314,36.34813148854538,35.98456122825715,123.88995543620626,0.9914442932573628,369.80599737234513,636.76708984375,0.4666666666666667,2.0,23.258697414928555,23.122088590015373,142.72346751225194,0.9693527627038621,101.1220620805824,693.4178466796875,1.4333333333333333,7.0
raw,315,39.30819512119057,41.86148425830478,127.05211479106099,0.9732690552820361,85.10614800116798,604.8821411132812,1.5666666666666667,2.0,25.953410443544442,30.503479572645638,146.38889321595502,0.9837962507754241,99.89081954382357,677.156494140625,1.4333333333333333,6.0
raw,316,43.33087594056754,45.48944576430268,127.05321118421443,0.9744143742072356,82.29647826589371,549.69677734375,1.55,1.0,27.605445617366698,34.74599606765159,147.27161493999742,0.9772731010558144,105.29288574808447,678.9683837890625,1.5333333333333334,9.0
raw,317,46.87086397385096,41.93521454466368,128.41331925387496,0.9816556231075849,77.95176128406268,580.008544921875,0.4166666666666667,4.0,30.417620921679884,29.16648660270512,148.85204004177248,0.9439361356200846,83.91345743554609,668.669189453125,1.5333333333333334,9.0
raw,318,42.37851824575243,37.54909894584377,120.10106714119097,0.9516410313931789,76.56059087006071,664.7338256835938,0.4,1.0,25.578771589015425,23.942672581950674,140.65329777353443,0.9788368664881915,81.61480054011633,866.2512817382812,0.36666666666666664,4.0
raw,319,42.73036094974897,38.82558182012235,120.07865193974467,0.935579902553177,71.85892950586123,681.5843505859375,0.36666666666666664,1.0,25.68087698124206,25.161979412184596,141.88463942957952,0.9721071665176741,78.60907349887185,1068.8934326171875,0.36666666666666664,6.0
raw,320,43.92065940147258,39.244343789328596,121.10954089335488,0.9801604005733688,97.56796880844604,717.213134765625,0.36666666666666664,1.0,26.72232826383085,23.82622060862357,140.58969192855497,0.9644666066151798,91.66059906717379,965.781982421875,0.35,6.0
raw,321,47.36252383988605,43.2248140013466,121.43114467131747,0.9644260256938416,78.53405624549112,659.1063232421875,0.38333333333333336,1.0,28.390872246435723,28.362336536755784,142.43914886559818,0.9809238538674597,78.26448191104191,884.5264892578125,0.3333333333333333,7.0
raw,322,46.16223762355536,46.72305206531855,120.39106877064984,0.9704386799417475,86.24273292945276,725.5728149414062,0.36666666666666664,2.0,27.94389905887101,36.41985354028095,142.4548338290138,0.9737938047922323,90.96758487678585,913.87255859375,0.35,8.0
raw,323,47.74331751394734,48.12876815000768,122.49927655881272,0.9671989050887474,87.99936208922247,685.4686279296875,0.35,1.0,27.3798313751792,37.63533247936589,142.39174746671586,0.979935272548013,99.92155094272249,892.5449829101562,0.36666666666666664,8.0
raw,324,48.674504350220225,48.105341586047,121.97898597472194,0.9682334224463544,82.06536298641794,662.9312133789062,1.45,1.0,32.86113565272451,37.285859826698484,141.6215458627891,0.957089686533069,80.21429906954864,921.5861206054688,0.36666666666666664,5.0
