part,trial,arm,seq_omc_reach onset,anc_omc_reach onset,min_omc_reach onset,amq_reach onset,seq_omc_grasp,anc_omc_grasp,min_omc_grasp,amq_grasp,seq_omc_drink onset,anc_omc_drink onset,min_omc_drink onset,amq_drink onset,seq_omc_drink offset,anc_omc_drink offset,min_omc_drink offset,amq_drink offset,seq_omc_release,anc_omc_release,min_omc_release,amq_release,seq_omc_settle,anc_omc_settle,min_omc_settle,amq_settle,seq_mmc_reach onset,anc_mmc_reach onset,min_mmc_reach onset,seq_mmc_grasp,anc_mmc_grasp,min_mmc_grasp,seq_mmc_drink onset,anc_mmc_drink onset,min_mmc_drink onset,seq_mmc_drink offset,anc_mmc_drink offset,min_mmc_drink offset,seq_mmc_release,anc_mmc_release,min_mmc_release,seq_mmc_settle,anc_mmc_settle,min_mmc_settle,seq_mmc_c3kf_reach onset,anc_mmc_c3kf_reach onset,min_mmc_c3kf_reach onset,seq_mmc_c3kf_grasp,anc_mmc_c3kf_grasp,min_mmc_c3kf_grasp,seq_mmc_c3kf_drink onset,anc_mmc_c3kf_drink onset,min_mmc_c3kf_drink onset,seq_mmc_c3kf_drink offset,anc_mmc_c3kf_drink offset,min_mmc_c3kf_drink offset,seq_mmc_c3kf_release,anc_mmc_c3kf_release,min_mmc_c3kf_release,seq_mmc_c3kf_settle,anc_mmc_c3kf_settle,min_mmc_c3kf_settle,seq_mmc_c3kf_wr_reach onset,anc_mmc_c3kf_wr_reach onset,min_mmc_c3kf_wr_reach onset,seq_mmc_c3kf_wr_grasp,anc_mmc_c3kf_wr_grasp,min_mmc_c3kf_wr_grasp,seq_mmc_c3kf_wr_drink onset,anc_mmc_c3kf_wr_drink onset,min_mmc_c3kf_wr_drink onset,seq_mmc_c3kf_wr_drink offset,anc_mmc_c3kf_wr_drink offset,min_mmc_c3kf_wr_drink offset,seq_mmc_c3kf_wr_release,anc_mmc_c3kf_wr_release,min_mmc_c3kf_wr_release,seq_mmc_c3kf_wr_settle,anc_mmc_c3kf_wr_settle,min_mmc_c3kf_wr_settle,seq_mmc_c3kf_wr2_reach onset,anc_mmc_c3kf_wr2_reach onset,min_mmc_c3kf_wr2_reach onset,seq_mmc_c3kf_wr2_grasp,anc_mmc_c3kf_wr2_grasp,min_mmc_c3kf_wr2_grasp,seq_mmc_c3kf_wr2_drink onset,anc_mmc_c3kf_wr2_drink onset,min_mmc_c3kf_wr2_drink onset,seq_mmc_c3kf_wr2_drink offset,anc_mmc_c3kf_wr2_drink offset,min_mmc_c3kf_wr2_drink offset,seq_mmc_c3kf_wr2_release,anc_mmc_c3kf_wr2_release,min_mmc_c3kf_wr2_release,seq_mmc_c3kf_wr2_settle,anc_mmc_c3kf_wr2_settle,min_mmc_c3kf_wr2_settle
P07,trial_10_L_unaffected,unaffected,93.0,85.0,93.0,84.0,136.0,130.0,136.0,145.0,217.0,222,231.0,203.0,295.0,299,291.0,304.0,423.0,428.0,423.0,371.0,470.0,462.0,471.0,492.0,96.0,88.0,96.0,141.0,127.0,141.0,217.0,212,226.0,296.0,300,294.0,420.0,426.0,420.0,450.0,462.0,471.0,96.0,88.0,96.0,149.0,137.0,149.0,217.0,216.0,227.0,296.0,217.0,280.0,420.0,,420.0,450.0,210.0,471.0,96.0,88.0,96.0,149.0,137.0,149.0,217.0,216.0,227.0,296.0,217.0,280.0,420.0,,420.0,450.0,210.0,471.0,96.0,88.0,96.0,149.0,137.0,149.0,227.0,216.0,227.0,280.0,217.0,280.0,420.0,,420.0,450.0,210.0,471.0
P07,trial_11_L_unaffected,unaffected,0.0,,0.0,,66.0,,66.0,,161.0,165,186.0,,246.0,249,238.0,,410.0,408.0,410.0,,440.0,,441.0,,19.0,55.0,19.0,50.0,59.0,50.0,157.0,152,162.0,245.0,249,241.0,409.0,369.0,409.0,440.0,378.0,439.0,19.0,55.0,19.0,49.0,63.0,49.0,157.0,153.0,161.0,245.0,154.0,231.0,409.0,,409.0,440.0,152.0,439.0,19.0,55.0,19.0,49.0,63.0,49.0,157.0,153.0,161.0,245.0,154.0,231.0,409.0,,409.0,440.0,152.0,439.0,19.0,55.0,19.0,49.0,63.0,49.0,161.0,153.0,161.0,231.0,154.0,231.0,409.0,,409.0,440.0,152.0,439.0
P07,trial_12_L_unaffected,unaffected,0.0,0.0,0.0,,54.0,48.0,54.0,,142.0,147,169.0,,200.0,205,196.0,,307.0,309.0,307.0,,337.0,347.0,316.0,,0.0,0.0,0.0,54.0,47.0,54.0,142.0,133,142.0,202.0,206,199.0,307.0,310.0,307.0,336.0,347.0,316.0,0.0,,0.0,54.0,,54.0,142.0,197.0,141.0,202.0,205.0,187.0,307.0,232.0,307.0,336.0,261.0,316.0,0.0,,0.0,54.0,,54.0,142.0,197.0,141.0,202.0,205.0,187.0,307.0,232.0,307.0,336.0,261.0,316.0,0.0,,0.0,54.0,,54.0,141.0,197.0,141.0,187.0,205.0,187.0,307.0,232.0,307.0,336.0,261.0,316.0
P07,trial_13_L_unaffected,unaffected,93.0,85.0,93.0,85.0,143.0,141.0,143.0,157.0,222.0,233,243.0,208.0,291.0,294,285.0,300.0,381.0,384.0,381.0,349.0,409.0,421.0,410.0,435.0,95.0,86.0,95.0,150.0,140.0,150.0,221.0,214,223.0,289.0,293,284.0,380.0,385.0,380.0,409.0,418.0,409.0,95.0,287.0,95.0,160.0,288.0,160.0,221.0,288.0,228.0,289.0,293.0,275.0,381.0,327.0,381.0,409.0,346.0,409.0,95.0,287.0,95.0,160.0,288.0,160.0,221.0,288.0,228.0,289.0,293.0,275.0,381.0,327.0,381.0,409.0,346.0,409.0,95.0,287.0,95.0,160.0,288.0,160.0,228.0,288.0,228.0,275.0,293.0,275.0,381.0,327.0,381.0,409.0,346.0,409.0
P07,trial_14_L_unaffected,unaffected,72.0,,72.0,63.0,122.0,,122.0,132.0,207.0,219,217.0,193.0,306.0,316,304.0,320.0,435.0,415.0,435.0,377.0,463.0,,465.0,495.0,75.0,277.0,75.0,126.0,362.0,126.0,202.0,362,209.0,309.0,372,310.0,434.0,438.0,434.0,464.0,472.0,465.0,75.0,66.0,75.0,111.0,122.0,111.0,202.0,201.0,208.0,309.0,202.0,304.0,434.0,,434.0,464.0,198.0,465.0,75.0,66.0,75.0,111.0,122.0,111.0,202.0,201.0,208.0,309.0,202.0,304.0,434.0,,434.0,464.0,198.0,465.0,75.0,66.0,75.0,111.0,122.0,111.0,208.0,201.0,208.0,304.0,202.0,304.0,434.0,,434.0,464.0,198.0,465.0
P07,trial_15_L_unaffected,unaffected,27.0,,27.0,18.0,74.0,,74.0,84.0,157.0,168,173.0,145.0,219.0,223,216.0,228.0,327.0,329.0,327.0,290.0,360.0,368.0,357.0,391.0,27.0,19.0,27.0,71.0,67.0,71.0,155.0,163,173.0,218.0,223,216.0,325.0,330.0,325.0,360.0,369.0,358.0,27.0,,27.0,69.0,,69.0,155.0,213.0,163.0,218.0,221.0,208.0,324.0,254.0,324.0,360.0,285.0,358.0,27.0,,27.0,69.0,,69.0,155.0,213.0,163.0,218.0,221.0,208.0,324.0,254.0,324.0,360.0,285.0,358.0,27.0,,27.0,69.0,,69.0,163.0,213.0,163.0,208.0,221.0,208.0,324.0,254.0,324.0,360.0,285.0,358.0
P07,trial_16_L_unaffected,unaffected,0.0,0.0,0.0,,50.0,45.0,50.0,,138.0,154,181.0,,199.0,204,194.0,,303.0,305.0,303.0,,332.0,341.0,312.0,,0.0,0.0,0.0,56.0,47.0,56.0,133.0,142,159.0,202.0,205,197.0,304.0,308.0,304.0,332.0,342.0,313.0,0.0,66.0,0.0,38.0,112.0,38.0,133.0,144.0,150.0,202.0,201.0,185.0,303.0,242.0,303.0,332.0,269.0,312.0,0.0,66.0,0.0,38.0,112.0,38.0,133.0,144.0,150.0,202.0,201.0,185.0,303.0,242.0,303.0,332.0,269.0,312.0,0.0,66.0,0.0,38.0,112.0,38.0,150.0,144.0,150.0,185.0,201.0,185.0,303.0,242.0,303.0,332.0,269.0,312.0
P07,trial_17_L_unaffected,unaffected,60.0,119.0,60.0,50.0,111.0,128.0,111.0,118.0,187.0,199,201.0,174.0,260.0,262,255.0,267.0,377.0,307.0,377.0,327.0,406.0,313.0,422.0,436.0,61.0,52.0,61.0,112.0,101.0,112.0,181.0,178,188.0,259.0,262,256.0,374.0,379.0,374.0,404.0,414.0,405.0,61.0,255.0,61.0,121.0,257.0,121.0,181.0,257.0,192.0,259.0,262.0,245.0,374.0,280.0,374.0,404.0,320.0,405.0,61.0,255.0,61.0,121.0,257.0,121.0,181.0,257.0,192.0,259.0,262.0,245.0,374.0,280.0,374.0,404.0,320.0,405.0,61.0,255.0,61.0,121.0,257.0,121.0,192.0,257.0,192.0,245.0,262.0,245.0,374.0,280.0,374.0,404.0,320.0,405.0
P07,trial_18_L_unaffected,unaffected,46.0,38.0,46.0,37.0,100.0,95.0,100.0,106.0,180.0,190,215.0,168.0,250.0,256,247.0,261.0,373.0,374.0,373.0,348.0,401.0,410.0,401.0,436.0,47.0,39.0,47.0,93.0,85.0,93.0,180.0,175,184.0,252.0,257,249.0,368.0,377.0,368.0,401.0,410.0,401.0,47.0,,47.0,92.0,,92.0,180.0,176.0,189.0,252.0,177.0,243.0,368.0,,368.0,401.0,175.0,401.0,47.0,,47.0,92.0,,92.0,180.0,176.0,189.0,252.0,177.0,243.0,368.0,,368.0,401.0,175.0,401.0,47.0,,47.0,92.0,,92.0,189.0,176.0,189.0,243.0,177.0,243.0,368.0,,368.0,401.0,175.0,401.0
P07,trial_19_L_unaffected,unaffected,65.0,57.0,65.0,56.0,114.0,110.0,114.0,123.0,202.0,210,214.0,186.0,277.0,281,268.0,286.0,381.0,383.0,381.0,354.0,407.0,415.0,407.0,460.0,66.0,270.0,66.0,104.0,338.0,104.0,202.0,338,205.0,278.0,385,278.0,380.0,,380.0,406.0,414.0,406.0,66.0,57.0,66.0,102.0,113.0,102.0,202.0,191.0,206.0,278.0,192.0,268.0,380.0,,380.0,406.0,199.0,406.0,66.0,57.0,66.0,102.0,113.0,102.0,202.0,191.0,206.0,278.0,192.0,268.0,380.0,,380.0,406.0,199.0,406.0,66.0,57.0,66.0,102.0,113.0,102.0,206.0,191.0,206.0,268.0,192.0,268.0,380.0,,380.0,406.0,199.0,406.0
P07,trial_1_L_unaffected,unaffected,0.0,0.0,0.0,,27.0,12.0,27.0,,60.0,256,269.0,,100.0,257,275.0,,109.0,,284.0,,138.0,148.0,321.0,,0.0,,0.0,46.0,,46.0,61.0,52,66.0,99.0,53,97.0,105.0,,105.0,136.0,55.0,213.0,0.0,,0.0,7.0,,7.0,61.0,255.0,71.0,99.0,256.0,88.0,106.0,,106.0,136.0,261.0,213.0,0.0,,0.0,7.0,,7.0,61.0,255.0,71.0,99.0,256.0,88.0,106.0,,106.0,136.0,261.0,213.0,0.0,,0.0,7.0,,7.0,71.0,255.0,71.0,88.0,256.0,88.0,106.0,,106.0,136.0,261.0,213.0
P07,trial_20_L_unaffected,unaffected,97.0,89.0,97.0,87.0,144.0,141.0,144.0,151.0,218.0,222,255.0,204.0,279.0,286,275.0,294.0,402.0,402.0,402.0,365.0,427.0,434.0,427.0,448.0,98.0,89.0,98.0,145.0,132.0,145.0,219.0,211,221.0,282.0,290,276.0,402.0,299.0,402.0,427.0,363.0,427.0,98.0,89.0,98.0,134.0,144.0,134.0,219.0,212.0,225.0,282.0,213.0,274.0,402.0,,402.0,427.0,211.0,427.0,98.0,89.0,98.0,134.0,144.0,134.0,219.0,212.0,225.0,282.0,213.0,274.0,402.0,,402.0,427.0,211.0,427.0,98.0,89.0,98.0,134.0,144.0,134.0,225.0,212.0,225.0,274.0,213.0,274.0,402.0,,402.0,427.0,211.0,427.0
P07,trial_21_L_unaffected,unaffected,25.0,17.0,25.0,16.0,71.0,66.0,71.0,78.0,147.0,163,166.0,137.0,228.0,234,223.0,239.0,335.0,337.0,335.0,310.0,361.0,371.0,361.0,398.0,26.0,17.0,26.0,70.0,60.0,70.0,146.0,142,149.0,228.0,237,227.0,331.0,242.0,331.0,361.0,307.0,361.0,26.0,,26.0,82.0,,82.0,146.0,144.0,152.0,228.0,145.0,221.0,332.0,,332.0,361.0,137.0,361.0,26.0,,26.0,82.0,,82.0,146.0,144.0,152.0,228.0,145.0,221.0,332.0,,332.0,361.0,137.0,361.0,26.0,,26.0,82.0,,82.0,152.0,144.0,152.0,221.0,145.0,221.0,332.0,,332.0,361.0,137.0,361.0
P07,trial_22_L_unaffected,unaffected,74.0,,74.0,65.0,121.0,,121.0,127.0,204.0,204,210.0,187.0,273.0,278,268.0,283.0,367.0,355.0,367.0,339.0,394.0,,395.0,428.0,75.0,67.0,75.0,123.0,113.0,123.0,196.0,194,205.0,275.0,195,269.0,366.0,,366.0,393.0,192.0,394.0,75.0,67.0,75.0,129.0,118.0,129.0,196.0,196.0,205.0,275.0,197.0,263.0,366.0,,366.0,393.0,192.0,394.0,75.0,67.0,75.0,129.0,118.0,129.0,196.0,196.0,205.0,275.0,197.0,263.0,366.0,,366.0,393.0,192.0,394.0,75.0,67.0,75.0,129.0,118.0,129.0,205.0,196.0,205.0,263.0,197.0,263.0,366.0,,366.0,393.0,192.0,394.0
P07,trial_23_L_unaffected,unaffected,44.0,36.0,44.0,35.0,86.0,81.0,86.0,93.0,167.0,180,196.0,156.0,273.0,278,269.0,283.0,374.0,377.0,374.0,350.0,401.0,410.0,401.0,435.0,46.0,269.0,46.0,87.0,335.0,87.0,168.0,335,175.0,276.0,380,272.0,373.0,,373.0,401.0,410.0,401.0,46.0,,46.0,96.0,,96.0,168.0,164.0,174.0,276.0,165.0,265.0,373.0,,373.0,401.0,162.0,401.0,46.0,,46.0,96.0,,96.0,168.0,164.0,174.0,276.0,165.0,265.0,373.0,,373.0,401.0,162.0,401.0,46.0,,46.0,96.0,,96.0,174.0,164.0,174.0,265.0,165.0,265.0,373.0,,373.0,401.0,162.0,401.0
P07,trial_24_L_unaffected,unaffected,100.0,90.0,100.0,89.0,148.0,148.0,148.0,154.0,244.0,259,278.0,231.0,353.0,361,346.0,367.0,454.0,458.0,454.0,423.0,484.0,491.0,484.0,504.0,102.0,91.0,102.0,150.0,142.0,150.0,248.0,238,248.0,354.0,239,354.0,449.0,,449.0,483.0,226.0,482.0,102.0,91.0,102.0,159.0,147.0,159.0,248.0,237.0,242.0,354.0,238.0,350.0,451.0,,451.0,483.0,226.0,482.0,102.0,91.0,102.0,159.0,147.0,159.0,248.0,237.0,242.0,354.0,238.0,350.0,451.0,,451.0,483.0,226.0,482.0,102.0,91.0,102.0,159.0,147.0,159.0,242.0,237.0,242.0,350.0,238.0,350.0,451.0,,451.0,483.0,226.0,482.0
P07,trial_25_L_unaffected,unaffected,73.0,66.0,73.0,,124.0,119.0,124.0,,207.0,220,212.0,,297.0,307,291.0,,396.0,397.0,396.0,,427.0,436.0,429.0,,74.0,65.0,74.0,125.0,113.0,125.0,206.0,201,209.0,307.0,311,304.0,392.0,393.0,392.0,426.0,436.0,427.0,74.0,,74.0,132.0,,132.0,206.0,201.0,213.0,307.0,202.0,296.0,392.0,,392.0,426.0,200.0,427.0,74.0,,74.0,132.0,,132.0,206.0,201.0,213.0,307.0,202.0,296.0,392.0,,392.0,426.0,200.0,427.0,74.0,,74.0,132.0,,132.0,213.0,201.0,213.0,296.0,202.0,296.0,392.0,,392.0,426.0,200.0,427.0
P07,trial_26_L_unaffected,unaffected,97.0,,97.0,87.0,146.0,,146.0,153.0,231.0,242,262.0,218.0,298.0,304,294.0,307.0,395.0,391.0,395.0,364.0,425.0,,426.0,459.0,98.0,90.0,98.0,147.0,136.0,147.0,231.0,230,231.0,293.0,231,297.0,390.0,,390.0,425.0,217.0,425.0,98.0,,98.0,157.0,,157.0,231.0,231.0,238.0,293.0,232.0,288.0,391.0,,391.0,425.0,217.0,425.0,98.0,,98.0,157.0,,157.0,231.0,231.0,238.0,293.0,232.0,288.0,391.0,,391.0,425.0,217.0,425.0,98.0,,98.0,157.0,,157.0,238.0,231.0,238.0,288.0,232.0,288.0,391.0,,391.0,425.0,217.0,425.0
P07,trial_27_L_unaffected,unaffected,69.0,61.0,69.0,60.0,124.0,119.0,124.0,131.0,209.0,229,246.0,199.0,290.0,296,288.0,300.0,380.0,382.0,380.0,355.0,409.0,416.0,409.0,431.0,70.0,62.0,70.0,124.0,114.0,124.0,212.0,220,209.0,287.0,221,290.0,372.0,,372.0,408.0,201.0,408.0,70.0,62.0,70.0,135.0,121.0,135.0,212.0,223.0,215.0,287.0,224.0,279.0,380.0,,380.0,408.0,201.0,408.0,70.0,62.0,70.0,135.0,121.0,135.0,212.0,223.0,215.0,287.0,224.0,279.0,380.0,,380.0,408.0,201.0,408.0,70.0,62.0,70.0,135.0,121.0,135.0,215.0,223.0,215.0,279.0,224.0,279.0,380.0,,380.0,408.0,201.0,408.0
P07,trial_28_L_unaffected,unaffected,78.0,70.0,78.0,70.0,128.0,124.0,128.0,136.0,217.0,244,266.0,207.0,301.0,306,297.0,310.0,394.0,396.0,394.0,367.0,423.0,432.0,424.0,457.0,79.0,70.0,79.0,128.0,118.0,128.0,214.0,238,225.0,301.0,239,298.0,388.0,,388.0,422.0,206.0,423.0,79.0,70.0,79.0,141.0,126.0,141.0,214.0,241.0,222.0,301.0,242.0,291.0,389.0,,389.0,422.0,206.0,423.0,79.0,70.0,79.0,141.0,126.0,141.0,214.0,241.0,222.0,301.0,242.0,291.0,389.0,,389.0,422.0,206.0,423.0,79.0,70.0,79.0,141.0,126.0,141.0,222.0,241.0,222.0,291.0,242.0,291.0,389.0,,389.0,422.0,206.0,423.0
P07,trial_29_L_unaffected,unaffected,0.0,0.0,0.0,,50.0,44.0,50.0,,150.0,155,173.0,,214.0,219,211.0,,304.0,305.0,304.0,,332.0,341.0,313.0,,0.0,0.0,0.0,50.0,39.0,50.0,148.0,142,151.0,215.0,143,212.0,303.0,,303.0,331.0,142.0,312.0,0.0,,0.0,60.0,,60.0,148.0,211.0,151.0,215.0,217.0,204.0,304.0,239.0,304.0,331.0,279.0,313.0,0.0,,0.0,60.0,,60.0,148.0,211.0,151.0,215.0,217.0,204.0,304.0,239.0,304.0,331.0,279.0,313.0,0.0,,0.0,60.0,,60.0,151.0,211.0,151.0,204.0,217.0,204.0,304.0,239.0,304.0,331.0,279.0,313.0
P07,trial_2_L_unaffected,unaffected,23.0,16.0,23.0,14.0,68.0,64.0,68.0,78.0,138.0,130,140.0,121.0,166.0,169,163.0,174.0,258.0,261.0,258.0,237.0,283.0,290.0,281.0,306.0,23.0,165.0,23.0,64.0,216.0,64.0,138.0,216,139.0,166.0,232,164.0,257.0,263.0,257.0,283.0,291.0,282.0,23.0,,23.0,64.0,,64.0,138.0,132.0,146.0,166.0,133.0,155.0,257.0,,257.0,283.0,131.0,282.0,23.0,,23.0,64.0,,64.0,138.0,132.0,146.0,166.0,133.0,155.0,257.0,,257.0,283.0,131.0,282.0,23.0,,23.0,64.0,,64.0,146.0,132.0,146.0,155.0,133.0,155.0,257.0,,257.0,283.0,131.0,282.0
P07,trial_30_L_unaffected,unaffected,46.0,,46.0,36.0,93.0,,93.0,100.0,183.0,200,222.0,172.0,270.0,277,267.0,281.0,366.0,335.0,366.0,343.0,394.0,337.0,395.0,412.0,47.0,38.0,47.0,93.0,85.0,93.0,185.0,177,185.0,275.0,178,269.0,364.0,,364.0,394.0,180.0,393.0,47.0,,47.0,110.0,,110.0,185.0,178.0,187.0,275.0,179.0,264.0,364.0,,364.0,394.0,180.0,393.0,47.0,,47.0,110.0,,110.0,185.0,178.0,187.0,275.0,179.0,264.0,364.0,,364.0,394.0,180.0,393.0,47.0,,47.0,110.0,,110.0,187.0,178.0,187.0,264.0,179.0,264.0,364.0,,364.0,394.0,180.0,393.0
P07,trial_31_L_unaffected,unaffected,84.0,,84.0,74.0,132.0,,132.0,142.0,234.0,245,270.0,211.0,291.0,298,288.0,303.0,383.0,313.0,383.0,362.0,417.0,363.0,415.0,442.0,84.0,76.0,84.0,137.0,128.0,137.0,228.0,227,229.0,294.0,298,288.0,386.0,392.0,386.0,416.0,425.0,415.0,84.0,76.0,84.0,146.0,134.0,146.0,228.0,230.0,228.0,294.0,231.0,283.0,386.0,,386.0,416.0,215.0,415.0,84.0,76.0,84.0,146.0,134.0,146.0,228.0,230.0,228.0,294.0,231.0,283.0,386.0,,386.0,416.0,215.0,415.0,84.0,76.0,84.0,146.0,134.0,146.0,228.0,230.0,228.0,283.0,231.0,283.0,386.0,,386.0,416.0,215.0,415.0
P07,trial_32_L_unaffected,unaffected,46.0,38.0,46.0,37.0,94.0,86.0,94.0,101.0,172.0,193,181.0,160.0,231.0,194,229.0,243.0,332.0,,332.0,310.0,374.0,165.0,374.0,397.0,47.0,39.0,47.0,88.0,79.0,88.0,170.0,173,172.0,231.0,239,230.0,332.0,342.0,332.0,374.0,383.0,372.0,47.0,39.0,47.0,88.0,89.0,88.0,170.0,176.0,175.0,231.0,177.0,224.0,332.0,,332.0,374.0,166.0,372.0,47.0,39.0,47.0,88.0,89.0,88.0,170.0,176.0,175.0,231.0,177.0,224.0,332.0,,332.0,374.0,166.0,372.0,47.0,39.0,47.0,88.0,89.0,88.0,175.0,176.0,175.0,224.0,177.0,224.0,332.0,,332.0,374.0,166.0,372.0
P07,trial_33_L_unaffected,unaffected,89.0,,89.0,79.0,134.0,,134.0,147.0,220.0,235,249.0,208.0,316.0,323,313.0,330.0,419.0,406.0,419.0,394.0,449.0,,449.0,481.0,91.0,81.0,91.0,134.0,127.0,134.0,220.0,216,223.0,325.0,325,318.0,420.0,337.0,420.0,448.0,388.0,449.0,91.0,,91.0,133.0,,133.0,220.0,217.0,225.0,325.0,218.0,307.0,420.0,,420.0,448.0,216.0,449.0,91.0,,91.0,133.0,,133.0,220.0,217.0,225.0,325.0,218.0,307.0,420.0,,420.0,448.0,216.0,449.0,91.0,,91.0,133.0,,133.0,225.0,217.0,225.0,307.0,218.0,307.0,420.0,,420.0,448.0,216.0,449.0
P07,trial_34_L_unaffected,unaffected,87.0,,87.0,79.0,134.0,,134.0,142.0,214.0,229,249.0,202.0,302.0,309,298.0,315.0,405.0,400.0,405.0,374.0,433.0,444.0,437.0,470.0,86.0,77.0,86.0,131.0,123.0,131.0,218.0,217,221.0,297.0,309,298.0,404.0,410.0,404.0,433.0,444.0,436.0,86.0,218.0,86.0,144.0,236.0,144.0,218.0,236.0,224.0,297.0,303.0,292.0,405.0,340.0,405.0,433.0,370.0,436.0,86.0,218.0,86.0,144.0,236.0,144.0,218.0,236.0,224.0,297.0,303.0,292.0,405.0,340.0,405.0,433.0,370.0,436.0,86.0,218.0,86.0,144.0,236.0,144.0,224.0,236.0,224.0,292.0,303.0,292.0,405.0,340.0,405.0,433.0,370.0,436.0
P07,trial_35_L_unaffected,unaffected,49.0,102.0,49.0,40.0,92.0,126.0,92.0,100.0,178.0,194,186.0,164.0,257.0,265,253.0,274.0,370.0,371.0,370.0,336.0,400.0,408.0,399.0,428.0,50.0,41.0,50.0,93.0,82.0,93.0,183.0,172,184.0,260.0,268,258.0,372.0,283.0,372.0,399.0,329.0,398.0,50.0,41.0,50.0,102.0,89.0,102.0,183.0,170.0,183.0,260.0,211.0,254.0,372.0,,372.0,399.0,233.0,398.0,50.0,41.0,50.0,102.0,89.0,102.0,183.0,170.0,183.0,260.0,211.0,254.0,372.0,,372.0,399.0,233.0,398.0,50.0,41.0,50.0,102.0,89.0,102.0,183.0,170.0,183.0,254.0,211.0,254.0,372.0,,372.0,399.0,233.0,398.0
P07,trial_36_L_unaffected,unaffected,97.0,89.0,97.0,88.0,146.0,138.0,146.0,148.0,223.0,240,254.0,209.0,323.0,315,298.0,326.0,416.0,381.0,416.0,394.0,446.0,,446.0,506.0,97.0,150.0,97.0,145.0,201.0,145.0,227.0,216,226.0,319.0,319,313.0,411.0,420.0,411.0,445.0,455.0,446.0,97.0,89.0,97.0,150.0,140.0,150.0,227.0,215.0,230.0,319.0,216.0,305.0,410.0,,410.0,445.0,220.0,446.0,97.0,89.0,97.0,150.0,140.0,150.0,227.0,215.0,230.0,319.0,216.0,305.0,410.0,,410.0,445.0,220.0,446.0,97.0,89.0,97.0,150.0,140.0,150.0,230.0,215.0,230.0,305.0,216.0,305.0,410.0,,410.0,445.0,220.0,446.0
P07,trial_37_L_unaffected,unaffected,70.0,,70.0,61.0,108.0,,108.0,116.0,200.0,208,224.0,188.0,289.0,294,287.0,298.0,397.0,387.0,397.0,352.0,421.0,,421.0,458.0,70.0,62.0,70.0,109.0,99.0,109.0,200.0,191,201.0,289.0,192,288.0,397.0,,397.0,421.0,177.0,421.0,70.0,,70.0,113.0,,113.0,200.0,289.0,202.0,289.0,293.0,278.0,397.0,315.0,397.0,421.0,351.0,421.0,70.0,,70.0,113.0,,113.0,200.0,289.0,202.0,289.0,293.0,278.0,397.0,315.0,397.0,421.0,351.0,421.0,70.0,,70.0,113.0,,113.0,202.0,289.0,202.0,278.0,293.0,278.0,397.0,315.0,397.0,421.0,351.0,421.0
P07,trial_38_L_unaffected,unaffected,68.0,58.0,68.0,56.0,116.0,111.0,116.0,125.0,191.0,218,232.0,181.0,295.0,299,286.0,310.0,398.0,398.0,398.0,366.0,447.0,435.0,447.0,469.0,69.0,59.0,69.0,117.0,106.0,117.0,193.0,206,194.0,306.0,303,291.0,395.0,403.0,395.0,448.0,435.0,447.0,69.0,59.0,69.0,128.0,114.0,128.0,193.0,200.0,198.0,306.0,201.0,288.0,395.0,,395.0,448.0,186.0,447.0,69.0,59.0,69.0,128.0,114.0,128.0,193.0,200.0,198.0,306.0,201.0,288.0,395.0,,395.0,448.0,186.0,447.0,69.0,59.0,69.0,128.0,114.0,128.0,198.0,200.0,198.0,288.0,201.0,288.0,395.0,,395.0,448.0,186.0,447.0
P07,trial_39_L_unaffected,unaffected,0.0,0.0,0.0,,46.0,44.0,46.0,,129.0,143,172.0,,230.0,227,219.0,,327.0,321.0,327.0,,353.0,,336.0,,0.0,0.0,0.0,46.0,38.0,46.0,130.0,122,131.0,229.0,229,224.0,329.0,332.0,329.0,353.0,362.0,338.0,0.0,221.0,0.0,57.0,224.0,57.0,130.0,224.0,131.0,229.0,230.0,214.0,329.0,261.0,329.0,353.0,288.0,338.0,0.0,221.0,0.0,57.0,224.0,57.0,130.0,224.0,131.0,229.0,230.0,214.0,329.0,261.0,329.0,353.0,288.0,338.0,0.0,221.0,0.0,57.0,224.0,57.0,131.0,224.0,131.0,214.0,230.0,214.0,329.0,261.0,329.0,353.0,288.0,338.0
P07,trial_3_L_unaffected,unaffected,66.0,0.0,66.0,,75.0,24.0,75.0,,125.0,120,146.0,,178.0,183,176.0,,262.0,201.0,262.0,,288.0,236.0,271.0,,34.0,0.0,34.0,43.0,21.0,43.0,129.0,117,129.0,177.0,118,177.0,259.0,,259.0,287.0,119.0,268.0,34.0,0.0,34.0,66.0,32.0,66.0,129.0,121.0,135.0,177.0,122.0,168.0,260.0,,260.0,287.0,119.0,269.0,34.0,0.0,34.0,66.0,32.0,66.0,129.0,121.0,135.0,177.0,122.0,168.0,260.0,,260.0,287.0,119.0,269.0,34.0,0.0,34.0,66.0,32.0,66.0,135.0,121.0,135.0,168.0,122.0,168.0,260.0,,260.0,287.0,119.0,269.0
P07,trial_40_L_unaffected,unaffected,0.0,,0.0,,27.0,,27.0,,84.0,102,87.0,,173.0,103,158.0,,286.0,,286.0,,316.0,68.0,295.0,,0.0,,0.0,29.0,,29.0,78.0,68,81.0,178.0,69,182.0,287.0,,287.0,316.0,73.0,296.0,0.0,0.0,0.0,28.0,69.0,28.0,78.0,69.0,82.0,178.0,177.0,166.0,286.0,220.0,286.0,316.0,248.0,295.0,0.0,0.0,0.0,28.0,69.0,28.0,78.0,69.0,82.0,178.0,177.0,166.0,286.0,220.0,286.0,316.0,248.0,295.0,0.0,0.0,0.0,28.0,69.0,28.0,82.0,69.0,82.0,166.0,177.0,166.0,286.0,220.0,286.0,316.0,248.0,295.0
P07,trial_41_L_unaffected,unaffected,79.0,,79.0,71.0,122.0,,122.0,130.0,215.0,240,236.0,205.0,318.0,327,315.0,332.0,419.0,411.0,419.0,401.0,450.0,,450.0,479.0,79.0,130.0,79.0,121.0,203.0,121.0,214.0,216,220.0,323.0,329,312.0,417.0,422.0,417.0,449.0,459.0,451.0,79.0,,79.0,135.0,,135.0,214.0,317.0,221.0,323.0,326.0,309.0,418.0,348.0,418.0,449.0,384.0,451.0,79.0,,79.0,135.0,,135.0,214.0,317.0,221.0,323.0,326.0,309.0,418.0,348.0,418.0,449.0,384.0,451.0,79.0,,79.0,135.0,,135.0,221.0,317.0,221.0,309.0,326.0,309.0,418.0,348.0,418.0,449.0,384.0,451.0
P07,trial_42_L_unaffected,unaffected,69.0,60.0,69.0,58.0,113.0,108.0,113.0,119.0,179.0,219,229.0,199.0,322.0,326,320.0,329.0,409.0,409.0,409.0,382.0,455.0,447.0,456.0,476.0,70.0,61.0,70.0,116.0,103.0,116.0,179.0,204,213.0,321.0,205,321.0,398.0,,398.0,456.0,176.0,455.0,70.0,61.0,70.0,120.0,109.0,120.0,179.0,205.0,213.0,321.0,206.0,310.0,399.0,,399.0,456.0,176.0,455.0,70.0,61.0,70.0,120.0,109.0,120.0,179.0,205.0,213.0,321.0,206.0,310.0,399.0,,399.0,456.0,176.0,455.0,70.0,61.0,70.0,120.0,109.0,120.0,213.0,205.0,213.0,310.0,206.0,310.0,399.0,,399.0,456.0,176.0,455.0
P07,trial_43_R_affected,affected,123.0,,123.0,109.0,196.0,,448.0,359.0,600.0,591,598.0,595.0,691.0,700,694.0,699.0,804.0,784.0,804.0,775.0,835.0,796.0,813.0,886.0,124.0,482.0,124.0,196.0,581.0,468.0,597.0,595,600.0,689.0,698,689.0,803.0,736.0,803.0,833.0,773.0,812.0,124.0,482.0,124.0,197.0,556.0,473.0,597.0,598.0,608.0,689.0,694.0,684.0,804.0,716.0,804.0,833.0,764.0,813.0,124.0,482.0,124.0,197.0,556.0,473.0,597.0,598.0,608.0,689.0,694.0,684.0,804.0,716.0,804.0,833.0,764.0,813.0,124.0,482.0,124.0,197.0,556.0,473.0,608.0,598.0,608.0,684.0,694.0,684.0,804.0,716.0,804.0,833.0,764.0,813.0
P07,trial_44_R_affected,affected,81.0,,81.0,68.0,144.0,,144.0,195.0,302.0,333,301.0,335.0,447.0,451,443.0,454.0,553.0,537.0,553.0,533.0,588.0,,562.0,610.0,80.0,195.0,80.0,142.0,322.0,142.0,304.0,322,324.0,447.0,449,438.0,560.0,457.0,560.0,587.0,518.0,569.0,80.0,195.0,80.0,142.0,330.0,142.0,304.0,330.0,334.0,447.0,446.0,435.0,561.0,467.0,561.0,587.0,518.0,570.0,80.0,195.0,80.0,142.0,330.0,142.0,304.0,330.0,334.0,447.0,446.0,435.0,561.0,467.0,561.0,587.0,518.0,570.0,80.0,195.0,80.0,142.0,330.0,142.0,334.0,330.0,334.0,435.0,446.0,435.0,561.0,467.0,561.0,587.0,518.0,570.0
P07,trial_45_R_affected,affected,0.0,125.0,0.0,,41.0,130.0,41.0,,237.0,247,234.0,,359.0,363,344.0,,493.0,383.0,493.0,,524.0,434.0,502.0,,25.0,114.0,25.0,43.0,297.0,43.0,234.0,297,231.0,349.0,361,345.0,494.0,365.0,494.0,524.0,439.0,503.0,25.0,114.0,25.0,44.0,276.0,44.0,234.0,276.0,241.0,349.0,360.0,347.0,494.0,384.0,494.0,524.0,439.0,503.0,25.0,114.0,25.0,44.0,276.0,44.0,234.0,276.0,241.0,349.0,360.0,347.0,494.0,384.0,494.0,524.0,439.0,503.0,25.0,114.0,25.0,44.0,276.0,44.0,241.0,276.0,241.0,347.0,360.0,347.0,494.0,384.0,494.0,524.0,439.0,503.0
P07,trial_46_R_affected,affected,63.0,167.0,63.0,45.0,125.0,168.0,125.0,238.0,359.0,398,359.0,381.0,488.0,482,470.0,494.0,615.0,585.0,615.0,580.0,650.0,,651.0,691.0,64.0,371.0,64.0,111.0,425.0,111.0,359.0,425,359.0,490.0,484,467.0,620.0,497.0,620.0,650.0,558.0,651.0,64.0,371.0,64.0,110.0,412.0,110.0,359.0,412.0,361.0,490.0,481.0,462.0,622.0,509.0,622.0,650.0,558.0,651.0,64.0,371.0,64.0,110.0,412.0,110.0,359.0,412.0,361.0,490.0,481.0,462.0,622.0,509.0,622.0,650.0,558.0,651.0,64.0,371.0,64.0,110.0,412.0,110.0,361.0,412.0,361.0,462.0,481.0,462.0,622.0,509.0,622.0,650.0,558.0,651.0
P07,trial_47_R_affected,affected,0.0,,0.0,,62.0,,62.0,,299.0,293,297.0,,416.0,424,417.0,,543.0,517.0,543.0,,579.0,,552.0,,0.0,192.0,0.0,62.0,348.0,62.0,295.0,348,297.0,415.0,421,414.0,544.0,423.0,544.0,579.0,482.0,553.0,0.0,192.0,0.0,63.0,346.0,63.0,295.0,346.0,296.0,415.0,417.0,408.0,544.0,437.0,544.0,579.0,482.0,553.0,0.0,192.0,0.0,63.0,346.0,63.0,295.0,346.0,296.0,415.0,417.0,408.0,544.0,437.0,544.0,579.0,482.0,553.0,0.0,192.0,0.0,63.0,346.0,63.0,296.0,346.0,296.0,408.0,417.0,408.0,544.0,437.0,544.0,579.0,482.0,553.0
P07,trial_48_R_affected,affected,85.0,,85.0,73.0,137.0,,137.0,194.0,295.0,304,318.0,289.0,369.0,371,356.0,375.0,469.0,471.0,469.0,450.0,506.0,516.0,514.0,528.0,86.0,199.0,86.0,140.0,261.0,140.0,295.0,292,314.0,369.0,372,364.0,460.0,398.0,460.0,507.0,452.0,513.0,86.0,199.0,86.0,140.0,327.0,140.0,295.0,327.0,310.0,369.0,366.0,353.0,479.0,389.0,479.0,507.0,450.0,513.0,86.0,199.0,86.0,140.0,327.0,140.0,295.0,327.0,310.0,369.0,366.0,353.0,479.0,389.0,479.0,507.0,450.0,513.0,86.0,199.0,86.0,140.0,327.0,140.0,310.0,327.0,310.0,353.0,366.0,353.0,479.0,389.0,479.0,507.0,450.0,513.0
P07,trial_49_R_affected,affected,74.0,311.0,74.0,58.0,123.0,314.0,123.0,189.0,284.0,314,284.0,295.0,422.0,426,409.0,431.0,533.0,436.0,533.0,516.0,572.0,503.0,571.0,596.0,73.0,311.0,73.0,117.0,338.0,117.0,297.0,338,285.0,421.0,423,406.0,542.0,438.0,542.0,571.0,500.0,571.0,73.0,311.0,73.0,116.0,349.0,116.0,297.0,349.0,315.0,421.0,420.0,405.0,543.0,445.0,543.0,571.0,500.0,571.0,73.0,311.0,73.0,116.0,349.0,116.0,297.0,349.0,315.0,421.0,420.0,405.0,543.0,445.0,543.0,571.0,500.0,571.0,73.0,311.0,73.0,116.0,349.0,116.0,315.0,349.0,315.0,405.0,420.0,405.0,543.0,445.0,543.0,571.0,500.0,571.0
P07,trial_4_L_unaffected,unaffected,0.0,0.0,0.0,,51.0,44.0,51.0,,139.0,136,149.0,,186.0,190,180.0,,272.0,274.0,272.0,,299.0,307.0,281.0,,0.0,188.0,0.0,49.0,220.0,49.0,141.0,220,142.0,188.0,224,182.0,264.0,273.0,264.0,298.0,307.0,273.0,0.0,,0.0,47.0,,47.0,141.0,132.0,145.0,188.0,133.0,177.0,264.0,,264.0,298.0,135.0,273.0,0.0,,0.0,47.0,,47.0,141.0,132.0,145.0,188.0,133.0,177.0,264.0,,264.0,298.0,135.0,273.0,0.0,,0.0,47.0,,47.0,145.0,132.0,145.0,177.0,133.0,177.0,264.0,,264.0,298.0,135.0,273.0
P07,trial_50_R_affected,affected,98.0,202.0,98.0,,163.0,214.0,163.0,,315.0,333,313.0,,462.0,469,463.0,,568.0,476.0,568.0,,609.0,543.0,615.0,,96.0,205.0,96.0,150.0,257.0,150.0,314.0,374,313.0,464.0,464,456.0,563.0,497.0,563.0,608.0,553.0,615.0,96.0,322.0,96.0,150.0,375.0,150.0,314.0,375.0,315.0,464.0,460.0,451.0,562.0,483.0,562.0,608.0,543.0,615.0,96.0,322.0,96.0,150.0,375.0,150.0,314.0,375.0,315.0,464.0,460.0,451.0,562.0,483.0,562.0,608.0,543.0,615.0,96.0,322.0,96.0,150.0,375.0,150.0,315.0,375.0,315.0,451.0,460.0,451.0,562.0,483.0,562.0,608.0,543.0,615.0
P07,trial_51_R_affected,affected,34.0,74.0,34.0,,43.0,98.0,43.0,,188.0,183,188.0,,327.0,332,326.0,,425.0,338.0,425.0,,461.0,390.0,438.0,,35.0,203.0,35.0,44.0,237.0,44.0,191.0,237,187.0,326.0,328,322.0,416.0,331.0,416.0,460.0,405.0,435.0,35.0,203.0,35.0,64.0,236.0,64.0,191.0,236.0,189.0,326.0,324.0,311.0,415.0,343.0,415.0,460.0,405.0,435.0,35.0,203.0,35.0,64.0,236.0,64.0,191.0,236.0,189.0,326.0,324.0,311.0,415.0,343.0,415.0,460.0,405.0,435.0,35.0,203.0,35.0,64.0,236.0,64.0,189.0,236.0,189.0,311.0,324.0,311.0,415.0,343.0,415.0,460.0,405.0,435.0
P07,trial_52_R_affected,affected,101.0,,101.0,86.0,161.0,,161.0,200.0,316.0,326,316.0,325.0,446.0,457,447.0,460.0,567.0,557.0,567.0,538.0,599.0,,597.0,622.0,101.0,199.0,101.0,162.0,361.0,162.0,316.0,361,331.0,452.0,453,444.0,568.0,464.0,568.0,599.0,529.0,624.0,101.0,199.0,101.0,162.0,361.0,162.0,316.0,361.0,330.0,452.0,450.0,441.0,569.0,475.0,569.0,599.0,530.0,624.0,101.0,199.0,101.0,162.0,361.0,162.0,316.0,361.0,330.0,452.0,450.0,441.0,569.0,475.0,569.0,599.0,530.0,624.0,101.0,199.0,101.0,162.0,361.0,162.0,330.0,361.0,330.0,441.0,450.0,441.0,569.0,475.0,569.0,599.0,530.0,624.0
P07,trial_53_R_affected,affected,84.0,203.0,84.0,72.0,153.0,283.0,153.0,200.0,313.0,310,314.0,297.0,389.0,395,389.0,399.0,498.0,402.0,498.0,482.0,532.0,461.0,533.0,552.0,85.0,197.0,85.0,147.0,241.0,147.0,308.0,335,284.0,389.0,390,375.0,500.0,414.0,500.0,532.0,476.0,533.0,85.0,198.0,85.0,137.0,248.0,137.0,308.0,330.0,301.0,389.0,387.0,374.0,498.0,415.0,498.0,532.0,476.0,533.0,85.0,198.0,85.0,137.0,248.0,137.0,308.0,330.0,301.0,389.0,387.0,374.0,498.0,415.0,498.0,532.0,476.0,533.0,85.0,198.0,85.0,137.0,248.0,137.0,301.0,330.0,301.0,374.0,387.0,374.0,498.0,415.0,498.0,532.0,476.0,533.0
P07,trial_54_R_affected,affected,74.0,,74.0,60.0,122.0,,122.0,161.0,246.0,267,246.0,261.0,370.0,374,367.0,377.0,481.0,474.0,481.0,463.0,517.0,,516.0,537.0,73.0,159.0,73.0,124.0,203.0,124.0,247.0,303,248.0,368.0,367,361.0,481.0,394.0,481.0,516.0,452.0,517.0,73.0,159.0,73.0,124.0,230.0,124.0,247.0,298.0,257.0,368.0,364.0,358.0,481.0,393.0,481.0,516.0,451.0,517.0,73.0,159.0,73.0,124.0,230.0,124.0,247.0,298.0,257.0,368.0,364.0,358.0,481.0,393.0,481.0,516.0,451.0,517.0,73.0,159.0,73.0,124.0,230.0,124.0,257.0,298.0,257.0,358.0,364.0,358.0,481.0,393.0,481.0,516.0,451.0,517.0
P07,trial_55_R_affected,affected,76.0,174.0,76.0,62.0,132.0,262.0,132.0,168.0,281.0,277,263.0,268.0,396.0,399,382.0,403.0,509.0,417.0,509.0,475.0,541.0,468.0,544.0,630.0,76.0,288.0,76.0,137.0,297.0,137.0,264.0,297,267.0,396.0,396,373.0,511.0,419.0,511.0,542.0,472.0,544.0,76.0,288.0,76.0,137.0,298.0,137.0,264.0,298.0,272.0,396.0,392.0,370.0,512.0,418.0,512.0,542.0,471.0,544.0,76.0,288.0,76.0,137.0,298.0,137.0,264.0,298.0,272.0,396.0,392.0,370.0,512.0,418.0,512.0,542.0,471.0,544.0,76.0,288.0,76.0,137.0,298.0,137.0,272.0,298.0,272.0,370.0,392.0,370.0,512.0,418.0,512.0,542.0,471.0,544.0
P07,trial_56_R_affected,affected,89.0,210.0,89.0,76.0,162.0,304.0,162.0,210.0,298.0,326,296.0,322.0,429.0,441,430.0,444.0,549.0,448.0,549.0,525.0,586.0,518.0,583.0,608.0,89.0,339.0,89.0,131.0,349.0,131.0,295.0,349,298.0,434.0,438,422.0,546.0,445.0,546.0,587.0,521.0,583.0,89.0,199.0,89.0,131.0,326.0,131.0,295.0,326.0,320.0,434.0,436.0,422.0,545.0,449.0,545.0,587.0,521.0,583.0,89.0,199.0,89.0,131.0,326.0,131.0,295.0,326.0,320.0,434.0,436.0,422.0,545.0,449.0,545.0,587.0,521.0,583.0,89.0,199.0,89.0,131.0,326.0,131.0,320.0,326.0,320.0,422.0,436.0,422.0,545.0,449.0,545.0,587.0,521.0,583.0
P07,trial_57_R_affected,affected,106.0,244.0,106.0,91.0,186.0,316.0,186.0,236.0,336.0,369,335.0,332.0,446.0,453,444.0,455.0,568.0,467.0,568.0,541.0,604.0,523.0,577.0,640.0,106.0,240.0,106.0,175.0,386.0,175.0,335.0,386,338.0,447.0,452,445.0,567.0,,567.0,604.0,536.0,576.0,106.0,240.0,106.0,174.0,381.0,174.0,335.0,381.0,343.0,447.0,448.0,432.0,567.0,467.0,567.0,604.0,536.0,576.0,106.0,240.0,106.0,174.0,381.0,174.0,335.0,381.0,343.0,447.0,448.0,432.0,567.0,467.0,567.0,604.0,536.0,576.0,106.0,240.0,106.0,174.0,381.0,174.0,343.0,381.0,343.0,432.0,448.0,432.0,567.0,467.0,567.0,604.0,536.0,576.0
P07,trial_58_R_affected,affected,22.0,189.0,22.0,,74.0,225.0,74.0,,268.0,278,267.0,,427.0,439,427.0,,554.0,443.0,554.0,,591.0,505.0,563.0,,23.0,185.0,23.0,71.0,257.0,71.0,268.0,274,268.0,433.0,438,430.0,554.0,445.0,554.0,591.0,510.0,563.0,23.0,185.0,23.0,61.0,240.0,61.0,268.0,271.0,276.0,433.0,435.0,424.0,556.0,456.0,556.0,591.0,510.0,565.0,23.0,185.0,23.0,61.0,240.0,61.0,268.0,271.0,276.0,433.0,435.0,424.0,556.0,456.0,556.0,591.0,510.0,565.0,23.0,185.0,23.0,61.0,240.0,61.0,276.0,271.0,276.0,424.0,435.0,424.0,556.0,456.0,556.0,591.0,510.0,565.0
P07,trial_59_R_affected,affected,67.0,53.0,67.0,50.0,126.0,142.0,126.0,160.0,276.0,270,254.0,268.0,389.0,393,385.0,396.0,514.0,499.0,514.0,494.0,553.0,,553.0,577.0,65.0,158.0,65.0,124.0,220.0,124.0,257.0,266,276.0,391.0,389,385.0,516.0,431.0,516.0,553.0,477.0,554.0,65.0,158.0,65.0,125.0,220.0,125.0,257.0,259.0,274.0,391.0,388.0,385.0,515.0,431.0,515.0,553.0,477.0,554.0,65.0,158.0,65.0,125.0,220.0,125.0,257.0,259.0,274.0,391.0,388.0,385.0,515.0,431.0,515.0,553.0,477.0,554.0,65.0,158.0,65.0,125.0,220.0,125.0,274.0,259.0,274.0,385.0,388.0,385.0,515.0,431.0,515.0,553.0,477.0,554.0
P07,trial_5_L_unaffected,unaffected,0.0,,0.0,,43.0,,43.0,,136.0,135,155.0,,174.0,181,173.0,,279.0,280.0,279.0,,307.0,315.0,288.0,,0.0,178.0,0.0,43.0,224.0,43.0,140.0,224,141.0,177.0,236,174.0,275.0,282.0,275.0,306.0,315.0,284.0,0.0,,0.0,33.0,,33.0,140.0,131.0,148.0,177.0,132.0,168.0,275.0,,275.0,306.0,132.0,284.0,0.0,,0.0,33.0,,33.0,140.0,131.0,148.0,177.0,132.0,168.0,275.0,,275.0,306.0,132.0,284.0,0.0,,0.0,33.0,,33.0,148.0,131.0,148.0,168.0,132.0,168.0,275.0,,275.0,306.0,132.0,284.0
P07,trial_60_R_affected,affected,68.0,131.0,68.0,52.0,122.0,142.0,122.0,210.0,348.0,347,346.0,349.0,462.0,466,451.0,470.0,575.0,543.0,575.0,553.0,612.0,,584.0,634.0,67.0,221.0,67.0,124.0,292.0,124.0,346.0,335,347.0,463.0,463,451.0,572.0,473.0,572.0,612.0,525.0,610.0,67.0,221.0,67.0,124.0,285.0,124.0,346.0,333.0,349.0,463.0,461.0,449.0,571.0,484.0,571.0,612.0,525.0,610.0,67.0,221.0,67.0,124.0,285.0,124.0,346.0,333.0,349.0,463.0,461.0,449.0,571.0,484.0,571.0,612.0,525.0,610.0,67.0,221.0,67.0,124.0,285.0,124.0,349.0,333.0,349.0,449.0,461.0,449.0,571.0,484.0,571.0,612.0,525.0,610.0
P07,trial_61_R_affected,affected,79.0,,79.0,65.0,136.0,,136.0,178.0,373.0,401,382.0,373.0,472.0,402,471.0,488.0,585.0,,585.0,562.0,623.0,375.0,628.0,648.0,79.0,285.0,79.0,137.0,337.0,137.0,375.0,393,379.0,470.0,480,470.0,584.0,490.0,584.0,622.0,541.0,627.0,79.0,437.0,79.0,139.0,453.0,139.0,375.0,453.0,402.0,470.0,475.0,463.0,583.0,499.0,583.0,622.0,541.0,627.0,79.0,437.0,79.0,139.0,453.0,139.0,375.0,453.0,402.0,470.0,475.0,463.0,583.0,499.0,583.0,622.0,541.0,627.0,79.0,437.0,79.0,139.0,453.0,139.0,402.0,453.0,402.0,463.0,475.0,463.0,583.0,499.0,583.0,622.0,541.0,627.0
P07,trial_62_R_affected,affected,73.0,,73.0,57.0,131.0,,131.0,227.0,340.0,364,335.0,358.0,482.0,489,479.0,491.0,585.0,585.0,585.0,562.0,622.0,635.0,625.0,650.0,72.0,227.0,72.0,125.0,325.0,125.0,342.0,336,337.0,481.0,485,479.0,586.0,,586.0,622.0,564.0,624.0,72.0,227.0,72.0,125.0,320.0,125.0,342.0,341.0,347.0,481.0,484.0,474.0,586.0,503.0,586.0,622.0,565.0,624.0,72.0,227.0,72.0,125.0,320.0,125.0,342.0,341.0,347.0,481.0,484.0,474.0,586.0,503.0,586.0,622.0,565.0,624.0,72.0,227.0,72.0,125.0,320.0,125.0,347.0,341.0,347.0,474.0,484.0,474.0,586.0,503.0,586.0,622.0,565.0,624.0
P07,trial_63_R_affected,affected,77.0,,77.0,66.0,128.0,,128.0,203.0,295.0,291,297.0,285.0,350.0,350,336.0,357.0,441.0,431.0,441.0,426.0,471.0,,479.0,491.0,77.0,202.0,77.0,126.0,263.0,126.0,296.0,287,296.0,349.0,351,342.0,442.0,382.0,442.0,470.0,421.0,483.0,77.0,202.0,77.0,126.0,263.0,126.0,296.0,289.0,303.0,349.0,347.0,333.0,442.0,372.0,442.0,470.0,421.0,483.0,77.0,202.0,77.0,126.0,263.0,126.0,296.0,289.0,303.0,349.0,347.0,333.0,442.0,372.0,442.0,470.0,421.0,483.0,77.0,202.0,77.0,126.0,263.0,126.0,303.0,289.0,303.0,333.0,347.0,333.0,442.0,372.0,442.0,470.0,421.0,483.0
P07,trial_64_R_affected,affected,73.0,395.0,73.0,61.0,123.0,463.0,123.0,263.0,355.0,463,384.0,380.0,525.0,533,526.0,388.0,624.0,550.0,624.0,404.0,660.0,591.0,671.0,679.0,73.0,394.0,73.0,124.0,401.0,124.0,378.0,401,383.0,526.0,471,529.0,624.0,,624.0,660.0,,633.0,73.0,394.0,73.0,135.0,423.0,135.0,378.0,423.0,383.0,526.0,466.0,518.0,624.0,,624.0,660.0,,633.0,73.0,394.0,73.0,135.0,423.0,135.0,378.0,423.0,383.0,526.0,466.0,518.0,624.0,,624.0,660.0,,633.0,73.0,394.0,73.0,135.0,423.0,135.0,383.0,423.0,383.0,518.0,466.0,518.0,624.0,,624.0,660.0,,633.0
P07,trial_65_R_affected,affected,83.0,,83.0,68.0,134.0,,134.0,192.0,313.0,315,290.0,304.0,460.0,466,454.0,469.0,550.0,510.0,550.0,538.0,591.0,528.0,589.0,612.0,83.0,191.0,83.0,132.0,272.0,132.0,294.0,322,292.0,460.0,464,447.0,551.0,476.0,551.0,590.0,530.0,589.0,83.0,191.0,83.0,133.0,260.0,133.0,294.0,329.0,304.0,460.0,460.0,445.0,549.0,479.0,549.0,590.0,530.0,589.0,83.0,191.0,83.0,133.0,260.0,133.0,294.0,329.0,304.0,460.0,460.0,445.0,549.0,479.0,549.0,590.0,530.0,589.0,83.0,191.0,83.0,133.0,260.0,133.0,304.0,329.0,304.0,445.0,460.0,445.0,549.0,479.0,549.0,590.0,530.0,589.0
P07,trial_66_R_affected,affected,90.0,248.0,90.0,78.0,155.0,344.0,155.0,246.0,364.0,391,365.0,357.0,478.0,489,481.0,489.0,587.0,498.0,587.0,573.0,624.0,554.0,628.0,654.0,91.0,248.0,91.0,156.0,393.0,156.0,357.0,393,364.0,478.0,485,477.0,589.0,497.0,589.0,623.0,554.0,641.0,91.0,460.0,91.0,157.0,470.0,157.0,357.0,470.0,365.0,478.0,484.0,465.0,589.0,505.0,589.0,623.0,555.0,641.0,91.0,460.0,91.0,157.0,470.0,157.0,357.0,470.0,365.0,478.0,484.0,465.0,589.0,505.0,589.0,623.0,555.0,641.0,91.0,460.0,91.0,157.0,470.0,157.0,365.0,470.0,365.0,465.0,484.0,465.0,589.0,505.0,589.0,623.0,555.0,641.0
P07,trial_67_R_affected,affected,66.0,,66.0,51.0,126.0,,126.0,160.0,259.0,301,258.0,279.0,404.0,411,404.0,412.0,515.0,418.0,515.0,484.0,549.0,477.0,549.0,578.0,67.0,160.0,67.0,106.0,272.0,106.0,260.0,272,258.0,405.0,409,400.0,504.0,418.0,504.0,548.0,476.0,548.0,67.0,160.0,67.0,106.0,280.0,106.0,260.0,280.0,269.0,405.0,405.0,387.0,516.0,427.0,516.0,548.0,478.0,548.0,67.0,160.0,67.0,106.0,280.0,106.0,260.0,280.0,269.0,405.0,405.0,387.0,516.0,427.0,516.0,548.0,478.0,548.0,67.0,160.0,67.0,106.0,280.0,106.0,269.0,280.0,269.0,387.0,405.0,387.0,516.0,427.0,516.0,548.0,478.0,548.0
P07,trial_68_R_affected,affected,74.0,169.0,74.0,63.0,147.0,305.0,147.0,171.0,314.0,333,314.0,309.0,446.0,458,438.0,459.0,581.0,497.0,581.0,555.0,612.0,552.0,613.0,636.0,75.0,170.0,75.0,127.0,280.0,127.0,311.0,303,313.0,453.0,407,443.0,575.0,,575.0,613.0,418.0,614.0,75.0,170.0,75.0,128.0,281.0,128.0,311.0,303.0,322.0,453.0,401.0,448.0,576.0,,576.0,613.0,418.0,614.0,75.0,170.0,75.0,128.0,281.0,128.0,311.0,303.0,322.0,453.0,401.0,448.0,576.0,,576.0,613.0,418.0,614.0,75.0,170.0,75.0,128.0,281.0,128.0,322.0,303.0,322.0,448.0,401.0,448.0,576.0,,576.0,613.0,418.0,614.0
P07,trial_69_R_affected,affected,77.0,,77.0,64.0,130.0,,130.0,178.0,324.0,345,326.0,342.0,455.0,346,453.0,463.0,557.0,,557.0,540.0,595.0,271.0,601.0,624.0,77.0,169.0,77.0,128.0,307.0,128.0,323.0,312,309.0,460.0,417,452.0,553.0,,553.0,597.0,427.0,601.0,77.0,169.0,77.0,128.0,307.0,128.0,323.0,311.0,309.0,460.0,417.0,452.0,552.0,,552.0,597.0,427.0,601.0,77.0,169.0,77.0,128.0,307.0,128.0,323.0,311.0,309.0,460.0,417.0,452.0,552.0,,552.0,597.0,427.0,601.0,77.0,169.0,77.0,128.0,307.0,128.0,309.0,311.0,309.0,452.0,417.0,452.0,552.0,,552.0,597.0,427.0,601.0
P07,trial_6_L_unaffected,unaffected,0.0,0.0,0.0,,43.0,37.0,43.0,,123.0,133,160.0,,181.0,189,178.0,,282.0,284.0,282.0,,309.0,319.0,291.0,,0.0,0.0,0.0,45.0,34.0,45.0,123.0,116,125.0,184.0,117,181.0,276.0,,276.0,308.0,114.0,285.0,0.0,0.0,0.0,51.0,40.0,51.0,123.0,118.0,128.0,184.0,119.0,180.0,276.0,,276.0,308.0,114.0,285.0,0.0,0.0,0.0,51.0,40.0,51.0,123.0,118.0,128.0,184.0,119.0,180.0,276.0,,276.0,308.0,114.0,285.0,0.0,0.0,0.0,51.0,40.0,51.0,128.0,118.0,128.0,180.0,119.0,180.0,276.0,,276.0,308.0,114.0,285.0
P07,trial_70_R_affected,affected,73.0,127.0,73.0,,111.0,177.0,111.0,,323.0,319,303.0,,420.0,320,423.0,,526.0,,526.0,,565.0,315.0,561.0,,72.0,332.0,72.0,111.0,337.0,111.0,299.0,337,318.0,421.0,428,419.0,522.0,436.0,522.0,565.0,499.0,561.0,72.0,332.0,72.0,111.0,359.0,111.0,299.0,359.0,309.0,421.0,424.0,410.0,521.0,442.0,521.0,565.0,499.0,561.0,72.0,332.0,72.0,111.0,359.0,111.0,299.0,359.0,309.0,421.0,424.0,410.0,521.0,442.0,521.0,565.0,499.0,561.0,72.0,332.0,72.0,111.0,359.0,111.0,309.0,359.0,309.0,410.0,424.0,410.0,521.0,442.0,521.0,565.0,499.0,561.0
P07,trial_71_R_affected,affected,95.0,161.0,95.0,,157.0,180.0,157.0,,297.0,354,296.0,,433.0,355,429.0,,595.0,,595.0,,631.0,293.0,642.0,,96.0,330.0,96.0,152.0,335.0,152.0,316.0,348,318.0,429.0,435,426.0,596.0,440.0,596.0,631.0,526.0,644.0,96.0,197.0,96.0,151.0,317.0,151.0,316.0,321.0,316.0,429.0,433.0,424.0,596.0,454.0,596.0,631.0,526.0,644.0,96.0,197.0,96.0,151.0,317.0,151.0,316.0,321.0,316.0,429.0,433.0,424.0,596.0,454.0,596.0,631.0,526.0,644.0,96.0,197.0,96.0,151.0,317.0,151.0,316.0,321.0,316.0,424.0,433.0,424.0,596.0,454.0,596.0,631.0,526.0,644.0
P07,trial_72_R_affected,affected,104.0,,104.0,95.0,155.0,,155.0,202.0,378.0,421,379.0,399.0,495.0,422,496.0,508.0,636.0,,636.0,588.0,660.0,380.0,645.0,692.0,102.0,242.0,102.0,153.0,355.0,153.0,374.0,399,376.0,497.0,504,496.0,636.0,513.0,636.0,654.0,577.0,645.0,102.0,242.0,102.0,154.0,365.0,154.0,374.0,400.0,373.0,497.0,500.0,490.0,636.0,521.0,636.0,654.0,578.0,645.0,102.0,242.0,102.0,154.0,365.0,154.0,374.0,400.0,373.0,497.0,500.0,490.0,636.0,521.0,636.0,654.0,578.0,645.0,102.0,242.0,102.0,154.0,365.0,154.0,373.0,400.0,373.0,490.0,500.0,490.0,636.0,521.0,636.0,654.0,578.0,645.0
P07,trial_73_R_affected,affected,89.0,175.0,89.0,76.0,141.0,184.0,141.0,172.0,257.0,309,256.0,296.0,375.0,382,377.0,383.0,516.0,492.0,516.0,502.0,553.0,,564.0,575.0,89.0,173.0,89.0,142.0,290.0,142.0,260.0,311,258.0,365.0,379,360.0,516.0,391.0,516.0,554.0,460.0,561.0,89.0,173.0,89.0,141.0,226.0,141.0,260.0,313.0,271.0,365.0,375.0,357.0,514.0,395.0,514.0,554.0,460.0,561.0,89.0,173.0,89.0,141.0,226.0,141.0,260.0,313.0,271.0,365.0,375.0,357.0,514.0,395.0,514.0,554.0,460.0,561.0,89.0,173.0,89.0,141.0,226.0,141.0,271.0,313.0,271.0,357.0,375.0,357.0,514.0,395.0,514.0,554.0,460.0,561.0
P07,trial_74_R_affected,affected,39.0,259.0,39.0,26.0,98.0,265.0,98.0,121.0,224.0,330,219.0,271.0,412.0,425,411.0,425.0,556.0,456.0,556.0,527.0,590.0,519.0,598.0,625.0,38.0,307.0,38.0,98.0,328.0,98.0,225.0,328,222.0,416.0,370,411.0,557.0,,557.0,589.0,372.0,603.0,38.0,402.0,38.0,100.0,411.0,100.0,225.0,411.0,230.0,416.0,420.0,406.0,558.0,441.0,558.0,589.0,511.0,603.0,38.0,402.0,38.0,100.0,411.0,100.0,225.0,411.0,230.0,416.0,420.0,406.0,558.0,441.0,558.0,589.0,511.0,603.0,38.0,402.0,38.0,100.0,411.0,100.0,230.0,411.0,230.0,406.0,420.0,406.0,558.0,441.0,558.0,589.0,511.0,603.0
P07,trial_75_R_affected,affected,84.0,74.0,84.0,73.0,133.0,166.0,133.0,185.0,283.0,322,284.0,297.0,391.0,397,390.0,400.0,514.0,411.0,514.0,476.0,542.0,472.0,547.0,565.0,84.0,185.0,84.0,134.0,260.0,134.0,281.0,334,283.0,391.0,393,382.0,512.0,418.0,512.0,542.0,478.0,545.0,84.0,185.0,84.0,135.0,326.0,135.0,281.0,334.0,308.0,391.0,389.0,381.0,512.0,414.0,512.0,542.0,477.0,545.0,84.0,185.0,84.0,135.0,326.0,135.0,281.0,334.0,308.0,391.0,389.0,381.0,512.0,414.0,512.0,542.0,477.0,545.0,84.0,185.0,84.0,135.0,326.0,135.0,308.0,334.0,308.0,381.0,389.0,381.0,512.0,414.0,512.0,542.0,477.0,545.0
P07,trial_76_R_affected,affected,89.0,187.0,89.0,78.0,144.0,339.0,144.0,182.0,284.0,339,306.0,304.0,456.0,459,445.0,463.0,598.0,574.0,598.0,577.0,630.0,,649.0,653.0,88.0,186.0,88.0,117.0,339.0,117.0,282.0,339,305.0,447.0,457,445.0,594.0,466.0,594.0,629.0,559.0,644.0,88.0,186.0,88.0,118.0,332.0,118.0,282.0,334.0,324.0,447.0,455.0,445.0,594.0,470.0,594.0,629.0,559.0,644.0,88.0,186.0,88.0,118.0,332.0,118.0,282.0,334.0,324.0,447.0,455.0,445.0,594.0,470.0,594.0,629.0,559.0,644.0,88.0,186.0,88.0,118.0,332.0,118.0,324.0,334.0,324.0,445.0,455.0,445.0,594.0,470.0,594.0,629.0,559.0,644.0
P07,trial_77_R_affected,affected,39.0,30.0,39.0,29.0,108.0,140.0,108.0,107.0,329.0,366,331.0,330.0,433.0,367,433.0,332.0,573.0,,573.0,425.0,608.0,302.0,582.0,630.0,39.0,340.0,39.0,106.0,374.0,106.0,323.0,374,329.0,435.0,443,426.0,568.0,452.0,568.0,608.0,521.0,577.0,39.0,340.0,39.0,105.0,356.0,105.0,323.0,389.0,330.0,435.0,439.0,423.0,567.0,466.0,567.0,608.0,521.0,576.0,39.0,340.0,39.0,105.0,356.0,105.0,323.0,389.0,330.0,435.0,439.0,423.0,567.0,466.0,567.0,608.0,521.0,576.0,39.0,340.0,39.0,105.0,356.0,105.0,330.0,389.0,330.0,423.0,439.0,423.0,567.0,466.0,567.0,608.0,521.0,576.0
P07,trial_78_R_affected,affected,75.0,266.0,75.0,63.0,127.0,313.0,127.0,125.0,391.0,389,393.0,384.0,516.0,528,519.0,526.0,650.0,619.0,650.0,633.0,680.0,,684.0,702.0,76.0,268.0,76.0,125.0,364.0,125.0,383.0,433,392.0,517.0,522,509.0,648.0,538.0,648.0,681.0,603.0,683.0,76.0,268.0,76.0,125.0,371.0,125.0,383.0,426.0,387.0,517.0,517.0,506.0,649.0,542.0,649.0,681.0,603.0,683.0,76.0,268.0,76.0,125.0,371.0,125.0,383.0,426.0,387.0,517.0,517.0,506.0,649.0,542.0,649.0,681.0,603.0,683.0,76.0,268.0,76.0,125.0,371.0,125.0,387.0,426.0,387.0,506.0,517.0,506.0,649.0,542.0,649.0,681.0,603.0,683.0
P07,trial_79_R_affected,affected,84.0,143.0,84.0,75.0,133.0,159.0,133.0,172.0,271.0,280,295.0,277.0,377.0,281,383.0,390.0,522.0,,522.0,471.0,559.0,284.0,558.0,581.0,83.0,298.0,83.0,132.0,319.0,132.0,275.0,319,283.0,379.0,384,374.0,523.0,,523.0,558.0,446.0,557.0,83.0,298.0,83.0,133.0,311.0,133.0,275.0,311.0,279.0,379.0,383.0,371.0,523.0,397.0,523.0,558.0,446.0,557.0,83.0,298.0,83.0,133.0,311.0,133.0,275.0,311.0,279.0,379.0,383.0,371.0,523.0,397.0,523.0,558.0,446.0,557.0,83.0,298.0,83.0,133.0,311.0,133.0,279.0,311.0,279.0,371.0,383.0,371.0,523.0,397.0,523.0,558.0,446.0,557.0
P07,trial_7_L_unaffected,unaffected,37.0,28.0,37.0,28.0,86.0,80.0,86.0,97.0,167.0,172,195.0,152.0,222.0,228,218.0,233.0,342.0,345.0,342.0,307.0,373.0,382.0,372.0,401.0,38.0,28.0,38.0,81.0,76.0,81.0,166.0,159,166.0,224.0,229,218.0,338.0,236.0,338.0,372.0,303.0,371.0,38.0,,38.0,78.0,,78.0,166.0,159.0,168.0,224.0,160.0,213.0,338.0,,338.0,372.0,158.0,371.0,38.0,,38.0,78.0,,78.0,166.0,159.0,168.0,224.0,160.0,213.0,338.0,,338.0,372.0,158.0,371.0,38.0,,38.0,78.0,,78.0,168.0,159.0,168.0,213.0,160.0,213.0,338.0,,338.0,372.0,158.0,371.0
P07,trial_80_R_affected,affected,79.0,342.0,79.0,66.0,142.0,347.0,142.0,210.0,333.0,400,331.0,350.0,487.0,499,493.0,497.0,670.0,646.0,670.0,636.0,698.0,,700.0,724.0,79.0,388.0,79.0,146.0,427.0,146.0,336.0,427,332.0,488.0,493,493.0,668.0,,668.0,698.0,550.0,699.0,79.0,388.0,79.0,147.0,424.0,147.0,336.0,424.0,339.0,488.0,495.0,487.0,667.0,,667.0,698.0,550.0,699.0,79.0,388.0,79.0,147.0,424.0,147.0,336.0,424.0,339.0,488.0,495.0,487.0,667.0,,667.0,698.0,550.0,699.0,79.0,388.0,79.0,147.0,424.0,147.0,339.0,424.0,339.0,487.0,495.0,487.0,667.0,,667.0,698.0,550.0,699.0
P07,trial_81_R_affected,affected,99.0,85.0,99.0,83.0,158.0,181.0,158.0,206.0,312.0,351,309.0,339.0,474.0,479,469.0,478.0,593.0,592.0,593.0,568.0,631.0,642.0,629.0,657.0,98.0,207.0,98.0,157.0,297.0,157.0,322.0,324,313.0,466.0,473,460.0,589.0,510.0,589.0,631.0,561.0,629.0,98.0,207.0,98.0,156.0,299.0,156.0,322.0,321.0,320.0,466.0,470.0,460.0,587.0,516.0,587.0,631.0,561.0,629.0,98.0,207.0,98.0,156.0,299.0,156.0,322.0,321.0,320.0,466.0,470.0,460.0,587.0,516.0,587.0,631.0,561.0,629.0,98.0,207.0,98.0,156.0,299.0,156.0,320.0,321.0,320.0,460.0,470.0,460.0,587.0,516.0,587.0,631.0,561.0,629.0
P07,trial_82_R_affected,affected,82.0,,82.0,71.0,131.0,,131.0,172.0,308.0,340,309.0,304.0,521.0,525,513.0,530.0,648.0,563.0,648.0,625.0,677.0,617.0,685.0,698.0,82.0,170.0,82.0,131.0,282.0,131.0,309.0,333,309.0,525.0,521,502.0,643.0,531.0,643.0,676.0,619.0,683.0,82.0,170.0,82.0,131.0,270.0,131.0,309.0,360.0,315.0,525.0,518.0,501.0,643.0,535.0,643.0,676.0,619.0,683.0,82.0,170.0,82.0,131.0,270.0,131.0,309.0,360.0,315.0,525.0,518.0,501.0,643.0,535.0,643.0,676.0,619.0,683.0,82.0,170.0,82.0,131.0,270.0,131.0,315.0,360.0,315.0,501.0,518.0,501.0,643.0,535.0,643.0,676.0,619.0,683.0
P07,trial_83_R_affected,affected,94.0,185.0,94.0,78.0,145.0,289.0,145.0,181.0,302.0,325,300.0,321.0,473.0,485,479.0,482.0,596.0,491.0,596.0,566.0,629.0,561.0,629.0,656.0,93.0,363.0,93.0,146.0,389.0,146.0,300.0,389,299.0,475.0,435,466.0,596.0,,596.0,629.0,,629.0,93.0,363.0,93.0,146.0,386.0,146.0,300.0,386.0,323.0,475.0,435.0,466.0,596.0,,596.0,629.0,,629.0,93.0,363.0,93.0,146.0,386.0,146.0,300.0,386.0,323.0,475.0,435.0,466.0,596.0,,596.0,629.0,,629.0,93.0,363.0,93.0,146.0,386.0,146.0,323.0,386.0,323.0,466.0,435.0,466.0,596.0,,596.0,629.0,,629.0
P07,trial_8_L_unaffected,unaffected,22.0,13.0,22.0,12.0,66.0,60.0,66.0,76.0,141.0,153,160.0,129.0,238.0,241,230.0,249.0,343.0,345.0,343.0,314.0,370.0,378.0,370.0,394.0,22.0,14.0,22.0,69.0,58.0,69.0,142.0,142,154.0,240.0,244,234.0,341.0,346.0,341.0,370.0,377.0,370.0,22.0,,22.0,83.0,,83.0,142.0,142.0,151.0,240.0,143.0,228.0,341.0,,341.0,370.0,138.0,370.0,22.0,,22.0,83.0,,83.0,142.0,142.0,151.0,240.0,143.0,228.0,341.0,,341.0,370.0,138.0,370.0,22.0,,22.0,83.0,,83.0,151.0,142.0,151.0,228.0,143.0,228.0,341.0,,341.0,370.0,138.0,370.0
P07,trial_9_L_unaffected,unaffected,70.0,63.0,70.0,61.0,110.0,107.0,110.0,118.0,186.0,182,209.0,168.0,252.0,259,248.0,266.0,374.0,372.0,374.0,331.0,406.0,,404.0,436.0,70.0,62.0,70.0,111.0,103.0,111.0,178.0,175,185.0,256.0,260,248.0,368.0,372.0,368.0,405.0,,403.0,70.0,62.0,70.0,120.0,109.0,120.0,178.0,177.0,186.0,256.0,178.0,243.0,369.0,,369.0,405.0,173.0,403.0,70.0,62.0,70.0,120.0,109.0,120.0,178.0,177.0,186.0,256.0,178.0,243.0,369.0,,369.0,405.0,173.0,403.0,70.0,62.0,70.0,120.0,109.0,120.0,186.0,177.0,186.0,243.0,178.0,243.0,369.0,,369.0,405.0,173.0,403.0
P08,trial_10_R_unaffected,unaffected,82.0,72.0,82.0,72.0,136.0,127.0,136.0,150.0,234.0,228,238.0,212.0,277.0,273,263.0,282.0,393.0,397.0,393.0,344.0,435.0,445.0,435.0,458.0,82.0,264.0,82.0,135.0,270.0,135.0,218.0,270,242.0,275.0,275,266.0,395.0,313.0,395.0,433.0,332.0,433.0,82.0,264.0,82.0,133.0,284.0,133.0,218.0,284.0,245.0,275.0,287.0,259.0,394.0,310.0,394.0,433.0,332.0,433.0,82.0,264.0,82.0,133.0,284.0,133.0,218.0,284.0,245.0,275.0,287.0,259.0,394.0,310.0,394.0,433.0,332.0,433.0,82.0,264.0,82.0,133.0,284.0,133.0,245.0,284.0,245.0,259.0,287.0,259.0,394.0,310.0,394.0,433.0,332.0,433.0
P08,trial_11_R_unaffected,unaffected,21.0,4.0,21.0,,77.0,64.0,77.0,,174.0,176,188.0,,232.0,230,223.0,,344.0,349.0,344.0,,385.0,395.0,382.0,,20.0,,20.0,80.0,,80.0,170.0,173,188.0,231.0,230,223.0,343.0,273.0,343.0,384.0,309.0,383.0,20.0,102.0,20.0,79.0,117.0,79.0,170.0,176.0,190.0,231.0,177.0,216.0,343.0,,343.0,384.0,172.0,383.0,20.0,102.0,20.0,79.0,117.0,79.0,170.0,176.0,190.0,231.0,177.0,216.0,343.0,,343.0,384.0,172.0,383.0,20.0,102.0,20.0,79.0,117.0,79.0,190.0,176.0,190.0,216.0,177.0,216.0,343.0,,343.0,384.0,172.0,383.0
P08,trial_12_R_unaffected,unaffected,21.0,5.0,21.0,,80.0,70.0,80.0,,184.0,193,208.0,,253.0,251,243.0,,379.0,387.0,379.0,,426.0,438.0,422.0,,20.0,243.0,20.0,81.0,263.0,81.0,192.0,263,205.0,252.0,266,243.0,379.0,296.0,379.0,424.0,327.0,420.0,20.0,243.0,20.0,80.0,260.0,80.0,192.0,260.0,207.0,252.0,263.0,237.0,379.0,295.0,379.0,424.0,327.0,420.0,20.0,243.0,20.0,80.0,260.0,80.0,192.0,260.0,207.0,252.0,263.0,237.0,379.0,295.0,379.0,424.0,327.0,420.0,20.0,243.0,20.0,80.0,260.0,80.0,207.0,260.0,207.0,237.0,263.0,237.0,379.0,295.0,379.0,424.0,327.0,420.0
P08,trial_13_R_unaffected,unaffected,77.0,69.0,77.0,67.0,138.0,128.0,138.0,160.0,240.0,242,254.0,222.0,302.0,296,284.0,307.0,432.0,439.0,432.0,360.0,476.0,493.0,479.0,504.0,80.0,162.0,80.0,140.0,237.0,140.0,236.0,238,246.0,302.0,296,287.0,434.0,343.0,434.0,476.0,348.0,476.0,80.0,,80.0,140.0,,140.0,236.0,247.0,252.0,302.0,294.0,284.0,434.0,339.0,434.0,476.0,348.0,476.0,80.0,,80.0,140.0,,140.0,236.0,247.0,252.0,302.0,294.0,284.0,434.0,339.0,434.0,476.0,348.0,476.0,80.0,,80.0,140.0,,140.0,252.0,247.0,252.0,284.0,294.0,284.0,434.0,339.0,434.0,476.0,348.0,476.0
P08,trial_14_R_unaffected,unaffected,57.0,47.0,57.0,47.0,123.0,110.0,123.0,140.0,230.0,228,239.0,212.0,284.0,279,268.0,288.0,399.0,406.0,399.0,361.0,443.0,453.0,444.0,467.0,57.0,270.0,57.0,120.0,307.0,120.0,230.0,307,235.0,283.0,311,270.0,402.0,322.0,402.0,442.0,341.0,443.0,57.0,270.0,57.0,120.0,290.0,120.0,230.0,290.0,237.0,283.0,293.0,266.0,402.0,320.0,402.0,442.0,341.0,443.0,57.0,270.0,57.0,120.0,290.0,120.0,230.0,290.0,237.0,283.0,293.0,266.0,402.0,320.0,402.0,442.0,341.0,443.0,57.0,270.0,57.0,120.0,290.0,120.0,237.0,290.0,237.0,266.0,293.0,266.0,402.0,320.0,402.0,442.0,341.0,443.0
P08,trial_15_R_unaffected,unaffected,56.0,46.0,56.0,47.0,120.0,112.0,120.0,144.0,219.0,233,241.0,208.0,311.0,304,294.0,314.0,410.0,416.0,410.0,380.0,453.0,462.0,454.0,486.0,58.0,,58.0,121.0,,121.0,218.0,253,236.0,309.0,305,297.0,410.0,413.0,410.0,453.0,463.0,454.0,58.0,,58.0,120.0,,120.0,218.0,249.0,234.0,309.0,301.0,292.0,410.0,413.0,410.0,453.0,463.0,454.0,58.0,,58.0,120.0,,120.0,218.0,249.0,234.0,309.0,301.0,292.0,410.0,413.0,410.0,453.0,463.0,454.0,58.0,,58.0,120.0,,120.0,234.0,249.0,234.0,292.0,301.0,292.0,410.0,413.0,410.0,453.0,463.0,454.0
P08,trial_16_R_unaffected,unaffected,80.0,70.0,80.0,68.0,139.0,131.0,139.0,156.0,242.0,246,262.0,228.0,313.0,313,305.0,320.0,421.0,426.0,421.0,379.0,457.0,467.0,458.0,490.0,81.0,158.0,81.0,141.0,234.0,141.0,241.0,241,256.0,309.0,311,300.0,421.0,410.0,421.0,456.0,,456.0,81.0,158.0,81.0,142.0,237.0,142.0,241.0,241.0,256.0,309.0,308.0,297.0,421.0,353.0,421.0,456.0,373.0,456.0,81.0,158.0,81.0,142.0,237.0,142.0,241.0,241.0,256.0,309.0,308.0,297.0,421.0,353.0,421.0,456.0,373.0,456.0,81.0,158.0,81.0,142.0,237.0,142.0,256.0,241.0,256.0,297.0,308.0,297.0,421.0,353.0,421.0,456.0,373.0,456.0
P08,trial_17_R_unaffected,unaffected,79.0,68.0,79.0,,141.0,131.0,141.0,,240.0,240,255.0,,305.0,301,289.0,,420.0,425.0,420.0,,462.0,475.0,462.0,,79.0,157.0,79.0,140.0,207.0,140.0,237.0,238,250.0,305.0,301,290.0,419.0,383.0,419.0,463.0,,463.0,79.0,292.0,79.0,139.0,305.0,139.0,237.0,305.0,251.0,305.0,309.0,287.0,418.0,341.0,418.0,463.0,362.0,463.0,79.0,292.0,79.0,139.0,305.0,139.0,237.0,305.0,251.0,305.0,309.0,287.0,418.0,341.0,418.0,463.0,362.0,463.0,79.0,292.0,79.0,139.0,305.0,139.0,251.0,305.0,251.0,287.0,309.0,287.0,418.0,341.0,418.0,463.0,362.0,463.0
P08,trial_18_R_unaffected,unaffected,95.0,85.0,95.0,,156.0,144.0,156.0,,247.0,250,261.0,,310.0,307,300.0,,424.0,429.0,424.0,,459.0,469.0,459.0,,96.0,298.0,96.0,156.0,316.0,156.0,249.0,316,257.0,312.0,319,299.0,423.0,419.0,423.0,459.0,,460.0,96.0,298.0,96.0,156.0,314.0,156.0,249.0,314.0,261.0,312.0,317.0,294.0,423.0,348.0,423.0,459.0,361.0,460.0,96.0,298.0,96.0,156.0,314.0,156.0,249.0,314.0,261.0,312.0,317.0,294.0,423.0,348.0,423.0,459.0,361.0,460.0,96.0,298.0,96.0,156.0,314.0,156.0,261.0,314.0,261.0,294.0,317.0,294.0,423.0,348.0,423.0,459.0,361.0,460.0
P08,trial_19_R_unaffected,unaffected,67.0,,67.0,56.0,128.0,,128.0,141.0,228.0,226,246.0,211.0,295.0,293,285.0,301.0,404.0,412.0,404.0,361.0,444.0,454.0,445.0,478.0,68.0,142.0,68.0,127.0,212.0,127.0,224.0,224,240.0,293.0,292,284.0,408.0,394.0,408.0,444.0,,445.0,68.0,286.0,68.0,126.0,296.0,126.0,224.0,296.0,238.0,293.0,299.0,278.0,408.0,330.0,408.0,444.0,353.0,445.0,68.0,286.0,68.0,126.0,296.0,126.0,224.0,296.0,238.0,293.0,299.0,278.0,408.0,330.0,408.0,444.0,353.0,445.0,68.0,286.0,68.0,126.0,296.0,126.0,238.0,296.0,238.0,278.0,299.0,278.0,408.0,330.0,408.0,444.0,353.0,445.0
P08,trial_20_R_unaffected,unaffected,42.0,30.0,42.0,27.0,98.0,94.0,98.0,118.0,201.0,204,212.0,186.0,272.0,272,264.0,278.0,385.0,389.0,385.0,339.0,425.0,435.0,425.0,461.0,42.0,,42.0,100.0,,100.0,202.0,245,203.0,270.0,271,262.0,382.0,377.0,382.0,424.0,,425.0,42.0,263.0,42.0,98.0,277.0,98.0,202.0,277.0,205.0,270.0,280.0,257.0,382.0,310.0,382.0,424.0,332.0,425.0,42.0,263.0,42.0,98.0,277.0,98.0,202.0,277.0,205.0,270.0,280.0,257.0,382.0,310.0,382.0,424.0,332.0,425.0,42.0,263.0,42.0,98.0,277.0,98.0,205.0,277.0,205.0,257.0,280.0,257.0,382.0,310.0,382.0,424.0,332.0,425.0
P08,trial_21_R_unaffected,unaffected,66.0,56.0,66.0,53.0,130.0,121.0,130.0,144.0,222.0,221,239.0,206.0,279.0,278,270.0,286.0,381.0,386.0,381.0,346.0,412.0,420.0,411.0,440.0,67.0,57.0,67.0,132.0,123.0,132.0,216.0,219,235.0,277.0,278,271.0,381.0,386.0,381.0,413.0,421.0,412.0,67.0,145.0,67.0,133.0,213.0,133.0,216.0,220.0,236.0,277.0,275.0,264.0,380.0,381.0,380.0,413.0,421.0,412.0,67.0,145.0,67.0,133.0,213.0,133.0,216.0,220.0,236.0,277.0,275.0,264.0,380.0,381.0,380.0,413.0,421.0,412.0,67.0,145.0,67.0,133.0,213.0,133.0,236.0,220.0,236.0,264.0,275.0,264.0,380.0,381.0,380.0,413.0,421.0,412.0
P08,trial_22_R_unaffected,unaffected,78.0,68.0,78.0,66.0,132.0,124.0,132.0,147.0,217.0,217,236.0,203.0,267.0,265,257.0,272.0,368.0,372.0,368.0,330.0,398.0,407.0,400.0,432.0,81.0,147.0,81.0,136.0,213.0,136.0,221.0,217,234.0,266.0,266,258.0,366.0,353.0,366.0,399.0,,400.0,81.0,,81.0,136.0,,136.0,221.0,227.0,238.0,266.0,261.0,252.0,367.0,302.0,367.0,399.0,312.0,400.0,81.0,,81.0,136.0,,136.0,221.0,227.0,238.0,266.0,261.0,252.0,367.0,302.0,367.0,399.0,312.0,400.0,81.0,,81.0,136.0,,136.0,238.0,227.0,238.0,252.0,261.0,252.0,367.0,302.0,367.0,399.0,312.0,400.0
P08,trial_23_R_unaffected,unaffected,75.0,66.0,75.0,64.0,126.0,118.0,126.0,141.0,223.0,219,237.0,203.0,399.0,396,387.0,405.0,543.0,547.0,543.0,464.0,552.0,579.0,552.0,580.0,76.0,143.0,76.0,127.0,225.0,127.0,228.0,225,230.0,398.0,394,387.0,541.0,443.0,541.0,550.0,453.0,550.0,76.0,386.0,76.0,127.0,402.0,127.0,228.0,402.0,231.0,398.0,406.0,381.0,542.0,442.0,542.0,551.0,453.0,551.0,76.0,386.0,76.0,127.0,402.0,127.0,228.0,402.0,231.0,398.0,406.0,381.0,542.0,442.0,542.0,551.0,453.0,551.0,76.0,386.0,76.0,127.0,402.0,127.0,231.0,402.0,231.0,381.0,406.0,381.0,542.0,442.0,542.0,551.0,453.0,551.0
P08,trial_24_R_unaffected,unaffected,98.0,88.0,98.0,88.0,155.0,147.0,155.0,174.0,279.0,285,299.0,266.0,355.0,351,344.0,360.0,463.0,469.0,463.0,432.0,501.0,510.0,500.0,541.0,98.0,90.0,98.0,153.0,151.0,153.0,278.0,283,294.0,353.0,350,343.0,466.0,469.0,466.0,503.0,512.0,500.0,98.0,,98.0,152.0,,152.0,278.0,284.0,294.0,353.0,347.0,337.0,466.0,467.0,466.0,503.0,512.0,500.0,98.0,,98.0,152.0,,152.0,278.0,284.0,294.0,353.0,347.0,337.0,466.0,467.0,466.0,503.0,512.0,500.0,98.0,,98.0,152.0,,152.0,294.0,284.0,294.0,337.0,347.0,337.0,466.0,467.0,466.0,503.0,512.0,500.0
P08,trial_25_R_unaffected,unaffected,93.0,84.0,93.0,82.0,150.0,142.0,150.0,167.0,253.0,253,264.0,241.0,347.0,343,332.0,358.0,500.0,504.0,500.0,458.0,543.0,557.0,544.0,568.0,94.0,171.0,94.0,153.0,247.0,153.0,255.0,249,265.0,350.0,344,332.0,500.0,380.0,500.0,543.0,448.0,544.0,94.0,171.0,94.0,153.0,247.0,153.0,255.0,249.0,262.0,350.0,342.0,329.0,500.0,381.0,500.0,543.0,448.0,544.0,94.0,171.0,94.0,153.0,247.0,153.0,255.0,249.0,262.0,350.0,342.0,329.0,500.0,381.0,500.0,543.0,448.0,544.0,94.0,171.0,94.0,153.0,247.0,153.0,262.0,249.0,262.0,329.0,342.0,329.0,500.0,381.0,500.0,543.0,448.0,544.0
P08,trial_26_R_unaffected,unaffected,66.0,57.0,66.0,54.0,119.0,111.0,119.0,141.0,216.0,220,237.0,205.0,291.0,279,268.0,299.0,425.0,431.0,425.0,376.0,464.0,481.0,462.0,496.0,66.0,141.0,66.0,121.0,201.0,121.0,217.0,216,233.0,292.0,279,269.0,425.0,425.0,425.0,464.0,474.0,462.0,66.0,269.0,66.0,121.0,300.0,121.0,217.0,300.0,230.0,292.0,306.0,266.0,425.0,389.0,425.0,464.0,,462.0,66.0,269.0,66.0,121.0,300.0,121.0,217.0,300.0,230.0,292.0,306.0,266.0,425.0,389.0,425.0,464.0,,462.0,66.0,269.0,66.0,121.0,300.0,121.0,230.0,300.0,230.0,266.0,306.0,266.0,425.0,389.0,425.0,464.0,,462.0
P08,trial_27_R_unaffected,unaffected,86.0,,86.0,73.0,154.0,,154.0,178.0,262.0,258,271.0,242.0,350.0,346,339.0,356.0,467.0,474.0,467.0,433.0,509.0,519.0,511.0,532.0,88.0,181.0,88.0,153.0,245.0,153.0,254.0,247,261.0,351.0,346,332.0,466.0,471.0,466.0,509.0,519.0,512.0,88.0,,88.0,151.0,,151.0,254.0,256.0,260.0,351.0,343.0,330.0,466.0,471.0,466.0,509.0,519.0,512.0,88.0,,88.0,151.0,,151.0,254.0,256.0,260.0,351.0,343.0,330.0,466.0,471.0,466.0,509.0,519.0,512.0,88.0,,88.0,151.0,,151.0,260.0,256.0,260.0,330.0,343.0,330.0,466.0,471.0,466.0,509.0,519.0,512.0
P08,trial_28_R_unaffected,unaffected,61.0,0.0,61.0,,70.0,11.0,70.0,,134.0,135,151.0,,226.0,213,199.0,,351.0,356.0,351.0,,388.0,396.0,360.0,,58.0,0.0,58.0,67.0,17.0,67.0,136.0,132,143.0,229.0,214,200.0,350.0,351.0,350.0,387.0,,359.0,58.0,0.0,58.0,67.0,18.0,67.0,136.0,133.0,145.0,229.0,214.0,202.0,351.0,352.0,351.0,387.0,396.0,360.0,58.0,0.0,58.0,67.0,18.0,67.0,136.0,133.0,145.0,229.0,214.0,202.0,351.0,352.0,351.0,387.0,396.0,360.0,58.0,0.0,58.0,67.0,18.0,67.0,145.0,133.0,145.0,202.0,214.0,202.0,351.0,352.0,351.0,387.0,396.0,360.0
P08,trial_29_R_unaffected,unaffected,78.0,70.0,78.0,70.0,138.0,132.0,138.0,160.0,223.0,235,249.0,220.0,292.0,279,269.0,295.0,451.0,456.0,451.0,385.0,493.0,505.0,496.0,529.0,82.0,160.0,82.0,146.0,225.0,146.0,227.0,236,250.0,291.0,280,269.0,453.0,352.0,453.0,493.0,363.0,494.0,82.0,,82.0,145.0,,145.0,227.0,251.0,251.0,291.0,280.0,267.0,452.0,345.0,452.0,493.0,363.0,494.0,82.0,,82.0,145.0,,145.0,227.0,251.0,251.0,291.0,280.0,267.0,452.0,345.0,452.0,493.0,363.0,494.0,82.0,,82.0,145.0,,145.0,251.0,251.0,251.0,267.0,280.0,267.0,452.0,345.0,452.0,493.0,363.0,494.0
P08,trial_2_R_unaffected,unaffected,81.0,71.0,81.0,69.0,141.0,133.0,141.0,157.0,238.0,230,242.0,217.0,281.0,281,273.0,288.0,399.0,405.0,399.0,359.0,435.0,444.0,437.0,466.0,83.0,,83.0,132.0,,132.0,233.0,233,237.0,279.0,263,274.0,399.0,,399.0,432.0,,435.0,83.0,157.0,83.0,131.0,224.0,131.0,233.0,227.0,240.0,279.0,278.0,268.0,399.0,322.0,399.0,432.0,335.0,435.0,83.0,157.0,83.0,131.0,224.0,131.0,233.0,227.0,240.0,279.0,278.0,268.0,399.0,322.0,399.0,432.0,335.0,435.0,83.0,157.0,83.0,131.0,224.0,131.0,240.0,227.0,240.0,268.0,278.0,268.0,399.0,322.0,399.0,432.0,335.0,435.0
P08,trial_30_R_unaffected,unaffected,70.0,61.0,70.0,60.0,125.0,114.0,125.0,141.0,210.0,224,230.0,205.0,340.0,330,319.0,343.0,480.0,485.0,480.0,433.0,518.0,530.0,519.0,568.0,71.0,,71.0,134.0,,134.0,213.0,281,225.0,341.0,332,322.0,477.0,473.0,477.0,519.0,,519.0,71.0,,71.0,137.0,,137.0,213.0,290.0,224.0,341.0,330.0,319.0,476.0,399.0,476.0,519.0,431.0,519.0,71.0,,71.0,137.0,,137.0,213.0,290.0,224.0,341.0,330.0,319.0,476.0,399.0,476.0,519.0,431.0,519.0,71.0,,71.0,137.0,,137.0,224.0,290.0,224.0,319.0,330.0,319.0,476.0,399.0,476.0,519.0,431.0,519.0
P08,trial_31_R_unaffected,unaffected,107.0,99.0,107.0,,175.0,162.0,175.0,,284.0,292,290.0,,366.0,351,339.0,,507.0,511.0,507.0,,548.0,557.0,548.0,,108.0,,108.0,159.0,,159.0,283.0,304,289.0,366.0,354,342.0,504.0,422.0,504.0,548.0,440.0,548.0,108.0,,108.0,159.0,,159.0,283.0,304.0,293.0,366.0,355.0,342.0,504.0,423.0,504.0,548.0,440.0,548.0,108.0,,108.0,159.0,,159.0,283.0,304.0,293.0,366.0,355.0,342.0,504.0,423.0,504.0,548.0,440.0,548.0,108.0,,108.0,159.0,,159.0,293.0,304.0,293.0,342.0,355.0,342.0,504.0,423.0,504.0,548.0,440.0,548.0
P08,trial_32_R_unaffected,unaffected,91.0,81.0,91.0,80.0,160.0,146.0,160.0,174.0,266.0,266,276.0,252.0,358.0,355,344.0,365.0,478.0,484.0,478.0,443.0,520.0,534.0,520.0,545.0,92.0,343.0,92.0,168.0,392.0,168.0,260.0,392,280.0,361.0,396,344.0,479.0,407.0,479.0,519.0,430.0,519.0,92.0,343.0,92.0,168.0,391.0,168.0,260.0,391.0,282.0,361.0,395.0,341.0,479.0,407.0,479.0,519.0,430.0,519.0,92.0,343.0,92.0,168.0,391.0,168.0,260.0,391.0,282.0,361.0,395.0,341.0,479.0,407.0,479.0,519.0,430.0,519.0,92.0,343.0,92.0,168.0,391.0,168.0,282.0,391.0,282.0,341.0,395.0,341.0,479.0,407.0,479.0,519.0,430.0,519.0
P08,trial_33_R_unaffected,unaffected,91.0,80.0,91.0,79.0,157.0,146.0,157.0,166.0,256.0,256,272.0,245.0,322.0,321,313.0,328.0,463.0,467.0,463.0,407.0,502.0,522.0,508.0,523.0,92.0,,92.0,159.0,,159.0,258.0,266,275.0,323.0,320,310.0,461.0,465.0,461.0,502.0,522.0,506.0,92.0,,92.0,160.0,,160.0,258.0,279.0,275.0,323.0,317.0,306.0,461.0,464.0,461.0,502.0,522.0,506.0,92.0,,92.0,160.0,,160.0,258.0,279.0,275.0,323.0,317.0,306.0,461.0,464.0,461.0,502.0,522.0,506.0,92.0,,92.0,160.0,,160.0,275.0,279.0,275.0,306.0,317.0,306.0,461.0,464.0,461.0,502.0,522.0,506.0
P08,trial_34_R_unaffected,unaffected,83.0,74.0,83.0,74.0,159.0,146.0,159.0,171.0,253.0,252,256.0,242.0,349.0,343,330.0,353.0,480.0,488.0,480.0,436.0,525.0,539.0,529.0,563.0,86.0,332.0,86.0,139.0,383.0,139.0,256.0,383,261.0,351.0,387,329.0,481.0,401.0,481.0,523.0,418.0,527.0,86.0,332.0,86.0,139.0,383.0,139.0,256.0,383.0,267.0,351.0,387.0,327.0,481.0,398.0,481.0,523.0,418.0,527.0,86.0,332.0,86.0,139.0,383.0,139.0,256.0,383.0,267.0,351.0,387.0,327.0,481.0,398.0,481.0,523.0,418.0,527.0,86.0,332.0,86.0,139.0,383.0,139.0,267.0,383.0,267.0,327.0,387.0,327.0,481.0,398.0,481.0,523.0,418.0,527.0
P08,trial_35_R_unaffected,unaffected,73.0,63.0,73.0,63.0,144.0,132.0,144.0,159.0,235.0,236,253.0,223.0,335.0,328,318.0,345.0,502.0,506.0,502.0,423.0,545.0,555.0,549.0,594.0,77.0,318.0,77.0,147.0,343.0,147.0,233.0,343,246.0,341.0,349,318.0,501.0,402.0,501.0,544.0,421.0,544.0,77.0,318.0,77.0,154.0,341.0,154.0,233.0,341.0,247.0,341.0,346.0,315.0,501.0,403.0,501.0,544.0,421.0,544.0,77.0,318.0,77.0,154.0,341.0,154.0,233.0,341.0,247.0,341.0,346.0,315.0,501.0,403.0,501.0,544.0,421.0,544.0,77.0,318.0,77.0,154.0,341.0,154.0,247.0,341.0,247.0,315.0,346.0,315.0,501.0,403.0,501.0,544.0,421.0,544.0
P08,trial_36_R_unaffected,unaffected,101.0,89.0,101.0,,164.0,154.0,164.0,,263.0,287,281.0,,388.0,376,365.0,,554.0,558.0,554.0,,599.0,616.0,598.0,,100.0,365.0,100.0,164.0,430.0,164.0,266.0,430,273.0,390.0,435,362.0,556.0,446.0,556.0,599.0,477.0,598.0,100.0,365.0,100.0,164.0,430.0,164.0,266.0,430.0,293.0,390.0,435.0,361.0,556.0,445.0,556.0,599.0,477.0,598.0,100.0,365.0,100.0,164.0,430.0,164.0,266.0,430.0,293.0,390.0,435.0,361.0,556.0,445.0,556.0,599.0,477.0,598.0,100.0,365.0,100.0,164.0,430.0,164.0,293.0,430.0,293.0,361.0,435.0,361.0,556.0,445.0,556.0,599.0,477.0,598.0
P08,trial_37_R_unaffected,unaffected,89.0,80.0,89.0,5.0,160.0,147.0,160.0,178.0,272.0,289,279.0,265.0,382.0,384,374.0,392.0,530.0,539.0,530.0,483.0,585.0,600.0,587.0,614.0,94.0,376.0,94.0,153.0,423.0,153.0,283.0,423,282.0,386.0,428,374.0,535.0,446.0,535.0,584.0,465.0,584.0,94.0,376.0,94.0,153.0,422.0,153.0,283.0,422.0,286.0,386.0,426.0,370.0,535.0,442.0,535.0,584.0,465.0,584.0,94.0,376.0,94.0,153.0,422.0,153.0,283.0,422.0,286.0,386.0,426.0,370.0,535.0,442.0,535.0,584.0,465.0,584.0,94.0,376.0,94.0,153.0,422.0,153.0,286.0,422.0,286.0,370.0,426.0,370.0,535.0,442.0,535.0,584.0,465.0,584.0
P08,trial_38_R_unaffected,unaffected,102.0,92.0,102.0,86.0,167.0,155.0,167.0,179.0,268.0,282,285.0,274.0,358.0,355,346.0,362.0,500.0,509.0,500.0,437.0,554.0,568.0,554.0,584.0,103.0,346.0,103.0,161.0,392.0,161.0,277.0,392,287.0,358.0,397,346.0,504.0,415.0,504.0,553.0,430.0,553.0,103.0,346.0,103.0,171.0,392.0,171.0,277.0,392.0,317.0,358.0,397.0,340.0,504.0,415.0,504.0,553.0,430.0,553.0,103.0,346.0,103.0,171.0,392.0,171.0,277.0,392.0,317.0,358.0,397.0,340.0,504.0,415.0,504.0,553.0,430.0,553.0,103.0,346.0,103.0,171.0,392.0,171.0,317.0,392.0,317.0,340.0,397.0,340.0,504.0,415.0,504.0,553.0,430.0,553.0
P08,trial_39_R_unaffected,unaffected,84.0,74.0,84.0,73.0,152.0,138.0,152.0,166.0,257.0,249,262.0,238.0,304.0,302,295.0,309.0,442.0,448.0,442.0,381.0,484.0,500.0,482.0,510.0,84.0,294.0,84.0,145.0,330.0,145.0,248.0,330,266.0,300.0,334,294.0,444.0,445.0,444.0,482.0,496.0,481.0,84.0,294.0,84.0,145.0,329.0,145.0,248.0,329.0,272.0,300.0,333.0,288.0,444.0,349.0,444.0,482.0,376.0,481.0,84.0,294.0,84.0,145.0,329.0,145.0,248.0,329.0,272.0,300.0,333.0,288.0,444.0,349.0,444.0,482.0,376.0,481.0,84.0,294.0,84.0,145.0,329.0,145.0,272.0,329.0,272.0,288.0,333.0,288.0,444.0,349.0,444.0,482.0,376.0,481.0
P08,trial_3_R_unaffected,unaffected,79.0,70.0,79.0,67.0,126.0,119.0,126.0,144.0,213.0,214,228.0,200.0,268.0,266,257.0,274.0,371.0,377.0,371.0,340.0,405.0,415.0,402.0,427.0,81.0,,81.0,125.0,,125.0,215.0,220,228.0,267.0,266,257.0,370.0,305.0,370.0,403.0,319.0,402.0,81.0,259.0,81.0,123.0,269.0,123.0,215.0,269.0,234.0,267.0,273.0,252.0,370.0,302.0,370.0,403.0,319.0,402.0,81.0,259.0,81.0,123.0,269.0,123.0,215.0,269.0,234.0,267.0,273.0,252.0,370.0,302.0,370.0,403.0,319.0,402.0,81.0,259.0,81.0,123.0,269.0,123.0,234.0,269.0,234.0,252.0,273.0,252.0,370.0,302.0,370.0,403.0,319.0,402.0
P08,trial_40_R_unaffected,unaffected,82.0,71.0,82.0,68.0,147.0,134.0,147.0,158.0,253.0,266,257.0,247.0,346.0,342,332.0,349.0,484.0,491.0,484.0,422.0,538.0,560.0,540.0,570.0,85.0,334.0,85.0,151.0,350.0,151.0,255.0,350,267.0,348.0,353,334.0,486.0,391.0,486.0,534.0,415.0,537.0,85.0,334.0,85.0,151.0,353.0,151.0,255.0,353.0,269.0,348.0,356.0,329.0,486.0,389.0,486.0,534.0,415.0,537.0,85.0,334.0,85.0,151.0,353.0,151.0,255.0,353.0,269.0,348.0,356.0,329.0,486.0,389.0,486.0,534.0,415.0,537.0,85.0,334.0,85.0,151.0,353.0,151.0,269.0,353.0,269.0,329.0,356.0,329.0,486.0,389.0,486.0,534.0,415.0,537.0
P08,trial_41_R_unaffected,unaffected,76.0,68.0,76.0,,144.0,131.0,144.0,,251.0,250,262.0,,318.0,315,303.0,,498.0,504.0,498.0,,541.0,553.0,545.0,,77.0,301.0,77.0,141.0,323.0,141.0,251.0,323,274.0,320.0,327,300.0,501.0,389.0,501.0,540.0,391.0,541.0,77.0,301.0,77.0,142.0,316.0,142.0,251.0,316.0,275.0,320.0,321.0,299.0,500.0,390.0,500.0,540.0,391.0,541.0,77.0,301.0,77.0,142.0,316.0,142.0,251.0,316.0,275.0,320.0,321.0,299.0,500.0,390.0,500.0,540.0,391.0,541.0,77.0,301.0,77.0,142.0,316.0,142.0,275.0,316.0,275.0,299.0,321.0,299.0,500.0,390.0,500.0,540.0,391.0,541.0
P08,trial_42_R_unaffected,unaffected,55.0,,55.0,39.0,122.0,,122.0,135.0,212.0,207,221.0,199.0,289.0,288,279.0,294.0,404.0,413.0,404.0,363.0,453.0,466.0,451.0,482.0,56.0,276.0,56.0,97.0,295.0,97.0,208.0,295,222.0,289.0,298,276.0,407.0,395.0,407.0,452.0,,450.0,56.0,276.0,56.0,98.0,294.0,98.0,208.0,294.0,223.0,289.0,297.0,273.0,407.0,330.0,407.0,452.0,355.0,450.0,56.0,276.0,56.0,98.0,294.0,98.0,208.0,294.0,223.0,289.0,297.0,273.0,407.0,330.0,407.0,452.0,355.0,450.0,56.0,276.0,56.0,98.0,294.0,98.0,223.0,294.0,223.0,273.0,297.0,273.0,407.0,330.0,407.0,452.0,355.0,450.0
P08,trial_43_R_unaffected,unaffected,79.0,70.0,79.0,,132.0,129.0,132.0,,239.0,227,248.0,,288.0,286,275.0,,404.0,410.0,404.0,,441.0,454.0,444.0,,80.0,,80.0,125.0,,125.0,247.0,229,243.0,285.0,283,276.0,407.0,354.0,407.0,440.0,,444.0,80.0,,80.0,126.0,,126.0,247.0,240.0,243.0,285.0,280.0,271.0,407.0,325.0,407.0,440.0,338.0,444.0,80.0,,80.0,126.0,,126.0,247.0,240.0,243.0,285.0,280.0,271.0,407.0,325.0,407.0,440.0,338.0,444.0,80.0,,80.0,126.0,,126.0,243.0,240.0,243.0,271.0,280.0,271.0,407.0,325.0,407.0,440.0,338.0,444.0
P08,trial_44_R_unaffected,unaffected,69.0,,69.0,58.0,132.0,,132.0,144.0,225.0,219,231.0,211.0,292.0,293,285.0,300.0,430.0,435.0,430.0,383.0,477.0,492.0,476.0,501.0,70.0,,70.0,132.0,,132.0,226.0,230,233.0,294.0,290,283.0,431.0,432.0,431.0,473.0,486.0,472.0,70.0,144.0,70.0,134.0,161.0,134.0,226.0,221.0,232.0,294.0,222.0,278.0,431.0,,431.0,473.0,222.0,472.0,70.0,144.0,70.0,134.0,161.0,134.0,226.0,221.0,232.0,294.0,222.0,278.0,431.0,,431.0,473.0,222.0,472.0,70.0,144.0,70.0,134.0,161.0,134.0,232.0,221.0,232.0,278.0,222.0,278.0,431.0,,431.0,473.0,222.0,472.0
P08,trial_45_R_unaffected,unaffected,78.0,,78.0,,146.0,,146.0,,263.0,257,264.0,,371.0,355,339.0,,530.0,538.0,530.0,,589.0,603.0,591.0,,80.0,164.0,80.0,133.0,255.0,133.0,264.0,264,272.0,368.0,350,335.0,533.0,427.0,533.0,588.0,453.0,592.0,80.0,164.0,80.0,132.0,260.0,132.0,264.0,263.0,271.0,368.0,353.0,337.0,532.0,421.0,532.0,588.0,453.0,592.0,80.0,164.0,80.0,132.0,260.0,132.0,264.0,263.0,271.0,368.0,353.0,337.0,532.0,421.0,532.0,588.0,453.0,592.0,80.0,164.0,80.0,132.0,260.0,132.0,271.0,263.0,271.0,337.0,353.0,337.0,532.0,421.0,532.0,588.0,453.0,592.0
P08,trial_46_R_unaffected,unaffected,78.0,69.0,78.0,69.0,147.0,134.0,147.0,159.0,246.0,256,258.0,241.0,408.0,408,399.0,415.0,543.0,552.0,543.0,480.0,593.0,612.0,595.0,628.0,80.0,399.0,80.0,146.0,417.0,146.0,259.0,417,258.0,410.0,421,398.0,545.0,473.0,545.0,593.0,,593.0,80.0,399.0,80.0,144.0,420.0,144.0,259.0,420.0,258.0,410.0,424.0,396.0,545.0,459.0,545.0,593.0,473.0,593.0,80.0,399.0,80.0,144.0,420.0,144.0,259.0,420.0,258.0,410.0,424.0,396.0,545.0,459.0,545.0,593.0,473.0,593.0,80.0,399.0,80.0,144.0,420.0,144.0,258.0,420.0,258.0,396.0,424.0,396.0,545.0,459.0,545.0,593.0,473.0,593.0
P08,trial_47_R_unaffected,unaffected,42.0,33.0,42.0,32.0,104.0,94.0,104.0,123.0,203.0,210,222.0,207.0,377.0,383,375.0,383.0,544.0,549.0,544.0,482.0,587.0,597.0,587.0,633.0,43.0,,43.0,110.0,,110.0,205.0,231,216.0,376.0,380,370.0,541.0,433.0,541.0,586.0,451.0,586.0,43.0,371.0,43.0,111.0,391.0,111.0,205.0,391.0,213.0,376.0,394.0,367.0,541.0,428.0,541.0,586.0,451.0,586.0,43.0,371.0,43.0,111.0,391.0,111.0,205.0,391.0,213.0,376.0,394.0,367.0,541.0,428.0,541.0,586.0,451.0,586.0,43.0,371.0,43.0,111.0,391.0,111.0,213.0,391.0,213.0,367.0,394.0,367.0,541.0,428.0,541.0,586.0,451.0,586.0
P08,trial_48_R_unaffected,unaffected,81.0,,81.0,69.0,147.0,,147.0,169.0,258.0,253,262.0,250.0,354.0,360,349.0,362.0,514.0,520.0,514.0,423.0,560.0,578.0,560.0,594.0,82.0,346.0,82.0,133.0,381.0,133.0,260.0,381,263.0,351.0,384,345.0,515.0,409.0,515.0,559.0,422.0,560.0,82.0,346.0,82.0,132.0,368.0,132.0,260.0,368.0,269.0,351.0,371.0,342.0,515.0,405.0,515.0,559.0,422.0,560.0,82.0,346.0,82.0,132.0,368.0,132.0,260.0,368.0,269.0,351.0,371.0,342.0,515.0,405.0,515.0,559.0,422.0,560.0,82.0,346.0,82.0,132.0,368.0,132.0,269.0,368.0,269.0,342.0,371.0,342.0,515.0,405.0,515.0,559.0,422.0,560.0
P08,trial_4_R_unaffected,unaffected,71.0,61.0,71.0,60.0,124.0,117.0,124.0,139.0,218.0,217,225.0,205.0,285.0,282,274.0,290.0,382.0,390.0,382.0,355.0,427.0,438.0,429.0,455.0,73.0,,73.0,120.0,,120.0,219.0,246,222.0,284.0,281,273.0,385.0,318.0,385.0,427.0,334.0,431.0,73.0,274.0,73.0,119.0,292.0,119.0,219.0,292.0,224.0,284.0,295.0,268.0,385.0,317.0,385.0,427.0,334.0,431.0,73.0,274.0,73.0,119.0,292.0,119.0,219.0,292.0,224.0,284.0,295.0,268.0,385.0,317.0,385.0,427.0,334.0,431.0,73.0,274.0,73.0,119.0,292.0,119.0,224.0,292.0,224.0,268.0,295.0,268.0,385.0,317.0,385.0,427.0,334.0,431.0
P08,trial_50_L_affected,affected,142.0,,142.0,134.0,200.0,,200.0,428.0,513.0,506,516.0,494.0,579.0,507,568.0,584.0,760.0,,760.0,656.0,810.0,389.0,813.0,859.0,144.0,314.0,144.0,229.0,318.0,229.0,511.0,507,513.0,581.0,508,567.0,759.0,,759.0,806.0,383.0,810.0,144.0,314.0,144.0,226.0,318.0,226.0,511.0,508.0,514.0,581.0,509.0,562.0,759.0,,759.0,806.0,383.0,810.0,144.0,314.0,144.0,226.0,318.0,226.0,511.0,508.0,514.0,581.0,509.0,562.0,759.0,,759.0,806.0,383.0,810.0,144.0,314.0,144.0,226.0,318.0,226.0,514.0,508.0,514.0,562.0,509.0,562.0,759.0,,759.0,806.0,383.0,810.0
P08,trial_51_L_affected,affected,80.0,69.0,80.0,70.0,130.0,123.0,130.0,149.0,216.0,215,226.0,205.0,298.0,294,285.0,304.0,446.0,453.0,446.0,380.0,488.0,495.0,490.0,530.0,82.0,71.0,82.0,135.0,129.0,135.0,216.0,218,227.0,301.0,219,282.0,443.0,,443.0,483.0,214.0,488.0,82.0,71.0,82.0,135.0,140.0,135.0,216.0,220.0,230.0,301.0,221.0,279.0,443.0,,443.0,483.0,214.0,488.0,82.0,71.0,82.0,135.0,140.0,135.0,216.0,220.0,230.0,301.0,221.0,279.0,443.0,,443.0,483.0,214.0,488.0,82.0,71.0,82.0,135.0,140.0,135.0,230.0,220.0,230.0,279.0,221.0,279.0,443.0,,443.0,483.0,214.0,488.0
P08,trial_52_L_affected,affected,64.0,55.0,64.0,54.0,116.0,110.0,116.0,132.0,210.0,207,219.0,196.0,281.0,281,274.0,288.0,416.0,420.0,416.0,360.0,449.0,460.0,454.0,479.0,67.0,275.0,67.0,125.0,317.0,125.0,210.0,317,220.0,278.0,321,272.0,412.0,411.0,412.0,447.0,459.0,447.0,67.0,275.0,67.0,119.0,313.0,119.0,210.0,313.0,219.0,278.0,317.0,266.0,412.0,412.0,412.0,447.0,459.0,447.0,67.0,275.0,67.0,119.0,313.0,119.0,210.0,313.0,219.0,278.0,317.0,266.0,412.0,412.0,412.0,447.0,459.0,447.0,67.0,275.0,67.0,119.0,313.0,119.0,219.0,313.0,219.0,266.0,317.0,266.0,412.0,412.0,412.0,447.0,459.0,447.0
P08,trial_53_L_affected,affected,76.0,67.0,76.0,66.0,131.0,127.0,131.0,149.0,216.0,216,231.0,206.0,283.0,282,272.0,288.0,396.0,402.0,396.0,356.0,433.0,439.0,434.0,475.0,78.0,275.0,78.0,128.0,310.0,128.0,219.0,310,230.0,282.0,314,272.0,393.0,399.0,393.0,430.0,438.0,429.0,78.0,,78.0,127.0,,127.0,219.0,234.0,231.0,282.0,278.0,266.0,394.0,400.0,394.0,430.0,438.0,429.0,78.0,,78.0,127.0,,127.0,219.0,234.0,231.0,282.0,278.0,266.0,394.0,400.0,394.0,430.0,438.0,429.0,78.0,,78.0,127.0,,127.0,231.0,234.0,231.0,266.0,278.0,266.0,394.0,400.0,394.0,430.0,438.0,429.0
P08,trial_54_L_affected,affected,76.0,68.0,76.0,66.0,130.0,124.0,130.0,145.0,213.0,207,218.0,198.0,262.0,258,251.0,266.0,415.0,418.0,415.0,354.0,449.0,463.0,456.0,475.0,80.0,252.0,80.0,133.0,322.0,133.0,211.0,322,220.0,263.0,330,250.0,415.0,419.0,415.0,448.0,458.0,448.0,80.0,252.0,80.0,134.0,319.0,134.0,211.0,319.0,224.0,263.0,327.0,243.0,415.0,419.0,415.0,448.0,458.0,448.0,80.0,252.0,80.0,134.0,319.0,134.0,211.0,319.0,224.0,263.0,327.0,243.0,415.0,419.0,415.0,448.0,458.0,448.0,80.0,252.0,80.0,134.0,319.0,134.0,224.0,319.0,224.0,243.0,327.0,243.0,415.0,419.0,415.0,448.0,458.0,448.0
P08,trial_55_L_affected,affected,73.0,64.0,73.0,63.0,127.0,120.0,127.0,144.0,219.0,213,229.0,203.0,281.0,278,271.0,285.0,513.0,468.0,513.0,366.0,541.0,478.0,549.0,576.0,77.0,272.0,77.0,128.0,316.0,128.0,213.0,316,229.0,282.0,321,270.0,513.0,455.0,513.0,541.0,479.0,541.0,77.0,67.0,77.0,127.0,125.0,127.0,213.0,213.0,228.0,282.0,214.0,263.0,513.0,,513.0,541.0,212.0,541.0,77.0,67.0,77.0,127.0,125.0,127.0,213.0,213.0,228.0,282.0,214.0,263.0,513.0,,513.0,541.0,212.0,541.0,77.0,67.0,77.0,127.0,125.0,127.0,228.0,213.0,228.0,263.0,214.0,263.0,513.0,,513.0,541.0,212.0,541.0
P08,trial_56_L_affected,affected,73.0,63.0,73.0,61.0,123.0,116.0,123.0,143.0,214.0,222,248.0,205.0,273.0,227,256.0,277.0,435.0,,435.0,355.0,475.0,,483.0,530.0,75.0,258.0,75.0,123.0,309.0,123.0,214.0,309,247.0,277.0,313,254.0,434.0,438.0,434.0,475.0,491.0,477.0,75.0,258.0,75.0,123.0,307.0,123.0,214.0,307.0,241.0,277.0,311.0,252.0,434.0,438.0,434.0,475.0,491.0,477.0,75.0,258.0,75.0,123.0,307.0,123.0,214.0,307.0,241.0,277.0,311.0,252.0,434.0,438.0,434.0,475.0,491.0,477.0,75.0,258.0,75.0,123.0,307.0,123.0,241.0,307.0,241.0,252.0,311.0,252.0,434.0,438.0,434.0,475.0,491.0,477.0
P08,trial_57_L_affected,affected,65.0,56.0,65.0,54.0,127.0,118.0,127.0,141.0,204.0,213,227.0,198.0,269.0,267,259.0,274.0,406.0,409.0,406.0,349.0,437.0,453.0,453.0,483.0,68.0,259.0,68.0,122.0,307.0,122.0,208.0,307,227.0,268.0,312,258.0,406.0,411.0,406.0,436.0,446.0,435.0,68.0,125.0,68.0,120.0,132.0,120.0,208.0,214.0,229.0,268.0,215.0,253.0,405.0,,405.0,436.0,205.0,435.0,68.0,125.0,68.0,120.0,132.0,120.0,208.0,214.0,229.0,268.0,215.0,253.0,405.0,,405.0,436.0,205.0,435.0,68.0,125.0,68.0,120.0,132.0,120.0,229.0,214.0,229.0,253.0,215.0,253.0,405.0,,405.0,436.0,205.0,435.0
P08,trial_58_L_affected,affected,84.0,75.0,84.0,71.0,137.0,132.0,137.0,158.0,219.0,227,246.0,212.0,301.0,283,274.0,299.0,498.0,503.0,498.0,381.0,547.0,557.0,543.0,597.0,86.0,76.0,86.0,142.0,136.0,142.0,233.0,226,243.0,298.0,227,274.0,500.0,,500.0,538.0,220.0,541.0,86.0,76.0,86.0,143.0,147.0,143.0,233.0,225.0,239.0,298.0,226.0,270.0,499.0,,499.0,538.0,220.0,541.0,86.0,76.0,86.0,143.0,147.0,143.0,233.0,225.0,239.0,298.0,226.0,270.0,499.0,,499.0,538.0,220.0,541.0,86.0,76.0,86.0,143.0,147.0,143.0,239.0,225.0,239.0,270.0,226.0,270.0,499.0,,499.0,538.0,220.0,541.0
P08,trial_59_L_affected,affected,65.0,56.0,65.0,53.0,123.0,116.0,123.0,138.0,210.0,208,224.0,199.0,259.0,253,244.0,262.0,441.0,413.0,441.0,348.0,476.0,,478.0,530.0,66.0,56.0,66.0,122.0,116.0,122.0,208.0,206,222.0,261.0,207,242.0,439.0,,439.0,475.0,215.0,475.0,66.0,,66.0,121.0,,121.0,208.0,206.0,225.0,261.0,207.0,237.0,439.0,,439.0,475.0,215.0,475.0,66.0,,66.0,121.0,,121.0,208.0,206.0,225.0,261.0,207.0,237.0,439.0,,439.0,475.0,215.0,475.0,66.0,,66.0,121.0,,121.0,225.0,206.0,225.0,237.0,207.0,237.0,439.0,,439.0,475.0,215.0,475.0
P08,trial_5_R_unaffected,unaffected,0.0,,0.0,,69.0,,69.0,,166.0,174,183.0,,236.0,235,229.0,,338.0,344.0,338.0,,382.0,392.0,372.0,,0.0,89.0,0.0,54.0,106.0,54.0,165.0,175,185.0,235.0,236,229.0,337.0,276.0,337.0,381.0,301.0,371.0,0.0,89.0,0.0,54.0,104.0,54.0,165.0,177.0,188.0,235.0,231.0,221.0,337.0,275.0,337.0,381.0,301.0,371.0,0.0,89.0,0.0,54.0,104.0,54.0,165.0,177.0,188.0,235.0,231.0,221.0,337.0,275.0,337.0,381.0,301.0,371.0,0.0,89.0,0.0,54.0,104.0,54.0,188.0,177.0,188.0,221.0,231.0,221.0,337.0,275.0,337.0,381.0,301.0,371.0
P08,trial_60_L_affected,affected,65.0,55.0,65.0,52.0,107.0,114.0,107.0,134.0,199.0,204,219.0,192.0,282.0,278,268.0,286.0,428.0,433.0,428.0,378.0,471.0,482.0,471.0,514.0,67.0,271.0,67.0,119.0,328.0,119.0,203.0,328,216.0,274.0,334,270.0,428.0,436.0,428.0,470.0,478.0,470.0,67.0,57.0,67.0,119.0,122.0,119.0,203.0,200.0,213.0,274.0,201.0,265.0,427.0,,427.0,470.0,201.0,470.0,67.0,57.0,67.0,119.0,122.0,119.0,203.0,200.0,213.0,274.0,201.0,265.0,427.0,,427.0,470.0,201.0,470.0,67.0,57.0,67.0,119.0,122.0,119.0,213.0,200.0,213.0,265.0,201.0,265.0,427.0,,427.0,470.0,201.0,470.0
P08,trial_61_L_affected,affected,77.0,258.0,77.0,65.0,128.0,309.0,128.0,149.0,222.0,309,240.0,209.0,276.0,315,258.0,278.0,474.0,475.0,474.0,355.0,511.0,519.0,513.0,565.0,78.0,258.0,78.0,134.0,330.0,134.0,219.0,330,239.0,278.0,335,255.0,478.0,479.0,478.0,511.0,521.0,512.0,78.0,258.0,78.0,134.0,328.0,134.0,219.0,328.0,239.0,278.0,333.0,252.0,479.0,479.0,479.0,511.0,521.0,512.0,78.0,258.0,78.0,134.0,328.0,134.0,219.0,328.0,239.0,278.0,333.0,252.0,479.0,479.0,479.0,511.0,521.0,512.0,78.0,258.0,78.0,134.0,328.0,134.0,239.0,328.0,239.0,252.0,333.0,252.0,479.0,479.0,479.0,511.0,521.0,512.0
P08,trial_62_L_affected,affected,81.0,71.0,81.0,68.0,141.0,133.0,141.0,158.0,219.0,260,253.0,215.0,361.0,359,351.0,365.0,479.0,483.0,479.0,430.0,526.0,537.0,524.0,555.0,82.0,72.0,82.0,143.0,139.0,143.0,231.0,265,234.0,360.0,266,351.0,480.0,,480.0,519.0,225.0,519.0,82.0,,82.0,143.0,,143.0,231.0,281.0,238.0,360.0,282.0,344.0,480.0,,480.0,519.0,225.0,519.0,82.0,,82.0,143.0,,143.0,231.0,281.0,238.0,360.0,282.0,344.0,480.0,,480.0,519.0,225.0,519.0,82.0,,82.0,143.0,,143.0,238.0,281.0,238.0,344.0,282.0,344.0,480.0,,480.0,519.0,225.0,519.0
P08,trial_63_L_affected,affected,72.0,63.0,72.0,61.0,126.0,119.0,126.0,140.0,214.0,214,235.0,204.0,263.0,262,254.0,268.0,449.0,392.0,449.0,332.0,481.0,,485.0,533.0,73.0,255.0,73.0,126.0,294.0,126.0,226.0,294,236.0,262.0,298,252.0,441.0,429.0,441.0,481.0,,481.0,73.0,63.0,73.0,124.0,123.0,124.0,226.0,216.0,236.0,262.0,217.0,248.0,442.0,,442.0,481.0,216.0,481.0,73.0,63.0,73.0,124.0,123.0,124.0,226.0,216.0,236.0,262.0,217.0,248.0,442.0,,442.0,481.0,216.0,481.0,73.0,63.0,73.0,124.0,123.0,124.0,236.0,216.0,236.0,248.0,217.0,248.0,442.0,,442.0,481.0,216.0,481.0
P08,trial_64_L_affected,affected,61.0,262.0,61.0,50.0,109.0,315.0,109.0,133.0,200.0,315,221.0,191.0,273.0,324,261.0,276.0,448.0,434.0,448.0,355.0,478.0,486.0,484.0,542.0,64.0,259.0,64.0,121.0,307.0,121.0,205.0,307,218.0,270.0,311,259.0,419.0,425.0,419.0,479.0,487.0,478.0,64.0,259.0,64.0,126.0,283.0,126.0,205.0,283.0,238.0,270.0,287.0,253.0,443.0,425.0,443.0,479.0,487.0,478.0,64.0,259.0,64.0,126.0,283.0,126.0,205.0,283.0,238.0,270.0,287.0,253.0,443.0,425.0,443.0,479.0,487.0,478.0,64.0,259.0,64.0,126.0,283.0,126.0,238.0,283.0,238.0,253.0,287.0,253.0,443.0,425.0,443.0,479.0,487.0,478.0
P08,trial_65_L_affected,affected,82.0,72.0,82.0,70.0,131.0,127.0,131.0,151.0,218.0,218,237.0,206.0,273.0,268,256.0,279.0,407.0,408.0,407.0,342.0,450.0,457.0,449.0,535.0,84.0,,84.0,136.0,,136.0,220.0,220,231.0,275.0,221,256.0,408.0,,408.0,450.0,219.0,448.0,84.0,,84.0,135.0,,135.0,220.0,219.0,232.0,275.0,220.0,254.0,408.0,,408.0,450.0,219.0,448.0,84.0,,84.0,135.0,,135.0,220.0,219.0,232.0,275.0,220.0,254.0,408.0,,408.0,450.0,219.0,448.0,84.0,,84.0,135.0,,135.0,232.0,219.0,232.0,254.0,220.0,254.0,408.0,,408.0,450.0,219.0,448.0
P08,trial_66_L_affected,affected,82.0,72.0,82.0,,123.0,141.0,123.0,,230.0,226,243.0,,293.0,288,280.0,,483.0,426.0,483.0,,512.0,,512.0,,82.0,275.0,82.0,130.0,327.0,130.0,229.0,327,247.0,296.0,331,277.0,482.0,427.0,482.0,511.0,453.0,511.0,82.0,275.0,82.0,130.0,324.0,130.0,229.0,324.0,248.0,296.0,328.0,272.0,482.0,429.0,482.0,511.0,453.0,511.0,82.0,275.0,82.0,130.0,324.0,130.0,229.0,324.0,248.0,296.0,328.0,272.0,482.0,429.0,482.0,511.0,453.0,511.0,82.0,275.0,82.0,130.0,324.0,130.0,248.0,324.0,248.0,272.0,328.0,272.0,482.0,429.0,482.0,511.0,453.0,511.0
P08,trial_67_L_affected,affected,60.0,46.0,60.0,44.0,108.0,120.0,108.0,139.0,207.0,213,237.0,198.0,275.0,270,259.0,278.0,396.0,377.0,396.0,346.0,432.0,,432.0,471.0,61.0,45.0,61.0,123.0,123.0,123.0,221.0,213,233.0,273.0,214,257.0,393.0,,393.0,433.0,206.0,431.0,61.0,,61.0,122.0,,122.0,221.0,213.0,231.0,273.0,214.0,255.0,392.0,,392.0,433.0,206.0,431.0,61.0,,61.0,122.0,,122.0,221.0,213.0,231.0,273.0,214.0,255.0,392.0,,392.0,433.0,206.0,431.0,61.0,,61.0,122.0,,122.0,231.0,213.0,231.0,255.0,214.0,255.0,392.0,,392.0,433.0,206.0,431.0
P08,trial_68_L_affected,affected,67.0,,67.0,55.0,114.0,,114.0,137.0,202.0,206,221.0,191.0,276.0,271,263.0,281.0,393.0,402.0,393.0,351.0,442.0,451.0,443.0,485.0,69.0,262.0,69.0,121.0,314.0,121.0,200.0,314,221.0,279.0,320,260.0,397.0,404.0,397.0,442.0,451.0,440.0,69.0,262.0,69.0,121.0,315.0,121.0,200.0,315.0,220.0,279.0,320.0,256.0,396.0,404.0,396.0,442.0,451.0,440.0,69.0,262.0,69.0,121.0,315.0,121.0,200.0,315.0,220.0,279.0,320.0,256.0,396.0,404.0,396.0,442.0,451.0,440.0,69.0,262.0,69.0,121.0,315.0,121.0,220.0,315.0,220.0,256.0,320.0,256.0,396.0,404.0,396.0,442.0,451.0,440.0
P08,trial_69_L_affected,affected,73.0,277.0,73.0,58.0,117.0,294.0,117.0,150.0,225.0,294,235.0,211.0,277.0,297,276.0,292.0,416.0,424.0,416.0,367.0,467.0,485.0,464.0,506.0,71.0,279.0,71.0,121.0,323.0,121.0,222.0,323,231.0,277.0,327,275.0,415.0,422.0,415.0,467.0,486.0,468.0,71.0,279.0,71.0,121.0,321.0,121.0,222.0,321.0,232.0,277.0,325.0,272.0,416.0,422.0,416.0,467.0,486.0,468.0,71.0,279.0,71.0,121.0,321.0,121.0,222.0,321.0,232.0,277.0,325.0,272.0,416.0,422.0,416.0,467.0,486.0,468.0,71.0,279.0,71.0,121.0,321.0,121.0,232.0,321.0,232.0,272.0,325.0,272.0,416.0,422.0,416.0,467.0,486.0,468.0
P08,trial_6_R_unaffected,unaffected,84.0,74.0,84.0,73.0,141.0,133.0,141.0,157.0,241.0,237,245.0,221.0,303.0,299,290.0,308.0,406.0,412.0,406.0,373.0,450.0,460.0,450.0,472.0,85.0,158.0,85.0,145.0,238.0,145.0,239.0,238,247.0,299.0,300,293.0,408.0,397.0,408.0,450.0,,450.0,85.0,,85.0,145.0,,145.0,239.0,261.0,248.0,299.0,297.0,287.0,408.0,341.0,408.0,450.0,373.0,450.0,85.0,,85.0,145.0,,145.0,239.0,261.0,248.0,299.0,297.0,287.0,408.0,341.0,408.0,450.0,373.0,450.0,85.0,,85.0,145.0,,145.0,248.0,261.0,248.0,287.0,297.0,287.0,408.0,341.0,408.0,450.0,373.0,450.0
P08,trial_71_L_affected,affected,83.0,145.0,83.0,,124.0,154.0,124.0,,225.0,222,233.0,,293.0,292,284.0,,445.0,451.0,445.0,,573.0,485.0,571.0,,84.0,289.0,84.0,133.0,334.0,133.0,221.0,334,233.0,298.0,338,279.0,443.0,447.0,443.0,570.0,492.0,571.0,84.0,,84.0,133.0,,133.0,221.0,220.0,233.0,298.0,221.0,275.0,443.0,,443.0,570.0,217.0,571.0,84.0,,84.0,133.0,,133.0,221.0,220.0,233.0,298.0,221.0,275.0,443.0,,443.0,570.0,217.0,571.0,84.0,,84.0,133.0,,133.0,233.0,220.0,233.0,275.0,221.0,275.0,443.0,,443.0,570.0,217.0,571.0
P08,trial_72_L_affected,affected,92.0,,92.0,78.0,141.0,,141.0,181.0,253.0,252,265.0,242.0,314.0,316,308.0,323.0,480.0,486.0,480.0,393.0,526.0,534.0,525.0,565.0,94.0,310.0,94.0,141.0,353.0,141.0,262.0,353,259.0,317.0,358,307.0,481.0,485.0,481.0,524.0,542.0,524.0,94.0,310.0,94.0,141.0,351.0,141.0,262.0,351.0,266.0,317.0,355.0,301.0,480.0,485.0,480.0,524.0,542.0,524.0,94.0,310.0,94.0,141.0,351.0,141.0,262.0,351.0,266.0,317.0,355.0,301.0,480.0,485.0,480.0,524.0,542.0,524.0,94.0,310.0,94.0,141.0,351.0,141.0,266.0,351.0,266.0,301.0,355.0,301.0,480.0,485.0,480.0,524.0,542.0,524.0
P08,trial_73_L_affected,affected,67.0,55.0,67.0,55.0,121.0,131.0,121.0,141.0,218.0,211,228.0,201.0,254.0,255,248.0,261.0,448.0,386.0,448.0,331.0,478.0,434.0,488.0,526.0,66.0,248.0,66.0,121.0,286.0,121.0,218.0,286,228.0,248.0,290,243.0,448.0,389.0,448.0,476.0,415.0,520.0,66.0,,66.0,120.0,,120.0,218.0,213.0,229.0,248.0,214.0,239.0,448.0,,448.0,476.0,215.0,520.0,66.0,,66.0,120.0,,120.0,218.0,213.0,229.0,248.0,214.0,239.0,448.0,,448.0,476.0,215.0,520.0,66.0,,66.0,120.0,,120.0,229.0,213.0,229.0,239.0,214.0,239.0,448.0,,448.0,476.0,215.0,520.0
P08,trial_74_L_affected,affected,78.0,68.0,78.0,66.0,112.0,153.0,112.0,169.0,233.0,234,253.0,224.0,310.0,307,300.0,317.0,471.0,469.0,471.0,416.0,511.0,530.0,513.0,544.0,80.0,169.0,80.0,125.0,176.0,125.0,238.0,231,241.0,300.0,232,297.0,468.0,,468.0,510.0,236.0,509.0,80.0,169.0,80.0,125.0,171.0,125.0,238.0,233.0,245.0,300.0,234.0,291.0,466.0,,466.0,510.0,236.0,509.0,80.0,169.0,80.0,125.0,171.0,125.0,238.0,233.0,245.0,300.0,234.0,291.0,466.0,,466.0,510.0,236.0,509.0,80.0,169.0,80.0,125.0,171.0,125.0,245.0,233.0,245.0,291.0,234.0,291.0,466.0,,466.0,510.0,236.0,509.0
P08,trial_75_L_affected,affected,86.0,310.0,86.0,73.0,135.0,313.0,135.0,137.0,247.0,313,253.0,229.0,316.0,319,308.0,324.0,455.0,456.0,455.0,394.0,499.0,508.0,520.0,540.0,86.0,309.0,86.0,140.0,346.0,140.0,252.0,346,255.0,308.0,350,306.0,453.0,458.0,453.0,498.0,508.0,499.0,86.0,,86.0,140.0,,140.0,252.0,243.0,255.0,308.0,244.0,301.0,453.0,,453.0,498.0,242.0,499.0,86.0,,86.0,140.0,,140.0,252.0,243.0,255.0,308.0,244.0,301.0,453.0,,453.0,498.0,242.0,499.0,86.0,,86.0,140.0,,140.0,255.0,243.0,255.0,301.0,244.0,301.0,453.0,,453.0,498.0,242.0,499.0
P08,trial_76_L_affected,affected,73.0,63.0,73.0,62.0,133.0,128.0,133.0,149.0,215.0,216,232.0,203.0,307.0,306,296.0,314.0,449.0,455.0,449.0,404.0,491.0,517.0,498.0,518.0,76.0,152.0,76.0,133.0,156.0,133.0,218.0,215,228.0,307.0,216,293.0,451.0,,451.0,490.0,216.0,493.0,76.0,152.0,76.0,132.0,155.0,132.0,218.0,216.0,227.0,307.0,217.0,290.0,450.0,,450.0,490.0,216.0,493.0,76.0,152.0,76.0,132.0,155.0,132.0,218.0,216.0,227.0,307.0,217.0,290.0,450.0,,450.0,490.0,216.0,493.0,76.0,152.0,76.0,132.0,155.0,132.0,227.0,216.0,227.0,290.0,217.0,290.0,450.0,,450.0,490.0,216.0,493.0
P08,trial_77_L_affected,affected,69.0,58.0,69.0,56.0,138.0,132.0,138.0,149.0,213.0,219,239.0,205.0,294.0,295,287.0,301.0,430.0,437.0,430.0,375.0,474.0,488.0,475.0,508.0,73.0,291.0,73.0,134.0,326.0,134.0,218.0,326,238.0,295.0,330,286.0,433.0,427.0,433.0,475.0,,474.0,73.0,,73.0,128.0,,128.0,218.0,225.0,233.0,295.0,226.0,280.0,433.0,,433.0,475.0,210.0,474.0,73.0,,73.0,128.0,,128.0,218.0,225.0,233.0,295.0,226.0,280.0,433.0,,433.0,475.0,210.0,474.0,73.0,,73.0,128.0,,128.0,233.0,225.0,233.0,280.0,226.0,280.0,433.0,,433.0,475.0,210.0,474.0
P08,trial_78_L_affected,affected,69.0,60.0,69.0,58.0,112.0,134.0,112.0,152.0,225.0,223,238.0,211.0,297.0,293,282.0,302.0,412.0,419.0,412.0,367.0,454.0,465.0,460.0,496.0,71.0,,71.0,144.0,,144.0,223.0,221,238.0,296.0,222,283.0,411.0,,411.0,454.0,221.0,454.0,71.0,155.0,71.0,147.0,161.0,147.0,223.0,222.0,232.0,296.0,223.0,279.0,411.0,,411.0,454.0,221.0,454.0,71.0,155.0,71.0,147.0,161.0,147.0,223.0,222.0,232.0,296.0,223.0,279.0,411.0,,411.0,454.0,221.0,454.0,71.0,155.0,71.0,147.0,161.0,147.0,232.0,222.0,232.0,279.0,223.0,279.0,411.0,,411.0,454.0,221.0,454.0
P08,trial_79_L_affected,affected,79.0,69.0,79.0,67.0,130.0,126.0,130.0,133.0,240.0,234,242.0,221.0,303.0,302,294.0,309.0,428.0,435.0,428.0,376.0,464.0,478.0,475.0,520.0,81.0,,81.0,136.0,,136.0,236.0,234,243.0,306.0,235,293.0,427.0,,427.0,464.0,231.0,465.0,81.0,172.0,81.0,136.0,181.0,136.0,236.0,235.0,244.0,306.0,236.0,287.0,427.0,,427.0,464.0,231.0,465.0,81.0,172.0,81.0,136.0,181.0,136.0,236.0,235.0,244.0,306.0,236.0,287.0,427.0,,427.0,464.0,231.0,465.0,81.0,172.0,81.0,136.0,181.0,136.0,244.0,235.0,244.0,287.0,236.0,287.0,427.0,,427.0,464.0,231.0,465.0
P08,trial_7_R_unaffected,unaffected,83.0,74.0,83.0,74.0,144.0,136.0,144.0,161.0,231.0,235,248.0,220.0,285.0,277,265.0,289.0,387.0,393.0,387.0,355.0,431.0,443.0,432.0,452.0,83.0,,83.0,140.0,,140.0,225.0,232,244.0,283.0,279,271.0,386.0,325.0,386.0,431.0,335.0,432.0,83.0,,83.0,139.0,,139.0,225.0,245.0,250.0,283.0,276.0,266.0,385.0,322.0,385.0,431.0,335.0,432.0,83.0,,83.0,139.0,,139.0,225.0,245.0,250.0,283.0,276.0,266.0,385.0,322.0,385.0,431.0,335.0,432.0,83.0,,83.0,139.0,,139.0,250.0,245.0,250.0,266.0,276.0,266.0,385.0,322.0,385.0,431.0,335.0,432.0
P08,trial_80_L_affected,affected,72.0,62.0,72.0,61.0,136.0,129.0,136.0,145.0,205.0,209,223.0,196.0,275.0,270,258.0,279.0,396.0,396.0,396.0,353.0,430.0,438.0,433.0,460.0,73.0,62.0,73.0,139.0,133.0,139.0,219.0,207,222.0,276.0,208,257.0,391.0,,391.0,430.0,199.0,432.0,73.0,,73.0,144.0,,144.0,219.0,207.0,221.0,276.0,208.0,256.0,391.0,,391.0,430.0,199.0,432.0,73.0,,73.0,144.0,,144.0,219.0,207.0,221.0,276.0,208.0,256.0,391.0,,391.0,430.0,199.0,432.0,73.0,,73.0,144.0,,144.0,221.0,207.0,221.0,256.0,208.0,256.0,391.0,,391.0,430.0,199.0,432.0
P08,trial_81_L_affected,affected,96.0,86.0,96.0,83.0,164.0,155.0,164.0,176.0,248.0,246,251.0,235.0,322.0,319,308.0,327.0,454.0,457.0,454.0,393.0,493.0,503.0,496.0,558.0,98.0,177.0,98.0,162.0,180.0,162.0,251.0,242,251.0,323.0,243,308.0,454.0,,454.0,493.0,237.0,492.0,98.0,,98.0,158.0,,158.0,251.0,244.0,253.0,323.0,245.0,305.0,454.0,,454.0,493.0,237.0,492.0,98.0,,98.0,158.0,,158.0,251.0,244.0,253.0,323.0,245.0,305.0,454.0,,454.0,493.0,237.0,492.0,98.0,,98.0,158.0,,158.0,253.0,244.0,253.0,305.0,245.0,305.0,454.0,,454.0,493.0,237.0,492.0
P08,trial_82_L_affected,affected,78.0,67.0,78.0,65.0,151.0,143.0,151.0,160.0,241.0,241,245.0,227.0,323.0,321,311.0,329.0,490.0,494.0,490.0,407.0,535.0,547.0,534.0,571.0,79.0,164.0,79.0,146.0,169.0,146.0,241.0,241,241.0,323.0,242,310.0,493.0,,493.0,533.0,237.0,533.0,79.0,164.0,79.0,144.0,172.0,144.0,241.0,247.0,241.0,323.0,248.0,306.0,493.0,,493.0,533.0,237.0,533.0,79.0,164.0,79.0,144.0,172.0,144.0,241.0,247.0,241.0,323.0,248.0,306.0,493.0,,493.0,533.0,237.0,533.0,79.0,164.0,79.0,144.0,172.0,144.0,241.0,247.0,241.0,306.0,248.0,306.0,493.0,,493.0,533.0,237.0,533.0
P08,trial_83_L_affected,affected,72.0,61.0,72.0,55.0,117.0,132.0,117.0,161.0,235.0,242,252.0,228.0,340.0,337,329.0,345.0,543.0,548.0,543.0,413.0,583.0,595.0,587.0,649.0,74.0,61.0,74.0,137.0,134.0,137.0,238.0,238,249.0,343.0,239,327.0,544.0,,544.0,582.0,234.0,579.0,74.0,61.0,74.0,137.0,141.0,137.0,238.0,239.0,247.0,343.0,240.0,323.0,543.0,,543.0,582.0,234.0,579.0,74.0,61.0,74.0,137.0,141.0,137.0,238.0,239.0,247.0,343.0,240.0,323.0,543.0,,543.0,582.0,234.0,579.0,74.0,61.0,74.0,137.0,141.0,137.0,247.0,239.0,247.0,323.0,240.0,323.0,543.0,,543.0,582.0,234.0,579.0
P08,trial_84_L_affected,affected,69.0,60.0,69.0,57.0,111.0,132.0,111.0,150.0,221.0,238,236.0,212.0,316.0,317,308.0,325.0,488.0,500.0,488.0,416.0,539.0,551.0,544.0,598.0,70.0,153.0,70.0,137.0,164.0,137.0,226.0,230,230.0,321.0,231,308.0,492.0,,492.0,538.0,213.0,538.0,70.0,153.0,70.0,135.0,156.0,135.0,226.0,230.0,229.0,321.0,231.0,304.0,493.0,,493.0,538.0,213.0,538.0,70.0,153.0,70.0,135.0,156.0,135.0,226.0,230.0,229.0,321.0,231.0,304.0,493.0,,493.0,538.0,213.0,538.0,70.0,153.0,70.0,135.0,156.0,135.0,229.0,230.0,229.0,304.0,231.0,304.0,493.0,,493.0,538.0,213.0,538.0
P08,trial_85_L_affected,affected,85.0,74.0,85.0,72.0,139.0,133.0,139.0,158.0,228.0,237,246.0,219.0,306.0,301,293.0,311.0,442.0,446.0,442.0,390.0,485.0,495.0,489.0,536.0,86.0,160.0,86.0,143.0,168.0,143.0,223.0,233,250.0,306.0,234,292.0,447.0,,447.0,484.0,220.0,483.0,86.0,160.0,86.0,144.0,174.0,144.0,223.0,235.0,249.0,306.0,236.0,289.0,446.0,,446.0,484.0,220.0,483.0,86.0,160.0,86.0,144.0,174.0,144.0,223.0,235.0,249.0,306.0,236.0,289.0,446.0,,446.0,484.0,220.0,483.0,86.0,160.0,86.0,144.0,174.0,144.0,249.0,235.0,249.0,289.0,236.0,289.0,446.0,,446.0,484.0,220.0,483.0
P08,trial_86_L_affected,affected,68.0,335.0,68.0,56.0,114.0,410.0,114.0,156.0,221.0,410,245.0,221.0,344.0,426,330.0,351.0,516.0,521.0,516.0,428.0,555.0,567.0,554.0,621.0,70.0,,70.0,120.0,,120.0,229.0,240,243.0,337.0,241,334.0,520.0,,520.0,556.0,224.0,552.0,70.0,,70.0,121.0,,121.0,229.0,242.0,242.0,337.0,243.0,330.0,518.0,,518.0,556.0,224.0,552.0,70.0,,70.0,121.0,,121.0,229.0,242.0,242.0,337.0,243.0,330.0,518.0,,518.0,556.0,224.0,552.0,70.0,,70.0,121.0,,121.0,242.0,242.0,242.0,330.0,243.0,330.0,518.0,,518.0,556.0,224.0,552.0
P08,trial_87_L_affected,affected,72.0,62.0,72.0,59.0,111.0,134.0,111.0,153.0,226.0,237,229.0,216.0,289.0,291,282.0,298.0,423.0,428.0,423.0,371.0,465.0,472.0,466.0,550.0,71.0,60.0,71.0,139.0,147.0,139.0,226.0,233,251.0,291.0,234,282.0,420.0,,420.0,468.0,223.0,468.0,71.0,,71.0,156.0,,156.0,226.0,234.0,252.0,291.0,235.0,277.0,420.0,,420.0,468.0,223.0,468.0,71.0,,71.0,156.0,,156.0,226.0,234.0,252.0,291.0,235.0,277.0,420.0,,420.0,468.0,223.0,468.0,71.0,,71.0,156.0,,156.0,252.0,234.0,252.0,277.0,235.0,277.0,420.0,,420.0,468.0,223.0,468.0
P08,trial_88_L_affected,affected,102.0,152.0,102.0,89.0,168.0,162.0,168.0,185.0,258.0,253,266.0,245.0,308.0,309,300.0,316.0,444.0,450.0,444.0,392.0,487.0,493.0,486.0,526.0,103.0,304.0,103.0,147.0,348.0,147.0,256.0,348,263.0,305.0,352,299.0,448.0,445.0,448.0,483.0,,485.0,103.0,,103.0,146.0,,146.0,256.0,251.0,263.0,305.0,252.0,294.0,448.0,,448.0,483.0,253.0,485.0,103.0,,103.0,146.0,,146.0,256.0,251.0,263.0,305.0,252.0,294.0,448.0,,448.0,483.0,253.0,485.0,103.0,,103.0,146.0,,146.0,263.0,251.0,263.0,294.0,252.0,294.0,448.0,,448.0,483.0,253.0,485.0
P08,trial_89_L_affected,affected,67.0,56.0,67.0,55.0,116.0,115.0,116.0,162.0,232.0,244,259.0,225.0,295.0,295,288.0,301.0,426.0,433.0,426.0,370.0,468.0,479.0,472.0,516.0,68.0,290.0,68.0,120.0,323.0,120.0,245.0,323,258.0,293.0,327,288.0,423.0,420.0,423.0,467.0,,467.0,68.0,290.0,68.0,122.0,321.0,122.0,245.0,321.0,269.0,293.0,325.0,279.0,423.0,419.0,423.0,467.0,,467.0,68.0,290.0,68.0,122.0,321.0,122.0,245.0,321.0,269.0,293.0,325.0,279.0,423.0,419.0,423.0,467.0,,467.0,68.0,290.0,68.0,122.0,321.0,122.0,269.0,321.0,269.0,279.0,325.0,279.0,423.0,419.0,423.0,467.0,,467.0
P08,trial_8_R_unaffected,unaffected,0.0,0.0,0.0,,50.0,43.0,50.0,,201.0,222,210.0,,290.0,288,281.0,,387.0,393.0,387.0,,429.0,443.0,396.0,,0.0,75.0,0.0,46.0,131.0,46.0,203.0,208,210.0,287.0,288,282.0,384.0,384.0,384.0,429.0,,393.0,0.0,75.0,0.0,44.0,194.0,44.0,203.0,217.0,212.0,287.0,283.0,274.0,384.0,323.0,384.0,429.0,349.0,393.0,0.0,75.0,0.0,44.0,194.0,44.0,203.0,217.0,212.0,287.0,283.0,274.0,384.0,323.0,384.0,429.0,349.0,393.0,0.0,75.0,0.0,44.0,194.0,44.0,212.0,217.0,212.0,274.0,283.0,274.0,384.0,323.0,384.0,429.0,349.0,393.0
P08,trial_9_R_unaffected,unaffected,74.0,64.0,74.0,61.0,141.0,130.0,141.0,161.0,235.0,239,255.0,224.0,299.0,294,285.0,303.0,406.0,411.0,406.0,363.0,451.0,461.0,453.0,484.0,76.0,,76.0,126.0,,126.0,239.0,228,238.0,297.0,295,285.0,406.0,369.0,406.0,451.0,,451.0,76.0,160.0,76.0,126.0,180.0,126.0,239.0,230.0,241.0,297.0,292.0,281.0,405.0,335.0,405.0,451.0,348.0,451.0,76.0,160.0,76.0,126.0,180.0,126.0,239.0,230.0,241.0,297.0,292.0,281.0,405.0,335.0,405.0,451.0,348.0,451.0,76.0,160.0,76.0,126.0,180.0,126.0,241.0,230.0,241.0,281.0,292.0,281.0,405.0,335.0,405.0,451.0,348.0,451.0
P10,trial_10_R_unaffected,unaffected,79.0,,79.0,67.0,143.0,,143.0,157.0,236.0,228,241.0,227.0,346.0,355,349.0,354.0,442.0,448.0,442.0,427.0,482.0,492.0,481.0,505.0,79.0,161.0,79.0,125.0,211.0,125.0,243.0,232,243.0,350.0,352,339.0,439.0,374.0,439.0,481.0,409.0,481.0,79.0,161.0,79.0,125.0,211.0,125.0,243.0,233.0,250.0,350.0,350.0,341.0,438.0,376.0,438.0,481.0,409.0,481.0,79.0,161.0,79.0,125.0,211.0,125.0,243.0,233.0,250.0,350.0,350.0,341.0,438.0,376.0,438.0,481.0,409.0,481.0,79.0,161.0,79.0,125.0,211.0,125.0,250.0,233.0,250.0,341.0,350.0,341.0,438.0,376.0,438.0,481.0,409.0,481.0
P10,trial_11_R_unaffected,unaffected,71.0,59.0,71.0,58.0,128.0,117.0,128.0,140.0,210.0,204,213.0,205.0,330.0,338,326.0,337.0,439.0,446.0,439.0,413.0,478.0,494.0,480.0,501.0,72.0,143.0,72.0,129.0,181.0,129.0,212.0,208,219.0,331.0,336,326.0,437.0,360.0,437.0,478.0,398.0,478.0,72.0,143.0,72.0,129.0,182.0,129.0,212.0,210.0,222.0,331.0,333.0,323.0,436.0,363.0,436.0,478.0,398.0,478.0,72.0,143.0,72.0,129.0,182.0,129.0,212.0,210.0,222.0,331.0,333.0,323.0,436.0,362.0,436.0,478.0,398.0,478.0,72.0,143.0,72.0,129.0,182.0,129.0,222.0,210.0,222.0,323.0,333.0,323.0,436.0,363.0,436.0,478.0,398.0,478.0
P10,trial_12_R_unaffected,unaffected,78.0,67.0,78.0,66.0,134.0,125.0,134.0,152.0,221.0,222,231.0,215.0,321.0,325,317.0,328.0,415.0,422.0,415.0,398.0,451.0,465.0,455.0,475.0,78.0,153.0,78.0,140.0,219.0,140.0,230.0,224,239.0,317.0,325,315.0,407.0,352.0,407.0,451.0,382.0,452.0,78.0,153.0,78.0,139.0,220.0,139.0,230.0,223.0,238.0,317.0,322.0,311.0,407.0,356.0,407.0,451.0,382.0,452.0,78.0,153.0,78.0,139.0,220.0,139.0,230.0,223.0,238.0,317.0,322.0,311.0,407.0,357.0,407.0,451.0,382.0,452.0,78.0,153.0,78.0,139.0,220.0,139.0,238.0,223.0,238.0,311.0,322.0,311.0,407.0,356.0,407.0,451.0,382.0,452.0
P10,trial_13_R_unaffected,unaffected,74.0,63.0,74.0,62.0,124.0,118.0,124.0,144.0,217.0,215,222.0,209.0,300.0,306,295.0,307.0,396.0,404.0,396.0,372.0,438.0,452.0,440.0,465.0,73.0,150.0,73.0,126.0,210.0,126.0,226.0,219,242.0,298.0,303,294.0,397.0,324.0,397.0,438.0,365.0,438.0,73.0,150.0,73.0,121.0,212.0,121.0,226.0,218.0,234.0,298.0,301.0,290.0,397.0,325.0,397.0,438.0,365.0,438.0,73.0,150.0,73.0,121.0,212.0,121.0,226.0,218.0,234.0,298.0,301.0,290.0,397.0,325.0,397.0,438.0,365.0,438.0,73.0,150.0,73.0,121.0,212.0,121.0,234.0,218.0,234.0,290.0,301.0,290.0,397.0,325.0,397.0,438.0,365.0,438.0
P10,trial_14_R_unaffected,unaffected,77.0,65.0,77.0,63.0,126.0,118.0,126.0,141.0,211.0,206,219.0,201.0,299.0,304,293.0,305.0,393.0,399.0,393.0,367.0,429.0,441.0,434.0,455.0,77.0,144.0,77.0,134.0,194.0,134.0,220.0,209,216.0,298.0,305,297.0,392.0,325.0,392.0,429.0,370.0,431.0,77.0,144.0,77.0,137.0,197.0,137.0,220.0,211.0,221.0,298.0,301.0,290.0,392.0,327.0,392.0,429.0,370.0,431.0,77.0,144.0,77.0,137.0,197.0,137.0,220.0,211.0,221.0,298.0,301.0,290.0,392.0,327.0,392.0,429.0,370.0,431.0,77.0,144.0,77.0,137.0,197.0,137.0,221.0,211.0,221.0,290.0,301.0,290.0,392.0,327.0,392.0,429.0,370.0,431.0
P10,trial_15_R_unaffected,unaffected,92.0,82.0,92.0,81.0,144.0,134.0,144.0,157.0,220.0,220,228.0,216.0,324.0,332,319.0,333.0,414.0,420.0,414.0,392.0,449.0,459.0,446.0,472.0,92.0,159.0,92.0,142.0,207.0,142.0,241.0,222,237.0,329.0,332,322.0,412.0,358.0,412.0,448.0,396.0,446.0,92.0,159.0,92.0,141.0,207.0,141.0,241.0,224.0,237.0,329.0,329.0,318.0,411.0,360.0,411.0,448.0,396.0,446.0,92.0,159.0,92.0,141.0,207.0,141.0,241.0,224.0,237.0,329.0,329.0,318.0,411.0,360.0,411.0,448.0,396.0,446.0,92.0,159.0,92.0,141.0,207.0,141.0,237.0,224.0,237.0,318.0,329.0,318.0,411.0,360.0,411.0,448.0,396.0,446.0
P10,trial_16_R_unaffected,unaffected,86.0,77.0,86.0,75.0,143.0,132.0,143.0,150.0,215.0,213,223.0,207.0,309.0,318,306.0,318.0,411.0,416.0,411.0,381.0,447.0,459.0,453.0,466.0,85.0,154.0,85.0,144.0,183.0,144.0,227.0,214,228.0,313.0,317,306.0,408.0,342.0,408.0,447.0,380.0,452.0,85.0,154.0,85.0,144.0,197.0,144.0,227.0,215.0,226.0,313.0,314.0,304.0,408.0,343.0,408.0,447.0,380.0,452.0,85.0,154.0,85.0,144.0,197.0,144.0,227.0,215.0,226.0,313.0,314.0,304.0,408.0,343.0,408.0,447.0,380.0,452.0,85.0,154.0,85.0,144.0,197.0,144.0,226.0,215.0,226.0,304.0,314.0,304.0,408.0,343.0,408.0,447.0,380.0,452.0
P10,trial_17_R_unaffected,unaffected,71.0,61.0,71.0,60.0,135.0,123.0,135.0,152.0,219.0,214,225.0,213.0,332.0,335,329.0,334.0,430.0,436.0,430.0,400.0,468.0,482.0,463.0,489.0,71.0,150.0,71.0,109.0,173.0,109.0,219.0,217,230.0,332.0,333,326.0,427.0,362.0,427.0,466.0,397.0,462.0,71.0,150.0,71.0,109.0,178.0,109.0,219.0,218.0,232.0,332.0,330.0,320.0,427.0,362.0,427.0,466.0,397.0,462.0,71.0,150.0,71.0,109.0,178.0,109.0,219.0,218.0,232.0,332.0,330.0,320.0,427.0,362.0,427.0,466.0,397.0,462.0,71.0,150.0,71.0,109.0,178.0,109.0,232.0,218.0,232.0,320.0,330.0,320.0,427.0,362.0,427.0,466.0,397.0,462.0
P10,trial_18_R_unaffected,unaffected,77.0,66.0,77.0,65.0,127.0,121.0,127.0,146.0,217.0,211,222.0,209.0,307.0,313,304.0,313.0,406.0,411.0,406.0,383.0,438.0,449.0,450.0,466.0,78.0,149.0,78.0,137.0,184.0,137.0,220.0,219,223.0,307.0,312,302.0,407.0,343.0,407.0,439.0,374.0,447.0,78.0,149.0,78.0,139.0,197.0,139.0,220.0,223.0,233.0,307.0,309.0,299.0,407.0,344.0,407.0,439.0,374.0,447.0,78.0,149.0,78.0,139.0,197.0,139.0,220.0,223.0,233.0,307.0,309.0,299.0,407.0,344.0,407.0,439.0,374.0,447.0,78.0,149.0,78.0,139.0,197.0,139.0,233.0,223.0,233.0,299.0,309.0,299.0,407.0,344.0,407.0,439.0,374.0,447.0
P10,trial_19_R_unaffected,unaffected,81.0,70.0,81.0,68.0,129.0,123.0,129.0,146.0,215.0,206,219.0,203.0,302.0,314,301.0,312.0,424.0,429.0,424.0,388.0,461.0,472.0,460.0,486.0,81.0,148.0,81.0,139.0,188.0,139.0,214.0,215,226.0,311.0,309,294.0,423.0,326.0,423.0,460.0,382.0,459.0,81.0,148.0,81.0,140.0,188.0,140.0,214.0,215.0,226.0,311.0,308.0,297.0,423.0,344.0,423.0,460.0,382.0,459.0,81.0,148.0,81.0,140.0,188.0,140.0,214.0,215.0,226.0,311.0,308.0,297.0,423.0,344.0,423.0,460.0,382.0,459.0,81.0,148.0,81.0,140.0,188.0,140.0,226.0,215.0,226.0,297.0,308.0,297.0,423.0,344.0,423.0,460.0,382.0,459.0
P10,trial_1_R_unaffected,unaffected,98.0,87.0,98.0,86.0,160.0,152.0,160.0,168.0,247.0,256,254.0,241.0,363.0,371,359.0,372.0,468.0,473.0,468.0,446.0,504.0,516.0,506.0,541.0,99.0,178.0,99.0,165.0,235.0,165.0,246.0,256,253.0,362.0,371,363.0,468.0,378.0,468.0,503.0,430.0,505.0,99.0,178.0,99.0,170.0,199.0,170.0,246.0,256.0,277.0,362.0,369.0,360.0,468.0,378.0,468.0,503.0,430.0,505.0,99.0,178.0,99.0,170.0,199.0,170.0,246.0,256.0,277.0,362.0,369.0,360.0,468.0,378.0,468.0,503.0,430.0,505.0,99.0,178.0,99.0,170.0,199.0,170.0,277.0,256.0,277.0,360.0,369.0,360.0,468.0,378.0,468.0,503.0,430.0,505.0
P10,trial_21_R_unaffected,unaffected,346.0,386.0,346.0,312.0,464.0,457.0,464.0,483.0,544.0,697,553.0,690.0,938.0,949,935.0,947.0,1078.0,1084.0,1078.0,1038.0,1118.0,1126.0,1121.0,1163.0,348.0,580.0,348.0,446.0,608.0,446.0,549.0,705,549.0,940.0,944,940.0,1077.0,984.0,1077.0,1119.0,1029.0,1119.0,348.0,580.0,348.0,445.0,603.0,445.0,549.0,708.0,555.0,940.0,943.0,935.0,1077.0,983.0,1077.0,1119.0,1029.0,1119.0,348.0,580.0,348.0,445.0,603.0,445.0,549.0,708.0,555.0,940.0,943.0,935.0,1077.0,983.0,1077.0,1119.0,1029.0,1119.0,348.0,580.0,348.0,445.0,603.0,445.0,555.0,708.0,555.0,935.0,943.0,935.0,1077.0,983.0,1077.0,1119.0,1029.0,1119.0
P10,trial_22_R_unaffected,unaffected,236.0,221.0,236.0,220.0,299.0,292.0,299.0,328.0,405.0,395,410.0,395.0,546.0,554,544.0,557.0,675.0,681.0,675.0,641.0,719.0,726.0,720.0,749.0,233.0,326.0,233.0,309.0,379.0,309.0,411.0,401,417.0,545.0,558,548.0,678.0,569.0,678.0,720.0,622.0,723.0,233.0,326.0,233.0,296.0,380.0,296.0,411.0,400.0,416.0,545.0,558.0,546.0,678.0,566.0,678.0,720.0,622.0,723.0,233.0,326.0,233.0,296.0,380.0,296.0,411.0,400.0,416.0,545.0,558.0,546.0,678.0,567.0,678.0,720.0,622.0,723.0,233.0,326.0,233.0,296.0,380.0,296.0,416.0,400.0,416.0,546.0,558.0,546.0,678.0,566.0,678.0,720.0,622.0,723.0
P10,trial_23_R_unaffected,unaffected,171.0,158.0,171.0,158.0,244.0,236.0,244.0,259.0,335.0,330,336.0,330.0,482.0,494,479.0,491.0,591.0,598.0,591.0,564.0,632.0,644.0,639.0,661.0,170.0,263.0,170.0,237.0,320.0,237.0,340.0,353,340.0,488.0,488,475.0,593.0,524.0,593.0,634.0,557.0,645.0,170.0,263.0,170.0,236.0,320.0,236.0,340.0,352.0,342.0,488.0,487.0,479.0,593.0,525.0,593.0,634.0,557.0,645.0,170.0,263.0,170.0,236.0,320.0,236.0,340.0,352.0,342.0,488.0,487.0,479.0,593.0,525.0,593.0,634.0,557.0,645.0,170.0,263.0,170.0,236.0,320.0,236.0,342.0,352.0,342.0,479.0,487.0,479.0,593.0,525.0,593.0,634.0,557.0,645.0
P10,trial_24_R_unaffected,unaffected,159.0,146.0,159.0,147.0,254.0,252.0,254.0,283.0,368.0,362,377.0,359.0,473.0,477,469.0,474.0,592.0,599.0,592.0,554.0,629.0,648.0,651.0,677.0,160.0,282.0,160.0,265.0,354.0,265.0,376.0,363,381.0,470.0,471,461.0,593.0,482.0,593.0,631.0,544.0,647.0,160.0,282.0,160.0,264.0,356.0,264.0,376.0,362.0,379.0,470.0,470.0,457.0,593.0,489.0,593.0,631.0,544.0,647.0,160.0,282.0,160.0,264.0,358.0,264.0,376.0,362.0,379.0,470.0,470.0,457.0,593.0,487.0,593.0,631.0,544.0,647.0,160.0,282.0,160.0,264.0,356.0,264.0,379.0,362.0,379.0,457.0,470.0,457.0,593.0,489.0,593.0,631.0,544.0,647.0
P10,trial_25_R_unaffected,unaffected,113.0,,113.0,103.0,173.0,,173.0,196.0,276.0,274,287.0,268.0,384.0,392,382.0,394.0,493.0,499.0,493.0,465.0,534.0,545.0,538.0,568.0,112.0,200.0,112.0,157.0,225.0,157.0,284.0,278,286.0,384.0,395,386.0,493.0,407.0,493.0,535.0,454.0,539.0,112.0,200.0,112.0,157.0,225.0,157.0,284.0,278.0,286.0,384.0,393.0,384.0,493.0,406.0,493.0,535.0,454.0,539.0,112.0,200.0,112.0,157.0,225.0,157.0,284.0,278.0,286.0,384.0,393.0,384.0,493.0,406.0,493.0,535.0,454.0,539.0,112.0,200.0,112.0,157.0,225.0,157.0,286.0,278.0,286.0,384.0,393.0,384.0,493.0,406.0,493.0,535.0,454.0,539.0
P10,trial_26_R_unaffected,unaffected,59.0,45.0,59.0,44.0,114.0,109.0,114.0,137.0,220.0,213,223.0,210.0,331.0,332,326.0,332.0,433.0,440.0,433.0,410.0,473.0,484.0,478.0,515.0,59.0,144.0,59.0,108.0,195.0,108.0,226.0,216,225.0,325.0,330,316.0,431.0,362.0,431.0,475.0,396.0,478.0,59.0,144.0,59.0,108.0,196.0,108.0,226.0,216.0,226.0,325.0,327.0,315.0,431.0,363.0,431.0,475.0,396.0,478.0,59.0,144.0,59.0,108.0,196.0,108.0,226.0,216.0,226.0,325.0,327.0,315.0,431.0,363.0,431.0,475.0,396.0,478.0,59.0,144.0,59.0,108.0,196.0,108.0,226.0,216.0,226.0,315.0,327.0,315.0,431.0,363.0,431.0,475.0,396.0,478.0
P10,trial_27_R_unaffected,unaffected,63.0,51.0,63.0,49.0,125.0,114.0,125.0,138.0,212.0,203,218.0,202.0,311.0,321,309.0,319.0,427.0,433.0,427.0,388.0,468.0,485.0,468.0,493.0,61.0,140.0,61.0,104.0,165.0,104.0,213.0,214,230.0,312.0,321,307.0,427.0,329.0,427.0,468.0,383.0,469.0,61.0,140.0,61.0,104.0,187.0,104.0,213.0,217.0,229.0,312.0,317.0,304.0,427.0,330.0,427.0,468.0,383.0,469.0,61.0,140.0,61.0,104.0,187.0,104.0,213.0,217.0,229.0,312.0,317.0,304.0,427.0,330.0,427.0,468.0,383.0,469.0,61.0,140.0,61.0,104.0,187.0,104.0,229.0,217.0,229.0,304.0,317.0,304.0,427.0,330.0,427.0,468.0,383.0,469.0
P10,trial_28_R_unaffected,unaffected,75.0,63.0,75.0,62.0,126.0,122.0,126.0,150.0,232.0,296,232.0,220.0,346.0,345,340.0,343.0,445.0,452.0,445.0,415.0,454.0,473.0,454.0,474.0,74.0,147.0,74.0,115.0,198.0,115.0,233.0,227,242.0,337.0,342,329.0,346.0,378.0,338.0,388.0,423.0,347.0,74.0,147.0,74.0,115.0,207.0,115.0,233.0,228.0,244.0,337.0,339.0,327.0,346.0,377.0,336.0,388.0,423.0,345.0,74.0,147.0,74.0,115.0,207.0,115.0,233.0,228.0,244.0,337.0,340.0,327.0,346.0,377.0,328.0,388.0,423.0,337.0,74.0,147.0,74.0,115.0,207.0,115.0,244.0,228.0,244.0,327.0,339.0,327.0,336.0,377.0,336.0,388.0,423.0,345.0
P10,trial_29_R_unaffected,unaffected,83.0,,83.0,68.0,138.0,,138.0,168.0,254.0,244,260.0,243.0,360.0,368,361.0,367.0,492.0,499.0,492.0,448.0,532.0,557.0,539.0,565.0,82.0,171.0,82.0,128.0,193.0,128.0,249.0,252,263.0,361.0,368,361.0,498.0,386.0,498.0,537.0,432.0,541.0,82.0,171.0,82.0,128.0,192.0,128.0,249.0,252.0,264.0,361.0,366.0,356.0,498.0,383.0,498.0,537.0,432.0,541.0,82.0,171.0,82.0,128.0,192.0,128.0,249.0,252.0,264.0,361.0,366.0,356.0,498.0,383.0,498.0,537.0,432.0,541.0,82.0,171.0,82.0,128.0,192.0,128.0,264.0,252.0,264.0,356.0,366.0,356.0,498.0,383.0,498.0,537.0,432.0,541.0
P10,trial_2_R_unaffected,unaffected,68.0,58.0,68.0,56.0,121.0,114.0,121.0,143.0,215.0,211,216.0,210.0,334.0,344,331.0,341.0,453.0,460.0,453.0,416.0,487.0,501.0,487.0,520.0,69.0,147.0,69.0,113.0,193.0,113.0,219.0,213,222.0,335.0,339,328.0,453.0,360.0,453.0,486.0,403.0,486.0,69.0,147.0,69.0,112.0,195.0,112.0,219.0,213.0,224.0,335.0,337.0,326.0,453.0,362.0,453.0,486.0,403.0,486.0,69.0,147.0,69.0,112.0,195.0,112.0,219.0,212.0,224.0,335.0,337.0,326.0,453.0,362.0,453.0,486.0,403.0,486.0,69.0,147.0,69.0,112.0,195.0,112.0,224.0,213.0,224.0,326.0,337.0,326.0,453.0,362.0,453.0,486.0,403.0,486.0
P10,trial_31_R_unaffected,unaffected,176.0,174.0,176.0,115.0,240.0,236.0,240.0,275.0,356.0,353,366.0,348.0,448.0,457,445.0,457.0,580.0,586.0,580.0,535.0,620.0,634.0,627.0,654.0,176.0,274.0,176.0,241.0,315.0,241.0,349.0,356,375.0,442.0,455,446.0,579.0,464.0,579.0,621.0,532.0,625.0,176.0,274.0,176.0,240.0,339.0,240.0,349.0,355.0,374.0,442.0,454.0,443.0,579.0,463.0,579.0,621.0,532.0,625.0,176.0,274.0,176.0,240.0,340.0,240.0,349.0,356.0,374.0,442.0,445.0,443.0,579.0,,579.0,621.0,532.0,625.0,176.0,274.0,176.0,240.0,339.0,240.0,374.0,355.0,374.0,443.0,454.0,443.0,579.0,463.0,579.0,621.0,532.0,625.0
P10,trial_32_R_unaffected,unaffected,66.0,55.0,66.0,54.0,118.0,121.0,118.0,155.0,226.0,230,237.0,222.0,321.0,333,326.0,332.0,460.0,466.0,460.0,415.0,499.0,509.0,499.0,527.0,64.0,157.0,64.0,129.0,218.0,129.0,226.0,239,252.0,318.0,333,319.0,459.0,343.0,459.0,499.0,395.0,500.0,64.0,157.0,64.0,126.0,218.0,126.0,226.0,238.0,259.0,318.0,331.0,320.0,459.0,343.0,459.0,499.0,395.0,500.0,64.0,157.0,64.0,126.0,218.0,126.0,226.0,238.0,259.0,318.0,331.0,320.0,459.0,343.0,459.0,499.0,395.0,500.0,64.0,157.0,64.0,126.0,218.0,126.0,259.0,238.0,259.0,320.0,331.0,320.0,459.0,343.0,459.0,499.0,395.0,500.0
P10,trial_33_R_unaffected,unaffected,68.0,56.0,68.0,55.0,126.0,119.0,126.0,143.0,215.0,216,230.0,210.0,320.0,331,323.0,330.0,441.0,449.0,441.0,404.0,487.0,502.0,492.0,518.0,66.0,145.0,66.0,108.0,170.0,108.0,210.0,217,231.0,315.0,329,319.0,440.0,337.0,440.0,489.0,400.0,491.0,66.0,145.0,66.0,108.0,170.0,108.0,210.0,218.0,231.0,315.0,317.0,315.0,441.0,,441.0,489.0,400.0,491.0,66.0,145.0,66.0,108.0,170.0,108.0,210.0,218.0,231.0,315.0,317.0,315.0,441.0,,441.0,489.0,400.0,491.0,66.0,145.0,66.0,108.0,170.0,108.0,231.0,218.0,231.0,315.0,317.0,315.0,441.0,,441.0,489.0,400.0,491.0
P10,trial_34_R_unaffected,unaffected,70.0,59.0,70.0,58.0,118.0,113.0,118.0,139.0,205.0,199,206.0,195.0,284.0,292,282.0,294.0,414.0,421.0,414.0,364.0,452.0,468.0,457.0,478.0,69.0,143.0,69.0,126.0,179.0,126.0,200.0,203,218.0,282.0,283,279.0,417.0,,417.0,453.0,354.0,457.0,69.0,143.0,69.0,124.0,180.0,124.0,200.0,203.0,216.0,282.0,291.0,279.0,417.0,301.0,417.0,453.0,354.0,457.0,69.0,143.0,69.0,124.0,180.0,124.0,200.0,203.0,216.0,282.0,290.0,279.0,417.0,301.0,417.0,453.0,354.0,457.0,69.0,143.0,69.0,124.0,180.0,124.0,216.0,203.0,216.0,279.0,291.0,279.0,417.0,301.0,417.0,453.0,354.0,457.0
P10,trial_35_R_unaffected,unaffected,72.0,61.0,72.0,60.0,125.0,121.0,125.0,153.0,224.0,222,234.0,216.0,317.0,329,319.0,327.0,439.0,445.0,439.0,401.0,479.0,491.0,478.0,500.0,69.0,153.0,69.0,118.0,225.0,118.0,238.0,225,244.0,318.0,329,318.0,441.0,345.0,441.0,481.0,394.0,480.0,69.0,153.0,69.0,118.0,224.0,118.0,238.0,224.0,241.0,318.0,327.0,316.0,441.0,342.0,441.0,481.0,394.0,480.0,69.0,153.0,69.0,118.0,224.0,118.0,238.0,224.0,241.0,318.0,328.0,316.0,441.0,342.0,441.0,481.0,394.0,480.0,69.0,153.0,69.0,118.0,224.0,118.0,241.0,224.0,241.0,316.0,327.0,316.0,441.0,342.0,441.0,481.0,394.0,480.0
P10,trial_36_R_unaffected,unaffected,73.0,,73.0,60.0,139.0,,139.0,163.0,235.0,236,246.0,226.0,356.0,354,338.0,357.0,494.0,500.0,494.0,433.0,532.0,546.0,503.0,565.0,72.0,168.0,72.0,119.0,240.0,119.0,242.0,240,247.0,345.0,353,341.0,489.0,369.0,489.0,530.0,424.0,498.0,72.0,168.0,72.0,119.0,242.0,119.0,242.0,242.0,247.0,345.0,351.0,340.0,489.0,382.0,489.0,530.0,437.0,498.0,72.0,168.0,72.0,119.0,242.0,119.0,242.0,242.0,247.0,345.0,351.0,340.0,489.0,382.0,489.0,530.0,437.0,498.0,72.0,168.0,72.0,119.0,242.0,119.0,247.0,242.0,247.0,340.0,351.0,340.0,489.0,382.0,489.0,530.0,437.0,498.0
P10,trial_37_R_unaffected,unaffected,74.0,61.0,74.0,60.0,129.0,118.0,129.0,143.0,215.0,213,222.0,206.0,335.0,336,325.0,337.0,453.0,459.0,453.0,413.0,490.0,500.0,484.0,518.0,71.0,141.0,71.0,109.0,222.0,109.0,206.0,222,228.0,328.0,334,323.0,450.0,343.0,450.0,491.0,396.0,485.0,71.0,141.0,71.0,109.0,221.0,109.0,206.0,221.0,229.0,328.0,332.0,321.0,450.0,360.0,450.0,491.0,396.0,485.0,71.0,141.0,71.0,109.0,221.0,109.0,206.0,221.0,229.0,328.0,332.0,321.0,450.0,360.0,450.0,491.0,396.0,485.0,71.0,141.0,71.0,109.0,221.0,109.0,229.0,221.0,229.0,321.0,332.0,321.0,450.0,360.0,450.0,491.0,396.0,485.0
P10,trial_38_R_unaffected,unaffected,69.0,56.0,69.0,55.0,123.0,115.0,123.0,142.0,212.0,213,224.0,203.0,308.0,306,292.0,310.0,431.0,438.0,431.0,391.0,471.0,485.0,467.0,490.0,69.0,140.0,69.0,129.0,195.0,129.0,222.0,210,222.0,301.0,304,294.0,430.0,313.0,430.0,471.0,371.0,467.0,69.0,140.0,69.0,129.0,193.0,129.0,222.0,210.0,223.0,301.0,303.0,292.0,430.0,321.0,430.0,471.0,371.0,467.0,69.0,140.0,69.0,129.0,193.0,129.0,222.0,210.0,223.0,301.0,303.0,292.0,430.0,321.0,430.0,471.0,371.0,467.0,69.0,140.0,69.0,129.0,193.0,129.0,223.0,210.0,223.0,292.0,303.0,292.0,430.0,321.0,430.0,471.0,371.0,467.0
P10,trial_39_R_unaffected,unaffected,79.0,,79.0,66.0,146.0,,146.0,154.0,236.0,229,242.0,224.0,339.0,347,335.0,347.0,474.0,481.0,474.0,421.0,499.0,518.0,483.0,519.0,79.0,157.0,79.0,124.0,206.0,124.0,235.0,231,243.0,343.0,342,336.0,470.0,358.0,470.0,499.0,408.0,479.0,79.0,157.0,79.0,123.0,207.0,123.0,235.0,231.0,243.0,343.0,340.0,330.0,471.0,366.0,471.0,499.0,408.0,480.0,79.0,157.0,79.0,123.0,208.0,123.0,235.0,231.0,243.0,343.0,339.0,330.0,471.0,364.0,471.0,499.0,408.0,480.0,79.0,157.0,79.0,123.0,207.0,123.0,243.0,231.0,243.0,330.0,340.0,330.0,471.0,366.0,471.0,499.0,408.0,480.0
P10,trial_3_R_unaffected,unaffected,67.0,57.0,67.0,56.0,120.0,112.0,120.0,132.0,208.0,205,211.0,197.0,338.0,342,336.0,342.0,442.0,448.0,442.0,405.0,480.0,489.0,481.0,513.0,67.0,135.0,67.0,111.0,185.0,111.0,216.0,211,217.0,334.0,341,328.0,441.0,369.0,441.0,480.0,400.0,479.0,67.0,135.0,67.0,111.0,190.0,111.0,216.0,212.0,219.0,334.0,338.0,327.0,442.0,369.0,442.0,480.0,400.0,479.0,67.0,135.0,67.0,111.0,190.0,111.0,216.0,212.0,219.0,334.0,338.0,327.0,442.0,369.0,442.0,480.0,400.0,479.0,67.0,135.0,67.0,111.0,190.0,111.0,219.0,212.0,219.0,327.0,338.0,327.0,442.0,369.0,442.0,480.0,400.0,479.0
P10,trial_40_R_unaffected,unaffected,80.0,68.0,80.0,66.0,132.0,126.0,132.0,152.0,237.0,230,243.0,227.0,353.0,357,354.0,353.0,474.0,480.0,474.0,426.0,489.0,509.0,483.0,510.0,78.0,150.0,78.0,117.0,182.0,117.0,234.0,231,245.0,351.0,354,348.0,471.0,358.0,471.0,487.0,418.0,480.0,78.0,150.0,78.0,117.0,182.0,117.0,234.0,232.0,246.0,351.0,351.0,339.0,471.0,358.0,471.0,487.0,418.0,480.0,78.0,150.0,78.0,117.0,224.0,117.0,234.0,232.0,246.0,351.0,328.0,339.0,471.0,,471.0,487.0,418.0,480.0,78.0,150.0,78.0,117.0,182.0,117.0,246.0,232.0,246.0,339.0,351.0,339.0,471.0,358.0,471.0,487.0,418.0,480.0
P10,trial_44_L_affected,affected,87.0,77.0,87.0,78.0,148.0,141.0,148.0,164.0,240.0,232,248.0,225.0,309.0,321,310.0,321.0,442.0,447.0,442.0,391.0,473.0,481.0,481.0,516.0,86.0,163.0,86.0,148.0,245.0,148.0,251.0,245,254.0,310.0,311,308.0,441.0,319.0,441.0,474.0,386.0,477.0,86.0,163.0,86.0,148.0,245.0,148.0,251.0,245.0,253.0,310.0,310.0,306.0,441.0,318.0,441.0,474.0,386.0,477.0,86.0,163.0,86.0,148.0,245.0,148.0,251.0,245.0,253.0,310.0,310.0,306.0,441.0,318.0,441.0,474.0,386.0,477.0,86.0,163.0,86.0,148.0,245.0,148.0,253.0,245.0,253.0,306.0,310.0,306.0,441.0,318.0,441.0,474.0,386.0,477.0
P10,trial_45_L_affected,affected,69.0,60.0,69.0,58.0,117.0,109.0,117.0,126.0,189.0,183,195.0,178.0,260.0,268,261.0,267.0,360.0,364.0,360.0,331.0,390.0,396.0,392.0,420.0,66.0,128.0,66.0,118.0,192.0,118.0,198.0,192,200.0,261.0,257,256.0,357.0,272.0,357.0,390.0,334.0,392.0,66.0,128.0,66.0,120.0,168.0,120.0,198.0,188.0,203.0,261.0,252.0,249.0,358.0,286.0,358.0,390.0,334.0,392.0,66.0,128.0,66.0,120.0,168.0,120.0,198.0,188.0,203.0,261.0,252.0,249.0,358.0,286.0,358.0,390.0,334.0,392.0,66.0,128.0,66.0,120.0,168.0,120.0,203.0,188.0,203.0,249.0,252.0,249.0,358.0,286.0,358.0,390.0,334.0,392.0
P10,trial_46_L_affected,affected,64.0,53.0,64.0,53.0,114.0,107.0,114.0,143.0,204.0,200,210.0,195.0,293.0,298,291.0,297.0,422.0,427.0,422.0,362.0,460.0,470.0,460.0,502.0,62.0,139.0,62.0,111.0,182.0,111.0,210.0,198,208.0,292.0,292,284.0,419.0,311.0,419.0,462.0,360.0,461.0,62.0,139.0,62.0,110.0,176.0,110.0,210.0,198.0,210.0,292.0,289.0,279.0,419.0,314.0,419.0,462.0,360.0,461.0,62.0,139.0,62.0,110.0,176.0,110.0,210.0,198.0,210.0,292.0,289.0,279.0,419.0,314.0,419.0,462.0,360.0,461.0,62.0,139.0,62.0,110.0,176.0,110.0,210.0,198.0,210.0,279.0,289.0,279.0,419.0,314.0,419.0,462.0,360.0,461.0
P10,trial_47_L_affected,affected,74.0,64.0,74.0,63.0,117.0,110.0,117.0,130.0,192.0,186,200.0,179.0,266.0,275,269.0,273.0,387.0,392.0,387.0,349.0,421.0,435.0,426.0,459.0,71.0,133.0,71.0,119.0,169.0,119.0,198.0,187,199.0,270.0,269,262.0,386.0,286.0,386.0,426.0,339.0,429.0,71.0,133.0,71.0,118.0,158.0,118.0,198.0,186.0,201.0,270.0,267.0,258.0,385.0,291.0,385.0,426.0,341.0,429.0,71.0,133.0,71.0,118.0,158.0,118.0,198.0,186.0,201.0,270.0,267.0,258.0,385.0,291.0,385.0,426.0,341.0,429.0,71.0,133.0,71.0,118.0,158.0,118.0,201.0,186.0,201.0,258.0,267.0,258.0,385.0,291.0,385.0,426.0,341.0,429.0
P10,trial_48_L_affected,affected,73.0,63.0,73.0,62.0,122.0,114.0,122.0,129.0,192.0,185,199.0,181.0,268.0,274,268.0,272.0,391.0,397.0,391.0,344.0,426.0,438.0,425.0,471.0,72.0,132.0,72.0,123.0,170.0,123.0,198.0,185,194.0,272.0,270,263.0,389.0,291.0,389.0,427.0,339.0,428.0,72.0,132.0,72.0,123.0,158.0,123.0,198.0,186.0,198.0,272.0,267.0,257.0,389.0,294.0,389.0,427.0,339.0,428.0,72.0,132.0,72.0,123.0,158.0,123.0,198.0,186.0,198.0,272.0,267.0,257.0,389.0,294.0,389.0,427.0,339.0,428.0,72.0,132.0,72.0,123.0,158.0,123.0,198.0,186.0,198.0,257.0,267.0,257.0,389.0,294.0,389.0,427.0,339.0,428.0
P10,trial_49_L_affected,affected,74.0,64.0,74.0,63.0,122.0,115.0,122.0,137.0,197.0,190,205.0,185.0,275.0,281,277.0,278.0,379.0,384.0,379.0,351.0,409.0,418.0,412.0,435.0,72.0,137.0,72.0,125.0,192.0,125.0,198.0,192,199.0,277.0,276,269.0,375.0,293.0,375.0,410.0,346.0,412.0,72.0,137.0,72.0,123.0,162.0,123.0,198.0,189.0,201.0,277.0,273.0,260.0,375.0,299.0,375.0,410.0,346.0,412.0,72.0,137.0,72.0,123.0,162.0,123.0,198.0,189.0,201.0,277.0,273.0,260.0,375.0,299.0,375.0,410.0,346.0,412.0,72.0,137.0,72.0,123.0,162.0,123.0,201.0,189.0,201.0,260.0,273.0,260.0,375.0,299.0,375.0,410.0,346.0,412.0
P10,trial_4_R_unaffected,unaffected,56.0,45.0,56.0,45.0,112.0,103.0,112.0,124.0,189.0,185,194.0,182.0,324.0,333,318.0,333.0,439.0,446.0,439.0,398.0,477.0,489.0,478.0,518.0,56.0,129.0,56.0,114.0,173.0,114.0,192.0,187,201.0,328.0,331,316.0,442.0,358.0,442.0,476.0,388.0,477.0,56.0,129.0,56.0,112.0,172.0,112.0,192.0,189.0,201.0,328.0,328.0,316.0,442.0,359.0,442.0,476.0,388.0,477.0,56.0,129.0,56.0,112.0,173.0,112.0,192.0,189.0,201.0,328.0,328.0,316.0,442.0,358.0,442.0,476.0,388.0,477.0,56.0,129.0,56.0,112.0,172.0,112.0,201.0,189.0,201.0,316.0,328.0,316.0,442.0,359.0,442.0,476.0,388.0,477.0
P10,trial_50_L_affected,affected,73.0,63.0,73.0,63.0,122.0,115.0,122.0,131.0,197.0,186,199.0,183.0,262.0,267,262.0,265.0,382.0,387.0,382.0,343.0,415.0,424.0,416.0,453.0,71.0,134.0,71.0,122.0,169.0,122.0,195.0,185,203.0,263.0,262,254.0,382.0,282.0,382.0,418.0,345.0,418.0,71.0,134.0,71.0,122.0,166.0,122.0,195.0,187.0,202.0,263.0,259.0,247.0,382.0,286.0,382.0,418.0,345.0,418.0,71.0,134.0,71.0,122.0,166.0,122.0,195.0,187.0,202.0,263.0,259.0,247.0,382.0,286.0,382.0,418.0,345.0,418.0,71.0,134.0,71.0,122.0,166.0,122.0,202.0,187.0,202.0,247.0,259.0,247.0,382.0,286.0,382.0,418.0,345.0,418.0
P10,trial_51_L_affected,affected,78.0,69.0,78.0,68.0,126.0,118.0,126.0,135.0,207.0,198,210.0,195.0,289.0,299,293.0,297.0,422.0,427.0,422.0,366.0,457.0,467.0,456.0,496.0,75.0,137.0,75.0,125.0,189.0,125.0,203.0,198,212.0,296.0,294,287.0,419.0,312.0,419.0,459.0,355.0,458.0,75.0,137.0,75.0,125.0,187.0,125.0,203.0,199.0,211.0,296.0,290.0,279.0,419.0,315.0,419.0,459.0,355.0,458.0,75.0,137.0,75.0,125.0,187.0,125.0,203.0,199.0,211.0,296.0,290.0,279.0,419.0,315.0,419.0,459.0,355.0,458.0,75.0,137.0,75.0,125.0,187.0,125.0,211.0,199.0,211.0,279.0,290.0,279.0,419.0,315.0,419.0,459.0,355.0,458.0
P10,trial_52_L_affected,affected,84.0,74.0,84.0,75.0,133.0,125.0,133.0,144.0,215.0,201,210.0,198.0,282.0,286,282.0,285.0,389.0,394.0,389.0,351.0,421.0,430.0,420.0,455.0,82.0,146.0,82.0,133.0,188.0,133.0,208.0,200,210.0,281.0,281,274.0,388.0,298.0,388.0,422.0,358.0,422.0,82.0,145.0,82.0,134.0,162.0,134.0,208.0,200.0,212.0,281.0,278.0,267.0,387.0,303.0,387.0,422.0,358.0,422.0,82.0,145.0,82.0,134.0,162.0,134.0,208.0,200.0,212.0,281.0,278.0,267.0,387.0,303.0,387.0,422.0,358.0,422.0,82.0,145.0,82.0,134.0,162.0,134.0,212.0,200.0,212.0,267.0,278.0,267.0,387.0,303.0,387.0,422.0,358.0,422.0
P10,trial_53_L_affected,affected,71.0,63.0,71.0,62.0,117.0,110.0,117.0,122.0,185.0,171,186.0,170.0,253.0,258,252.0,255.0,369.0,374.0,369.0,335.0,406.0,413.0,405.0,428.0,69.0,,69.0,118.0,,118.0,178.0,243,189.0,248.0,255,237.0,366.0,281.0,366.0,408.0,324.0,407.0,69.0,248.0,69.0,121.0,253.0,121.0,178.0,253.0,191.0,248.0,258.0,238.0,366.0,281.0,366.0,408.0,324.0,407.0,69.0,248.0,69.0,121.0,253.0,121.0,178.0,253.0,191.0,248.0,258.0,238.0,366.0,281.0,366.0,408.0,324.0,407.0,69.0,248.0,69.0,121.0,253.0,121.0,191.0,253.0,191.0,238.0,258.0,238.0,366.0,281.0,366.0,408.0,324.0,407.0
P10,trial_54_L_affected,affected,78.0,67.0,78.0,69.0,127.0,120.0,127.0,135.0,209.0,196,209.0,192.0,276.0,280,274.0,278.0,407.0,413.0,407.0,353.0,443.0,457.0,443.0,486.0,76.0,,76.0,127.0,,127.0,203.0,265,212.0,275.0,277,254.0,405.0,298.0,405.0,444.0,350.0,445.0,76.0,,76.0,127.0,,127.0,203.0,265.0,214.0,275.0,274.0,255.0,405.0,301.0,405.0,444.0,350.0,445.0,76.0,,76.0,127.0,,127.0,203.0,265.0,214.0,275.0,274.0,255.0,405.0,301.0,405.0,444.0,350.0,445.0,76.0,,76.0,127.0,,127.0,214.0,265.0,214.0,255.0,274.0,255.0,405.0,301.0,405.0,444.0,350.0,445.0
P10,trial_55_L_affected,affected,90.0,81.0,90.0,79.0,139.0,131.0,139.0,150.0,217.0,204,217.0,201.0,281.0,290,284.0,288.0,397.0,402.0,397.0,363.0,427.0,437.0,428.0,469.0,88.0,152.0,88.0,142.0,175.0,142.0,210.0,204,215.0,282.0,283,270.0,394.0,310.0,394.0,428.0,351.0,428.0,88.0,150.0,88.0,147.0,165.0,147.0,210.0,205.0,216.0,282.0,280.0,268.0,395.0,312.0,395.0,428.0,351.0,428.0,88.0,150.0,88.0,147.0,165.0,147.0,210.0,205.0,216.0,282.0,280.0,268.0,395.0,312.0,395.0,428.0,351.0,428.0,88.0,150.0,88.0,147.0,165.0,147.0,216.0,205.0,216.0,268.0,280.0,268.0,395.0,312.0,395.0,428.0,351.0,428.0
P10,trial_56_L_affected,affected,87.0,76.0,87.0,77.0,136.0,129.0,136.0,141.0,205.0,194,204.0,193.0,276.0,282,275.0,280.0,385.0,390.0,385.0,358.0,417.0,428.0,417.0,468.0,86.0,,86.0,137.0,,137.0,204.0,272,212.0,277.0,279,257.0,381.0,302.0,381.0,417.0,346.0,417.0,86.0,,86.0,139.0,,139.0,204.0,272.0,212.0,277.0,278.0,260.0,381.0,303.0,381.0,417.0,346.0,417.0,86.0,,86.0,139.0,,139.0,204.0,272.0,212.0,277.0,278.0,260.0,381.0,303.0,381.0,417.0,346.0,417.0,86.0,,86.0,139.0,,139.0,212.0,272.0,212.0,260.0,278.0,260.0,381.0,303.0,381.0,417.0,346.0,417.0
P10,trial_57_L_affected,affected,81.0,70.0,81.0,70.0,131.0,123.0,131.0,138.0,205.0,194,204.0,193.0,287.0,292,286.0,290.0,397.0,403.0,397.0,361.0,431.0,440.0,435.0,489.0,78.0,139.0,78.0,131.0,175.0,131.0,196.0,196,206.0,280.0,284,271.0,394.0,315.0,394.0,436.0,358.0,437.0,78.0,,78.0,132.0,,132.0,196.0,263.0,209.0,280.0,282.0,270.0,394.0,316.0,394.0,436.0,358.0,437.0,78.0,,78.0,132.0,,132.0,196.0,263.0,209.0,280.0,282.0,270.0,394.0,316.0,394.0,436.0,358.0,437.0,78.0,,78.0,132.0,,132.0,209.0,263.0,209.0,270.0,282.0,270.0,394.0,316.0,394.0,436.0,358.0,437.0
P10,trial_58_L_affected,affected,91.0,82.0,91.0,82.0,144.0,135.0,144.0,156.0,225.0,215,226.0,213.0,303.0,307,288.0,305.0,420.0,425.0,420.0,370.0,453.0,464.0,453.0,501.0,87.0,,87.0,146.0,,146.0,223.0,286,224.0,298.0,299,281.0,417.0,326.0,417.0,453.0,365.0,454.0,87.0,,87.0,147.0,,147.0,223.0,285.0,228.0,298.0,298.0,281.0,417.0,330.0,417.0,453.0,366.0,454.0,87.0,,87.0,147.0,,147.0,223.0,285.0,228.0,298.0,298.0,281.0,417.0,330.0,417.0,453.0,366.0,454.0,87.0,,87.0,147.0,,147.0,228.0,285.0,228.0,281.0,298.0,281.0,417.0,330.0,417.0,453.0,366.0,454.0
P10,trial_59_L_affected,affected,71.0,62.0,71.0,60.0,120.0,113.0,120.0,135.0,206.0,195,210.0,192.0,287.0,290,286.0,289.0,415.0,421.0,415.0,354.0,454.0,468.0,454.0,508.0,66.0,137.0,66.0,122.0,181.0,122.0,203.0,196,212.0,287.0,281,259.0,414.0,308.0,414.0,453.0,350.0,455.0,66.0,137.0,66.0,121.0,154.0,121.0,203.0,197.0,209.0,287.0,279.0,261.0,415.0,311.0,415.0,453.0,351.0,455.0,66.0,137.0,66.0,121.0,154.0,121.0,203.0,197.0,209.0,287.0,279.0,261.0,415.0,311.0,415.0,453.0,351.0,455.0,66.0,137.0,66.0,121.0,154.0,121.0,209.0,197.0,209.0,261.0,279.0,261.0,415.0,311.0,415.0,453.0,351.0,455.0
P10,trial_5_R_unaffected,unaffected,66.0,54.0,66.0,52.0,116.0,109.0,116.0,135.0,204.0,199,207.0,199.0,367.0,374,365.0,373.0,463.0,470.0,463.0,439.0,504.0,516.0,509.0,545.0,67.0,139.0,67.0,122.0,164.0,122.0,205.0,202,216.0,369.0,375,367.0,462.0,402.0,462.0,502.0,438.0,504.0,67.0,139.0,67.0,121.0,162.0,121.0,205.0,204.0,215.0,369.0,371.0,359.0,462.0,406.0,462.0,502.0,438.0,504.0,67.0,139.0,67.0,121.0,162.0,121.0,205.0,204.0,215.0,369.0,371.0,359.0,462.0,406.0,462.0,502.0,438.0,504.0,67.0,139.0,67.0,121.0,162.0,121.0,215.0,204.0,215.0,359.0,371.0,359.0,462.0,406.0,462.0,502.0,438.0,504.0
P10,trial_60_L_affected,affected,78.0,67.0,78.0,67.0,129.0,122.0,129.0,143.0,205.0,203,223.0,196.0,265.0,274,263.0,274.0,384.0,389.0,384.0,351.0,414.0,427.0,419.0,462.0,75.0,145.0,75.0,129.0,186.0,129.0,234.0,208,222.0,254.0,268,262.0,381.0,287.0,381.0,415.0,340.0,417.0,75.0,145.0,75.0,129.0,184.0,129.0,234.0,209.0,226.0,254.0,266.0,255.0,381.0,289.0,381.0,415.0,340.0,417.0,75.0,145.0,75.0,129.0,184.0,129.0,234.0,209.0,226.0,254.0,266.0,255.0,381.0,289.0,381.0,415.0,340.0,417.0,75.0,145.0,75.0,129.0,184.0,129.0,226.0,209.0,226.0,255.0,266.0,255.0,381.0,289.0,381.0,415.0,340.0,417.0
P10,trial_61_L_affected,affected,79.0,68.0,79.0,69.0,127.0,120.0,127.0,140.0,204.0,200,209.0,195.0,279.0,288,281.0,286.0,398.0,403.0,398.0,362.0,431.0,441.0,432.0,462.0,74.0,,74.0,127.0,,127.0,203.0,225,216.0,268.0,281,272.0,395.0,286.0,395.0,433.0,356.0,434.0,74.0,,74.0,126.0,,126.0,203.0,225.0,218.0,268.0,279.0,267.0,395.0,283.0,395.0,433.0,356.0,434.0,74.0,,74.0,126.0,,126.0,203.0,225.0,218.0,268.0,279.0,267.0,395.0,283.0,395.0,433.0,356.0,434.0,74.0,,74.0,126.0,,126.0,218.0,225.0,218.0,267.0,279.0,267.0,395.0,283.0,395.0,433.0,356.0,434.0
P10,trial_62_L_affected,affected,74.0,63.0,74.0,62.0,125.0,117.0,125.0,140.0,204.0,199,208.0,195.0,281.0,289,283.0,288.0,401.0,406.0,401.0,360.0,433.0,443.0,433.0,480.0,72.0,142.0,72.0,125.0,190.0,125.0,225.0,201,219.0,277.0,282,272.0,401.0,289.0,401.0,435.0,358.0,434.0,72.0,142.0,72.0,124.0,191.0,124.0,225.0,201.0,215.0,277.0,281.0,269.0,400.0,287.0,400.0,435.0,358.0,434.0,72.0,142.0,72.0,124.0,191.0,124.0,225.0,201.0,215.0,277.0,281.0,269.0,400.0,287.0,400.0,435.0,358.0,434.0,72.0,142.0,72.0,124.0,191.0,124.0,215.0,201.0,215.0,269.0,281.0,269.0,400.0,287.0,400.0,435.0,358.0,434.0
P10,trial_63_L_affected,affected,88.0,77.0,88.0,76.0,136.0,128.0,136.0,149.0,208.0,204,218.0,199.0,273.0,281,275.0,280.0,397.0,403.0,397.0,354.0,428.0,435.0,429.0,471.0,83.0,147.0,83.0,136.0,189.0,136.0,224.0,207,220.0,267.0,275,269.0,396.0,283.0,396.0,429.0,347.0,430.0,83.0,147.0,83.0,137.0,214.0,137.0,224.0,214.0,223.0,267.0,272.0,260.0,396.0,283.0,396.0,429.0,347.0,430.0,83.0,147.0,83.0,137.0,214.0,137.0,224.0,214.0,223.0,267.0,272.0,260.0,396.0,283.0,396.0,429.0,347.0,430.0,83.0,147.0,83.0,137.0,214.0,137.0,223.0,214.0,223.0,260.0,272.0,260.0,396.0,283.0,396.0,429.0,347.0,430.0
P10,trial_64_L_affected,affected,73.0,62.0,73.0,63.0,114.0,110.0,114.0,130.0,186.0,185,196.0,179.0,262.0,275,264.0,272.0,403.0,408.0,403.0,367.0,436.0,446.0,436.0,476.0,69.0,132.0,69.0,120.0,191.0,120.0,204.0,191,200.0,254.0,269,262.0,400.0,275.0,400.0,437.0,340.0,437.0,69.0,132.0,69.0,126.0,193.0,126.0,204.0,193.0,200.0,254.0,268.0,259.0,400.0,274.0,400.0,437.0,340.0,437.0,69.0,132.0,69.0,126.0,193.0,126.0,204.0,193.0,200.0,254.0,268.0,259.0,400.0,274.0,400.0,437.0,340.0,437.0,69.0,132.0,69.0,126.0,193.0,126.0,200.0,193.0,200.0,259.0,268.0,259.0,400.0,274.0,400.0,437.0,340.0,437.0
P10,trial_65_L_affected,affected,79.0,69.0,79.0,68.0,127.0,120.0,127.0,138.0,206.0,202,209.0,196.0,263.0,272,249.0,274.0,385.0,390.0,385.0,339.0,417.0,431.0,416.0,445.0,74.0,139.0,74.0,129.0,201.0,129.0,213.0,201,211.0,266.0,270,262.0,382.0,276.0,382.0,419.0,342.0,418.0,74.0,139.0,74.0,127.0,202.0,127.0,213.0,202.0,215.0,266.0,268.0,257.0,382.0,275.0,382.0,419.0,342.0,418.0,74.0,139.0,74.0,127.0,202.0,127.0,213.0,202.0,215.0,266.0,268.0,257.0,382.0,275.0,382.0,419.0,342.0,418.0,74.0,139.0,74.0,127.0,202.0,127.0,215.0,202.0,215.0,257.0,268.0,257.0,382.0,275.0,382.0,419.0,342.0,418.0
P10,trial_66_L_affected,affected,60.0,48.0,60.0,50.0,115.0,106.0,115.0,123.0,186.0,178,190.0,174.0,246.0,252,242.0,254.0,378.0,383.0,378.0,322.0,410.0,420.0,410.0,446.0,57.0,124.0,57.0,112.0,146.0,112.0,199.0,181,195.0,245.0,250,241.0,374.0,273.0,374.0,412.0,318.0,412.0,57.0,124.0,57.0,112.0,141.0,112.0,199.0,183.0,196.0,245.0,248.0,236.0,374.0,274.0,374.0,412.0,318.0,412.0,57.0,124.0,57.0,112.0,141.0,112.0,199.0,183.0,196.0,245.0,248.0,236.0,374.0,274.0,374.0,412.0,318.0,412.0,57.0,124.0,57.0,112.0,141.0,112.0,196.0,183.0,196.0,236.0,248.0,236.0,374.0,274.0,374.0,412.0,318.0,412.0
P10,trial_67_L_affected,affected,80.0,70.0,80.0,70.0,128.0,119.0,128.0,138.0,196.0,192,206.0,188.0,275.0,281,275.0,280.0,391.0,397.0,391.0,346.0,420.0,430.0,421.0,449.0,76.0,139.0,76.0,127.0,181.0,127.0,200.0,194,206.0,265.0,274,265.0,389.0,294.0,389.0,422.0,342.0,423.0,76.0,139.0,76.0,126.0,179.0,126.0,200.0,194.0,209.0,265.0,272.0,262.0,389.0,296.0,389.0,422.0,342.0,423.0,76.0,139.0,76.0,126.0,179.0,126.0,200.0,194.0,209.0,265.0,272.0,262.0,389.0,296.0,389.0,422.0,342.0,423.0,76.0,139.0,76.0,126.0,179.0,126.0,209.0,194.0,209.0,262.0,272.0,262.0,389.0,296.0,389.0,422.0,342.0,423.0
P10,trial_68_L_affected,affected,74.0,64.0,74.0,64.0,126.0,118.0,126.0,138.0,199.0,191,205.0,187.0,260.0,272,265.0,271.0,383.0,388.0,383.0,338.0,412.0,420.0,412.0,450.0,69.0,138.0,69.0,124.0,202.0,124.0,207.0,202,206.0,259.0,266,261.0,380.0,275.0,380.0,414.0,335.0,414.0,69.0,138.0,69.0,122.0,157.0,122.0,207.0,195.0,209.0,259.0,262.0,253.0,380.0,278.0,380.0,414.0,335.0,414.0,69.0,138.0,69.0,122.0,157.0,122.0,207.0,195.0,209.0,259.0,262.0,253.0,380.0,278.0,380.0,414.0,335.0,414.0,69.0,138.0,69.0,122.0,157.0,122.0,209.0,195.0,209.0,253.0,262.0,253.0,380.0,278.0,380.0,414.0,335.0,414.0
P10,trial_69_L_affected,affected,82.0,74.0,82.0,71.0,134.0,125.0,134.0,142.0,202.0,198,211.0,193.0,271.0,283,276.0,280.0,384.0,389.0,384.0,360.0,410.0,426.0,415.0,431.0,77.0,139.0,77.0,134.0,203.0,134.0,212.0,203,210.0,271.0,276,269.0,380.0,285.0,380.0,410.0,345.0,417.0,77.0,139.0,77.0,134.0,203.0,134.0,212.0,203.0,211.0,271.0,273.0,263.0,380.0,287.0,380.0,410.0,345.0,417.0,77.0,139.0,77.0,134.0,203.0,134.0,212.0,203.0,211.0,271.0,273.0,263.0,380.0,287.0,380.0,410.0,345.0,417.0,77.0,139.0,77.0,134.0,203.0,134.0,211.0,203.0,211.0,263.0,273.0,263.0,380.0,287.0,380.0,410.0,345.0,417.0
P10,trial_6_R_unaffected,unaffected,79.0,,79.0,66.0,149.0,,149.0,161.0,235.0,234,241.0,227.0,349.0,354,345.0,356.0,440.0,446.0,440.0,418.0,476.0,488.0,481.0,517.0,80.0,167.0,80.0,224.0,247.0,224.0,256.0,247,321.0,347.0,351,338.0,438.0,371.0,438.0,477.0,425.0,479.0,80.0,167.0,80.0,225.0,247.0,225.0,256.0,248.0,319.0,347.0,349.0,337.0,438.0,372.0,438.0,477.0,425.0,479.0,80.0,,80.0,89.0,,89.0,256.0,248.0,257.0,347.0,349.0,337.0,438.0,372.0,438.0,477.0,425.0,479.0,80.0,167.0,80.0,225.0,247.0,225.0,257.0,248.0,319.0,337.0,349.0,337.0,438.0,372.0,438.0,477.0,425.0,479.0
P10,trial_70_L_affected,affected,87.0,78.0,87.0,77.0,136.0,129.0,136.0,146.0,205.0,198,212.0,194.0,265.0,275,262.0,274.0,386.0,391.0,386.0,344.0,417.0,426.0,417.0,456.0,82.0,146.0,82.0,137.0,187.0,137.0,215.0,202,213.0,264.0,270,263.0,382.0,281.0,382.0,419.0,337.0,419.0,82.0,146.0,82.0,139.0,207.0,139.0,215.0,207.0,217.0,264.0,266.0,256.0,382.0,287.0,382.0,419.0,337.0,419.0,82.0,146.0,82.0,139.0,207.0,139.0,215.0,207.0,217.0,264.0,266.0,256.0,382.0,287.0,382.0,419.0,337.0,419.0,82.0,146.0,82.0,139.0,207.0,139.0,217.0,207.0,217.0,256.0,266.0,256.0,382.0,287.0,382.0,419.0,337.0,419.0
P10,trial_71_L_affected,affected,67.0,57.0,67.0,55.0,114.0,107.0,114.0,125.0,188.0,180,191.0,176.0,249.0,261,248.0,260.0,368.0,372.0,368.0,319.0,397.0,405.0,396.0,429.0,64.0,126.0,64.0,114.0,167.0,114.0,198.0,184,197.0,249.0,255,239.0,364.0,265.0,364.0,397.0,317.0,396.0,64.0,126.0,64.0,114.0,192.0,114.0,198.0,192.0,199.0,249.0,251.0,239.0,364.0,276.0,364.0,397.0,317.0,396.0,64.0,126.0,64.0,114.0,192.0,114.0,198.0,192.0,199.0,249.0,251.0,239.0,364.0,276.0,364.0,397.0,317.0,396.0,64.0,126.0,64.0,114.0,192.0,114.0,199.0,192.0,199.0,239.0,251.0,239.0,364.0,276.0,364.0,397.0,317.0,396.0
P10,trial_72_L_affected,affected,74.0,65.0,74.0,65.0,127.0,120.0,127.0,135.0,201.0,193,210.0,188.0,257.0,267,259.0,265.0,371.0,376.0,371.0,334.0,402.0,412.0,405.0,438.0,71.0,138.0,71.0,128.0,202.0,128.0,209.0,202,207.0,256.0,260,254.0,368.0,265.0,368.0,403.0,332.0,405.0,71.0,138.0,71.0,136.0,202.0,136.0,209.0,202.0,207.0,256.0,257.0,244.0,368.0,265.0,368.0,403.0,332.0,405.0,71.0,138.0,71.0,136.0,202.0,136.0,209.0,202.0,207.0,256.0,257.0,244.0,368.0,265.0,368.0,403.0,332.0,405.0,71.0,138.0,71.0,136.0,202.0,136.0,207.0,202.0,207.0,244.0,257.0,244.0,368.0,265.0,368.0,403.0,332.0,405.0
P10,trial_73_L_affected,affected,83.0,73.0,83.0,73.0,133.0,125.0,133.0,140.0,206.0,195,205.0,193.0,259.0,272,264.0,268.0,366.0,371.0,366.0,347.0,396.0,403.0,395.0,429.0,81.0,143.0,81.0,136.0,202.0,136.0,206.0,202,206.0,263.0,265,256.0,363.0,276.0,363.0,396.0,336.0,395.0,81.0,143.0,81.0,139.0,199.0,139.0,206.0,199.0,210.0,263.0,262.0,252.0,362.0,279.0,362.0,396.0,336.0,395.0,81.0,143.0,81.0,139.0,199.0,139.0,206.0,199.0,210.0,263.0,262.0,252.0,362.0,279.0,362.0,396.0,336.0,395.0,81.0,143.0,81.0,139.0,199.0,139.0,210.0,199.0,210.0,252.0,262.0,252.0,362.0,279.0,362.0,396.0,336.0,395.0
P10,trial_74_L_affected,affected,75.0,66.0,75.0,64.0,121.0,112.0,121.0,131.0,194.0,184,197.0,183.0,254.0,268,255.0,264.0,366.0,371.0,366.0,344.0,397.0,408.0,399.0,450.0,72.0,133.0,72.0,124.0,191.0,124.0,193.0,191,194.0,257.0,262,244.0,362.0,267.0,362.0,397.0,333.0,399.0,72.0,133.0,72.0,127.0,193.0,127.0,193.0,193.0,198.0,257.0,259.0,242.0,362.0,266.0,362.0,397.0,333.0,399.0,72.0,133.0,72.0,127.0,193.0,127.0,193.0,193.0,198.0,257.0,259.0,242.0,362.0,266.0,362.0,397.0,333.0,399.0,72.0,133.0,72.0,127.0,193.0,127.0,198.0,193.0,198.0,242.0,259.0,242.0,362.0,266.0,362.0,397.0,333.0,399.0
P10,trial_75_L_affected,affected,60.0,50.0,60.0,48.0,101.0,95.0,101.0,118.0,180.0,172,184.0,169.0,246.0,257,246.0,255.0,382.0,387.0,382.0,319.0,413.0,421.0,416.0,455.0,58.0,120.0,58.0,102.0,180.0,102.0,181.0,180,190.0,245.0,250,234.0,381.0,256.0,381.0,414.0,309.0,414.0,58.0,120.0,58.0,102.0,182.0,102.0,181.0,182.0,192.0,245.0,247.0,227.0,380.0,255.0,380.0,414.0,309.0,414.0,58.0,120.0,58.0,102.0,182.0,102.0,181.0,182.0,192.0,245.0,247.0,227.0,380.0,255.0,380.0,414.0,309.0,414.0,58.0,120.0,58.0,102.0,182.0,102.0,192.0,182.0,192.0,227.0,247.0,227.0,380.0,255.0,380.0,414.0,309.0,414.0
P10,trial_76_L_affected,affected,71.0,59.0,71.0,,125.0,116.0,125.0,,195.0,185,196.0,,252.0,266,262.0,,372.0,377.0,372.0,,402.0,411.0,401.0,,66.0,137.0,66.0,126.0,191.0,126.0,194.0,191,195.0,258.0,257,236.0,368.0,270.0,368.0,402.0,326.0,402.0,66.0,137.0,66.0,117.0,191.0,117.0,194.0,191.0,199.0,258.0,256.0,238.0,368.0,290.0,368.0,402.0,335.0,402.0,66.0,137.0,66.0,117.0,191.0,117.0,194.0,191.0,199.0,258.0,256.0,238.0,368.0,290.0,368.0,402.0,335.0,402.0,66.0,137.0,66.0,117.0,191.0,117.0,199.0,191.0,199.0,238.0,256.0,238.0,368.0,290.0,368.0,402.0,335.0,402.0
P10,trial_77_L_affected,affected,70.0,59.0,70.0,58.0,122.0,114.0,122.0,134.0,203.0,192,209.0,187.0,264.0,277,269.0,275.0,367.0,372.0,367.0,346.0,396.0,405.0,397.0,433.0,67.0,137.0,67.0,118.0,196.0,118.0,199.0,196,203.0,271.0,269,254.0,365.0,284.0,365.0,398.0,335.0,398.0,67.0,137.0,67.0,117.0,195.0,117.0,199.0,195.0,207.0,271.0,266.0,254.0,365.0,291.0,365.0,398.0,336.0,398.0,67.0,137.0,67.0,117.0,195.0,117.0,199.0,195.0,207.0,271.0,266.0,254.0,365.0,291.0,365.0,398.0,336.0,398.0,67.0,137.0,67.0,117.0,195.0,117.0,207.0,195.0,207.0,254.0,266.0,254.0,365.0,291.0,365.0,398.0,336.0,398.0
P10,trial_78_L_affected,affected,73.0,60.0,73.0,60.0,124.0,115.0,124.0,135.0,205.0,193,206.0,190.0,269.0,276,270.0,274.0,375.0,380.0,375.0,342.0,411.0,417.0,409.0,465.0,70.0,137.0,70.0,122.0,155.0,122.0,206.0,195,210.0,271.0,270,259.0,372.0,291.0,372.0,410.0,337.0,410.0,70.0,136.0,70.0,120.0,153.0,120.0,206.0,197.0,212.0,271.0,267.0,256.0,372.0,294.0,372.0,410.0,337.0,410.0,70.0,136.0,70.0,120.0,153.0,120.0,206.0,197.0,212.0,271.0,267.0,256.0,372.0,294.0,372.0,410.0,337.0,410.0,70.0,136.0,70.0,120.0,153.0,120.0,212.0,197.0,212.0,256.0,267.0,256.0,372.0,294.0,372.0,410.0,337.0,410.0
P10,trial_79_L_affected,affected,72.0,63.0,72.0,62.0,119.0,111.0,119.0,125.0,190.0,179,189.0,176.0,256.0,258,253.0,258.0,352.0,356.0,352.0,328.0,383.0,394.0,381.0,411.0,70.0,128.0,70.0,120.0,185.0,120.0,191.0,185,190.0,253.0,252,243.0,348.0,281.0,348.0,384.0,321.0,382.0,70.0,128.0,70.0,127.0,185.0,127.0,191.0,185.0,194.0,253.0,249.0,238.0,348.0,285.0,348.0,384.0,321.0,382.0,70.0,128.0,70.0,127.0,185.0,127.0,191.0,185.0,194.0,253.0,249.0,238.0,348.0,285.0,348.0,384.0,321.0,382.0,70.0,128.0,70.0,127.0,185.0,127.0,194.0,185.0,194.0,238.0,249.0,238.0,348.0,285.0,348.0,384.0,321.0,382.0
P10,trial_7_R_unaffected,unaffected,69.0,58.0,69.0,55.0,123.0,113.0,123.0,140.0,211.0,209,217.0,205.0,320.0,327,318.0,328.0,422.0,429.0,422.0,394.0,461.0,476.0,468.0,489.0,68.0,145.0,68.0,135.0,202.0,135.0,225.0,214,226.0,321.0,326,318.0,418.0,355.0,418.0,461.0,385.0,463.0,68.0,145.0,68.0,138.0,211.0,138.0,225.0,216.0,228.0,321.0,323.0,313.0,418.0,354.0,418.0,461.0,385.0,463.0,68.0,145.0,68.0,138.0,211.0,138.0,225.0,216.0,228.0,321.0,323.0,313.0,418.0,354.0,418.0,461.0,385.0,463.0,68.0,145.0,68.0,138.0,211.0,138.0,228.0,216.0,228.0,313.0,323.0,313.0,418.0,354.0,418.0,461.0,385.0,463.0
P10,trial_80_L_affected,affected,69.0,60.0,69.0,59.0,121.0,112.0,121.0,132.0,197.0,190,202.0,186.0,260.0,277,272.0,272.0,376.0,381.0,376.0,344.0,406.0,414.0,409.0,445.0,65.0,131.0,65.0,121.0,185.0,121.0,193.0,188,198.0,266.0,267,252.0,371.0,283.0,371.0,408.0,335.0,410.0,65.0,131.0,65.0,119.0,185.0,119.0,193.0,189.0,201.0,266.0,265.0,252.0,371.0,301.0,371.0,408.0,337.0,410.0,65.0,131.0,65.0,119.0,185.0,119.0,193.0,189.0,201.0,266.0,265.0,252.0,371.0,301.0,371.0,408.0,337.0,410.0,65.0,131.0,65.0,119.0,185.0,119.0,201.0,189.0,201.0,252.0,265.0,252.0,371.0,301.0,371.0,408.0,337.0,410.0
P10,trial_81_L_affected,affected,83.0,71.0,83.0,73.0,136.0,125.0,136.0,145.0,214.0,200,210.0,198.0,264.0,277,270.0,277.0,372.0,377.0,372.0,350.0,401.0,411.0,400.0,423.0,80.0,148.0,80.0,129.0,201.0,129.0,209.0,202,213.0,270.0,272,257.0,370.0,287.0,370.0,402.0,337.0,401.0,80.0,148.0,80.0,127.0,198.0,127.0,209.0,204.0,216.0,270.0,269.0,257.0,370.0,295.0,370.0,402.0,337.0,401.0,80.0,148.0,80.0,127.0,198.0,127.0,209.0,204.0,216.0,270.0,269.0,257.0,370.0,295.0,370.0,402.0,337.0,401.0,80.0,148.0,80.0,127.0,198.0,127.0,216.0,204.0,216.0,257.0,269.0,257.0,370.0,295.0,370.0,402.0,337.0,401.0
P10,trial_82_L_affected,affected,82.0,,82.0,71.0,135.0,,135.0,147.0,211.0,196,209.0,196.0,263.0,279,274.0,278.0,387.0,391.0,387.0,347.0,417.0,428.0,416.0,449.0,79.0,147.0,79.0,132.0,167.0,132.0,208.0,200,211.0,271.0,274,259.0,383.0,302.0,383.0,417.0,339.0,417.0,79.0,147.0,79.0,130.0,164.0,130.0,208.0,202.0,216.0,271.0,270.0,259.0,383.0,304.0,383.0,417.0,339.0,417.0,79.0,147.0,79.0,130.0,164.0,130.0,208.0,202.0,216.0,271.0,270.0,259.0,383.0,304.0,383.0,417.0,339.0,417.0,79.0,147.0,79.0,130.0,164.0,130.0,216.0,202.0,216.0,259.0,270.0,259.0,383.0,304.0,383.0,417.0,339.0,417.0
P10,trial_83_L_affected,affected,78.0,68.0,78.0,68.0,136.0,126.0,136.0,145.0,214.0,200,212.0,198.0,262.0,273,267.0,273.0,378.0,383.0,378.0,340.0,409.0,419.0,409.0,444.0,76.0,148.0,76.0,132.0,204.0,132.0,212.0,204,216.0,268.0,267,250.0,376.0,293.0,376.0,409.0,335.0,409.0,76.0,148.0,76.0,131.0,157.0,131.0,212.0,204.0,219.0,268.0,264.0,251.0,376.0,296.0,376.0,409.0,335.0,409.0,76.0,148.0,76.0,131.0,157.0,131.0,212.0,204.0,219.0,268.0,264.0,251.0,376.0,296.0,376.0,409.0,335.0,409.0,76.0,148.0,76.0,131.0,157.0,131.0,219.0,204.0,219.0,251.0,264.0,251.0,376.0,296.0,376.0,409.0,335.0,409.0
P10,trial_8_R_unaffected,unaffected,74.0,63.0,74.0,61.0,124.0,116.0,124.0,141.0,202.0,202,206.0,195.0,314.0,321,314.0,321.0,419.0,426.0,419.0,391.0,455.0,468.0,458.0,478.0,73.0,62.0,73.0,133.0,121.0,133.0,213.0,126,323.0,315.0,155,324.0,421.0,,421.0,456.0,213.0,458.0,73.0,,,82.0,,,213.0,,,315.0,,,324.0,,,456.0,,,73.0,,,82.0,,,213.0,,,315.0,,,324.0,,,456.0,,,73.0,,,82.0,,,,,,,,,91.0,,,456.0,,
P10,trial_9_R_unaffected,unaffected,83.0,72.0,83.0,71.0,127.0,123.0,127.0,147.0,207.0,210,221.0,202.0,312.0,319,307.0,320.0,406.0,413.0,406.0,391.0,436.0,456.0,440.0,457.0,81.0,151.0,81.0,125.0,190.0,125.0,213.0,208,221.0,313.0,319,309.0,405.0,343.0,405.0,437.0,381.0,440.0,81.0,151.0,81.0,124.0,190.0,124.0,213.0,209.0,221.0,313.0,316.0,306.0,404.0,344.0,404.0,437.0,381.0,440.0,81.0,151.0,81.0,124.0,190.0,124.0,213.0,209.0,221.0,313.0,316.0,306.0,404.0,344.0,404.0,437.0,381.0,440.0,81.0,151.0,81.0,124.0,190.0,124.0,221.0,209.0,221.0,306.0,316.0,306.0,404.0,344.0,404.0,437.0,381.0,440.0
P12,trial_10_L_unaffected,unaffected,55.0,49.0,55.0,47.0,91.0,84.0,91.0,93.0,156.0,147,160.0,146.0,229.0,235,217.0,233.0,296.0,301.0,296.0,284.0,324.0,338.0,327.0,345.0,56.0,225.0,56.0,94.0,269.0,282.0,158.0,269,,227.0,278,,293.0,300.0,293.0,324.0,340.0,328.0,56.0,225.0,56.0,93.0,270.0,283.0,158.0,270.0,,227.0,281.0,,293.0,300.0,293.0,324.0,340.0,328.0,56.0,49.0,56.0,93.0,90.0,93.0,158.0,150.0,163.0,227.0,232.0,224.0,293.0,299.0,293.0,324.0,340.0,328.0,56.0,225.0,56.0,93.0,270.0,283.0,163.0,270.0,,224.0,281.0,,293.0,300.0,293.0,324.0,340.0,328.0
P12,trial_11_L_unaffected,unaffected,54.0,48.0,54.0,46.0,91.0,83.0,91.0,97.0,157.0,146,150.0,147.0,206.0,221,207.0,218.0,299.0,304.0,299.0,283.0,330.0,341.0,333.0,347.0,54.0,211.0,54.0,97.0,258.0,256.0,162.0,258,,211.0,262,,291.0,301.0,291.0,331.0,342.0,334.0,54.0,211.0,54.0,93.0,259.0,273.0,162.0,259.0,,211.0,269.0,,297.0,302.0,297.0,331.0,342.0,334.0,54.0,48.0,54.0,93.0,89.0,93.0,162.0,148.0,161.0,211.0,219.0,208.0,297.0,301.0,297.0,331.0,342.0,334.0,54.0,211.0,54.0,93.0,259.0,273.0,161.0,259.0,,208.0,269.0,,297.0,302.0,297.0,331.0,342.0,334.0
P12,trial_12_L_unaffected,unaffected,59.0,53.0,59.0,53.0,101.0,93.0,101.0,106.0,164.0,160,165.0,157.0,240.0,261,253.0,256.0,329.0,333.0,329.0,309.0,357.0,367.0,360.0,371.0,61.0,250.0,61.0,108.0,296.0,304.0,164.0,296,,248.0,301,,316.0,327.0,316.0,358.0,367.0,360.0,61.0,250.0,61.0,105.0,297.0,307.0,164.0,297.0,,248.0,304.0,,323.0,331.0,323.0,358.0,367.0,360.0,61.0,54.0,61.0,105.0,99.0,105.0,164.0,160.0,182.0,248.0,254.0,239.0,323.0,330.0,323.0,358.0,367.0,360.0,61.0,250.0,61.0,105.0,297.0,307.0,182.0,297.0,,239.0,304.0,,323.0,331.0,323.0,358.0,367.0,360.0
P12,trial_13_L_unaffected,unaffected,54.0,47.0,54.0,46.0,92.0,85.0,92.0,96.0,158.0,150,157.0,149.0,228.0,236,212.0,234.0,309.0,313.0,309.0,302.0,339.0,350.0,340.0,355.0,54.0,224.0,54.0,86.0,278.0,291.0,156.0,278,,224.0,301,,304.0,311.0,304.0,340.0,349.0,341.0,54.0,224.0,54.0,94.0,279.0,291.0,156.0,279.0,,224.0,297.0,,302.0,311.0,302.0,340.0,349.0,341.0,54.0,97.0,54.0,94.0,110.0,94.0,156.0,149.0,158.0,224.0,232.0,219.0,302.0,310.0,302.0,340.0,349.0,341.0,54.0,224.0,54.0,94.0,279.0,291.0,158.0,279.0,,219.0,297.0,,302.0,311.0,302.0,340.0,349.0,341.0
P12,trial_14_L_unaffected,unaffected,54.0,48.0,54.0,47.0,87.0,82.0,87.0,94.0,151.0,144,155.0,143.0,227.0,239,221.0,238.0,316.0,320.0,316.0,303.0,342.0,352.0,345.0,355.0,55.0,231.0,55.0,93.0,275.0,278.0,147.0,275,279.0,231.0,281,280.0,308.0,317.0,308.0,343.0,351.0,344.0,55.0,231.0,55.0,87.0,281.0,298.0,147.0,281.0,,231.0,292.0,,311.0,318.0,311.0,343.0,351.0,344.0,55.0,96.0,55.0,87.0,104.0,87.0,147.0,143.0,151.0,231.0,236.0,222.0,311.0,317.0,311.0,343.0,351.0,344.0,55.0,231.0,55.0,87.0,281.0,298.0,151.0,281.0,,222.0,292.0,,311.0,318.0,311.0,343.0,351.0,344.0
P12,trial_15_L_unaffected,unaffected,57.0,51.0,57.0,49.0,87.0,82.0,87.0,96.0,165.0,152,172.0,152.0,238.0,244,227.0,243.0,314.0,319.0,314.0,306.0,343.0,353.0,345.0,363.0,57.0,234.0,57.0,94.0,282.0,296.0,167.0,282,301.0,232.0,286,305.0,304.0,314.0,306.0,344.0,352.0,345.0,57.0,234.0,57.0,92.0,282.0,294.0,167.0,282.0,,232.0,292.0,,308.0,316.0,308.0,344.0,352.0,345.0,57.0,51.0,57.0,92.0,87.0,92.0,167.0,156.0,171.0,232.0,239.0,229.0,308.0,315.0,308.0,344.0,352.0,345.0,57.0,234.0,57.0,92.0,282.0,294.0,171.0,282.0,,229.0,292.0,,308.0,316.0,308.0,344.0,352.0,345.0
P12,trial_16_L_unaffected,unaffected,52.0,46.0,52.0,44.0,89.0,82.0,89.0,90.0,155.0,148,159.0,148.0,242.0,248,229.0,245.0,312.0,317.0,312.0,305.0,321.0,347.0,341.0,353.0,51.0,237.0,51.0,84.0,282.0,291.0,154.0,282,,239.0,289,,297.0,306.0,297.0,306.0,,341.0,51.0,237.0,51.0,86.0,283.0,293.0,154.0,283.0,,239.0,290.0,,298.0,312.0,298.0,307.0,347.0,341.0,51.0,44.0,51.0,86.0,82.0,86.0,154.0,149.0,160.0,239.0,242.0,235.0,298.0,311.0,298.0,307.0,347.0,341.0,51.0,237.0,51.0,86.0,283.0,293.0,160.0,283.0,,235.0,290.0,,298.0,312.0,298.0,307.0,347.0,341.0
P12,trial_17_L_unaffected,unaffected,57.0,50.0,57.0,50.0,96.0,88.0,96.0,102.0,166.0,161,168.0,158.0,256.0,263,248.0,261.0,328.0,333.0,328.0,318.0,337.0,368.0,359.0,369.0,58.0,253.0,58.0,100.0,298.0,309.0,164.0,298,310.0,255.0,304,332.0,323.0,330.0,333.0,332.0,368.0,360.0,58.0,253.0,58.0,97.0,301.0,313.0,164.0,301.0,,255.0,308.0,,319.0,330.0,319.0,328.0,368.0,360.0,58.0,49.0,58.0,97.0,91.0,97.0,164.0,157.0,168.0,255.0,261.0,252.0,319.0,329.0,319.0,328.0,368.0,360.0,58.0,253.0,58.0,97.0,301.0,313.0,168.0,301.0,,252.0,308.0,,319.0,330.0,319.0,328.0,368.0,360.0
P12,trial_18_L_unaffected,unaffected,57.0,50.0,57.0,49.0,99.0,89.0,99.0,105.0,163.0,157,166.0,159.0,234.0,243,229.0,240.0,312.0,317.0,312.0,301.0,340.0,352.0,344.0,355.0,56.0,47.0,56.0,102.0,93.0,102.0,166.0,272,275.0,236.0,273,280.0,308.0,,308.0,341.0,163.0,344.0,56.0,47.0,56.0,101.0,95.0,101.0,166.0,139.0,117.0,236.0,140.0,274.0,305.0,,305.0,341.0,163.0,344.0,56.0,47.0,56.0,101.0,95.0,101.0,166.0,157.0,169.0,236.0,240.0,234.0,305.0,312.0,305.0,341.0,351.0,344.0,56.0,47.0,56.0,101.0,95.0,101.0,169.0,139.0,117.0,234.0,140.0,274.0,305.0,,305.0,341.0,163.0,344.0
P12,trial_19_L_unaffected,unaffected,50.0,43.0,50.0,41.0,88.0,80.0,88.0,92.0,154.0,150,175.0,149.0,230.0,244,226.0,241.0,311.0,316.0,311.0,296.0,341.0,352.0,340.0,356.0,50.0,235.0,50.0,90.0,279.0,297.0,154.0,279,,237.0,307,,305.0,314.0,305.0,341.0,352.0,341.0,50.0,235.0,50.0,89.0,281.0,296.0,154.0,281.0,,237.0,305.0,,304.0,313.0,304.0,341.0,352.0,341.0,50.0,41.0,50.0,89.0,85.0,89.0,154.0,150.0,170.0,237.0,241.0,226.0,304.0,313.0,304.0,341.0,352.0,341.0,50.0,235.0,50.0,89.0,281.0,296.0,170.0,281.0,,226.0,305.0,,304.0,313.0,304.0,341.0,352.0,341.0
P12,trial_1_L_unaffected,unaffected,85.0,287.0,85.0,75.0,126.0,309.0,126.0,131.0,200.0,309,195.0,191.0,293.0,313,296.0,299.0,378.0,380.0,378.0,368.0,414.0,423.0,419.0,449.0,86.0,296.0,86.0,128.0,359.0,370.0,197.0,359,,294.0,382,,377.0,,377.0,415.0,424.0,419.0,86.0,,,95.0,,,197.0,,,294.0,,,303.0,,,415.0,,,86.0,,,95.0,,,197.0,,,294.0,,,303.0,,,415.0,,,86.0,,,95.0,,,,,,,,,104.0,,,415.0,,
P12,trial_20_L_unaffected,unaffected,52.0,45.0,52.0,45.0,93.0,86.0,93.0,98.0,161.0,153,165.0,154.0,251.0,259,251.0,255.0,336.0,342.0,336.0,327.0,366.0,375.0,367.0,379.0,51.0,246.0,51.0,99.0,309.0,320.0,170.0,309,328.0,248.0,337,332.0,326.0,338.0,333.0,366.0,373.0,367.0,51.0,246.0,51.0,98.0,307.0,320.0,170.0,307.0,,248.0,323.0,,328.0,340.0,328.0,366.0,373.0,367.0,51.0,43.0,51.0,98.0,89.0,98.0,170.0,153.0,174.0,248.0,254.0,245.0,328.0,339.0,328.0,366.0,373.0,367.0,51.0,246.0,51.0,98.0,307.0,320.0,174.0,307.0,,245.0,323.0,,328.0,340.0,328.0,366.0,373.0,367.0
P12,trial_21_L_unaffected,unaffected,48.0,42.0,48.0,40.0,91.0,81.0,91.0,93.0,157.0,148,169.0,147.0,224.0,229,208.0,227.0,314.0,320.0,314.0,294.0,323.0,349.0,323.0,350.0,49.0,217.0,49.0,93.0,278.0,293.0,154.0,278,,220.0,314,,306.0,315.0,306.0,315.0,349.0,315.0,49.0,217.0,49.0,92.0,278.0,293.0,154.0,278.0,,220.0,304.0,,306.0,315.0,306.0,315.0,349.0,315.0,49.0,40.0,49.0,92.0,89.0,92.0,154.0,148.0,157.0,220.0,226.0,215.0,306.0,314.0,306.0,315.0,349.0,315.0,49.0,217.0,49.0,92.0,278.0,293.0,157.0,278.0,,215.0,304.0,,306.0,315.0,306.0,315.0,349.0,315.0
P12,trial_22_L_unaffected,unaffected,49.0,42.0,49.0,41.0,85.0,78.0,85.0,91.0,161.0,156,162.0,149.0,242.0,245,224.0,247.0,326.0,331.0,326.0,314.0,335.0,347.0,335.0,348.0,50.0,237.0,50.0,86.0,281.0,283.0,157.0,281,,237.0,291,,321.0,328.0,321.0,326.0,347.0,330.0,50.0,237.0,50.0,86.0,284.0,288.0,157.0,284.0,,237.0,294.0,,321.0,328.0,321.0,326.0,347.0,330.0,50.0,42.0,50.0,86.0,81.0,86.0,157.0,151.0,160.0,237.0,244.0,235.0,321.0,327.0,321.0,326.0,347.0,330.0,50.0,237.0,50.0,86.0,284.0,288.0,160.0,284.0,,235.0,294.0,,321.0,328.0,321.0,326.0,347.0,330.0
P12,trial_23_L_unaffected,unaffected,59.0,52.0,59.0,51.0,98.0,92.0,98.0,107.0,180.0,171,185.0,171.0,284.0,292,278.0,288.0,365.0,370.0,365.0,337.0,394.0,407.0,397.0,411.0,61.0,280.0,61.0,100.0,336.0,351.0,179.0,336,,283.0,370,,364.0,,364.0,396.0,407.0,398.0,61.0,,,70.0,,,179.0,,,283.0,,,292.0,,,396.0,,,61.0,,,70.0,,,179.0,,,283.0,,,292.0,,,396.0,,,61.0,,,70.0,,,,,,,,,79.0,,,396.0,,
P12,trial_24_L_unaffected,unaffected,65.0,59.0,65.0,58.0,102.0,95.0,102.0,110.0,174.0,167,176.0,169.0,275.0,280,262.0,277.0,345.0,350.0,345.0,337.0,372.0,383.0,377.0,395.0,64.0,268.0,64.0,104.0,300.0,104.0,176.0,301,142.0,275.0,308,147.0,340.0,347.0,150.0,374.0,383.0,380.0,64.0,,,73.0,,,176.0,,,275.0,,,284.0,,,374.0,,,64.0,,,73.0,,,176.0,,,275.0,,,284.0,,,374.0,,,64.0,,,73.0,,,,,,,,,82.0,,,374.0,,
P12,trial_25_L_unaffected,unaffected,57.0,51.0,57.0,47.0,92.0,85.0,92.0,98.0,154.0,161,187.0,147.0,239.0,242,220.0,241.0,314.0,320.0,314.0,301.0,342.0,355.0,346.0,361.0,56.0,232.0,56.0,98.0,274.0,285.0,151.0,274,286.0,231.0,283,295.0,295.0,303.0,296.0,343.0,,346.0,56.0,,,65.0,,,151.0,,,231.0,,,240.0,,,343.0,,,56.0,,,65.0,,,151.0,,,231.0,,,240.0,,,343.0,,,56.0,,,65.0,,,,,,,,,74.0,,,343.0,,
P12,trial_26_L_unaffected,unaffected,56.0,50.0,56.0,49.0,91.0,85.0,91.0,95.0,159.0,157,164.0,152.0,234.0,250,232.0,245.0,320.0,325.0,320.0,315.0,329.0,353.0,329.0,354.0,56.0,234.0,56.0,95.0,293.0,95.0,165.0,293,166.0,237.0,322,223.0,315.0,,315.0,324.0,353.0,324.0,56.0,234.0,56.0,92.0,293.0,306.0,165.0,293.0,,237.0,303.0,,315.0,323.0,,324.0,353.0,324.0,56.0,234.0,56.0,92.0,295.0,92.0,165.0,295.0,165.0,237.0,322.0,229.0,315.0,,315.0,324.0,353.0,324.0,56.0,234.0,56.0,92.0,293.0,306.0,165.0,293.0,,229.0,303.0,,315.0,323.0,,324.0,353.0,324.0
P12,trial_27_L_unaffected,unaffected,61.0,54.0,61.0,53.0,101.0,94.0,101.0,108.0,175.0,171,179.0,168.0,293.0,301,296.0,297.0,377.0,382.0,377.0,366.0,386.0,415.0,386.0,416.0,61.0,285.0,61.0,106.0,338.0,352.0,182.0,338,401.0,294.0,343,402.0,360.0,370.0,403.0,369.0,,412.0,61.0,54.0,61.0,103.0,95.0,103.0,182.0,154.0,122.0,294.0,155.0,333.0,371.0,,371.0,380.0,174.0,380.0,61.0,54.0,61.0,103.0,96.0,103.0,182.0,168.0,183.0,294.0,298.0,292.0,371.0,376.0,371.0,380.0,415.0,380.0,61.0,54.0,61.0,103.0,95.0,103.0,183.0,154.0,122.0,292.0,155.0,333.0,371.0,,371.0,380.0,174.0,380.0
P12,trial_28_L_unaffected,unaffected,57.0,50.0,57.0,49.0,96.0,89.0,96.0,102.0,165.0,163,190.0,161.0,259.0,264,247.0,261.0,332.0,337.0,332.0,317.0,341.0,369.0,361.0,370.0,57.0,254.0,57.0,98.0,303.0,98.0,171.0,303,159.0,257.0,334,240.0,328.0,,328.0,337.0,369.0,337.0,57.0,254.0,57.0,98.0,303.0,311.0,171.0,303.0,,257.0,322.0,,329.0,334.0,,338.0,369.0,338.0,57.0,49.0,57.0,98.0,93.0,98.0,171.0,161.0,184.0,257.0,260.0,255.0,329.0,334.0,329.0,338.0,369.0,338.0,57.0,254.0,57.0,98.0,303.0,311.0,184.0,303.0,,255.0,322.0,,329.0,334.0,,338.0,369.0,338.0
P12,trial_29_L_unaffected,unaffected,64.0,57.0,64.0,57.0,98.0,94.0,98.0,104.0,164.0,157,168.0,157.0,251.0,260,253.0,255.0,328.0,333.0,328.0,332.0,359.0,368.0,360.0,382.0,64.0,245.0,64.0,90.0,289.0,292.0,169.0,290,,249.0,300,,310.0,317.0,310.0,359.0,,360.0,64.0,245.0,64.0,101.0,294.0,304.0,169.0,294.0,,249.0,311.0,,324.0,331.0,324.0,359.0,366.0,360.0,64.0,,64.0,101.0,,101.0,169.0,159.0,170.0,249.0,253.0,250.0,324.0,330.0,324.0,359.0,366.0,360.0,64.0,245.0,64.0,101.0,294.0,304.0,170.0,294.0,,250.0,311.0,,324.0,331.0,324.0,359.0,366.0,360.0
P12,trial_30_L_unaffected,unaffected,49.0,43.0,49.0,44.0,89.0,81.0,89.0,89.0,149.0,142,155.0,142.0,247.0,255,249.0,251.0,325.0,330.0,325.0,312.0,355.0,363.0,356.0,380.0,49.0,233.0,49.0,90.0,292.0,303.0,151.0,292,,249.0,327,,312.0,,,355.0,363.0,357.0,49.0,,,58.0,,,151.0,,,249.0,,,258.0,,,355.0,,,49.0,,,58.0,,,151.0,,,249.0,,,258.0,,,355.0,,,49.0,,,58.0,,,,,,,,,67.0,,,355.0,,
P12,trial_31_L_unaffected,unaffected,49.0,234.0,49.0,43.0,86.0,247.0,86.0,89.0,148.0,247,165.0,138.0,235.0,251,216.0,241.0,307.0,312.0,307.0,300.0,337.0,350.0,337.0,363.0,49.0,235.0,49.0,86.0,288.0,299.0,147.0,295,,236.0,310,,304.0,,304.0,339.0,349.0,340.0,49.0,,,58.0,,,147.0,,,236.0,,,245.0,,,339.0,,,49.0,,,58.0,,,147.0,,,236.0,,,245.0,,,339.0,,,49.0,,,58.0,,,,,,,,,67.0,,,339.0,,
P12,trial_32_L_unaffected,unaffected,67.0,61.0,67.0,60.0,107.0,100.0,107.0,112.0,169.0,166,189.0,161.0,268.0,274,269.0,271.0,339.0,345.0,339.0,323.0,370.0,382.0,372.0,387.0,66.0,258.0,66.0,107.0,303.0,318.0,168.0,303,335.0,267.0,309,345.0,337.0,343.0,346.0,371.0,380.0,374.0,66.0,,,75.0,,,168.0,,,267.0,,,276.0,,,371.0,,,66.0,,,75.0,,,168.0,,,267.0,,,276.0,,,371.0,,,66.0,,,75.0,,,,,,,,,84.0,,,371.0,,
P12,trial_33_L_unaffected,unaffected,53.0,46.0,53.0,45.0,92.0,85.0,92.0,96.0,157.0,158,186.0,147.0,275.0,276,249.0,278.0,343.0,348.0,343.0,330.0,374.0,381.0,375.0,394.0,53.0,266.0,53.0,94.0,313.0,322.0,161.0,313,,274.0,348,,343.0,,,375.0,381.0,376.0,53.0,,,62.0,,,161.0,,,274.0,,,283.0,,,375.0,,,53.0,,,62.0,,,161.0,,,274.0,,,283.0,,,375.0,,,53.0,,,62.0,,,,,,,,,71.0,,,375.0,,
P12,trial_34_L_unaffected,unaffected,65.0,59.0,65.0,58.0,102.0,95.0,102.0,109.0,167.0,162,172.0,162.0,222.0,234,220.0,233.0,304.0,309.0,304.0,292.0,333.0,344.0,338.0,354.0,66.0,,66.0,100.0,,100.0,169.0,184,168.0,228.0,237,232.0,287.0,295.0,287.0,333.0,,337.0,66.0,,,75.0,,,169.0,,,228.0,,,237.0,,,333.0,,,66.0,,,75.0,,,169.0,,,228.0,,,237.0,,,333.0,,,66.0,,,75.0,,,,,,,,,84.0,,,333.0,,
P12,trial_35_L_unaffected,unaffected,50.0,44.0,50.0,42.0,90.0,83.0,90.0,93.0,181.0,167,169.0,168.0,233.0,253,231.0,251.0,335.0,341.0,335.0,313.0,364.0,375.0,369.0,385.0,51.0,,51.0,100.0,,100.0,185.0,157,170.0,236.0,251,227.0,315.0,324.0,315.0,365.0,,370.0,51.0,97.0,51.0,100.0,152.0,100.0,185.0,171.0,186.0,236.0,249.0,234.0,304.0,320.0,304.0,365.0,,370.0,51.0,97.0,51.0,100.0,152.0,100.0,185.0,171.0,186.0,236.0,249.0,234.0,304.0,320.0,304.0,365.0,,370.0,51.0,97.0,51.0,100.0,152.0,100.0,186.0,171.0,186.0,234.0,249.0,234.0,304.0,320.0,304.0,365.0,,370.0
P12,trial_36_L_unaffected,unaffected,57.0,50.0,57.0,49.0,95.0,88.0,95.0,102.0,175.0,168,195.0,164.0,240.0,247,234.0,243.0,326.0,330.0,326.0,315.0,356.0,364.0,355.0,371.0,59.0,238.0,59.0,97.0,290.0,97.0,166.0,290,158.0,239.0,326,221.0,319.0,,319.0,356.0,363.0,356.0,59.0,,,68.0,,,166.0,,,239.0,,,248.0,,,356.0,,,59.0,,,68.0,,,166.0,,,239.0,,,248.0,,,356.0,,,59.0,,,68.0,,,,,,,,,77.0,,,356.0,,
P12,trial_37_L_unaffected,unaffected,50.0,43.0,50.0,43.0,89.0,81.0,89.0,95.0,155.0,146,161.0,150.0,234.0,243,236.0,237.0,311.0,316.0,311.0,297.0,339.0,351.0,345.0,356.0,51.0,97.0,51.0,83.0,152.0,83.0,155.0,152,151.0,229.0,240,218.0,303.0,310.0,303.0,339.0,347.0,341.0,51.0,,,60.0,,,155.0,,,229.0,,,238.0,,,339.0,,,51.0,,,60.0,,,155.0,,,229.0,,,238.0,,,339.0,,,51.0,,,60.0,,,,,,,,,69.0,,,339.0,,
P12,trial_38_L_unaffected,unaffected,59.0,52.0,59.0,52.0,100.0,92.0,100.0,105.0,165.0,158,173.0,158.0,244.0,251,245.0,247.0,327.0,333.0,327.0,303.0,360.0,373.0,360.0,390.0,59.0,241.0,59.0,100.0,290.0,304.0,172.0,290,,242.0,331,,322.0,,,360.0,371.0,361.0,59.0,241.0,59.0,100.0,290.0,303.0,172.0,290.0,,242.0,301.0,,321.0,330.0,321.0,360.0,371.0,361.0,59.0,51.0,59.0,100.0,97.0,100.0,172.0,160.0,175.0,242.0,247.0,238.0,321.0,329.0,321.0,360.0,371.0,361.0,59.0,241.0,59.0,100.0,290.0,303.0,175.0,290.0,,238.0,301.0,,321.0,330.0,321.0,360.0,371.0,361.0
P12,trial_39_L_unaffected,unaffected,52.0,45.0,52.0,45.0,89.0,82.0,89.0,95.0,150.0,159,149.0,147.0,235.0,243,222.0,240.0,244.0,337.0,231.0,302.0,283.0,338.0,240.0,338.0,54.0,234.0,54.0,94.0,276.0,281.0,159.0,276,,228.0,283,,237.0,338.0,,283.0,,109.0,54.0,,,63.0,,,159.0,,,228.0,,,237.0,,,283.0,,,54.0,,,63.0,,,159.0,,,228.0,,,237.0,,,283.0,,,54.0,,,63.0,,,,,,,,,72.0,,,83.0,,
P12,trial_3_L_unaffected,unaffected,64.0,57.0,64.0,,111.0,101.0,111.0,,174.0,164,168.0,,263.0,270,263.0,,341.0,344.0,341.0,,377.0,387.0,380.0,,63.0,56.0,63.0,114.0,101.0,114.0,171.0,301,303.0,251.0,302,347.0,328.0,,348.0,378.0,165.0,379.0,63.0,56.0,63.0,111.0,100.0,111.0,171.0,153.0,158.0,251.0,154.0,171.0,328.0,,328.0,378.0,165.0,379.0,63.0,56.0,63.0,111.0,101.0,111.0,171.0,165.0,172.0,251.0,263.0,252.0,328.0,338.0,328.0,378.0,388.0,379.0,63.0,56.0,63.0,111.0,100.0,111.0,172.0,153.0,158.0,252.0,154.0,171.0,328.0,,328.0,378.0,165.0,379.0
P12,trial_40_L_unaffected,unaffected,59.0,53.0,59.0,51.0,97.0,88.0,97.0,93.0,164.0,153,167.0,156.0,217.0,236,229.0,231.0,306.0,311.0,306.0,290.0,337.0,345.0,337.0,351.0,58.0,226.0,58.0,96.0,275.0,283.0,162.0,275,,215.0,310,,303.0,,303.0,337.0,346.0,337.0,58.0,,,67.0,,,162.0,,,215.0,,,224.0,,,337.0,,,58.0,,,67.0,,,162.0,,,215.0,,,224.0,,,337.0,,,58.0,,,67.0,,,,,,,,,76.0,,,337.0,,
P12,trial_41_R_affected,affected,61.0,54.0,61.0,53.0,112.0,105.0,112.0,115.0,181.0,172,182.0,172.0,250.0,268,258.0,266.0,339.0,344.0,339.0,332.0,369.0,377.0,377.0,382.0,64.0,117.0,64.0,120.0,156.0,120.0,180.0,174,184.0,259.0,266,250.0,333.0,283.0,333.0,368.0,318.0,370.0,64.0,117.0,64.0,117.0,156.0,117.0,180.0,176.0,188.0,259.0,262.0,249.0,334.0,295.0,334.0,368.0,318.0,370.0,64.0,117.0,64.0,117.0,156.0,117.0,180.0,176.0,188.0,259.0,262.0,249.0,334.0,295.0,334.0,368.0,318.0,370.0,64.0,117.0,64.0,117.0,156.0,117.0,188.0,176.0,188.0,249.0,262.0,249.0,334.0,295.0,334.0,368.0,318.0,370.0
P12,trial_42_R_affected,affected,128.0,120.0,128.0,119.0,168.0,159.0,168.0,167.0,242.0,230,237.0,231.0,305.0,326,317.0,322.0,387.0,393.0,387.0,377.0,424.0,432.0,430.0,453.0,129.0,173.0,129.0,168.0,211.0,168.0,238.0,235,242.0,314.0,320,304.0,384.0,337.0,384.0,421.0,369.0,421.0,129.0,173.0,129.0,172.0,210.0,172.0,238.0,237.0,246.0,314.0,317.0,304.0,383.0,351.0,383.0,421.0,373.0,421.0,129.0,173.0,129.0,138.0,211.0,138.0,238.0,237.0,246.0,314.0,317.0,304.0,383.0,340.0,383.0,421.0,369.0,421.0,129.0,173.0,129.0,172.0,210.0,172.0,246.0,237.0,246.0,304.0,317.0,304.0,383.0,351.0,383.0,421.0,373.0,421.0
P12,trial_43_R_affected,affected,92.0,85.0,92.0,82.0,127.0,120.0,127.0,125.0,207.0,193,207.0,197.0,278.0,290,283.0,287.0,360.0,365.0,360.0,344.0,394.0,400.0,395.0,420.0,94.0,134.0,94.0,127.0,149.0,127.0,203.0,199,217.0,275.0,286,270.0,354.0,324.0,354.0,388.0,337.0,389.0,94.0,134.0,94.0,129.0,149.0,129.0,203.0,201.0,214.0,275.0,283.0,269.0,354.0,330.0,354.0,388.0,337.0,389.0,94.0,134.0,94.0,129.0,149.0,129.0,203.0,201.0,214.0,275.0,283.0,269.0,354.0,330.0,354.0,388.0,337.0,389.0,94.0,134.0,94.0,129.0,149.0,129.0,214.0,201.0,214.0,269.0,283.0,269.0,354.0,330.0,354.0,388.0,337.0,389.0
P12,trial_44_R_affected,affected,100.0,94.0,100.0,89.0,135.0,128.0,135.0,139.0,202.0,191,201.0,192.0,275.0,288,281.0,284.0,361.0,365.0,361.0,346.0,396.0,406.0,396.0,430.0,102.0,142.0,102.0,137.0,152.0,137.0,201.0,196,205.0,268.0,284,268.0,358.0,327.0,358.0,393.0,337.0,393.0,102.0,142.0,102.0,139.0,153.0,139.0,201.0,198.0,212.0,268.0,281.0,267.0,358.0,327.0,358.0,393.0,337.0,393.0,102.0,142.0,102.0,139.0,153.0,139.0,201.0,198.0,212.0,268.0,281.0,267.0,358.0,327.0,358.0,393.0,337.0,393.0,102.0,142.0,102.0,139.0,153.0,139.0,212.0,198.0,212.0,267.0,281.0,267.0,358.0,327.0,358.0,393.0,337.0,393.0
P12,trial_45_R_affected,affected,84.0,78.0,84.0,74.0,121.0,114.0,121.0,126.0,188.0,177,187.0,179.0,264.0,279,272.0,275.0,362.0,367.0,362.0,354.0,397.0,405.0,398.0,426.0,87.0,,87.0,132.0,,132.0,185.0,182,193.0,269.0,276,261.0,359.0,311.0,359.0,394.0,331.0,394.0,87.0,129.0,87.0,131.0,138.0,131.0,185.0,185.0,197.0,269.0,272.0,259.0,357.0,312.0,357.0,394.0,331.0,394.0,87.0,129.0,87.0,131.0,138.0,131.0,185.0,185.0,197.0,269.0,272.0,259.0,357.0,312.0,357.0,394.0,331.0,394.0,87.0,129.0,87.0,131.0,138.0,131.0,197.0,185.0,197.0,259.0,272.0,259.0,357.0,312.0,357.0,394.0,331.0,394.0
P12,trial_46_R_affected,affected,60.0,53.0,60.0,51.0,97.0,89.0,97.0,102.0,170.0,155,164.0,157.0,254.0,265,256.0,262.0,340.0,344.0,340.0,324.0,370.0,377.0,371.0,405.0,62.0,103.0,62.0,100.0,129.0,100.0,172.0,160,170.0,255.0,261,254.0,334.0,298.0,334.0,369.0,316.0,369.0,62.0,103.0,62.0,103.0,133.0,103.0,172.0,161.0,173.0,255.0,259.0,246.0,333.0,300.0,333.0,369.0,316.0,369.0,62.0,103.0,62.0,103.0,133.0,103.0,172.0,161.0,173.0,255.0,259.0,246.0,333.0,300.0,333.0,369.0,316.0,369.0,62.0,103.0,62.0,103.0,133.0,103.0,173.0,161.0,173.0,246.0,259.0,246.0,333.0,300.0,333.0,369.0,316.0,369.0
P12,trial_47_R_affected,affected,84.0,76.0,84.0,74.0,132.0,122.0,132.0,132.0,204.0,192,208.0,191.0,287.0,297,291.0,294.0,364.0,368.0,364.0,352.0,395.0,403.0,399.0,429.0,87.0,137.0,87.0,140.0,164.0,140.0,199.0,194,205.0,287.0,292,285.0,358.0,327.0,358.0,394.0,343.0,396.0,87.0,137.0,87.0,141.0,156.0,141.0,199.0,196.0,208.0,287.0,288.0,276.0,358.0,332.0,358.0,394.0,343.0,396.0,87.0,137.0,87.0,141.0,156.0,141.0,199.0,196.0,208.0,287.0,288.0,276.0,358.0,332.0,358.0,394.0,343.0,396.0,87.0,137.0,87.0,141.0,156.0,141.0,208.0,196.0,208.0,276.0,288.0,276.0,358.0,332.0,358.0,394.0,343.0,396.0
P12,trial_48_R_affected,affected,81.0,74.0,81.0,71.0,123.0,112.0,123.0,130.0,208.0,204,205.0,199.0,292.0,305,298.0,302.0,380.0,385.0,380.0,370.0,413.0,421.0,414.0,434.0,82.0,134.0,82.0,125.0,167.0,125.0,203.0,201,210.0,295.0,302,290.0,373.0,336.0,373.0,411.0,353.0,411.0,82.0,134.0,82.0,127.0,167.0,127.0,203.0,203.0,213.0,295.0,298.0,286.0,373.0,338.0,373.0,411.0,353.0,411.0,82.0,134.0,82.0,127.0,167.0,127.0,203.0,203.0,213.0,295.0,298.0,286.0,373.0,338.0,373.0,411.0,353.0,411.0,82.0,134.0,82.0,127.0,167.0,127.0,213.0,203.0,213.0,286.0,298.0,286.0,373.0,338.0,373.0,411.0,353.0,411.0
P12,trial_49_R_affected,affected,59.0,51.0,59.0,48.0,94.0,89.0,94.0,102.0,186.0,171,184.0,171.0,268.0,282,276.0,277.0,368.0,374.0,368.0,347.0,404.0,414.0,405.0,440.0,61.0,103.0,61.0,99.0,124.0,99.0,189.0,178,192.0,267.0,276,256.0,357.0,317.0,357.0,401.0,339.0,401.0,61.0,103.0,61.0,100.0,122.0,100.0,189.0,179.0,196.0,267.0,273.0,259.0,359.0,319.0,359.0,401.0,339.0,401.0,61.0,103.0,61.0,100.0,122.0,100.0,189.0,179.0,196.0,267.0,273.0,259.0,359.0,319.0,359.0,401.0,339.0,401.0,61.0,103.0,61.0,100.0,122.0,100.0,196.0,179.0,196.0,259.0,273.0,259.0,359.0,319.0,359.0,401.0,339.0,401.0
P12,trial_4_L_unaffected,unaffected,55.0,48.0,55.0,47.0,94.0,86.0,94.0,100.0,165.0,158,172.0,156.0,238.0,245,227.0,243.0,320.0,326.0,320.0,310.0,354.0,363.0,354.0,368.0,55.0,236.0,55.0,93.0,288.0,300.0,163.0,288,,224.0,294,,313.0,324.0,313.0,354.0,361.0,354.0,55.0,236.0,55.0,95.0,288.0,301.0,163.0,288.0,,224.0,295.0,,313.0,323.0,313.0,354.0,361.0,354.0,55.0,48.0,55.0,94.0,87.0,94.0,163.0,158.0,166.0,224.0,240.0,224.0,313.0,322.0,313.0,354.0,361.0,354.0,55.0,236.0,55.0,95.0,288.0,301.0,166.0,288.0,,224.0,295.0,,313.0,323.0,313.0,354.0,361.0,354.0
P12,trial_50_R_affected,affected,73.0,65.0,73.0,61.0,117.0,108.0,117.0,121.0,209.0,198,207.0,197.0,305.0,318,311.0,314.0,388.0,393.0,388.0,377.0,420.0,428.0,424.0,454.0,72.0,124.0,72.0,128.0,145.0,128.0,205.0,202,211.0,306.0,313,303.0,381.0,357.0,381.0,419.0,359.0,427.0,72.0,124.0,72.0,121.0,147.0,121.0,205.0,205.0,218.0,306.0,310.0,297.0,381.0,353.0,381.0,419.0,359.0,427.0,72.0,124.0,72.0,81.0,173.0,81.0,205.0,206.0,218.0,306.0,310.0,297.0,381.0,353.0,381.0,419.0,359.0,427.0,72.0,124.0,72.0,121.0,147.0,121.0,218.0,205.0,218.0,297.0,310.0,297.0,381.0,353.0,381.0,419.0,359.0,427.0
P12,trial_51_R_affected,affected,85.0,75.0,85.0,72.0,126.0,120.0,126.0,134.0,221.0,211,230.0,212.0,335.0,354,347.0,349.0,419.0,423.0,419.0,408.0,452.0,460.0,451.0,471.0,86.0,135.0,86.0,129.0,171.0,129.0,217.0,215,225.0,334.0,350,334.0,414.0,382.0,414.0,450.0,399.0,450.0,86.0,135.0,86.0,131.0,182.0,131.0,217.0,217.0,224.0,334.0,345.0,333.0,413.0,385.0,413.0,450.0,399.0,450.0,86.0,135.0,86.0,131.0,182.0,131.0,217.0,217.0,224.0,334.0,345.0,333.0,413.0,385.0,413.0,450.0,399.0,450.0,86.0,135.0,86.0,131.0,182.0,131.0,224.0,217.0,224.0,333.0,345.0,333.0,413.0,385.0,413.0,450.0,399.0,450.0
P12,trial_52_R_affected,affected,49.0,42.0,49.0,38.0,94.0,84.0,94.0,95.0,184.0,176,184.0,168.0,293.0,304,297.0,301.0,375.0,378.0,375.0,365.0,407.0,416.0,409.0,434.0,48.0,102.0,48.0,107.0,119.0,107.0,173.0,174,184.0,290.0,299,290.0,357.0,336.0,357.0,402.0,350.0,405.0,48.0,102.0,48.0,122.0,117.0,122.0,173.0,173.0,181.0,290.0,296.0,285.0,362.0,338.0,362.0,402.0,350.0,405.0,48.0,102.0,48.0,122.0,117.0,122.0,173.0,173.0,181.0,290.0,296.0,285.0,362.0,338.0,362.0,402.0,350.0,405.0,48.0,102.0,48.0,122.0,117.0,122.0,181.0,173.0,181.0,285.0,296.0,285.0,362.0,338.0,362.0,402.0,350.0,405.0
P12,trial_53_R_affected,affected,84.0,76.0,84.0,74.0,125.0,118.0,125.0,130.0,199.0,185,198.0,189.0,303.0,322,317.0,315.0,409.0,414.0,409.0,391.0,442.0,447.0,443.0,474.0,84.0,130.0,84.0,137.0,145.0,137.0,195.0,189,199.0,301.0,316,301.0,401.0,388.0,401.0,439.0,,439.0,84.0,130.0,84.0,150.0,143.0,150.0,195.0,191.0,202.0,301.0,313.0,299.0,400.0,356.0,400.0,439.0,375.0,439.0,84.0,130.0,84.0,150.0,143.0,150.0,195.0,191.0,202.0,301.0,313.0,299.0,400.0,356.0,400.0,439.0,375.0,439.0,84.0,130.0,84.0,150.0,143.0,150.0,202.0,191.0,202.0,299.0,313.0,299.0,400.0,356.0,400.0,439.0,375.0,439.0
P12,trial_54_R_affected,affected,60.0,54.0,60.0,51.0,102.0,93.0,102.0,110.0,204.0,188,200.0,185.0,269.0,280,272.0,277.0,358.0,365.0,358.0,339.0,390.0,397.0,394.0,419.0,61.0,119.0,61.0,106.0,136.0,106.0,204.0,190,209.0,271.0,275,262.0,354.0,310.0,354.0,387.0,325.0,389.0,61.0,119.0,61.0,105.0,136.0,105.0,204.0,193.0,210.0,271.0,272.0,259.0,354.0,313.0,354.0,387.0,325.0,389.0,61.0,119.0,61.0,105.0,136.0,105.0,204.0,193.0,210.0,271.0,272.0,259.0,354.0,313.0,354.0,387.0,325.0,389.0,61.0,119.0,61.0,105.0,136.0,105.0,210.0,193.0,210.0,259.0,272.0,259.0,354.0,313.0,354.0,387.0,325.0,389.0
P12,trial_56_R_affected,affected,74.0,67.0,74.0,64.0,113.0,104.0,113.0,122.0,210.0,196,204.0,197.0,323.0,334,329.0,329.0,397.0,401.0,397.0,386.0,426.0,432.0,430.0,456.0,76.0,127.0,76.0,117.0,144.0,117.0,206.0,197,208.0,321.0,330,322.0,392.0,360.0,392.0,424.0,377.0,424.0,76.0,127.0,76.0,120.0,141.0,120.0,206.0,199.0,209.0,321.0,327.0,315.0,392.0,364.0,392.0,424.0,377.0,424.0,76.0,127.0,76.0,120.0,141.0,120.0,206.0,199.0,209.0,321.0,327.0,315.0,392.0,364.0,392.0,424.0,377.0,424.0,76.0,127.0,76.0,120.0,141.0,120.0,209.0,199.0,209.0,315.0,327.0,315.0,392.0,364.0,392.0,424.0,377.0,424.0
P12,trial_57_R_affected,affected,68.0,61.0,68.0,58.0,104.0,95.0,104.0,113.0,201.0,180,195.0,184.0,285.0,304,297.0,299.0,363.0,367.0,363.0,359.0,392.0,396.0,392.0,420.0,67.0,117.0,67.0,105.0,141.0,105.0,188.0,185,210.0,291.0,299,293.0,361.0,331.0,361.0,390.0,353.0,392.0,67.0,117.0,67.0,107.0,155.0,107.0,188.0,185.0,204.0,291.0,296.0,285.0,360.0,333.0,360.0,390.0,353.0,392.0,67.0,117.0,67.0,107.0,155.0,107.0,188.0,185.0,204.0,291.0,296.0,285.0,360.0,333.0,360.0,390.0,353.0,392.0,67.0,117.0,67.0,107.0,155.0,107.0,204.0,185.0,204.0,285.0,296.0,285.0,360.0,333.0,360.0,390.0,353.0,392.0
P12,trial_58_R_affected,affected,57.0,49.0,57.0,46.0,92.0,85.0,92.0,96.0,176.0,165,175.0,164.0,258.0,269,263.0,264.0,334.0,339.0,334.0,318.0,367.0,374.0,368.0,398.0,57.0,106.0,57.0,95.0,143.0,95.0,174.0,167,186.0,257.0,265,258.0,329.0,296.0,329.0,362.0,309.0,363.0,57.0,106.0,57.0,96.0,141.0,96.0,174.0,168.0,184.0,257.0,262.0,252.0,329.0,300.0,329.0,362.0,309.0,363.0,57.0,106.0,57.0,96.0,141.0,96.0,174.0,168.0,184.0,257.0,262.0,252.0,329.0,300.0,329.0,362.0,309.0,363.0,57.0,106.0,57.0,96.0,141.0,96.0,184.0,168.0,184.0,252.0,262.0,252.0,329.0,300.0,329.0,362.0,309.0,363.0
P12,trial_59_R_affected,affected,77.0,71.0,77.0,66.0,113.0,106.0,113.0,119.0,184.0,173,185.0,172.0,297.0,308,303.0,302.0,372.0,378.0,372.0,363.0,405.0,413.0,409.0,427.0,78.0,120.0,78.0,117.0,134.0,117.0,186.0,176,189.0,296.0,302,297.0,369.0,368.0,369.0,402.0,,405.0,78.0,120.0,78.0,118.0,133.0,118.0,186.0,178.0,192.0,296.0,299.0,285.0,369.0,341.0,369.0,402.0,356.0,405.0,78.0,120.0,78.0,118.0,133.0,118.0,186.0,178.0,192.0,296.0,299.0,285.0,369.0,341.0,369.0,402.0,356.0,405.0,78.0,120.0,78.0,118.0,133.0,118.0,192.0,178.0,192.0,285.0,299.0,285.0,369.0,341.0,369.0,402.0,356.0,405.0
P12,trial_5_L_unaffected,unaffected,58.0,52.0,58.0,51.0,91.0,85.0,91.0,98.0,160.0,145,160.0,151.0,224.0,231,225.0,228.0,306.0,311.0,306.0,294.0,339.0,347.0,338.0,354.0,58.0,51.0,58.0,104.0,92.0,104.0,164.0,161,165.0,221.0,162,216.0,301.0,,301.0,341.0,157.0,340.0,58.0,,,67.0,,,164.0,,,221.0,,,230.0,,,341.0,,,58.0,,,67.0,,,164.0,,,221.0,,,230.0,,,341.0,,,58.0,,,67.0,,,,,,,,,76.0,,,341.0,,
P12,trial_60_R_affected,affected,94.0,84.0,94.0,,129.0,122.0,129.0,,194.0,186,195.0,,311.0,319,314.0,,389.0,393.0,389.0,,417.0,425.0,416.0,,95.0,138.0,95.0,139.0,170.0,139.0,191.0,188,196.0,308.0,315,309.0,384.0,330.0,384.0,414.0,359.0,415.0,95.0,138.0,95.0,137.0,168.0,137.0,191.0,192.0,211.0,308.0,311.0,302.0,383.0,345.0,383.0,414.0,359.0,415.0,95.0,138.0,95.0,137.0,168.0,137.0,191.0,192.0,211.0,308.0,311.0,302.0,383.0,344.0,383.0,414.0,359.0,415.0,95.0,138.0,95.0,137.0,168.0,137.0,211.0,192.0,211.0,302.0,311.0,302.0,383.0,345.0,383.0,414.0,359.0,415.0
P12,trial_61_R_affected,affected,61.0,51.0,61.0,49.0,105.0,98.0,105.0,110.0,186.0,174,180.0,173.0,310.0,322,315.0,318.0,390.0,395.0,390.0,380.0,423.0,432.0,431.0,452.0,58.0,113.0,58.0,109.0,149.0,109.0,181.0,178,198.0,297.0,316,309.0,387.0,340.0,387.0,421.0,365.0,424.0,58.0,113.0,58.0,137.0,148.0,137.0,181.0,180.0,197.0,297.0,314.0,305.0,387.0,350.0,387.0,421.0,369.0,424.0,58.0,113.0,58.0,137.0,148.0,137.0,181.0,180.0,197.0,297.0,314.0,305.0,387.0,350.0,387.0,421.0,369.0,424.0,58.0,113.0,58.0,137.0,148.0,137.0,197.0,180.0,197.0,305.0,314.0,305.0,387.0,350.0,387.0,421.0,369.0,424.0
P12,trial_62_R_affected,affected,85.0,317.0,85.0,73.0,130.0,336.0,130.0,136.0,219.0,336,225.0,205.0,319.0,340,329.0,333.0,396.0,401.0,396.0,386.0,426.0,438.0,431.0,452.0,83.0,138.0,83.0,140.0,180.0,140.0,218.0,209,226.0,319.0,332,325.0,391.0,391.0,391.0,426.0,439.0,424.0,83.0,138.0,83.0,141.0,182.0,141.0,218.0,211.0,226.0,319.0,328.0,316.0,390.0,369.0,390.0,426.0,382.0,424.0,83.0,138.0,83.0,141.0,182.0,141.0,218.0,211.0,226.0,319.0,328.0,316.0,390.0,369.0,390.0,426.0,382.0,424.0,83.0,138.0,83.0,141.0,182.0,141.0,226.0,211.0,226.0,316.0,328.0,316.0,390.0,369.0,390.0,426.0,382.0,424.0
P12,trial_63_R_affected,affected,90.0,82.0,90.0,80.0,132.0,124.0,132.0,141.0,213.0,203,211.0,201.0,346.0,354,348.0,353.0,420.0,425.0,420.0,409.0,449.0,459.0,453.0,472.0,85.0,142.0,85.0,134.0,170.0,134.0,217.0,205,230.0,340.0,351,345.0,416.0,380.0,416.0,447.0,400.0,449.0,85.0,142.0,85.0,137.0,180.0,137.0,217.0,207.0,227.0,340.0,347.0,333.0,416.0,385.0,416.0,447.0,400.0,449.0,85.0,142.0,85.0,137.0,180.0,137.0,217.0,207.0,227.0,340.0,347.0,333.0,416.0,385.0,416.0,447.0,400.0,449.0,85.0,142.0,85.0,137.0,180.0,137.0,227.0,207.0,227.0,333.0,347.0,333.0,416.0,385.0,416.0,447.0,400.0,449.0
P12,trial_64_R_affected,affected,64.0,57.0,64.0,52.0,104.0,96.0,104.0,109.0,175.0,168,179.0,164.0,313.0,323,317.0,319.0,381.0,386.0,381.0,373.0,413.0,420.0,390.0,428.0,62.0,112.0,62.0,115.0,133.0,115.0,180.0,170,187.0,307.0,318,311.0,376.0,352.0,376.0,412.0,370.0,412.0,62.0,112.0,62.0,110.0,128.0,110.0,180.0,173.0,188.0,307.0,315.0,306.0,377.0,355.0,377.0,412.0,370.0,412.0,62.0,112.0,62.0,470.0,128.0,470.0,,173.0,,,315.0,,,355.0,377.0,470.0,370.0,412.0,62.0,112.0,62.0,110.0,128.0,110.0,188.0,173.0,188.0,306.0,315.0,306.0,377.0,355.0,377.0,412.0,370.0,412.0
P12,trial_65_R_affected,affected,70.0,63.0,70.0,62.0,107.0,100.0,107.0,121.0,189.0,180,186.0,173.0,257.0,265,257.0,265.0,336.0,341.0,336.0,319.0,365.0,373.0,367.0,392.0,69.0,124.0,69.0,119.0,161.0,119.0,188.0,180,190.0,258.0,262,244.0,335.0,279.0,335.0,364.0,311.0,362.0,69.0,124.0,69.0,122.0,159.0,122.0,188.0,181.0,194.0,258.0,259.0,246.0,335.0,297.0,335.0,364.0,311.0,362.0,69.0,124.0,69.0,78.0,159.0,78.0,188.0,182.0,194.0,258.0,259.0,246.0,335.0,297.0,335.0,364.0,311.0,362.0,69.0,124.0,69.0,122.0,159.0,122.0,194.0,181.0,194.0,246.0,259.0,246.0,335.0,297.0,335.0,364.0,311.0,362.0
P12,trial_66_R_affected,affected,75.0,65.0,75.0,62.0,117.0,108.0,117.0,121.0,190.0,181,192.0,179.0,257.0,266,258.0,263.0,346.0,353.0,346.0,334.0,424.0,446.0,435.0,447.0,71.0,125.0,71.0,121.0,141.0,121.0,190.0,182,192.0,256.0,262,252.0,341.0,345.0,341.0,425.0,446.0,437.0,71.0,125.0,71.0,125.0,138.0,125.0,190.0,185.0,196.0,256.0,258.0,245.0,341.0,302.0,341.0,425.0,318.0,437.0,71.0,125.0,71.0,125.0,138.0,125.0,190.0,185.0,196.0,256.0,258.0,245.0,341.0,302.0,341.0,425.0,318.0,437.0,71.0,125.0,71.0,125.0,138.0,125.0,196.0,185.0,196.0,245.0,258.0,245.0,341.0,302.0,341.0,425.0,318.0,437.0
P12,trial_67_R_affected,affected,97.0,90.0,97.0,84.0,133.0,125.0,133.0,137.0,210.0,194,204.0,191.0,281.0,292,284.0,290.0,367.0,371.0,367.0,359.0,399.0,411.0,397.0,434.0,99.0,139.0,99.0,139.0,156.0,139.0,203.0,196,223.0,281.0,288,276.0,360.0,328.0,360.0,395.0,354.0,394.0,99.0,139.0,99.0,137.0,155.0,137.0,203.0,199.0,217.0,281.0,286.0,273.0,356.0,309.0,356.0,395.0,354.0,394.0,99.0,139.0,99.0,137.0,155.0,137.0,203.0,199.0,217.0,281.0,286.0,273.0,290.0,309.0,282.0,395.0,354.0,394.0,99.0,139.0,99.0,137.0,155.0,137.0,217.0,199.0,217.0,273.0,286.0,273.0,356.0,309.0,356.0,395.0,354.0,394.0
P12,trial_68_R_affected,affected,95.0,87.0,95.0,80.0,138.0,130.0,138.0,142.0,211.0,201,212.0,202.0,301.0,311,303.0,308.0,394.0,400.0,394.0,384.0,430.0,437.0,430.0,468.0,90.0,145.0,90.0,139.0,183.0,139.0,208.0,204,212.0,298.0,306,285.0,392.0,326.0,392.0,426.0,375.0,424.0,90.0,145.0,90.0,142.0,184.0,142.0,208.0,206.0,217.0,298.0,305.0,288.0,391.0,324.0,391.0,426.0,375.0,424.0,90.0,145.0,90.0,99.0,184.0,99.0,208.0,206.0,217.0,298.0,305.0,288.0,391.0,323.0,391.0,426.0,375.0,424.0,90.0,145.0,90.0,142.0,184.0,142.0,217.0,206.0,217.0,288.0,305.0,288.0,391.0,324.0,391.0,426.0,375.0,424.0
P12,trial_69_R_affected,affected,69.0,61.0,69.0,59.0,109.0,101.0,109.0,114.0,177.0,172,179.0,169.0,277.0,291,283.0,288.0,369.0,375.0,369.0,357.0,401.0,409.0,407.0,420.0,70.0,115.0,70.0,117.0,150.0,117.0,175.0,174,179.0,278.0,287,271.0,364.0,332.0,364.0,398.0,347.0,402.0,70.0,115.0,70.0,114.0,150.0,114.0,175.0,176.0,185.0,278.0,284.0,270.0,365.0,332.0,365.0,398.0,347.0,402.0,70.0,115.0,70.0,114.0,150.0,114.0,175.0,176.0,185.0,278.0,284.0,270.0,365.0,332.0,365.0,398.0,347.0,402.0,70.0,115.0,70.0,114.0,150.0,114.0,185.0,176.0,185.0,270.0,284.0,270.0,365.0,332.0,365.0,398.0,347.0,402.0
P12,trial_6_L_unaffected,unaffected,69.0,62.0,69.0,57.0,105.0,99.0,105.0,115.0,169.0,161,181.0,162.0,265.0,272,263.0,269.0,335.0,340.0,335.0,322.0,365.0,376.0,366.0,403.0,66.0,57.0,66.0,109.0,98.0,109.0,167.0,148,154.0,265.0,149,276.0,334.0,,334.0,366.0,163.0,368.0,66.0,,,75.0,,,167.0,,,265.0,,,274.0,,,366.0,,,66.0,,,75.0,,,167.0,,,265.0,,,274.0,,,366.0,,,66.0,,,75.0,,,,,,,,,84.0,,,366.0,,
P12,trial_70_R_affected,affected,86.0,78.0,86.0,75.0,125.0,117.0,125.0,130.0,202.0,195,205.0,192.0,277.0,294,286.0,291.0,379.0,385.0,379.0,371.0,409.0,417.0,413.0,425.0,87.0,133.0,87.0,135.0,169.0,135.0,201.0,195,203.0,279.0,291,275.0,376.0,337.0,376.0,408.0,363.0,409.0,87.0,133.0,87.0,133.0,171.0,133.0,201.0,198.0,210.0,279.0,288.0,274.0,375.0,337.0,375.0,408.0,363.0,409.0,87.0,133.0,87.0,133.0,171.0,133.0,201.0,198.0,210.0,279.0,288.0,274.0,375.0,337.0,375.0,408.0,363.0,409.0,87.0,133.0,87.0,133.0,171.0,133.0,210.0,198.0,210.0,274.0,288.0,274.0,375.0,337.0,375.0,408.0,363.0,409.0
P12,trial_71_R_affected,affected,57.0,50.0,57.0,46.0,98.0,89.0,98.0,105.0,189.0,194,161.0,181.0,263.0,276,260.0,275.0,359.0,363.0,359.0,349.0,387.0,394.0,388.0,409.0,58.0,110.0,58.0,99.0,155.0,99.0,186.0,186,213.0,267.0,275,259.0,352.0,312.0,352.0,386.0,337.0,386.0,58.0,110.0,58.0,100.0,154.0,100.0,186.0,188.0,198.0,267.0,272.0,259.0,350.0,312.0,350.0,386.0,337.0,386.0,58.0,110.0,58.0,67.0,154.0,67.0,186.0,189.0,198.0,267.0,271.0,259.0,350.0,312.0,350.0,386.0,337.0,386.0,58.0,110.0,58.0,100.0,154.0,100.0,198.0,188.0,198.0,259.0,272.0,259.0,350.0,312.0,350.0,386.0,337.0,386.0
P12,trial_72_R_affected,affected,61.0,53.0,61.0,50.0,100.0,92.0,100.0,105.0,176.0,167,177.0,166.0,251.0,272,265.0,267.0,357.0,362.0,357.0,346.0,389.0,396.0,390.0,421.0,61.0,,61.0,108.0,,108.0,174.0,170,181.0,247.0,268,248.0,353.0,315.0,353.0,388.0,336.0,388.0,61.0,,61.0,106.0,,106.0,174.0,172.0,189.0,247.0,264.0,249.0,349.0,318.0,349.0,388.0,336.0,388.0,61.0,,61.0,106.0,,106.0,174.0,173.0,189.0,247.0,264.0,249.0,349.0,316.0,349.0,388.0,336.0,388.0,61.0,,61.0,106.0,,106.0,189.0,172.0,189.0,249.0,264.0,249.0,349.0,318.0,349.0,388.0,336.0,388.0
P12,trial_73_R_affected,affected,76.0,69.0,76.0,65.0,113.0,105.0,113.0,119.0,181.0,175,183.0,172.0,285.0,296,290.0,293.0,381.0,386.0,381.0,372.0,412.0,421.0,416.0,435.0,78.0,,78.0,126.0,,126.0,182.0,179,187.0,282.0,293,279.0,380.0,346.0,380.0,412.0,365.0,415.0,78.0,122.0,78.0,119.0,127.0,119.0,182.0,180.0,190.0,282.0,290.0,278.0,380.0,351.0,380.0,412.0,365.0,415.0,78.0,122.0,78.0,119.0,139.0,119.0,182.0,180.0,190.0,282.0,290.0,278.0,291.0,310.0,279.0,412.0,365.0,415.0,78.0,122.0,78.0,119.0,127.0,119.0,190.0,180.0,190.0,278.0,290.0,278.0,380.0,351.0,380.0,412.0,365.0,415.0
P12,trial_74_R_affected,affected,69.0,62.0,69.0,59.0,115.0,106.0,115.0,118.0,189.0,182,189.0,176.0,280.0,293,286.0,290.0,357.0,363.0,357.0,350.0,391.0,399.0,394.0,419.0,70.0,121.0,70.0,115.0,154.0,115.0,186.0,181,189.0,279.0,288,271.0,355.0,325.0,355.0,388.0,338.0,390.0,70.0,121.0,70.0,118.0,153.0,118.0,186.0,183.0,192.0,279.0,285.0,272.0,354.0,326.0,354.0,388.0,338.0,390.0,70.0,121.0,70.0,79.0,154.0,79.0,186.0,183.0,192.0,279.0,285.0,272.0,354.0,326.0,354.0,388.0,338.0,390.0,70.0,121.0,70.0,118.0,153.0,118.0,192.0,183.0,192.0,272.0,285.0,272.0,354.0,326.0,354.0,388.0,338.0,390.0
P12,trial_75_R_affected,affected,52.0,44.0,52.0,41.0,91.0,83.0,91.0,97.0,157.0,148,155.0,147.0,240.0,258,242.0,255.0,339.0,344.0,339.0,334.0,372.0,380.0,373.0,403.0,54.0,98.0,54.0,94.0,99.0,94.0,162.0,150,157.0,244.0,255,241.0,336.0,303.0,336.0,367.0,315.0,368.0,54.0,,54.0,98.0,,98.0,162.0,155.0,166.0,244.0,252.0,239.0,336.0,305.0,336.0,367.0,315.0,368.0,54.0,98.0,54.0,417.0,99.0,417.0,,155.0,,,253.0,,,305.0,392.0,417.0,315.0,401.0,54.0,,54.0,98.0,,98.0,166.0,155.0,166.0,239.0,252.0,239.0,336.0,305.0,336.0,367.0,315.0,368.0
P12,trial_76_R_affected,affected,0.0,0.0,0.0,,27.0,21.0,27.0,,119.0,112,119.0,,196.0,207,199.0,,281.0,287.0,281.0,,314.0,324.0,285.0,,0.0,35.0,0.0,35.0,65.0,35.0,122.0,117,126.0,199.0,205,194.0,274.0,244.0,274.0,314.0,261.0,289.0,0.0,35.0,0.0,33.0,80.0,33.0,122.0,121.0,137.0,199.0,202.0,190.0,276.0,245.0,276.0,314.0,261.0,289.0,0.0,35.0,0.0,338.0,80.0,338.0,,121.0,,,202.0,,,245.0,276.0,338.0,261.0,289.0,0.0,35.0,0.0,33.0,80.0,33.0,137.0,121.0,137.0,190.0,202.0,190.0,276.0,245.0,276.0,314.0,261.0,289.0
P12,trial_77_R_affected,affected,88.0,80.0,88.0,78.0,126.0,118.0,126.0,128.0,208.0,197,208.0,197.0,284.0,309,301.0,305.0,386.0,392.0,386.0,377.0,417.0,426.0,395.0,444.0,92.0,130.0,92.0,129.0,175.0,129.0,214.0,201,208.0,290.0,306,287.0,380.0,374.0,380.0,418.0,,420.0,92.0,130.0,92.0,128.0,177.0,128.0,214.0,203.0,218.0,290.0,303.0,290.0,377.0,350.0,377.0,418.0,365.0,420.0,92.0,130.0,92.0,128.0,178.0,128.0,214.0,203.0,218.0,290.0,303.0,290.0,377.0,350.0,377.0,418.0,365.0,420.0,92.0,130.0,92.0,128.0,177.0,128.0,218.0,203.0,218.0,290.0,303.0,290.0,377.0,350.0,377.0,418.0,365.0,420.0
P12,trial_78_R_affected,affected,86.0,80.0,86.0,61.0,131.0,127.0,131.0,135.0,208.0,202,211.0,196.0,312.0,325,316.0,321.0,406.0,413.0,406.0,398.0,442.0,454.0,445.0,467.0,83.0,139.0,83.0,141.0,141.0,141.0,203.0,203,209.0,309.0,320,308.0,385.0,385.0,385.0,441.0,,440.0,83.0,139.0,83.0,141.0,149.0,141.0,203.0,205.0,212.0,309.0,318.0,304.0,403.0,374.0,403.0,441.0,381.0,440.0,83.0,139.0,83.0,141.0,150.0,141.0,203.0,205.0,212.0,309.0,318.0,304.0,318.0,467.0,305.0,441.0,,440.0,83.0,139.0,83.0,141.0,149.0,141.0,212.0,205.0,212.0,304.0,318.0,304.0,403.0,374.0,403.0,441.0,381.0,440.0
P12,trial_79_R_affected,affected,74.0,66.0,74.0,,115.0,107.0,115.0,,190.0,183,195.0,,280.0,293,285.0,,363.0,369.0,363.0,,396.0,406.0,403.0,,73.0,123.0,73.0,114.0,163.0,114.0,195.0,185,192.0,279.0,288,272.0,360.0,308.0,360.0,395.0,343.0,395.0,73.0,123.0,73.0,117.0,161.0,117.0,195.0,187.0,197.0,279.0,286.0,273.0,360.0,327.0,360.0,395.0,344.0,395.0,73.0,123.0,73.0,82.0,161.0,82.0,195.0,188.0,197.0,279.0,286.0,273.0,360.0,327.0,360.0,395.0,344.0,395.0,73.0,123.0,73.0,117.0,161.0,117.0,197.0,187.0,197.0,273.0,286.0,273.0,360.0,327.0,360.0,395.0,344.0,395.0
P12,trial_7_L_unaffected,unaffected,64.0,57.0,64.0,56.0,101.0,95.0,101.0,105.0,160.0,151,161.0,151.0,238.0,246,229.0,244.0,319.0,324.0,319.0,310.0,350.0,360.0,349.0,373.0,63.0,239.0,63.0,100.0,284.0,294.0,162.0,284,,240.0,288,,318.0,324.0,318.0,351.0,359.0,351.0,63.0,239.0,63.0,108.0,286.0,295.0,162.0,286.0,,240.0,291.0,,318.0,323.0,318.0,351.0,359.0,351.0,63.0,239.0,63.0,108.0,286.0,108.0,162.0,286.0,164.0,240.0,306.0,229.0,318.0,323.0,318.0,351.0,359.0,351.0,63.0,239.0,63.0,108.0,286.0,295.0,164.0,286.0,,229.0,291.0,,318.0,323.0,318.0,351.0,359.0,351.0
P12,trial_80_R_affected,affected,71.0,63.0,71.0,59.0,110.0,102.0,110.0,115.0,199.0,194,208.0,194.0,322.0,338,326.0,336.0,436.0,442.0,436.0,417.0,469.0,477.0,484.0,507.0,71.0,120.0,71.0,118.0,160.0,118.0,198.0,197,206.0,321.0,333,322.0,429.0,363.0,429.0,468.0,399.0,469.0,71.0,120.0,71.0,116.0,167.0,116.0,198.0,199.0,211.0,321.0,332.0,319.0,430.0,381.0,430.0,468.0,399.0,469.0,71.0,120.0,71.0,116.0,167.0,116.0,198.0,199.0,211.0,321.0,332.0,319.0,430.0,381.0,430.0,468.0,399.0,469.0,71.0,120.0,71.0,116.0,167.0,116.0,211.0,199.0,211.0,319.0,332.0,319.0,430.0,381.0,430.0,468.0,399.0,469.0
P12,trial_81_R_affected,affected,91.0,82.0,91.0,80.0,140.0,131.0,140.0,144.0,218.0,210,217.0,207.0,318.0,335,327.0,333.0,417.0,424.0,417.0,404.0,450.0,463.0,426.0,470.0,90.0,147.0,90.0,153.0,149.0,153.0,221.0,211,220.0,310.0,332,312.0,417.0,381.0,417.0,450.0,394.0,451.0,90.0,147.0,90.0,154.0,150.0,154.0,221.0,212.0,224.0,310.0,331.0,317.0,417.0,387.0,417.0,450.0,394.0,451.0,90.0,147.0,90.0,99.0,150.0,99.0,221.0,212.0,224.0,310.0,331.0,317.0,417.0,387.0,417.0,450.0,394.0,451.0,90.0,147.0,90.0,154.0,150.0,154.0,224.0,212.0,224.0,317.0,331.0,317.0,417.0,387.0,417.0,450.0,394.0,451.0
P12,trial_82_R_affected,affected,89.0,82.0,89.0,75.0,129.0,121.0,129.0,144.0,205.0,204,213.0,199.0,312.0,328,312.0,327.0,401.0,407.0,401.0,392.0,443.0,453.0,468.0,483.0,91.0,147.0,91.0,136.0,181.0,136.0,224.0,204,227.0,315.0,326,314.0,397.0,344.0,397.0,442.0,381.0,443.0,91.0,147.0,91.0,154.0,182.0,154.0,224.0,206.0,223.0,315.0,323.0,312.0,398.0,365.0,398.0,442.0,384.0,443.0,91.0,147.0,91.0,154.0,182.0,154.0,224.0,206.0,223.0,315.0,323.0,312.0,398.0,365.0,398.0,442.0,384.0,443.0,91.0,147.0,91.0,154.0,182.0,154.0,223.0,206.0,223.0,312.0,323.0,312.0,398.0,365.0,398.0,442.0,384.0,443.0
P12,trial_8_L_unaffected,unaffected,59.0,53.0,59.0,53.0,95.0,89.0,95.0,98.0,154.0,155,166.0,154.0,250.0,260,240.0,257.0,327.0,331.0,327.0,323.0,358.0,366.0,358.0,378.0,58.0,245.0,58.0,97.0,301.0,313.0,160.0,301,,241.0,307,,322.0,330.0,322.0,357.0,366.0,359.0,58.0,245.0,58.0,97.0,302.0,314.0,160.0,302.0,,241.0,311.0,,323.0,330.0,323.0,357.0,366.0,359.0,58.0,51.0,58.0,97.0,93.0,97.0,160.0,153.0,158.0,241.0,256.0,241.0,323.0,329.0,323.0,357.0,366.0,359.0,58.0,245.0,58.0,97.0,302.0,314.0,158.0,302.0,,241.0,311.0,,323.0,330.0,323.0,357.0,366.0,359.0
P12,trial_9_L_unaffected,unaffected,60.0,54.0,60.0,53.0,99.0,91.0,99.0,103.0,159.0,155,166.0,153.0,246.0,253,236.0,250.0,313.0,318.0,313.0,305.0,322.0,352.0,322.0,353.0,59.0,244.0,59.0,101.0,291.0,304.0,164.0,291,,248.0,316,,310.0,,310.0,319.0,352.0,319.0,59.0,,,68.0,,,164.0,,,248.0,,,257.0,,,266.0,,,59.0,,,68.0,,,164.0,,,248.0,,,257.0,,,266.0,,,59.0,,,68.0,,,,,,,,,77.0,,,86.0,,
P13,trial_10_L_unaffected,unaffected,38.0,28.0,38.0,26.0,86.0,76.0,86.0,100.0,176.0,163,173.0,160.0,259.0,164,258.0,249.0,351.0,,351.0,317.0,385.0,171.0,383.0,399.0,37.0,100.0,37.0,80.0,172.0,80.0,174.0,172,175.0,249.0,253,239.0,349.0,263.0,349.0,386.0,321.0,387.0,37.0,,37.0,78.0,,78.0,174.0,313.0,325.0,249.0,314.0,337.0,364.0,,364.0,386.0,171.0,387.0,37.0,,37.0,78.0,,78.0,174.0,167.0,174.0,249.0,254.0,246.0,258.0,437.0,255.0,386.0,,387.0,37.0,,37.0,78.0,,78.0,174.0,313.0,325.0,246.0,314.0,337.0,364.0,,364.0,386.0,171.0,387.0
P13,trial_11_L_unaffected,unaffected,27.0,17.0,27.0,15.0,70.0,61.0,70.0,76.0,141.0,130,143.0,128.0,220.0,131,221.0,215.0,305.0,,305.0,274.0,336.0,137.0,341.0,356.0,25.0,,25.0,74.0,,74.0,158.0,141,162.0,209.0,217,202.0,304.0,234.0,304.0,346.0,283.0,357.0,25.0,,,34.0,,,158.0,,,209.0,,,218.0,,,346.0,,,25.0,,,34.0,,,158.0,,,209.0,,,218.0,,,346.0,,,25.0,,,34.0,,,,,,,,,43.0,,,346.0,,
P13,trial_12_L_unaffected,unaffected,31.0,21.0,31.0,,74.0,66.0,74.0,,151.0,136,147.0,,218.0,221,216.0,,314.0,318.0,314.0,,341.0,349.0,345.0,,29.0,78.0,29.0,74.0,94.0,74.0,152.0,141,165.0,218.0,142,197.0,314.0,,314.0,342.0,148.0,350.0,29.0,,,38.0,,,152.0,,,218.0,,,227.0,,,342.0,,,29.0,,,38.0,,,152.0,,,218.0,,,227.0,,,342.0,,,29.0,,,38.0,,,,,,,,,47.0,,,342.0,,
P13,trial_13_L_unaffected,unaffected,30.0,21.0,30.0,15.0,74.0,65.0,74.0,78.0,140.0,129,143.0,127.0,223.0,226,221.0,215.0,325.0,329.0,325.0,274.0,356.0,368.0,354.0,371.0,28.0,77.0,28.0,70.0,85.0,70.0,135.0,138,161.0,220.0,139,198.0,324.0,,324.0,359.0,138.0,359.0,28.0,,,37.0,,,135.0,,,220.0,,,229.0,,,359.0,,,28.0,,,37.0,,,135.0,,,220.0,,,229.0,,,359.0,,,28.0,,,37.0,,,,,,,,,46.0,,,359.0,,
P13,trial_14_L_unaffected,unaffected,31.0,20.0,31.0,17.0,74.0,66.0,74.0,77.0,143.0,133,141.0,130.0,228.0,235,229.0,222.0,314.0,319.0,314.0,281.0,341.0,352.0,344.0,351.0,27.0,73.0,27.0,89.0,83.0,89.0,141.0,135,156.0,220.0,136,215.0,315.0,,315.0,340.0,139.0,353.0,27.0,,,36.0,,,141.0,,,220.0,,,229.0,,,340.0,,,27.0,,,36.0,,,141.0,,,220.0,,,229.0,,,340.0,,,27.0,,,36.0,,,,,,,,,45.0,,,340.0,,
P13,trial_15_L_unaffected,unaffected,33.0,,33.0,20.0,82.0,,82.0,87.0,158.0,188,156.0,144.0,240.0,246,240.0,232.0,322.0,327.0,322.0,288.0,352.0,360.0,353.0,364.0,33.0,92.0,33.0,98.0,141.0,98.0,154.0,146,155.0,238.0,238,219.0,322.0,245.0,322.0,351.0,291.0,355.0,33.0,,,42.0,,,154.0,,,238.0,,,247.0,,,351.0,,,33.0,,,42.0,,,154.0,,,238.0,,,247.0,,,351.0,,,33.0,,,42.0,,,,,,,,,51.0,,,351.0,,
P13,trial_16_L_unaffected,unaffected,27.0,19.0,27.0,18.0,67.0,59.0,67.0,77.0,142.0,133,148.0,128.0,221.0,134,219.0,212.0,309.0,,309.0,271.0,341.0,139.0,344.0,371.0,27.0,77.0,27.0,66.0,93.0,66.0,144.0,135,159.0,223.0,136,203.0,311.0,,311.0,342.0,141.0,347.0,27.0,,,36.0,,,144.0,,,223.0,,,232.0,,,342.0,,,27.0,,,36.0,,,144.0,,,223.0,,,232.0,,,342.0,,,27.0,,,36.0,,,,,,,,,45.0,,,342.0,,
P13,trial_17_L_unaffected,unaffected,32.0,21.0,32.0,20.0,81.0,71.0,81.0,86.0,157.0,146,155.0,146.0,245.0,249,244.0,234.0,329.0,334.0,329.0,291.0,359.0,373.0,364.0,375.0,32.0,90.0,32.0,76.0,107.0,76.0,165.0,155,183.0,243.0,156,224.0,329.0,,329.0,359.0,160.0,368.0,32.0,234.0,32.0,93.0,271.0,277.0,165.0,271.0,278.0,243.0,275.0,329.0,329.0,329.0,330.0,359.0,375.0,368.0,32.0,,32.0,93.0,,93.0,165.0,147.0,162.0,243.0,243.0,233.0,329.0,329.0,329.0,359.0,375.0,368.0,32.0,234.0,32.0,93.0,271.0,277.0,162.0,271.0,278.0,233.0,275.0,329.0,329.0,329.0,330.0,359.0,375.0,368.0
P13,trial_18_L_unaffected,unaffected,35.0,,35.0,26.0,83.0,,83.0,86.0,161.0,228,167.0,146.0,260.0,264,257.0,252.0,356.0,361.0,356.0,309.0,390.0,400.0,390.0,417.0,37.0,91.0,37.0,70.0,147.0,70.0,179.0,152,163.0,265.0,257,241.0,353.0,272.0,353.0,389.0,313.0,392.0,37.0,,,46.0,,,179.0,,,265.0,,,274.0,,,389.0,,,37.0,,,46.0,,,179.0,,,265.0,,,274.0,,,389.0,,,37.0,,,46.0,,,,,,,,,55.0,,,389.0,,
P13,trial_19_L_unaffected,unaffected,23.0,232.0,23.0,15.0,63.0,248.0,63.0,86.0,158.0,248,160.0,142.0,241.0,252,238.0,233.0,334.0,340.0,334.0,292.0,368.0,380.0,378.0,397.0,24.0,86.0,24.0,61.0,104.0,61.0,158.0,153,162.0,243.0,154,223.0,335.0,,335.0,368.0,153.0,376.0,24.0,,,33.0,,,158.0,,,243.0,,,252.0,,,368.0,,,24.0,,,33.0,,,158.0,,,243.0,,,252.0,,,368.0,,,24.0,,,33.0,,,,,,,,,42.0,,,368.0,,
P13,trial_1_L_unaffected,unaffected,88.0,82.0,88.0,80.0,130.0,122.0,130.0,133.0,207.0,200,209.0,193.0,290.0,293,288.0,281.0,368.0,372.0,368.0,336.0,399.0,403.0,402.0,425.0,87.0,288.0,87.0,129.0,328.0,129.0,207.0,328,213.0,290.0,341,283.0,366.0,342.0,366.0,429.0,,431.0,87.0,133.0,87.0,132.0,143.0,132.0,207.0,172.0,176.0,290.0,173.0,177.0,373.0,,373.0,429.0,208.0,431.0,87.0,133.0,87.0,132.0,143.0,132.0,207.0,197.0,172.0,290.0,198.0,286.0,299.0,,295.0,429.0,208.0,431.0,87.0,133.0,87.0,132.0,143.0,132.0,172.0,172.0,176.0,286.0,173.0,177.0,373.0,,373.0,429.0,208.0,431.0
P13,trial_20_L_unaffected,unaffected,30.0,19.0,30.0,17.0,75.0,66.0,75.0,81.0,152.0,142,154.0,137.0,233.0,143,230.0,224.0,322.0,,322.0,282.0,357.0,150.0,360.0,375.0,32.0,85.0,32.0,70.0,100.0,70.0,152.0,144,155.0,237.0,145,215.0,320.0,,320.0,354.0,151.0,362.0,32.0,85.0,32.0,103.0,92.0,103.0,152.0,146.0,162.0,237.0,147.0,201.0,244.0,,244.0,354.0,151.0,362.0,32.0,85.0,32.0,103.0,92.0,103.0,152.0,146.0,162.0,237.0,147.0,213.0,246.0,,222.0,354.0,151.0,362.0,32.0,85.0,32.0,103.0,92.0,103.0,162.0,146.0,162.0,213.0,147.0,201.0,244.0,,244.0,354.0,151.0,362.0
P13,trial_21_L_unaffected,unaffected,25.0,240.0,25.0,16.0,72.0,248.0,72.0,82.0,148.0,248,157.0,138.0,252.0,259,253.0,243.0,333.0,338.0,333.0,299.0,362.0,375.0,369.0,389.0,28.0,243.0,28.0,66.0,281.0,66.0,144.0,281,159.0,246.0,285,232.0,334.0,292.0,334.0,363.0,306.0,367.0,28.0,243.0,28.0,66.0,276.0,285.0,144.0,276.0,286.0,246.0,279.0,331.0,334.0,299.0,334.0,363.0,306.0,367.0,28.0,243.0,28.0,66.0,276.0,66.0,144.0,276.0,145.0,246.0,280.0,245.0,334.0,299.0,334.0,363.0,306.0,367.0,28.0,243.0,28.0,66.0,276.0,285.0,145.0,276.0,286.0,245.0,279.0,331.0,334.0,299.0,334.0,363.0,306.0,367.0
P13,trial_22_L_unaffected,unaffected,33.0,23.0,33.0,20.0,79.0,68.0,79.0,84.0,153.0,143,156.0,138.0,245.0,144,244.0,234.0,328.0,,328.0,297.0,360.0,153.0,360.0,383.0,34.0,84.0,34.0,78.0,104.0,78.0,148.0,146,173.0,221.0,147,224.0,329.0,,329.0,360.0,148.0,362.0,34.0,,,43.0,,,148.0,,,221.0,,,230.0,,,360.0,,,34.0,,,43.0,,,148.0,,,221.0,,,230.0,,,360.0,,,34.0,,,43.0,,,,,,,,,52.0,,,360.0,,
P13,trial_23_L_unaffected,unaffected,28.0,243.0,28.0,15.0,76.0,257.0,76.0,86.0,156.0,257,159.0,142.0,252.0,262,252.0,244.0,353.0,357.0,353.0,306.0,383.0,390.0,385.0,401.0,29.0,86.0,29.0,63.0,107.0,63.0,159.0,151,165.0,254.0,152,232.0,355.0,,355.0,383.0,153.0,386.0,29.0,,,38.0,,,159.0,,,254.0,,,263.0,,,383.0,,,29.0,,,38.0,,,159.0,,,254.0,,,263.0,,,383.0,,,29.0,,,38.0,,,,,,,,,47.0,,,383.0,,
P13,trial_24_L_unaffected,unaffected,32.0,,32.0,18.0,76.0,,76.0,83.0,154.0,187,147.0,146.0,259.0,263,257.0,249.0,356.0,361.0,356.0,320.0,394.0,410.0,394.0,407.0,31.0,82.0,31.0,81.0,141.0,81.0,150.0,147,156.0,258.0,253,240.0,354.0,264.0,354.0,392.0,322.0,395.0,31.0,,31.0,88.0,,88.0,150.0,108.0,110.0,258.0,110.0,115.0,351.0,,351.0,392.0,148.0,395.0,31.0,,31.0,88.0,,88.0,150.0,140.0,147.0,258.0,260.0,248.0,367.0,367.0,367.0,392.0,398.0,395.0,31.0,,31.0,88.0,,88.0,147.0,108.0,110.0,248.0,110.0,115.0,351.0,,351.0,392.0,148.0,395.0
P13,trial_25_L_unaffected,unaffected,38.0,,38.0,29.0,82.0,,82.0,88.0,160.0,170,161.0,141.0,229.0,233,227.0,221.0,306.0,311.0,306.0,276.0,332.0,339.0,335.0,351.0,38.0,92.0,38.0,100.0,97.0,100.0,153.0,151,166.0,229.0,152,208.0,304.0,,304.0,333.0,154.0,338.0,38.0,222.0,38.0,106.0,244.0,249.0,153.0,272.0,,229.0,273.0,,324.0,,324.0,333.0,279.0,338.0,38.0,,38.0,106.0,,106.0,153.0,145.0,156.0,229.0,230.0,225.0,238.0,363.0,234.0,333.0,,338.0,38.0,222.0,38.0,106.0,244.0,249.0,156.0,272.0,,225.0,273.0,,324.0,,324.0,333.0,279.0,338.0
P13,trial_26_L_unaffected,unaffected,27.0,20.0,27.0,19.0,68.0,60.0,68.0,71.0,141.0,135,146.0,133.0,231.0,236,232.0,220.0,314.0,321.0,314.0,278.0,347.0,358.0,346.0,352.0,28.0,75.0,28.0,67.0,90.0,67.0,137.0,137,148.0,226.0,138,212.0,318.0,,318.0,345.0,136.0,349.0,28.0,,,37.0,,,137.0,,,226.0,,,235.0,,,345.0,,,28.0,,,37.0,,,137.0,,,226.0,,,235.0,,,345.0,,,28.0,,,37.0,,,,,,,,,46.0,,,345.0,,
P13,trial_27_L_unaffected,unaffected,30.0,254.0,30.0,20.0,74.0,264.0,74.0,89.0,164.0,264,170.0,153.0,262.0,270,262.0,252.0,340.0,344.0,340.0,312.0,370.0,382.0,375.0,390.0,31.0,96.0,31.0,68.0,113.0,68.0,162.0,159,167.0,255.0,160,245.0,337.0,,337.0,367.0,158.0,374.0,31.0,96.0,31.0,68.0,108.0,68.0,162.0,308.0,131.0,255.0,309.0,332.0,285.0,,333.0,367.0,158.0,374.0,31.0,96.0,31.0,68.0,108.0,68.0,162.0,152.0,128.0,255.0,153.0,254.0,264.0,,263.0,367.0,158.0,374.0,31.0,96.0,31.0,68.0,108.0,68.0,128.0,308.0,131.0,254.0,309.0,332.0,285.0,,333.0,367.0,158.0,374.0
P13,trial_28_L_unaffected,unaffected,24.0,215.0,24.0,16.0,73.0,231.0,73.0,78.0,145.0,231,170.0,131.0,225.0,234,225.0,215.0,309.0,314.0,309.0,271.0,341.0,354.0,345.0,367.0,26.0,81.0,26.0,70.0,97.0,70.0,140.0,137,164.0,224.0,138,218.0,311.0,,311.0,341.0,138.0,349.0,26.0,,,35.0,,,140.0,,,224.0,,,233.0,,,341.0,,,26.0,,,35.0,,,140.0,,,224.0,,,233.0,,,341.0,,,26.0,,,35.0,,,,,,,,,44.0,,,341.0,,
P13,trial_29_L_unaffected,unaffected,38.0,30.0,38.0,29.0,93.0,84.0,93.0,96.0,165.0,156,168.0,151.0,253.0,257,248.0,245.0,346.0,351.0,346.0,313.0,377.0,392.0,383.0,389.0,40.0,96.0,40.0,93.0,116.0,93.0,160.0,159,170.0,254.0,244,243.0,349.0,,349.0,376.0,,389.0,40.0,,40.0,113.0,,113.0,160.0,360.0,176.0,254.0,361.0,387.0,263.0,,388.0,376.0,323.0,389.0,40.0,96.0,40.0,113.0,100.0,113.0,160.0,159.0,176.0,254.0,207.0,248.0,263.0,399.0,257.0,376.0,,389.0,40.0,,40.0,113.0,,113.0,176.0,360.0,176.0,248.0,361.0,387.0,257.0,,388.0,376.0,323.0,389.0
P13,trial_2_L_unaffected,unaffected,75.0,70.0,75.0,67.0,117.0,110.0,117.0,136.0,204.0,192,205.0,190.0,303.0,193,302.0,292.0,401.0,,401.0,362.0,410.0,205.0,410.0,432.0,76.0,,76.0,150.0,,150.0,211.0,207,207.0,305.0,300,295.0,402.0,352.0,402.0,411.0,363.0,411.0,76.0,296.0,76.0,146.0,332.0,342.0,211.0,332.0,,305.0,335.0,,402.0,357.0,402.0,411.0,363.0,411.0,76.0,296.0,76.0,146.0,333.0,146.0,211.0,333.0,171.0,305.0,337.0,298.0,402.0,357.0,402.0,411.0,363.0,411.0,76.0,296.0,76.0,146.0,332.0,342.0,171.0,332.0,,298.0,335.0,,402.0,357.0,402.0,411.0,363.0,411.0
P13,trial_30_L_unaffected,unaffected,48.0,,48.0,38.0,102.0,,102.0,110.0,183.0,175,185.0,169.0,264.0,267,245.0,256.0,354.0,359.0,354.0,315.0,363.0,374.0,363.0,375.0,54.0,114.0,54.0,90.0,128.0,90.0,186.0,178,195.0,260.0,179,256.0,357.0,,357.0,366.0,186.0,366.0,54.0,258.0,54.0,89.0,292.0,296.0,186.0,319.0,332.0,260.0,320.0,341.0,269.0,,342.0,308.0,327.0,351.0,54.0,,54.0,89.0,,89.0,186.0,175.0,192.0,260.0,176.0,259.0,269.0,,268.0,308.0,186.0,277.0,54.0,258.0,54.0,89.0,292.0,296.0,142.0,319.0,332.0,259.0,320.0,341.0,268.0,,342.0,308.0,327.0,351.0
P13,trial_31_L_unaffected,unaffected,43.0,254.0,43.0,28.0,96.0,272.0,96.0,105.0,183.0,272,189.0,166.0,265.0,275,262.0,256.0,340.0,346.0,340.0,313.0,377.0,395.0,379.0,399.0,41.0,110.0,41.0,86.0,127.0,86.0,187.0,176,191.0,266.0,177,240.0,342.0,,342.0,374.0,181.0,382.0,41.0,255.0,41.0,86.0,281.0,286.0,187.0,303.0,,266.0,304.0,,275.0,,,374.0,321.0,382.0,41.0,,41.0,86.0,,86.0,187.0,170.0,182.0,266.0,171.0,256.0,275.0,,265.0,374.0,181.0,382.0,41.0,255.0,41.0,86.0,281.0,286.0,137.0,303.0,,256.0,304.0,,265.0,,,374.0,321.0,382.0
P13,trial_32_L_unaffected,unaffected,28.0,234.0,28.0,17.0,76.0,249.0,76.0,84.0,154.0,249,153.0,140.0,241.0,252,240.0,233.0,334.0,338.0,334.0,290.0,360.0,372.0,366.0,382.0,30.0,88.0,30.0,72.0,104.0,72.0,153.0,147,172.0,240.0,148,230.0,333.0,,333.0,360.0,150.0,365.0,30.0,233.0,30.0,94.0,258.0,263.0,153.0,285.0,,240.0,286.0,,268.0,,,360.0,305.0,365.0,30.0,88.0,30.0,94.0,98.0,94.0,153.0,144.0,154.0,240.0,145.0,232.0,249.0,,241.0,360.0,150.0,365.0,30.0,233.0,30.0,94.0,258.0,263.0,115.0,285.0,,232.0,286.0,,268.0,,,360.0,305.0,365.0
P13,trial_33_L_unaffected,unaffected,41.0,251.0,41.0,21.0,86.0,253.0,86.0,98.0,172.0,253,176.0,155.0,261.0,267,261.0,253.0,350.0,354.0,350.0,310.0,378.0,387.0,380.0,390.0,40.0,104.0,40.0,82.0,122.0,82.0,167.0,163,181.0,242.0,164,246.0,350.0,,350.0,377.0,166.0,381.0,40.0,247.0,40.0,81.0,273.0,277.0,167.0,298.0,,242.0,299.0,,283.0,,,377.0,315.0,381.0,40.0,104.0,40.0,81.0,105.0,81.0,167.0,161.0,134.0,242.0,162.0,250.0,251.0,,259.0,377.0,166.0,381.0,40.0,247.0,40.0,81.0,273.0,277.0,134.0,298.0,,250.0,299.0,,283.0,,,377.0,315.0,381.0
P13,trial_34_L_unaffected,unaffected,31.0,230.0,31.0,15.0,79.0,250.0,79.0,87.0,162.0,250,167.0,143.0,232.0,254,233.0,231.0,363.0,366.0,363.0,335.0,386.0,397.0,392.0,408.0,32.0,90.0,32.0,68.0,107.0,68.0,154.0,152,172.0,228.0,153,229.0,357.0,,357.0,386.0,157.0,393.0,32.0,228.0,32.0,67.0,257.0,265.0,154.0,299.0,,228.0,300.0,,275.0,,,386.0,320.0,393.0,32.0,90.0,32.0,67.0,92.0,67.0,154.0,152.0,120.0,228.0,153.0,228.0,237.0,,237.0,386.0,157.0,393.0,32.0,228.0,32.0,67.0,257.0,265.0,120.0,299.0,,228.0,300.0,,275.0,,,386.0,320.0,393.0
P13,trial_35_L_unaffected,unaffected,28.0,234.0,28.0,15.0,76.0,252.0,76.0,80.0,172.0,252,171.0,155.0,239.0,255,231.0,233.0,319.0,324.0,319.0,285.0,347.0,356.0,353.0,352.0,28.0,,28.0,64.0,,64.0,167.0,163,182.0,230.0,164,227.0,320.0,,320.0,347.0,166.0,352.0,28.0,230.0,28.0,64.0,254.0,258.0,167.0,284.0,,230.0,285.0,,263.0,,,347.0,301.0,352.0,28.0,,28.0,64.0,,64.0,167.0,161.0,116.0,230.0,242.0,232.0,239.0,380.0,241.0,347.0,,352.0,28.0,230.0,28.0,64.0,254.0,258.0,116.0,284.0,,232.0,285.0,,263.0,,,347.0,301.0,352.0
P13,trial_36_L_unaffected,unaffected,35.0,230.0,35.0,24.0,81.0,247.0,81.0,89.0,159.0,247,161.0,143.0,241.0,250,238.0,232.0,325.0,330.0,325.0,289.0,356.0,366.0,359.0,370.0,35.0,94.0,35.0,69.0,109.0,69.0,153.0,150,160.0,242.0,151,220.0,327.0,,327.0,385.0,156.0,362.0,35.0,,,44.0,,,153.0,,,242.0,,,251.0,,,385.0,,,35.0,,,44.0,,,153.0,,,242.0,,,251.0,,,385.0,,,35.0,,,44.0,,,,,,,,,53.0,,,385.0,,
P13,trial_37_L_unaffected,unaffected,27.0,11.0,27.0,8.0,76.0,65.0,76.0,80.0,157.0,151,160.0,140.0,241.0,152,240.0,232.0,319.0,,319.0,289.0,347.0,151.0,347.0,371.0,27.0,,27.0,76.0,,76.0,150.0,153,167.0,240.0,154,222.0,320.0,,320.0,347.0,149.0,351.0,27.0,,,36.0,,,150.0,,,240.0,,,249.0,,,347.0,,,27.0,,,36.0,,,150.0,,,240.0,,,249.0,,,347.0,,,27.0,,,36.0,,,,,,,,,45.0,,,347.0,,
P13,trial_38_L_unaffected,unaffected,35.0,244.0,35.0,21.0,92.0,259.0,92.0,99.0,171.0,259,172.0,153.0,251.0,263,250.0,244.0,341.0,347.0,341.0,295.0,374.0,382.0,375.0,401.0,31.0,,31.0,75.0,,75.0,165.0,173,174.0,236.0,252,238.0,345.0,266.0,345.0,374.0,306.0,384.0,31.0,,31.0,75.0,,75.0,165.0,299.0,134.0,236.0,300.0,339.0,245.0,,340.0,374.0,163.0,384.0,31.0,,31.0,75.0,,75.0,165.0,158.0,166.0,236.0,159.0,245.0,245.0,,254.0,374.0,163.0,384.0,31.0,,31.0,75.0,,75.0,166.0,299.0,134.0,245.0,300.0,339.0,254.0,,340.0,374.0,163.0,384.0
P13,trial_39_L_unaffected,unaffected,26.0,221.0,26.0,16.0,75.0,230.0,75.0,82.0,159.0,230,161.0,137.0,231.0,236,230.0,221.0,323.0,327.0,323.0,283.0,354.0,363.0,356.0,393.0,26.0,83.0,26.0,68.0,102.0,68.0,153.0,148,161.0,230.0,149,213.0,324.0,,324.0,353.0,150.0,358.0,26.0,,,35.0,,,153.0,,,230.0,,,239.0,,,353.0,,,26.0,,,35.0,,,153.0,,,230.0,,,239.0,,,353.0,,,26.0,,,35.0,,,,,,,,,44.0,,,353.0,,
P13,trial_3_L_unaffected,unaffected,94.0,88.0,94.0,81.0,137.0,128.0,137.0,141.0,216.0,205,214.0,201.0,288.0,293,285.0,279.0,384.0,389.0,384.0,353.0,417.0,426.0,416.0,425.0,93.0,86.0,93.0,140.0,135.0,140.0,217.0,213,222.0,277.0,214,266.0,383.0,,383.0,419.0,212.0,421.0,93.0,86.0,93.0,151.0,137.0,151.0,217.0,350.0,180.0,277.0,351.0,377.0,401.0,,401.0,419.0,212.0,421.0,93.0,86.0,93.0,151.0,137.0,151.0,217.0,209.0,216.0,277.0,286.0,277.0,286.0,455.0,286.0,419.0,,421.0,93.0,86.0,93.0,151.0,137.0,151.0,216.0,350.0,180.0,277.0,351.0,377.0,401.0,,401.0,419.0,212.0,421.0
P13,trial_40_L_unaffected,unaffected,34.0,255.0,34.0,18.0,87.0,267.0,87.0,95.0,169.0,267,169.0,155.0,261.0,271,260.0,253.0,351.0,355.0,351.0,306.0,379.0,386.0,380.0,397.0,29.0,99.0,29.0,84.0,117.0,84.0,165.0,164,177.0,250.0,165,250.0,345.0,,345.0,379.0,161.0,395.0,29.0,253.0,29.0,84.0,272.0,277.0,165.0,304.0,,250.0,305.0,,282.0,,,379.0,316.0,395.0,29.0,,29.0,84.0,,84.0,165.0,159.0,131.0,250.0,261.0,251.0,259.0,418.0,260.0,379.0,,395.0,29.0,253.0,29.0,84.0,272.0,277.0,131.0,304.0,,251.0,305.0,,282.0,,,379.0,316.0,395.0
P13,trial_41_R_affected,affected,34.0,24.0,34.0,22.0,92.0,82.0,92.0,97.0,169.0,170,180.0,160.0,267.0,272,269.0,256.0,367.0,373.0,367.0,325.0,410.0,419.0,413.0,425.0,31.0,258.0,31.0,88.0,319.0,88.0,178.0,319,182.0,249.0,374,261.0,367.0,,367.0,409.0,434.0,424.0,31.0,258.0,31.0,88.0,319.0,88.0,178.0,319.0,187.0,249.0,374.0,251.0,367.0,,367.0,409.0,434.0,424.0,31.0,258.0,31.0,88.0,319.0,88.0,178.0,319.0,187.0,249.0,374.0,251.0,367.0,,367.0,409.0,434.0,424.0,31.0,258.0,31.0,88.0,319.0,88.0,187.0,319.0,187.0,251.0,374.0,251.0,367.0,,367.0,409.0,434.0,424.0
P13,trial_42_R_affected,affected,28.0,17.0,28.0,16.0,89.0,79.0,89.0,104.0,178.0,173,187.0,164.0,265.0,270,266.0,257.0,367.0,376.0,367.0,320.0,411.0,421.0,414.0,420.0,27.0,260.0,27.0,85.0,294.0,85.0,182.0,294,185.0,256.0,297,251.0,372.0,316.0,372.0,410.0,324.0,418.0,27.0,260.0,27.0,85.0,306.0,317.0,182.0,306.0,,256.0,346.0,,373.0,377.0,373.0,410.0,418.0,418.0,27.0,109.0,27.0,85.0,160.0,85.0,182.0,160.0,164.0,256.0,170.0,258.0,373.0,377.0,373.0,410.0,418.0,418.0,27.0,260.0,27.0,85.0,306.0,317.0,164.0,306.0,,258.0,346.0,,373.0,377.0,373.0,410.0,418.0,418.0
P13,trial_43_R_affected,affected,32.0,20.0,32.0,19.0,94.0,84.0,94.0,97.0,180.0,168,181.0,163.0,272.0,278,273.0,261.0,364.0,370.0,364.0,319.0,404.0,410.0,428.0,426.0,33.0,21.0,33.0,95.0,89.0,95.0,186.0,173,184.0,258.0,272,265.0,365.0,283.0,365.0,406.0,333.0,415.0,33.0,21.0,33.0,100.0,90.0,100.0,186.0,174.0,185.0,258.0,270.0,257.0,365.0,370.0,365.0,406.0,415.0,415.0,33.0,21.0,33.0,100.0,90.0,100.0,186.0,174.0,185.0,258.0,270.0,257.0,365.0,370.0,365.0,406.0,415.0,415.0,33.0,21.0,33.0,100.0,90.0,100.0,185.0,174.0,185.0,257.0,270.0,257.0,365.0,370.0,365.0,406.0,415.0,415.0
P13,trial_44_R_affected,affected,36.0,29.0,36.0,27.0,87.0,78.0,87.0,91.0,168.0,165,169.0,156.0,256.0,263,249.0,251.0,355.0,364.0,355.0,315.0,399.0,407.0,408.0,409.0,36.0,253.0,36.0,87.0,306.0,87.0,168.0,306,172.0,253.0,331,244.0,362.0,367.0,362.0,398.0,407.0,408.0,36.0,30.0,36.0,92.0,82.0,92.0,168.0,172.0,184.0,253.0,257.0,244.0,362.0,367.0,362.0,398.0,407.0,408.0,36.0,30.0,36.0,92.0,82.0,92.0,168.0,172.0,184.0,253.0,257.0,244.0,362.0,367.0,362.0,398.0,407.0,408.0,36.0,30.0,36.0,92.0,82.0,92.0,184.0,172.0,184.0,244.0,257.0,244.0,362.0,367.0,362.0,398.0,407.0,408.0
P13,trial_45_R_affected,affected,32.0,25.0,32.0,25.0,91.0,80.0,91.0,96.0,175.0,169,180.0,160.0,251.0,190,250.0,244.0,353.0,,353.0,301.0,381.0,,391.0,401.0,34.0,25.0,34.0,83.0,82.0,83.0,181.0,173,184.0,251.0,253,247.0,355.0,360.0,355.0,381.0,400.0,364.0,34.0,,34.0,82.0,,82.0,181.0,173.0,188.0,251.0,250.0,238.0,355.0,360.0,355.0,381.0,400.0,364.0,34.0,,34.0,82.0,,82.0,181.0,173.0,188.0,251.0,250.0,238.0,355.0,360.0,355.0,381.0,400.0,364.0,34.0,,34.0,82.0,,82.0,188.0,173.0,188.0,238.0,250.0,238.0,355.0,360.0,355.0,381.0,400.0,364.0
P13,trial_46_R_affected,affected,30.0,18.0,30.0,17.0,88.0,79.0,88.0,94.0,163.0,164,171.0,150.0,252.0,177,251.0,248.0,348.0,,348.0,311.0,381.0,,394.0,412.0,32.0,245.0,32.0,85.0,299.0,85.0,168.0,299,176.0,247.0,331,243.0,347.0,352.0,347.0,380.0,391.0,394.0,32.0,,32.0,90.0,,90.0,168.0,167.0,179.0,247.0,250.0,237.0,347.0,352.0,347.0,380.0,391.0,394.0,32.0,,32.0,90.0,,90.0,168.0,167.0,179.0,247.0,250.0,237.0,347.0,352.0,347.0,380.0,391.0,394.0,32.0,,32.0,90.0,,90.0,179.0,167.0,179.0,237.0,250.0,237.0,347.0,352.0,347.0,380.0,391.0,394.0
P13,trial_47_R_affected,affected,36.0,20.0,36.0,18.0,101.0,91.0,101.0,104.0,182.0,183,185.0,173.0,291.0,294,289.0,282.0,377.0,383.0,377.0,341.0,405.0,423.0,386.0,424.0,31.0,19.0,31.0,100.0,96.0,100.0,196.0,185,198.0,290.0,291,283.0,379.0,385.0,379.0,388.0,423.0,388.0,31.0,19.0,31.0,102.0,97.0,102.0,196.0,186.0,198.0,290.0,288.0,275.0,379.0,385.0,379.0,388.0,423.0,388.0,31.0,19.0,31.0,102.0,97.0,102.0,196.0,186.0,198.0,290.0,288.0,275.0,379.0,385.0,379.0,388.0,423.0,388.0,31.0,19.0,31.0,102.0,97.0,102.0,198.0,186.0,198.0,275.0,288.0,275.0,379.0,385.0,379.0,388.0,423.0,388.0
P13,trial_48_R_affected,affected,47.0,34.0,47.0,33.0,124.0,112.0,124.0,132.0,216.0,214,220.0,203.0,319.0,321,315.0,307.0,407.0,413.0,407.0,372.0,446.0,454.0,449.0,452.0,45.0,,45.0,114.0,,114.0,225.0,218,224.0,317.0,316,295.0,408.0,413.0,408.0,444.0,453.0,455.0,45.0,,45.0,113.0,,113.0,225.0,219.0,225.0,317.0,314.0,299.0,408.0,414.0,408.0,444.0,453.0,455.0,45.0,,45.0,113.0,,113.0,225.0,219.0,225.0,317.0,314.0,299.0,408.0,414.0,408.0,444.0,453.0,455.0,45.0,,45.0,113.0,,113.0,225.0,219.0,225.0,299.0,314.0,299.0,408.0,414.0,408.0,444.0,453.0,455.0
P13,trial_49_R_affected,affected,33.0,25.0,33.0,24.0,86.0,77.0,86.0,91.0,166.0,161,168.0,152.0,242.0,241,237.0,232.0,342.0,346.0,342.0,290.0,377.0,385.0,387.0,392.0,34.0,233.0,34.0,93.0,286.0,93.0,165.0,286,181.0,240.0,345,234.0,340.0,,340.0,378.0,387.0,384.0,34.0,85.0,34.0,95.0,89.0,95.0,165.0,165.0,182.0,240.0,237.0,226.0,340.0,345.0,340.0,378.0,387.0,384.0,34.0,85.0,34.0,95.0,89.0,95.0,165.0,165.0,182.0,240.0,237.0,226.0,340.0,345.0,340.0,378.0,387.0,384.0,34.0,85.0,34.0,95.0,89.0,95.0,182.0,165.0,182.0,226.0,237.0,226.0,340.0,345.0,340.0,378.0,387.0,384.0
P13,trial_4_L_unaffected,unaffected,41.0,32.0,41.0,30.0,87.0,78.0,87.0,107.0,185.0,178,192.0,180.0,293.0,298,290.0,283.0,378.0,382.0,378.0,335.0,404.0,416.0,387.0,408.0,31.0,111.0,31.0,90.0,128.0,90.0,185.0,186,194.0,278.0,187,274.0,380.0,,380.0,405.0,180.0,389.0,31.0,283.0,31.0,89.0,316.0,320.0,185.0,341.0,,278.0,342.0,,392.0,,392.0,405.0,345.0,401.0,31.0,,31.0,89.0,,89.0,185.0,182.0,190.0,278.0,183.0,283.0,287.0,,292.0,405.0,180.0,301.0,31.0,283.0,31.0,89.0,316.0,320.0,190.0,341.0,,283.0,342.0,,392.0,,392.0,405.0,345.0,401.0
P13,trial_50_R_affected,affected,33.0,22.0,33.0,21.0,90.0,80.0,90.0,94.0,174.0,182,179.0,161.0,288.0,288,267.0,278.0,373.0,379.0,373.0,339.0,405.0,416.0,427.0,442.0,34.0,277.0,34.0,96.0,329.0,96.0,173.0,329,183.0,285.0,342,267.0,375.0,380.0,375.0,407.0,417.0,384.0,34.0,277.0,34.0,98.0,311.0,98.0,173.0,311.0,186.0,285.0,314.0,268.0,375.0,380.0,375.0,407.0,417.0,384.0,34.0,277.0,34.0,98.0,311.0,98.0,173.0,311.0,186.0,285.0,314.0,268.0,375.0,380.0,375.0,407.0,417.0,384.0,34.0,277.0,34.0,98.0,311.0,98.0,186.0,311.0,186.0,268.0,314.0,268.0,375.0,380.0,375.0,407.0,417.0,384.0
P13,trial_51_R_affected,affected,25.0,17.0,25.0,17.0,84.0,75.0,84.0,85.0,160.0,171,165.0,148.0,270.0,269,264.0,261.0,354.0,360.0,354.0,329.0,391.0,405.0,390.0,414.0,28.0,16.0,28.0,82.0,76.0,82.0,172.0,164,177.0,260.0,268,259.0,356.0,361.0,356.0,392.0,406.0,391.0,28.0,16.0,28.0,85.0,77.0,85.0,172.0,166.0,176.0,260.0,265.0,252.0,356.0,361.0,356.0,392.0,406.0,391.0,28.0,16.0,28.0,85.0,77.0,85.0,172.0,166.0,176.0,260.0,265.0,252.0,356.0,361.0,356.0,392.0,406.0,391.0,28.0,16.0,28.0,85.0,77.0,85.0,176.0,166.0,176.0,252.0,265.0,252.0,356.0,361.0,356.0,392.0,406.0,391.0
P13,trial_52_R_affected,affected,28.0,4.0,28.0,,85.0,77.0,85.0,,164.0,166,174.0,,266.0,167,243.0,,372.0,,372.0,,400.0,159.0,400.0,,28.0,0.0,28.0,85.0,78.0,85.0,170.0,167,176.0,253.0,262,244.0,372.0,376.0,372.0,401.0,409.0,405.0,28.0,0.0,28.0,89.0,79.0,89.0,170.0,169.0,179.0,253.0,260.0,246.0,372.0,376.0,372.0,401.0,409.0,405.0,28.0,0.0,28.0,89.0,79.0,89.0,170.0,169.0,179.0,253.0,260.0,246.0,372.0,376.0,372.0,401.0,409.0,405.0,28.0,0.0,28.0,89.0,79.0,89.0,179.0,169.0,179.0,246.0,260.0,246.0,372.0,376.0,372.0,401.0,409.0,405.0
P13,trial_53_R_affected,affected,35.0,25.0,35.0,23.0,87.0,77.0,87.0,94.0,176.0,181,182.0,160.0,279.0,278,273.0,269.0,379.0,385.0,379.0,323.0,410.0,419.0,417.0,433.0,40.0,25.0,40.0,86.0,81.0,86.0,179.0,177,182.0,277.0,276,254.0,379.0,384.0,379.0,412.0,424.0,417.0,40.0,25.0,40.0,86.0,83.0,86.0,179.0,178.0,186.0,277.0,273.0,260.0,378.0,384.0,378.0,412.0,424.0,417.0,40.0,25.0,40.0,86.0,83.0,86.0,179.0,178.0,186.0,277.0,273.0,260.0,378.0,384.0,378.0,412.0,424.0,417.0,40.0,25.0,40.0,86.0,83.0,86.0,186.0,178.0,186.0,260.0,273.0,260.0,378.0,384.0,378.0,412.0,424.0,417.0
P13,trial_54_R_affected,affected,32.0,20.0,32.0,19.0,85.0,75.0,85.0,88.0,168.0,166,170.0,151.0,253.0,254,250.0,245.0,356.0,362.0,356.0,304.0,394.0,407.0,399.0,420.0,32.0,12.0,32.0,84.0,78.0,84.0,173.0,164,176.0,250.0,251,243.0,358.0,363.0,358.0,394.0,405.0,401.0,32.0,12.0,32.0,85.0,78.0,85.0,173.0,166.0,180.0,250.0,250.0,238.0,358.0,363.0,358.0,394.0,405.0,401.0,32.0,12.0,32.0,85.0,78.0,85.0,173.0,166.0,180.0,250.0,250.0,238.0,358.0,363.0,358.0,394.0,405.0,401.0,32.0,12.0,32.0,85.0,78.0,85.0,180.0,166.0,180.0,238.0,250.0,238.0,358.0,363.0,358.0,394.0,405.0,401.0
P13,trial_55_R_affected,affected,0.0,0.0,0.0,,68.0,58.0,68.0,,146.0,146,154.0,,253.0,147,232.0,,343.0,,343.0,,372.0,144.0,366.0,,0.0,242.0,0.0,69.0,285.0,69.0,149.0,285,156.0,249.0,291,232.0,341.0,346.0,341.0,373.0,385.0,350.0,0.0,241.0,0.0,72.0,250.0,72.0,149.0,250.0,160.0,249.0,254.0,232.0,341.0,347.0,341.0,373.0,385.0,350.0,0.0,241.0,0.0,72.0,250.0,72.0,149.0,250.0,160.0,249.0,254.0,232.0,341.0,347.0,341.0,373.0,385.0,350.0,0.0,241.0,0.0,72.0,250.0,72.0,160.0,250.0,160.0,232.0,254.0,232.0,341.0,347.0,341.0,373.0,385.0,350.0
P13,trial_56_R_affected,affected,32.0,24.0,32.0,24.0,94.0,84.0,94.0,98.0,176.0,182,181.0,164.0,284.0,197,261.0,275.0,384.0,,384.0,328.0,418.0,,426.0,429.0,31.0,274.0,31.0,98.0,318.0,98.0,182.0,318,186.0,280.0,327,264.0,383.0,389.0,383.0,418.0,426.0,425.0,31.0,23.0,31.0,100.0,93.0,100.0,182.0,179.0,192.0,280.0,278.0,265.0,383.0,389.0,383.0,418.0,426.0,425.0,31.0,23.0,31.0,100.0,93.0,100.0,182.0,179.0,192.0,280.0,278.0,265.0,383.0,389.0,383.0,418.0,426.0,425.0,31.0,23.0,31.0,100.0,93.0,100.0,192.0,179.0,192.0,265.0,278.0,265.0,383.0,389.0,383.0,418.0,426.0,425.0
P13,trial_57_R_affected,affected,31.0,19.0,31.0,20.0,103.0,97.0,103.0,117.0,196.0,207,205.0,182.0,302.0,222,280.0,292.0,386.0,,386.0,350.0,425.0,,430.0,444.0,31.0,,31.0,97.0,,97.0,201.0,197,208.0,296.0,300,284.0,386.0,392.0,386.0,429.0,459.0,438.0,31.0,,31.0,97.0,,97.0,201.0,199.0,214.0,296.0,297.0,284.0,386.0,392.0,386.0,429.0,459.0,438.0,31.0,,31.0,97.0,,97.0,201.0,199.0,214.0,296.0,297.0,284.0,386.0,392.0,386.0,429.0,459.0,438.0,31.0,,31.0,97.0,,97.0,214.0,199.0,214.0,284.0,297.0,284.0,386.0,392.0,386.0,429.0,459.0,438.0
P13,trial_58_R_affected,affected,35.0,27.0,35.0,27.0,102.0,91.0,102.0,104.0,183.0,181,193.0,166.0,270.0,236,265.0,261.0,359.0,,359.0,318.0,395.0,,407.0,429.0,36.0,258.0,36.0,103.0,306.0,103.0,182.0,306,193.0,268.0,318,259.0,357.0,363.0,357.0,397.0,407.0,410.0,36.0,104.0,36.0,106.0,106.0,106.0,182.0,182.0,196.0,268.0,263.0,252.0,357.0,364.0,357.0,397.0,407.0,410.0,36.0,104.0,36.0,106.0,106.0,106.0,182.0,182.0,196.0,268.0,263.0,252.0,357.0,364.0,357.0,397.0,407.0,410.0,36.0,104.0,36.0,106.0,106.0,106.0,196.0,182.0,196.0,252.0,263.0,252.0,357.0,364.0,357.0,397.0,407.0,410.0
P13,trial_59_R_affected,affected,40.0,289.0,40.0,29.0,117.0,302.0,117.0,123.0,196.0,302,201.0,185.0,301.0,310,279.0,292.0,396.0,403.0,396.0,354.0,442.0,453.0,449.0,474.0,41.0,30.0,41.0,118.0,112.0,118.0,198.0,200,209.0,301.0,300,286.0,400.0,406.0,400.0,442.0,456.0,464.0,41.0,30.0,41.0,120.0,114.0,120.0,198.0,201.0,213.0,301.0,298.0,286.0,399.0,406.0,399.0,442.0,456.0,464.0,41.0,30.0,41.0,120.0,114.0,120.0,198.0,201.0,213.0,301.0,298.0,286.0,399.0,406.0,399.0,442.0,456.0,464.0,41.0,30.0,41.0,120.0,114.0,120.0,213.0,201.0,213.0,286.0,298.0,286.0,399.0,406.0,399.0,442.0,456.0,464.0
P13,trial_5_L_unaffected,unaffected,27.0,17.0,27.0,17.0,77.0,70.0,77.0,93.0,167.0,159,167.0,154.0,266.0,160,264.0,256.0,356.0,,356.0,315.0,387.0,163.0,389.0,399.0,27.0,92.0,27.0,86.0,105.0,86.0,163.0,164,195.0,251.0,165,245.0,354.0,,354.0,388.0,161.0,394.0,27.0,,,36.0,,,163.0,,,251.0,,,260.0,,,388.0,,,27.0,,,36.0,,,163.0,,,251.0,,,260.0,,,388.0,,,27.0,,,36.0,,,,,,,,,45.0,,,388.0,,
P13,trial_60_R_affected,affected,28.0,17.0,28.0,16.0,95.0,88.0,95.0,110.0,190.0,191,199.0,177.0,301.0,300,297.0,292.0,400.0,406.0,400.0,355.0,434.0,446.0,440.0,457.0,30.0,290.0,30.0,103.0,351.0,103.0,206.0,351,202.0,296.0,404,279.0,396.0,,396.0,437.0,450.0,449.0,30.0,,30.0,89.0,,89.0,206.0,283.0,206.0,296.0,298.0,282.0,396.0,404.0,396.0,437.0,450.0,449.0,30.0,,30.0,89.0,,89.0,206.0,283.0,206.0,296.0,298.0,282.0,396.0,404.0,396.0,437.0,450.0,449.0,30.0,,30.0,89.0,,89.0,206.0,283.0,206.0,282.0,298.0,282.0,396.0,404.0,396.0,437.0,450.0,449.0
P13,trial_61_R_affected,affected,42.0,25.0,42.0,23.0,107.0,98.0,107.0,111.0,215.0,204,216.0,192.0,285.0,208,264.0,276.0,372.0,,372.0,330.0,404.0,213.0,410.0,425.0,43.0,28.0,43.0,113.0,106.0,113.0,212.0,207,222.0,283.0,283,265.0,372.0,377.0,372.0,407.0,416.0,410.0,43.0,28.0,43.0,115.0,107.0,115.0,212.0,208.0,225.0,283.0,281.0,267.0,372.0,377.0,372.0,407.0,416.0,410.0,43.0,28.0,43.0,115.0,107.0,115.0,212.0,208.0,225.0,283.0,281.0,267.0,372.0,377.0,372.0,407.0,416.0,410.0,43.0,28.0,43.0,115.0,107.0,115.0,225.0,208.0,225.0,267.0,281.0,267.0,372.0,377.0,372.0,407.0,416.0,410.0
P13,trial_62_R_affected,affected,35.0,23.0,35.0,19.0,102.0,91.0,102.0,106.0,193.0,194,199.0,180.0,307.0,199,307.0,296.0,412.0,,412.0,353.0,449.0,,451.0,467.0,36.0,23.0,36.0,102.0,95.0,102.0,194.0,194,204.0,305.0,305,285.0,407.0,416.0,407.0,451.0,463.0,451.0,36.0,23.0,36.0,104.0,97.0,104.0,194.0,196.0,207.0,305.0,302.0,287.0,406.0,416.0,406.0,451.0,463.0,451.0,36.0,23.0,36.0,104.0,97.0,104.0,194.0,196.0,207.0,305.0,302.0,287.0,406.0,416.0,406.0,451.0,463.0,451.0,36.0,23.0,36.0,104.0,97.0,104.0,207.0,196.0,207.0,287.0,302.0,287.0,406.0,416.0,406.0,451.0,463.0,451.0
P13,trial_63_R_affected,affected,31.0,282.0,31.0,20.0,92.0,302.0,92.0,91.0,175.0,302,172.0,167.0,298.0,307,297.0,287.0,394.0,399.0,394.0,341.0,425.0,435.0,441.0,457.0,32.0,283.0,32.0,92.0,344.0,92.0,183.0,344,186.0,281.0,399,278.0,395.0,,395.0,427.0,437.0,444.0,32.0,21.0,32.0,93.0,90.0,93.0,183.0,179.0,186.0,281.0,292.0,278.0,395.0,399.0,395.0,427.0,437.0,444.0,32.0,21.0,32.0,41.0,90.0,41.0,183.0,180.0,186.0,281.0,292.0,278.0,395.0,399.0,395.0,427.0,437.0,444.0,32.0,21.0,32.0,93.0,90.0,93.0,186.0,179.0,186.0,278.0,292.0,278.0,395.0,399.0,395.0,427.0,437.0,444.0
P13,trial_64_R_affected,affected,42.0,281.0,42.0,29.0,107.0,294.0,107.0,112.0,198.0,294,205.0,179.0,295.0,300,292.0,284.0,402.0,407.0,402.0,339.0,435.0,445.0,438.0,469.0,44.0,,44.0,104.0,,104.0,196.0,194,207.0,293.0,290,271.0,404.0,406.0,404.0,438.0,448.0,439.0,44.0,,44.0,105.0,,105.0,196.0,194.0,210.0,293.0,288.0,274.0,404.0,406.0,404.0,438.0,448.0,439.0,44.0,,44.0,105.0,,105.0,196.0,194.0,210.0,293.0,288.0,274.0,404.0,406.0,404.0,438.0,448.0,439.0,44.0,,44.0,105.0,,105.0,210.0,194.0,210.0,274.0,288.0,274.0,404.0,406.0,404.0,438.0,448.0,439.0
P13,trial_65_R_affected,affected,21.0,0.0,21.0,,70.0,60.0,70.0,,157.0,155,157.0,,262.0,196,260.0,,353.0,,353.0,,385.0,,383.0,,21.0,0.0,21.0,75.0,64.0,75.0,160.0,155,164.0,262.0,258,240.0,353.0,358.0,353.0,392.0,406.0,393.0,21.0,0.0,21.0,84.0,72.0,84.0,160.0,157.0,168.0,262.0,256.0,241.0,352.0,356.0,352.0,392.0,406.0,393.0,21.0,0.0,21.0,84.0,72.0,84.0,160.0,157.0,168.0,262.0,256.0,241.0,352.0,356.0,352.0,392.0,406.0,393.0,21.0,0.0,21.0,84.0,72.0,84.0,168.0,157.0,168.0,241.0,256.0,241.0,352.0,356.0,352.0,392.0,406.0,393.0
P13,trial_66_R_affected,affected,44.0,34.0,44.0,33.0,94.0,87.0,94.0,97.0,175.0,178,188.0,160.0,262.0,263,259.0,253.0,371.0,376.0,371.0,307.0,405.0,412.0,419.0,429.0,46.0,36.0,46.0,95.0,93.0,95.0,176.0,177,189.0,244.0,258,238.0,367.0,262.0,367.0,404.0,314.0,411.0,46.0,,46.0,99.0,,99.0,176.0,178.0,190.0,244.0,255.0,242.0,367.0,285.0,367.0,404.0,315.0,411.0,46.0,,46.0,99.0,,99.0,176.0,178.0,190.0,244.0,255.0,242.0,367.0,285.0,367.0,404.0,315.0,411.0,46.0,,46.0,99.0,,99.0,190.0,178.0,190.0,242.0,255.0,242.0,367.0,285.0,367.0,404.0,315.0,411.0
P13,trial_67_R_affected,affected,29.0,18.0,29.0,16.0,92.0,83.0,92.0,95.0,175.0,171,183.0,159.0,240.0,248,241.0,239.0,341.0,346.0,341.0,302.0,375.0,385.0,350.0,402.0,31.0,19.0,31.0,93.0,90.0,93.0,186.0,175,188.0,236.0,247,229.0,343.0,343.0,343.0,378.0,389.0,389.0,31.0,,31.0,98.0,,98.0,186.0,176.0,193.0,236.0,243.0,230.0,343.0,338.0,343.0,378.0,,389.0,31.0,,31.0,98.0,,98.0,186.0,176.0,193.0,236.0,243.0,230.0,343.0,338.0,343.0,378.0,,389.0,31.0,,31.0,98.0,,98.0,193.0,176.0,193.0,230.0,243.0,230.0,343.0,338.0,343.0,378.0,,389.0
P13,trial_68_R_affected,affected,39.0,30.0,39.0,29.0,110.0,97.0,110.0,113.0,201.0,201,205.0,182.0,303.0,202,285.0,296.0,423.0,,423.0,361.0,458.0,197.0,466.0,486.0,39.0,117.0,39.0,105.0,140.0,105.0,199.0,195,206.0,289.0,303,286.0,418.0,426.0,418.0,459.0,478.0,427.0,39.0,117.0,39.0,105.0,121.0,105.0,199.0,197.0,211.0,289.0,300.0,285.0,418.0,425.0,418.0,459.0,478.0,427.0,39.0,117.0,39.0,105.0,121.0,105.0,199.0,197.0,211.0,289.0,300.0,285.0,418.0,425.0,418.0,459.0,478.0,427.0,39.0,117.0,39.0,105.0,121.0,105.0,211.0,197.0,211.0,285.0,300.0,285.0,418.0,425.0,418.0,459.0,478.0,427.0
P13,trial_69_R_affected,affected,32.0,21.0,32.0,21.0,95.0,85.0,95.0,97.0,180.0,177,185.0,159.0,248.0,178,245.0,240.0,339.0,,339.0,298.0,365.0,178.0,348.0,387.0,33.0,,33.0,96.0,,96.0,178.0,175,188.0,243.0,246,228.0,337.0,342.0,337.0,366.0,386.0,346.0,33.0,,33.0,107.0,,107.0,178.0,177.0,199.0,243.0,242.0,229.0,337.0,342.0,337.0,366.0,386.0,346.0,33.0,,33.0,107.0,,107.0,178.0,177.0,199.0,243.0,242.0,229.0,337.0,342.0,337.0,366.0,386.0,346.0,33.0,,33.0,107.0,,107.0,199.0,177.0,199.0,229.0,242.0,229.0,337.0,342.0,337.0,366.0,386.0,346.0
P13,trial_6_L_unaffected,unaffected,76.0,73.0,76.0,68.0,126.0,114.0,126.0,123.0,196.0,190,198.0,185.0,288.0,291,286.0,278.0,379.0,383.0,379.0,351.0,408.0,417.0,414.0,428.0,51.0,281.0,51.0,115.0,327.0,115.0,188.0,327,203.0,289.0,336,267.0,380.0,,380.0,409.0,344.0,389.0,51.0,281.0,51.0,142.0,315.0,320.0,188.0,340.0,350.0,289.0,341.0,365.0,384.0,,384.0,409.0,344.0,393.0,51.0,,51.0,142.0,,142.0,188.0,181.0,188.0,289.0,291.0,282.0,298.0,439.0,291.0,409.0,,300.0,51.0,281.0,51.0,142.0,315.0,320.0,188.0,340.0,350.0,282.0,341.0,365.0,384.0,,384.0,409.0,344.0,393.0
P13,trial_70_R_affected,affected,36.0,27.0,36.0,26.0,95.0,86.0,95.0,106.0,186.0,191,186.0,171.0,285.0,288,285.0,275.0,372.0,377.0,372.0,338.0,400.0,414.0,412.0,422.0,36.0,,36.0,100.0,,100.0,193.0,186,202.0,276.0,284,269.0,371.0,373.0,371.0,400.0,416.0,413.0,36.0,,36.0,101.0,,101.0,193.0,187.0,200.0,276.0,281.0,269.0,371.0,373.0,371.0,400.0,416.0,413.0,36.0,,36.0,101.0,,101.0,193.0,187.0,200.0,276.0,281.0,269.0,371.0,373.0,371.0,400.0,416.0,413.0,36.0,,36.0,101.0,,101.0,200.0,187.0,200.0,269.0,281.0,269.0,371.0,373.0,371.0,400.0,416.0,413.0
P13,trial_71_R_affected,affected,36.0,25.0,36.0,23.0,102.0,91.0,102.0,104.0,182.0,188,203.0,165.0,262.0,189,259.0,254.0,362.0,,362.0,316.0,394.0,,371.0,407.0,34.0,98.0,34.0,105.0,99.0,105.0,188.0,178,195.0,263.0,262,255.0,359.0,364.0,359.0,396.0,411.0,368.0,34.0,98.0,34.0,107.0,101.0,107.0,188.0,180.0,195.0,263.0,259.0,247.0,359.0,364.0,359.0,396.0,411.0,368.0,34.0,98.0,34.0,43.0,102.0,43.0,188.0,181.0,195.0,263.0,259.0,247.0,359.0,363.0,359.0,396.0,411.0,368.0,34.0,98.0,34.0,107.0,101.0,107.0,195.0,180.0,195.0,247.0,259.0,247.0,359.0,364.0,359.0,396.0,411.0,368.0
P13,trial_72_R_affected,affected,24.0,0.0,24.0,,74.0,61.0,74.0,,157.0,160,165.0,,234.0,161,210.0,,314.0,,314.0,,343.0,155.0,336.0,,24.0,0.0,24.0,78.0,74.0,78.0,159.0,155,168.0,233.0,232,213.0,310.0,317.0,310.0,345.0,360.0,338.0,24.0,0.0,24.0,81.0,75.0,81.0,159.0,157.0,172.0,233.0,229.0,215.0,311.0,317.0,311.0,345.0,360.0,338.0,24.0,,24.0,33.0,,33.0,159.0,158.0,172.0,233.0,229.0,215.0,311.0,317.0,311.0,345.0,360.0,338.0,24.0,0.0,24.0,81.0,75.0,81.0,172.0,157.0,172.0,215.0,229.0,215.0,311.0,317.0,311.0,345.0,360.0,338.0
P13,trial_73_R_affected,affected,32.0,,32.0,21.0,91.0,,91.0,92.0,179.0,243,183.0,162.0,276.0,273,257.0,268.0,367.0,372.0,367.0,327.0,396.0,407.0,376.0,421.0,34.0,23.0,34.0,94.0,89.0,94.0,177.0,174,185.0,261.0,275,260.0,363.0,371.0,363.0,397.0,411.0,409.0,34.0,23.0,34.0,97.0,90.0,97.0,177.0,177.0,189.0,261.0,272.0,259.0,363.0,371.0,363.0,397.0,411.0,409.0,34.0,23.0,34.0,97.0,90.0,97.0,177.0,177.0,189.0,261.0,272.0,259.0,363.0,371.0,363.0,397.0,411.0,409.0,34.0,23.0,34.0,97.0,90.0,97.0,189.0,177.0,189.0,259.0,272.0,259.0,363.0,371.0,363.0,397.0,411.0,409.0
P13,trial_74_R_affected,affected,39.0,32.0,39.0,32.0,111.0,101.0,111.0,115.0,194.0,200,200.0,178.0,290.0,201,270.0,280.0,385.0,,385.0,336.0,416.0,190.0,429.0,440.0,40.0,32.0,40.0,115.0,111.0,115.0,199.0,192,201.0,289.0,287,270.0,386.0,387.0,386.0,416.0,431.0,425.0,40.0,32.0,40.0,116.0,111.0,116.0,199.0,193.0,203.0,289.0,284.0,270.0,385.0,387.0,385.0,416.0,431.0,425.0,40.0,32.0,40.0,49.0,112.0,49.0,199.0,194.0,203.0,289.0,284.0,270.0,385.0,387.0,385.0,416.0,431.0,425.0,40.0,32.0,40.0,116.0,111.0,116.0,203.0,193.0,203.0,270.0,284.0,270.0,385.0,387.0,385.0,416.0,431.0,425.0
P13,trial_75_R_affected,affected,29.0,20.0,29.0,19.0,92.0,81.0,92.0,95.0,174.0,179,185.0,162.0,286.0,288,286.0,276.0,384.0,389.0,384.0,332.0,416.0,440.0,393.0,440.0,31.0,20.0,31.0,96.0,91.0,96.0,176.0,172,186.0,284.0,286,271.0,385.0,388.0,385.0,418.0,440.0,431.0,31.0,20.0,31.0,100.0,94.0,100.0,176.0,173.0,187.0,284.0,283.0,268.0,385.0,388.0,385.0,418.0,440.0,431.0,31.0,,31.0,40.0,,40.0,176.0,174.0,187.0,284.0,283.0,268.0,385.0,388.0,385.0,418.0,440.0,431.0,31.0,20.0,31.0,100.0,94.0,100.0,187.0,173.0,187.0,268.0,283.0,268.0,385.0,388.0,385.0,418.0,440.0,431.0
P13,trial_76_R_affected,affected,30.0,22.0,30.0,21.0,90.0,77.0,90.0,93.0,172.0,169,175.0,158.0,255.0,224,253.0,248.0,353.0,,353.0,306.0,385.0,,394.0,403.0,31.0,90.0,31.0,82.0,93.0,82.0,176.0,168,177.0,253.0,256,249.0,354.0,356.0,354.0,385.0,397.0,394.0,31.0,90.0,31.0,83.0,97.0,83.0,176.0,169.0,183.0,253.0,253.0,242.0,354.0,356.0,354.0,385.0,397.0,394.0,31.0,,31.0,40.0,,40.0,176.0,170.0,183.0,253.0,253.0,242.0,354.0,356.0,354.0,385.0,397.0,394.0,31.0,90.0,31.0,83.0,97.0,83.0,183.0,169.0,183.0,242.0,253.0,242.0,354.0,356.0,354.0,385.0,397.0,394.0
P13,trial_77_R_affected,affected,30.0,257.0,30.0,22.0,103.0,265.0,103.0,107.0,189.0,265,189.0,172.0,267.0,275,251.0,261.0,365.0,371.0,365.0,316.0,396.0,405.0,374.0,421.0,30.0,100.0,30.0,99.0,109.0,99.0,191.0,182,192.0,265.0,269,256.0,366.0,367.0,366.0,397.0,408.0,408.0,30.0,100.0,30.0,99.0,108.0,99.0,191.0,184.0,196.0,265.0,266.0,254.0,366.0,366.0,366.0,397.0,408.0,408.0,30.0,100.0,30.0,99.0,108.0,99.0,191.0,184.0,196.0,265.0,266.0,254.0,366.0,367.0,366.0,397.0,408.0,408.0,30.0,100.0,30.0,99.0,108.0,99.0,196.0,184.0,196.0,254.0,266.0,254.0,366.0,366.0,366.0,397.0,408.0,408.0
P13,trial_78_R_affected,affected,32.0,23.0,32.0,23.0,103.0,88.0,103.0,107.0,187.0,193,192.0,169.0,280.0,194,276.0,271.0,379.0,,379.0,323.0,414.0,182.0,419.0,428.0,32.0,112.0,32.0,90.0,136.0,90.0,186.0,180,190.0,275.0,278,272.0,378.0,382.0,378.0,414.0,423.0,420.0,32.0,,32.0,90.0,,90.0,186.0,182.0,197.0,275.0,275.0,266.0,377.0,382.0,377.0,414.0,423.0,420.0,32.0,,32.0,41.0,,41.0,186.0,183.0,197.0,275.0,275.0,266.0,377.0,381.0,377.0,414.0,423.0,420.0,32.0,,32.0,90.0,,90.0,197.0,182.0,197.0,266.0,275.0,266.0,377.0,382.0,377.0,414.0,423.0,420.0
P13,trial_79_R_affected,affected,33.0,248.0,33.0,25.0,109.0,264.0,109.0,113.0,189.0,264,193.0,170.0,261.0,268,259.0,253.0,270.0,367.0,268.0,311.0,303.0,,277.0,367.0,36.0,112.0,36.0,102.0,122.0,102.0,193.0,184,195.0,261.0,261,251.0,270.0,367.0,260.0,306.0,,269.0,36.0,112.0,36.0,102.0,119.0,102.0,193.0,186.0,204.0,261.0,258.0,247.0,270.0,367.0,256.0,306.0,,265.0,36.0,112.0,36.0,129.0,125.0,129.0,193.0,187.0,204.0,261.0,258.0,247.0,270.0,333.0,248.0,306.0,366.0,257.0,36.0,112.0,36.0,102.0,119.0,102.0,204.0,186.0,204.0,247.0,258.0,247.0,256.0,367.0,256.0,306.0,,265.0
P13,trial_7_L_unaffected,unaffected,35.0,27.0,35.0,19.0,78.0,68.0,78.0,82.0,152.0,138,147.0,138.0,228.0,236,230.0,223.0,318.0,322.0,318.0,288.0,348.0,362.0,355.0,354.0,32.0,83.0,32.0,73.0,91.0,73.0,155.0,144,149.0,220.0,145,211.0,319.0,,319.0,349.0,147.0,362.0,32.0,,,41.0,,,155.0,,,220.0,,,229.0,,,349.0,,,32.0,,,41.0,,,155.0,,,220.0,,,229.0,,,349.0,,,32.0,,,41.0,,,,,,,,,50.0,,,349.0,,
P13,trial_80_R_affected,affected,38.0,,38.0,28.0,118.0,,118.0,125.0,214.0,287,225.0,200.0,314.0,316,313.0,302.0,409.0,415.0,409.0,361.0,450.0,461.0,454.0,494.0,38.0,117.0,38.0,106.0,163.0,106.0,212.0,213,229.0,307.0,311,292.0,409.0,319.0,409.0,450.0,374.0,418.0,38.0,117.0,38.0,106.0,136.0,106.0,212.0,214.0,230.0,307.0,308.0,295.0,409.0,408.0,409.0,450.0,460.0,418.0,38.0,117.0,38.0,47.0,136.0,47.0,212.0,214.0,230.0,307.0,308.0,295.0,409.0,408.0,409.0,450.0,460.0,418.0,38.0,117.0,38.0,106.0,136.0,106.0,230.0,214.0,230.0,295.0,308.0,295.0,409.0,408.0,409.0,450.0,460.0,418.0
P13,trial_8_L_unaffected,unaffected,33.0,25.0,33.0,16.0,81.0,69.0,81.0,86.0,151.0,140,150.0,140.0,228.0,233,228.0,221.0,310.0,314.0,310.0,285.0,339.0,348.0,339.0,356.0,33.0,85.0,33.0,79.0,95.0,79.0,154.0,144,153.0,219.0,145,208.0,312.0,,312.0,340.0,148.0,341.0,33.0,,33.0,96.0,,96.0,154.0,272.0,118.0,219.0,273.0,307.0,325.0,,325.0,340.0,148.0,341.0,33.0,,33.0,96.0,,96.0,154.0,142.0,155.0,219.0,228.0,219.0,228.0,374.0,228.0,340.0,,341.0,33.0,,33.0,96.0,,96.0,155.0,272.0,118.0,219.0,273.0,307.0,325.0,,325.0,340.0,148.0,341.0
P13,trial_9_L_unaffected,unaffected,38.0,27.0,38.0,22.0,89.0,78.0,89.0,63.0,169.0,152,162.0,154.0,248.0,153,249.0,240.0,332.0,,332.0,295.0,359.0,159.0,362.0,363.0,38.0,,38.0,81.0,,81.0,167.0,163,167.0,243.0,244,241.0,332.0,,332.0,360.0,300.0,365.0,38.0,,38.0,81.0,,81.0,167.0,292.0,130.0,243.0,293.0,324.0,347.0,,347.0,360.0,160.0,365.0,38.0,,38.0,81.0,,81.0,167.0,153.0,127.0,243.0,251.0,243.0,252.0,404.0,252.0,360.0,,365.0,38.0,,38.0,81.0,,81.0,127.0,292.0,130.0,243.0,293.0,324.0,347.0,,347.0,360.0,160.0,365.0
P14,trial_10_R_unaffected,unaffected,68.0,60.0,68.0,58.0,124.0,113.0,124.0,131.0,187.0,174,177.0,181.0,273.0,291,286.0,287.0,381.0,387.0,381.0,348.0,428.0,435.0,390.0,454.0,71.0,131.0,71.0,126.0,147.0,126.0,190.0,192,202.0,283.0,283,269.0,382.0,318.0,382.0,422.0,338.0,425.0,71.0,131.0,71.0,132.0,145.0,132.0,190.0,189.0,192.0,283.0,280.0,269.0,382.0,320.0,382.0,422.0,338.0,425.0,71.0,131.0,71.0,132.0,145.0,132.0,190.0,189.0,192.0,283.0,280.0,269.0,382.0,320.0,382.0,422.0,338.0,425.0,71.0,131.0,71.0,132.0,145.0,132.0,192.0,189.0,192.0,269.0,280.0,269.0,382.0,320.0,382.0,422.0,338.0,425.0
P14,trial_11_R_unaffected,unaffected,78.0,71.0,78.0,69.0,131.0,122.0,131.0,138.0,202.0,185,193.0,189.0,285.0,234,292.0,288.0,409.0,,409.0,366.0,461.0,,464.0,483.0,81.0,139.0,81.0,134.0,181.0,134.0,195.0,193,207.0,280.0,283,266.0,407.0,311.0,407.0,459.0,344.0,458.0,81.0,139.0,81.0,138.0,156.0,138.0,195.0,193.0,207.0,280.0,281.0,269.0,407.0,322.0,407.0,459.0,344.0,458.0,81.0,139.0,81.0,138.0,156.0,138.0,195.0,193.0,207.0,280.0,281.0,269.0,407.0,322.0,407.0,459.0,344.0,458.0,81.0,139.0,81.0,138.0,156.0,138.0,207.0,193.0,207.0,269.0,281.0,269.0,407.0,322.0,407.0,459.0,344.0,458.0
P14,trial_12_R_unaffected,unaffected,58.0,49.0,58.0,48.0,114.0,100.0,114.0,129.0,191.0,175,188.0,183.0,277.0,287,272.0,286.0,357.0,362.0,357.0,340.0,406.0,414.0,404.0,428.0,60.0,127.0,60.0,104.0,142.0,104.0,193.0,184,197.0,285.0,285,272.0,357.0,355.0,357.0,400.0,,400.0,60.0,127.0,60.0,103.0,143.0,103.0,193.0,185.0,194.0,285.0,281.0,269.0,358.0,317.0,358.0,400.0,334.0,400.0,60.0,127.0,60.0,103.0,143.0,103.0,193.0,185.0,194.0,285.0,281.0,269.0,358.0,317.0,358.0,400.0,334.0,400.0,60.0,127.0,60.0,103.0,143.0,103.0,194.0,185.0,194.0,269.0,281.0,269.0,358.0,317.0,358.0,400.0,334.0,400.0
P14,trial_13_R_unaffected,unaffected,74.0,66.0,74.0,63.0,123.0,114.0,123.0,128.0,191.0,180,197.0,180.0,274.0,266,277.0,278.0,367.0,,367.0,341.0,417.0,,415.0,437.0,78.0,128.0,78.0,126.0,147.0,126.0,191.0,186,199.0,273.0,275,264.0,371.0,308.0,371.0,408.0,332.0,408.0,78.0,128.0,78.0,128.0,145.0,128.0,191.0,186.0,198.0,273.0,272.0,260.0,371.0,312.0,371.0,408.0,332.0,408.0,78.0,128.0,78.0,128.0,145.0,128.0,191.0,186.0,198.0,273.0,272.0,260.0,371.0,312.0,371.0,408.0,332.0,408.0,78.0,128.0,78.0,128.0,145.0,128.0,198.0,186.0,198.0,260.0,272.0,260.0,371.0,312.0,371.0,408.0,332.0,408.0
P14,trial_14_R_unaffected,unaffected,52.0,45.0,52.0,41.0,103.0,93.0,103.0,110.0,175.0,162,173.0,166.0,244.0,261,241.0,259.0,355.0,360.0,355.0,322.0,410.0,418.0,414.0,429.0,53.0,,53.0,93.0,,93.0,174.0,248,177.0,255.0,257,226.0,265.0,267.0,265.0,409.0,314.0,421.0,53.0,,53.0,109.0,,109.0,174.0,240.0,180.0,255.0,255.0,225.0,263.0,266.0,263.0,409.0,314.0,421.0,53.0,,53.0,109.0,,109.0,174.0,239.0,180.0,255.0,255.0,235.0,264.0,518.0,244.0,409.0,,421.0,53.0,,53.0,109.0,,109.0,180.0,240.0,180.0,235.0,255.0,225.0,263.0,266.0,263.0,409.0,314.0,421.0
P14,trial_15_R_unaffected,unaffected,56.0,49.0,56.0,47.0,99.0,90.0,99.0,104.0,163.0,151,161.0,153.0,230.0,249,234.0,247.0,340.0,346.0,340.0,307.0,390.0,399.0,391.0,421.0,57.0,236.0,57.0,101.0,237.0,101.0,162.0,237,169.0,246.0,247,230.0,341.0,254.0,341.0,386.0,297.0,386.0,57.0,236.0,57.0,103.0,238.0,103.0,162.0,238.0,170.0,246.0,245.0,229.0,341.0,254.0,341.0,386.0,297.0,386.0,57.0,236.0,57.0,103.0,238.0,103.0,162.0,238.0,170.0,246.0,245.0,229.0,341.0,254.0,341.0,386.0,297.0,386.0,57.0,236.0,57.0,103.0,238.0,103.0,170.0,238.0,170.0,229.0,245.0,229.0,341.0,254.0,341.0,386.0,297.0,386.0
P14,trial_16_R_unaffected,unaffected,60.0,53.0,60.0,51.0,116.0,106.0,116.0,124.0,188.0,172,177.0,175.0,267.0,272,264.0,273.0,364.0,369.0,364.0,336.0,409.0,420.0,408.0,427.0,63.0,125.0,63.0,113.0,166.0,113.0,182.0,177,185.0,267.0,270,260.0,361.0,302.0,361.0,410.0,318.0,410.0,63.0,125.0,63.0,114.0,167.0,114.0,182.0,179.0,189.0,267.0,266.0,255.0,362.0,303.0,362.0,410.0,318.0,410.0,63.0,125.0,63.0,114.0,167.0,114.0,182.0,179.0,189.0,267.0,266.0,255.0,362.0,303.0,362.0,410.0,318.0,410.0,63.0,125.0,63.0,114.0,167.0,114.0,189.0,179.0,189.0,255.0,266.0,255.0,362.0,303.0,362.0,410.0,318.0,410.0
P14,trial_17_R_unaffected,unaffected,39.0,29.0,39.0,29.0,104.0,95.0,104.0,110.0,178.0,164,171.0,166.0,241.0,253,239.0,258.0,366.0,371.0,366.0,340.0,406.0,416.0,405.0,451.0,44.0,109.0,44.0,105.0,131.0,105.0,172.0,169,182.0,247.0,255,244.0,366.0,261.0,366.0,404.0,312.0,403.0,44.0,109.0,44.0,111.0,130.0,111.0,172.0,170.0,180.0,247.0,252.0,240.0,366.0,280.0,366.0,404.0,312.0,403.0,44.0,109.0,44.0,111.0,130.0,111.0,172.0,170.0,180.0,247.0,252.0,240.0,366.0,280.0,366.0,404.0,312.0,403.0,44.0,109.0,44.0,111.0,130.0,111.0,180.0,170.0,180.0,240.0,252.0,240.0,366.0,280.0,366.0,404.0,312.0,403.0
P14,trial_18_R_unaffected,unaffected,59.0,52.0,59.0,50.0,104.0,94.0,104.0,109.0,162.0,151,157.0,154.0,237.0,244,233.0,244.0,325.0,329.0,325.0,299.0,368.0,391.0,373.0,401.0,62.0,109.0,62.0,98.0,144.0,98.0,162.0,156,169.0,234.0,242,233.0,325.0,250.0,325.0,367.0,288.0,369.0,62.0,109.0,62.0,111.0,125.0,111.0,162.0,157.0,168.0,234.0,238.0,227.0,325.0,267.0,325.0,367.0,289.0,369.0,62.0,109.0,62.0,111.0,125.0,111.0,162.0,157.0,168.0,234.0,238.0,227.0,325.0,267.0,325.0,367.0,289.0,369.0,62.0,109.0,62.0,111.0,125.0,111.0,168.0,157.0,168.0,227.0,238.0,227.0,325.0,267.0,325.0,367.0,289.0,369.0
P14,trial_19_R_unaffected,unaffected,66.0,59.0,66.0,56.0,112.0,102.0,112.0,120.0,180.0,173,184.0,174.0,250.0,270,265.0,267.0,351.0,356.0,351.0,325.0,393.0,402.0,397.0,433.0,69.0,122.0,69.0,112.0,137.0,112.0,185.0,176,186.0,267.0,267,256.0,351.0,298.0,351.0,390.0,315.0,392.0,69.0,122.0,69.0,123.0,137.0,123.0,185.0,176.0,186.0,267.0,263.0,251.0,351.0,299.0,351.0,390.0,315.0,392.0,69.0,122.0,69.0,123.0,137.0,123.0,185.0,176.0,186.0,267.0,263.0,251.0,351.0,299.0,351.0,390.0,315.0,392.0,69.0,122.0,69.0,123.0,137.0,123.0,186.0,176.0,186.0,251.0,263.0,251.0,351.0,299.0,351.0,390.0,315.0,392.0
P14,trial_1_R_unaffected,unaffected,175.0,167.0,175.0,166.0,231.0,220.0,231.0,238.0,290.0,282,288.0,285.0,363.0,374,371.0,371.0,458.0,463.0,458.0,445.0,666.0,507.0,495.0,710.0,178.0,240.0,178.0,233.0,252.0,233.0,290.0,293,303.0,366.0,368,352.0,459.0,406.0,459.0,667.0,424.0,494.0,178.0,240.0,178.0,238.0,252.0,238.0,290.0,293.0,305.0,366.0,366.0,354.0,458.0,407.0,458.0,667.0,424.0,494.0,178.0,240.0,178.0,238.0,252.0,238.0,290.0,293.0,305.0,366.0,366.0,354.0,458.0,407.0,458.0,667.0,424.0,494.0,178.0,240.0,178.0,238.0,252.0,238.0,305.0,293.0,305.0,354.0,366.0,354.0,458.0,407.0,458.0,667.0,424.0,494.0
P14,trial_20_R_unaffected,unaffected,58.0,51.0,58.0,48.0,110.0,98.0,110.0,117.0,174.0,165,175.0,164.0,249.0,264,244.0,265.0,345.0,351.0,345.0,321.0,397.0,407.0,393.0,426.0,61.0,118.0,61.0,99.0,150.0,99.0,173.0,170,183.0,261.0,262,252.0,346.0,287.0,346.0,384.0,312.0,382.0,61.0,118.0,61.0,99.0,144.0,99.0,173.0,171.0,183.0,261.0,259.0,247.0,347.0,293.0,347.0,384.0,312.0,382.0,61.0,118.0,61.0,99.0,144.0,99.0,173.0,171.0,183.0,261.0,259.0,247.0,347.0,293.0,347.0,384.0,312.0,382.0,61.0,118.0,61.0,99.0,144.0,99.0,183.0,171.0,183.0,247.0,259.0,247.0,347.0,293.0,347.0,384.0,312.0,382.0
P14,trial_21_R_unaffected,unaffected,69.0,61.0,69.0,60.0,120.0,110.0,120.0,126.0,185.0,174,181.0,175.0,258.0,269,251.0,270.0,360.0,365.0,360.0,333.0,408.0,416.0,410.0,423.0,73.0,127.0,73.0,118.0,142.0,118.0,187.0,178,190.0,272.0,269,260.0,360.0,303.0,360.0,396.0,323.0,394.0,73.0,,73.0,126.0,,126.0,187.0,263.0,190.0,272.0,270.0,256.0,360.0,299.0,360.0,396.0,323.0,394.0,73.0,,73.0,126.0,,126.0,187.0,263.0,190.0,272.0,270.0,256.0,360.0,299.0,360.0,396.0,323.0,394.0,73.0,,73.0,126.0,,126.0,190.0,263.0,190.0,256.0,270.0,256.0,360.0,299.0,360.0,396.0,323.0,394.0
P14,trial_22_R_unaffected,unaffected,71.0,64.0,71.0,62.0,123.0,115.0,123.0,128.0,186.0,177,183.0,180.0,265.0,279,260.0,279.0,352.0,357.0,352.0,334.0,391.0,404.0,404.0,414.0,78.0,131.0,78.0,123.0,161.0,123.0,179.0,186,190.0,276.0,228,265.0,349.0,,349.0,389.0,,393.0,78.0,131.0,78.0,127.0,147.0,127.0,179.0,188.0,192.0,276.0,273.0,262.0,350.0,308.0,350.0,389.0,332.0,393.0,78.0,131.0,78.0,127.0,147.0,127.0,179.0,188.0,192.0,276.0,273.0,262.0,350.0,308.0,350.0,389.0,332.0,393.0,78.0,131.0,78.0,127.0,147.0,127.0,192.0,188.0,192.0,262.0,273.0,262.0,350.0,308.0,350.0,389.0,332.0,393.0
P14,trial_23_R_unaffected,unaffected,67.0,59.0,67.0,57.0,113.0,105.0,113.0,118.0,176.0,169,175.0,170.0,253.0,270,251.0,269.0,349.0,353.0,349.0,327.0,393.0,406.0,395.0,463.0,71.0,119.0,71.0,112.0,141.0,112.0,179.0,175,181.0,265.0,223,255.0,348.0,,348.0,389.0,,394.0,71.0,119.0,71.0,116.0,138.0,116.0,179.0,176.0,184.0,265.0,264.0,252.0,349.0,298.0,349.0,389.0,320.0,394.0,71.0,119.0,71.0,116.0,138.0,116.0,179.0,176.0,184.0,265.0,264.0,252.0,349.0,298.0,349.0,389.0,320.0,394.0,71.0,119.0,71.0,116.0,138.0,116.0,184.0,176.0,184.0,252.0,264.0,252.0,349.0,298.0,349.0,389.0,320.0,394.0
P14,trial_24_R_unaffected,unaffected,34.0,26.0,34.0,26.0,78.0,70.0,78.0,84.0,145.0,133,144.0,132.0,212.0,221,206.0,227.0,312.0,,312.0,285.0,353.0,283.0,351.0,389.0,36.0,84.0,36.0,78.0,124.0,78.0,136.0,136,149.0,220.0,225,217.0,312.0,233.0,312.0,350.0,281.0,351.0,36.0,84.0,36.0,81.0,124.0,81.0,136.0,136.0,148.0,220.0,221.0,210.0,312.0,233.0,312.0,350.0,281.0,351.0,36.0,84.0,36.0,81.0,124.0,81.0,136.0,136.0,148.0,220.0,221.0,210.0,312.0,233.0,312.0,350.0,281.0,351.0,36.0,84.0,36.0,81.0,124.0,81.0,148.0,136.0,148.0,210.0,221.0,210.0,312.0,233.0,312.0,350.0,281.0,351.0
P14,trial_25_R_unaffected,unaffected,43.0,36.0,43.0,34.0,90.0,82.0,90.0,96.0,155.0,144,148.0,146.0,238.0,243,239.0,254.0,340.0,,340.0,309.0,395.0,306.0,393.0,423.0,47.0,97.0,47.0,84.0,140.0,84.0,156.0,148,165.0,246.0,253,242.0,339.0,262.0,339.0,377.0,307.0,383.0,47.0,97.0,47.0,119.0,115.0,119.0,156.0,149.0,162.0,246.0,249.0,239.0,344.0,281.0,344.0,377.0,307.0,383.0,47.0,97.0,47.0,119.0,115.0,119.0,156.0,149.0,162.0,246.0,249.0,239.0,344.0,281.0,344.0,377.0,307.0,383.0,47.0,97.0,47.0,119.0,115.0,119.0,162.0,149.0,162.0,239.0,249.0,239.0,344.0,281.0,344.0,377.0,307.0,383.0
P14,trial_26_R_unaffected,unaffected,47.0,39.0,47.0,38.0,97.0,89.0,97.0,102.0,158.0,147,154.0,151.0,225.0,242,235.0,240.0,323.0,328.0,323.0,297.0,366.0,377.0,369.0,393.0,51.0,,51.0,97.0,,97.0,153.0,192,164.0,239.0,239,229.0,323.0,250.0,323.0,357.0,288.0,376.0,51.0,,51.0,103.0,,103.0,153.0,193.0,165.0,239.0,236.0,225.0,323.0,266.0,323.0,357.0,288.0,376.0,51.0,,51.0,103.0,,103.0,153.0,193.0,165.0,239.0,236.0,225.0,323.0,266.0,323.0,357.0,288.0,376.0,51.0,,51.0,103.0,,103.0,165.0,193.0,165.0,225.0,236.0,225.0,323.0,266.0,323.0,357.0,288.0,376.0
P14,trial_27_R_unaffected,unaffected,71.0,63.0,71.0,61.0,119.0,111.0,119.0,125.0,181.0,171,179.0,173.0,255.0,263,247.0,267.0,351.0,,351.0,329.0,393.0,327.0,399.0,425.0,74.0,126.0,74.0,112.0,161.0,112.0,174.0,175,187.0,264.0,264,252.0,347.0,277.0,347.0,390.0,326.0,392.0,74.0,126.0,74.0,125.0,143.0,125.0,174.0,176.0,188.0,264.0,261.0,249.0,347.0,298.0,347.0,390.0,326.0,392.0,74.0,126.0,74.0,125.0,143.0,125.0,174.0,176.0,188.0,264.0,261.0,249.0,347.0,298.0,347.0,390.0,326.0,392.0,74.0,126.0,74.0,125.0,143.0,125.0,188.0,176.0,188.0,249.0,261.0,249.0,347.0,298.0,347.0,390.0,326.0,392.0
P14,trial_28_R_unaffected,unaffected,32.0,25.0,32.0,22.0,82.0,71.0,82.0,87.0,145.0,134,147.0,140.0,207.0,226,206.0,222.0,303.0,308.0,303.0,279.0,343.0,351.0,345.0,495.0,30.0,88.0,30.0,69.0,103.0,69.0,143.0,136,148.0,220.0,223,213.0,303.0,255.0,303.0,343.0,272.0,488.0,30.0,88.0,30.0,68.0,103.0,68.0,143.0,138.0,149.0,220.0,219.0,207.0,304.0,255.0,304.0,343.0,272.0,488.0,30.0,88.0,30.0,68.0,103.0,68.0,143.0,138.0,149.0,220.0,219.0,207.0,304.0,255.0,304.0,343.0,272.0,488.0,30.0,88.0,30.0,68.0,103.0,68.0,149.0,138.0,149.0,207.0,219.0,207.0,304.0,255.0,304.0,343.0,272.0,488.0
P14,trial_29_R_unaffected,unaffected,65.0,246.0,65.0,55.0,115.0,282.0,290.0,294.0,354.0,343,355.0,344.0,399.0,418,412.0,417.0,476.0,481.0,476.0,464.0,511.0,521.0,513.0,535.0,68.0,295.0,68.0,107.0,328.0,291.0,351.0,348,360.0,411.0,373,406.0,476.0,,476.0,509.0,,513.0,68.0,295.0,68.0,107.0,313.0,295.0,351.0,349.0,362.0,411.0,410.0,399.0,477.0,441.0,477.0,509.0,460.0,513.0,68.0,295.0,68.0,107.0,313.0,295.0,351.0,349.0,362.0,411.0,410.0,399.0,477.0,441.0,477.0,509.0,460.0,513.0,68.0,295.0,68.0,107.0,313.0,295.0,362.0,349.0,362.0,399.0,410.0,399.0,477.0,441.0,477.0,509.0,460.0,513.0
P14,trial_2_R_unaffected,unaffected,74.0,68.0,74.0,67.0,121.0,111.0,121.0,127.0,181.0,168,181.0,170.0,240.0,247,226.0,245.0,327.0,333.0,327.0,313.0,375.0,384.0,375.0,398.0,74.0,128.0,74.0,115.0,143.0,115.0,177.0,176,190.0,241.0,240,228.0,327.0,271.0,327.0,372.0,291.0,371.0,74.0,128.0,74.0,125.0,141.0,125.0,177.0,176.0,190.0,241.0,238.0,226.0,327.0,273.0,327.0,372.0,291.0,371.0,74.0,128.0,74.0,125.0,141.0,125.0,177.0,176.0,190.0,241.0,238.0,226.0,327.0,273.0,327.0,372.0,291.0,371.0,74.0,128.0,74.0,125.0,141.0,125.0,190.0,176.0,190.0,226.0,238.0,226.0,327.0,273.0,327.0,372.0,291.0,371.0
P14,trial_30_R_unaffected,unaffected,44.0,32.0,44.0,31.0,92.0,85.0,92.0,99.0,158.0,143,145.0,145.0,230.0,246,225.0,244.0,308.0,312.0,308.0,290.0,343.0,352.0,341.0,364.0,53.0,102.0,53.0,98.0,141.0,98.0,158.0,146,163.0,243.0,245,236.0,311.0,254.0,311.0,345.0,288.0,341.0,53.0,,53.0,103.0,,103.0,158.0,227.0,163.0,243.0,242.0,230.0,311.0,266.0,311.0,345.0,288.0,341.0,53.0,,53.0,103.0,,103.0,158.0,227.0,163.0,243.0,242.0,230.0,311.0,266.0,311.0,345.0,288.0,341.0,53.0,,53.0,103.0,,103.0,163.0,227.0,163.0,230.0,242.0,230.0,311.0,266.0,311.0,345.0,288.0,341.0
P14,trial_31_R_unaffected,unaffected,49.0,42.0,49.0,40.0,91.0,84.0,91.0,96.0,147.0,140,145.0,141.0,226.0,236,239.0,242.0,317.0,,317.0,303.0,363.0,288.0,361.0,386.0,52.0,95.0,52.0,93.0,110.0,93.0,142.0,146,159.0,240.0,184,233.0,319.0,,319.0,358.0,,358.0,52.0,95.0,52.0,95.0,109.0,95.0,142.0,147.0,155.0,240.0,182.0,224.0,319.0,,319.0,358.0,,358.0,52.0,95.0,52.0,95.0,109.0,95.0,142.0,147.0,155.0,240.0,182.0,224.0,319.0,,319.0,358.0,,358.0,52.0,95.0,52.0,95.0,109.0,95.0,155.0,147.0,155.0,224.0,182.0,224.0,319.0,,319.0,358.0,,358.0
P14,trial_32_R_unaffected,unaffected,44.0,37.0,44.0,36.0,89.0,81.0,89.0,97.0,155.0,145,154.0,145.0,235.0,251,234.0,250.0,337.0,341.0,337.0,322.0,384.0,394.0,390.0,411.0,45.0,96.0,45.0,94.0,112.0,94.0,147.0,147,161.0,246.0,180,241.0,338.0,,338.0,380.0,,386.0,45.0,96.0,45.0,96.0,113.0,96.0,147.0,149.0,161.0,246.0,179.0,233.0,338.0,,338.0,380.0,,386.0,45.0,96.0,45.0,96.0,113.0,96.0,147.0,149.0,161.0,246.0,179.0,233.0,338.0,,338.0,380.0,,386.0,45.0,96.0,45.0,96.0,113.0,96.0,161.0,149.0,161.0,233.0,179.0,233.0,338.0,,338.0,380.0,,386.0
P14,trial_33_R_unaffected,unaffected,55.0,48.0,55.0,45.0,96.0,89.0,96.0,100.0,159.0,153,154.0,148.0,232.0,168,244.0,252.0,323.0,,323.0,310.0,370.0,,370.0,422.0,58.0,101.0,58.0,93.0,111.0,93.0,153.0,151,160.0,251.0,248,231.0,321.0,282.0,321.0,365.0,299.0,364.0,58.0,,58.0,104.0,,104.0,153.0,242.0,159.0,251.0,249.0,232.0,321.0,278.0,321.0,365.0,299.0,364.0,58.0,,58.0,104.0,,104.0,153.0,242.0,159.0,251.0,249.0,232.0,321.0,278.0,321.0,365.0,299.0,364.0,58.0,,58.0,104.0,,104.0,159.0,242.0,159.0,232.0,249.0,232.0,321.0,278.0,321.0,365.0,299.0,364.0
P14,trial_34_R_unaffected,unaffected,59.0,51.0,59.0,48.0,106.0,98.0,106.0,113.0,171.0,161,168.0,161.0,250.0,256,247.0,265.0,357.0,,357.0,327.0,400.0,312.0,401.0,423.0,63.0,113.0,63.0,100.0,125.0,100.0,170.0,163,173.0,262.0,263,255.0,358.0,298.0,358.0,398.0,319.0,367.0,63.0,,63.0,113.0,,113.0,170.0,248.0,174.0,262.0,260.0,248.0,358.0,297.0,358.0,398.0,319.0,367.0,63.0,,63.0,113.0,,113.0,170.0,248.0,174.0,262.0,260.0,248.0,358.0,297.0,358.0,398.0,319.0,367.0,63.0,,63.0,113.0,,113.0,174.0,248.0,174.0,248.0,260.0,248.0,358.0,297.0,358.0,398.0,319.0,367.0
P14,trial_35_R_unaffected,unaffected,54.0,47.0,54.0,46.0,92.0,85.0,92.0,100.0,161.0,155,164.0,147.0,222.0,220,213.0,237.0,312.0,,312.0,284.0,355.0,,321.0,378.0,54.0,100.0,54.0,91.0,111.0,91.0,154.0,150,159.0,237.0,234,226.0,309.0,272.0,309.0,353.0,279.0,318.0,54.0,100.0,54.0,99.0,113.0,99.0,154.0,152.0,162.0,237.0,153.0,217.0,309.0,,309.0,353.0,166.0,318.0,54.0,100.0,54.0,99.0,113.0,99.0,154.0,152.0,162.0,237.0,153.0,217.0,309.0,,309.0,353.0,166.0,318.0,54.0,100.0,54.0,99.0,113.0,99.0,162.0,152.0,162.0,217.0,153.0,217.0,309.0,,309.0,353.0,166.0,318.0
P14,trial_36_R_unaffected,unaffected,45.0,37.0,45.0,37.0,106.0,95.0,106.0,111.0,178.0,165,172.0,168.0,281.0,298,293.0,296.0,378.0,384.0,378.0,350.0,422.0,444.0,420.0,458.0,48.0,111.0,48.0,92.0,129.0,92.0,178.0,169,181.0,294.0,295,287.0,377.0,326.0,377.0,421.0,344.0,418.0,48.0,111.0,48.0,91.0,125.0,91.0,178.0,169.0,182.0,294.0,291.0,278.0,377.0,327.0,377.0,421.0,344.0,418.0,48.0,111.0,48.0,91.0,125.0,91.0,178.0,169.0,182.0,294.0,291.0,278.0,377.0,327.0,377.0,421.0,344.0,418.0,48.0,111.0,48.0,91.0,125.0,91.0,182.0,169.0,182.0,278.0,291.0,278.0,377.0,327.0,377.0,421.0,344.0,418.0
P14,trial_37_R_unaffected,unaffected,55.0,47.0,55.0,45.0,98.0,91.0,98.0,104.0,167.0,155,156.0,155.0,244.0,166,257.0,261.0,335.0,,335.0,321.0,378.0,,377.0,407.0,59.0,105.0,59.0,92.0,114.0,92.0,157.0,156,160.0,258.0,258,242.0,329.0,333.0,329.0,378.0,386.0,374.0,59.0,105.0,59.0,105.0,117.0,105.0,157.0,159.0,165.0,258.0,206.0,241.0,331.0,,331.0,378.0,,374.0,59.0,105.0,59.0,105.0,117.0,105.0,157.0,159.0,165.0,258.0,206.0,241.0,331.0,,331.0,378.0,,374.0,59.0,105.0,59.0,105.0,117.0,105.0,165.0,159.0,165.0,241.0,206.0,241.0,331.0,,331.0,378.0,,374.0
P14,trial_38_R_unaffected,unaffected,39.0,31.0,39.0,28.0,82.0,74.0,82.0,88.0,148.0,141,146.0,139.0,245.0,258,243.0,258.0,342.0,347.0,342.0,318.0,474.0,401.0,384.0,493.0,45.0,89.0,45.0,86.0,102.0,86.0,145.0,145,158.0,258.0,258,243.0,346.0,292.0,346.0,355.0,308.0,384.0,45.0,89.0,45.0,90.0,102.0,90.0,145.0,146.0,154.0,258.0,254.0,243.0,346.0,290.0,346.0,355.0,308.0,384.0,45.0,89.0,45.0,90.0,102.0,90.0,145.0,146.0,154.0,258.0,254.0,243.0,346.0,290.0,346.0,355.0,308.0,384.0,45.0,89.0,45.0,90.0,102.0,90.0,154.0,146.0,154.0,243.0,254.0,243.0,346.0,290.0,346.0,355.0,308.0,384.0
P14,trial_39_R_unaffected,unaffected,40.0,32.0,40.0,31.0,83.0,76.0,83.0,88.0,141.0,133,143.0,134.0,243.0,142,245.0,245.0,323.0,,323.0,308.0,406.0,145.0,404.0,425.0,43.0,88.0,43.0,77.0,102.0,77.0,144.0,138,145.0,245.0,243,221.0,327.0,275.0,327.0,407.0,296.0,404.0,43.0,,43.0,86.0,,86.0,144.0,229.0,148.0,245.0,242.0,223.0,327.0,271.0,327.0,407.0,296.0,404.0,43.0,,43.0,86.0,,86.0,144.0,229.0,148.0,245.0,242.0,223.0,327.0,271.0,327.0,407.0,296.0,404.0,43.0,,43.0,86.0,,86.0,148.0,229.0,148.0,223.0,242.0,223.0,327.0,271.0,327.0,407.0,296.0,404.0
P14,trial_3_R_unaffected,unaffected,64.0,57.0,64.0,56.0,108.0,99.0,108.0,116.0,176.0,165,179.0,164.0,236.0,244,240.0,242.0,342.0,347.0,342.0,306.0,384.0,393.0,383.0,406.0,65.0,117.0,65.0,108.0,144.0,108.0,180.0,173,185.0,238.0,236,221.0,341.0,272.0,341.0,382.0,294.0,381.0,65.0,117.0,65.0,115.0,132.0,115.0,180.0,172.0,184.0,238.0,234.0,222.0,340.0,275.0,340.0,382.0,294.0,381.0,65.0,117.0,65.0,115.0,132.0,115.0,180.0,172.0,184.0,238.0,234.0,222.0,340.0,275.0,340.0,382.0,294.0,381.0,65.0,117.0,65.0,115.0,132.0,115.0,184.0,172.0,184.0,222.0,234.0,222.0,340.0,275.0,340.0,382.0,294.0,381.0
P14,trial_40_R_unaffected,unaffected,46.0,36.0,46.0,36.0,99.0,91.0,99.0,104.0,160.0,151,158.0,153.0,252.0,157,247.0,266.0,345.0,,345.0,319.0,406.0,164.0,354.0,426.0,55.0,104.0,55.0,95.0,120.0,95.0,155.0,155,163.0,265.0,264,248.0,336.0,294.0,336.0,406.0,311.0,395.0,55.0,,55.0,102.0,,102.0,155.0,246.0,165.0,265.0,260.0,247.0,338.0,292.0,338.0,406.0,311.0,395.0,55.0,,55.0,102.0,,102.0,155.0,246.0,165.0,265.0,260.0,247.0,338.0,292.0,338.0,406.0,311.0,395.0,55.0,,55.0,102.0,,102.0,165.0,246.0,165.0,247.0,260.0,247.0,338.0,292.0,338.0,406.0,311.0,395.0
P14,trial_41_R_unaffected,unaffected,48.0,40.0,48.0,38.0,91.0,84.0,91.0,98.0,161.0,156,166.0,152.0,234.0,159,238.0,258.0,333.0,,333.0,315.0,387.0,162.0,342.0,417.0,52.0,100.0,52.0,97.0,105.0,97.0,155.0,158,165.0,253.0,254,238.0,330.0,289.0,330.0,382.0,307.0,339.0,52.0,100.0,52.0,100.0,102.0,100.0,155.0,159.0,167.0,253.0,209.0,239.0,332.0,,332.0,382.0,,341.0,52.0,100.0,52.0,100.0,102.0,100.0,155.0,159.0,167.0,253.0,209.0,239.0,332.0,,332.0,382.0,,341.0,52.0,100.0,52.0,100.0,102.0,100.0,167.0,159.0,167.0,239.0,209.0,239.0,332.0,,332.0,382.0,,341.0
P14,trial_42_R_unaffected,unaffected,74.0,65.0,74.0,64.0,123.0,114.0,123.0,131.0,200.0,206,188.0,188.0,301.0,313,300.0,319.0,387.0,391.0,387.0,377.0,444.0,456.0,437.0,468.0,78.0,133.0,78.0,113.0,167.0,113.0,191.0,201,199.0,314.0,249,300.0,376.0,,376.0,446.0,,439.0,78.0,133.0,78.0,113.0,159.0,113.0,191.0,200.0,199.0,314.0,250.0,301.0,376.0,,376.0,446.0,,439.0,78.0,133.0,78.0,113.0,159.0,113.0,191.0,200.0,199.0,314.0,250.0,301.0,376.0,,376.0,446.0,,439.0,78.0,133.0,78.0,113.0,159.0,113.0,199.0,200.0,199.0,301.0,250.0,301.0,376.0,,376.0,446.0,,439.0
P14,trial_43_R_unaffected,unaffected,61.0,52.0,61.0,52.0,112.0,104.0,112.0,122.0,187.0,174,193.0,174.0,261.0,259,258.0,276.0,334.0,,334.0,323.0,378.0,318.0,393.0,410.0,62.0,122.0,62.0,109.0,153.0,109.0,179.0,179,189.0,274.0,273,257.0,337.0,299.0,337.0,375.0,318.0,392.0,62.0,122.0,62.0,122.0,152.0,122.0,179.0,180.0,192.0,274.0,269.0,257.0,338.0,300.0,338.0,375.0,318.0,392.0,62.0,122.0,62.0,122.0,152.0,122.0,179.0,180.0,192.0,274.0,269.0,257.0,338.0,300.0,338.0,375.0,318.0,392.0,62.0,122.0,62.0,122.0,152.0,122.0,192.0,180.0,192.0,257.0,269.0,257.0,338.0,300.0,338.0,375.0,318.0,392.0
P14,trial_44_R_unaffected,unaffected,57.0,49.0,57.0,48.0,98.0,90.0,98.0,102.0,158.0,150,154.0,153.0,274.0,290,274.0,291.0,365.0,370.0,365.0,338.0,408.0,417.0,414.0,423.0,61.0,104.0,61.0,99.0,121.0,99.0,166.0,153,159.0,286.0,203,275.0,364.0,,364.0,406.0,,373.0,61.0,104.0,61.0,103.0,118.0,103.0,166.0,154.0,161.0,286.0,205.0,276.0,366.0,,366.0,406.0,,375.0,61.0,104.0,61.0,103.0,118.0,103.0,166.0,154.0,161.0,286.0,205.0,276.0,366.0,,366.0,406.0,,375.0,61.0,104.0,61.0,103.0,118.0,103.0,161.0,154.0,161.0,276.0,205.0,276.0,366.0,,366.0,406.0,,375.0
P14,trial_45_R_unaffected,unaffected,0.0,4.0,0.0,,44.0,36.0,44.0,,108.0,102,109.0,,200.0,216,204.0,,288.0,294.0,288.0,,342.0,355.0,297.0,,0.0,,0.0,42.0,,42.0,107.0,184,115.0,218.0,219,204.0,292.0,243.0,292.0,343.0,266.0,301.0,0.0,205.0,0.0,53.0,209.0,53.0,107.0,209.0,119.0,218.0,218.0,205.0,292.0,246.0,292.0,343.0,266.0,301.0,0.0,205.0,0.0,53.0,209.0,53.0,107.0,209.0,119.0,218.0,218.0,205.0,292.0,246.0,292.0,343.0,266.0,301.0,0.0,205.0,0.0,53.0,209.0,53.0,119.0,209.0,119.0,205.0,218.0,205.0,292.0,246.0,292.0,343.0,266.0,301.0
P14,trial_46_R_unaffected,unaffected,56.0,48.0,56.0,47.0,97.0,90.0,97.0,102.0,161.0,155,162.0,152.0,296.0,311,295.0,312.0,378.0,382.0,378.0,362.0,437.0,448.0,430.0,459.0,59.0,103.0,59.0,96.0,123.0,96.0,158.0,156,161.0,308.0,310,296.0,371.0,323.0,371.0,437.0,359.0,429.0,59.0,103.0,59.0,100.0,122.0,100.0,158.0,158.0,168.0,308.0,306.0,296.0,372.0,335.0,372.0,437.0,359.0,429.0,59.0,103.0,59.0,100.0,122.0,100.0,158.0,158.0,168.0,308.0,306.0,296.0,372.0,335.0,372.0,437.0,359.0,429.0,59.0,103.0,59.0,100.0,122.0,100.0,168.0,158.0,168.0,296.0,306.0,296.0,372.0,335.0,372.0,437.0,359.0,429.0
P14,trial_47_R_unaffected,unaffected,32.0,24.0,32.0,23.0,75.0,68.0,75.0,80.0,136.0,126,134.0,128.0,260.0,275,259.0,273.0,345.0,349.0,345.0,332.0,398.0,408.0,399.0,417.0,36.0,253.0,36.0,75.0,267.0,75.0,132.0,267,136.0,257.0,275,258.0,348.0,292.0,348.0,397.0,319.0,399.0,36.0,253.0,36.0,104.0,270.0,104.0,132.0,270.0,141.0,257.0,275.0,252.0,348.0,292.0,348.0,397.0,319.0,399.0,36.0,253.0,36.0,104.0,270.0,104.0,132.0,270.0,141.0,257.0,275.0,252.0,348.0,292.0,348.0,397.0,319.0,399.0,36.0,253.0,36.0,104.0,270.0,104.0,141.0,270.0,141.0,252.0,275.0,252.0,348.0,292.0,348.0,397.0,319.0,399.0
P14,trial_48_L_affected,affected,38.0,32.0,38.0,31.0,97.0,85.0,97.0,107.0,174.0,166,178.0,164.0,232.0,167,220.0,234.0,325.0,,325.0,306.0,369.0,170.0,374.0,407.0,42.0,108.0,42.0,92.0,132.0,92.0,174.0,172,184.0,225.0,230,213.0,324.0,262.0,324.0,367.0,290.0,366.0,42.0,108.0,42.0,92.0,129.0,92.0,174.0,173.0,186.0,225.0,227.0,216.0,325.0,263.0,325.0,367.0,290.0,366.0,42.0,108.0,42.0,92.0,129.0,92.0,174.0,173.0,186.0,225.0,227.0,216.0,325.0,263.0,325.0,367.0,290.0,366.0,42.0,108.0,42.0,92.0,129.0,92.0,186.0,173.0,186.0,216.0,227.0,216.0,325.0,263.0,325.0,367.0,290.0,366.0
P14,trial_49_L_affected,affected,42.0,,42.0,33.0,112.0,,112.0,126.0,204.0,202,213.0,192.0,283.0,280,257.0,283.0,388.0,393.0,388.0,356.0,437.0,446.0,435.0,473.0,47.0,126.0,47.0,110.0,187.0,110.0,211.0,207,216.0,274.0,277,259.0,389.0,281.0,389.0,432.0,347.0,430.0,47.0,126.0,47.0,105.0,186.0,105.0,211.0,207.0,219.0,274.0,275.0,263.0,389.0,281.0,389.0,432.0,347.0,430.0,47.0,126.0,47.0,105.0,186.0,105.0,211.0,207.0,219.0,274.0,275.0,263.0,389.0,281.0,389.0,432.0,347.0,430.0,47.0,126.0,47.0,105.0,186.0,105.0,219.0,207.0,219.0,263.0,275.0,263.0,389.0,281.0,389.0,432.0,347.0,430.0
P14,trial_4_R_unaffected,unaffected,175.0,168.0,175.0,167.0,227.0,217.0,227.0,231.0,287.0,273,282.0,277.0,368.0,375,372.0,370.0,445.0,450.0,445.0,429.0,489.0,497.0,489.0,537.0,175.0,232.0,175.0,226.0,272.0,226.0,292.0,281,293.0,359.0,366,353.0,443.0,375.0,443.0,486.0,423.0,488.0,175.0,232.0,175.0,231.0,270.0,231.0,292.0,282.0,293.0,359.0,363.0,351.0,444.0,378.0,444.0,486.0,423.0,488.0,175.0,232.0,175.0,231.0,270.0,231.0,292.0,282.0,293.0,359.0,363.0,351.0,444.0,378.0,444.0,486.0,423.0,488.0,175.0,232.0,175.0,231.0,270.0,231.0,293.0,282.0,293.0,351.0,363.0,351.0,444.0,378.0,444.0,486.0,423.0,488.0
P14,trial_50_L_affected,affected,72.0,64.0,72.0,63.0,132.0,119.0,132.0,143.0,212.0,216,212.0,208.0,325.0,217,303.0,326.0,428.0,,428.0,393.0,476.0,205.0,465.0,514.0,75.0,143.0,75.0,126.0,193.0,126.0,214.0,234,215.0,320.0,235,302.0,425.0,,425.0,462.0,238.0,462.0,75.0,143.0,75.0,123.0,192.0,123.0,214.0,233.0,222.0,320.0,252.0,304.0,432.0,,432.0,462.0,257.0,462.0,75.0,143.0,75.0,123.0,192.0,123.0,214.0,233.0,222.0,320.0,252.0,304.0,432.0,,432.0,462.0,257.0,462.0,75.0,143.0,75.0,123.0,192.0,123.0,222.0,233.0,222.0,304.0,252.0,304.0,432.0,,432.0,462.0,257.0,462.0
P14,trial_51_L_affected,affected,34.0,26.0,34.0,21.0,94.0,84.0,94.0,109.0,171.0,169,173.0,165.0,258.0,254,234.0,258.0,367.0,372.0,367.0,327.0,403.0,432.0,376.0,457.0,43.0,113.0,43.0,89.0,164.0,89.0,181.0,177,181.0,256.0,257,238.0,374.0,270.0,374.0,403.0,326.0,383.0,43.0,113.0,43.0,89.0,163.0,89.0,181.0,178.0,183.0,256.0,254.0,244.0,376.0,302.0,376.0,403.0,335.0,385.0,43.0,113.0,43.0,89.0,163.0,89.0,181.0,178.0,183.0,256.0,254.0,244.0,376.0,302.0,376.0,403.0,335.0,385.0,43.0,113.0,43.0,89.0,163.0,89.0,183.0,178.0,183.0,244.0,254.0,244.0,376.0,302.0,376.0,403.0,335.0,385.0
P14,trial_52_L_affected,affected,42.0,33.0,42.0,31.0,110.0,99.0,110.0,119.0,192.0,186,194.0,179.0,258.0,257,235.0,259.0,358.0,364.0,358.0,327.0,409.0,427.0,409.0,449.0,45.0,120.0,45.0,98.0,172.0,98.0,187.0,190,197.0,253.0,209,236.0,358.0,,358.0,399.0,,401.0,45.0,120.0,45.0,100.0,172.0,100.0,187.0,191.0,212.0,253.0,208.0,237.0,362.0,,362.0,399.0,,401.0,45.0,120.0,45.0,100.0,172.0,100.0,187.0,191.0,212.0,253.0,208.0,237.0,362.0,,362.0,399.0,,401.0,45.0,120.0,45.0,100.0,172.0,100.0,212.0,191.0,212.0,237.0,208.0,237.0,362.0,,362.0,399.0,,401.0
P14,trial_53_L_affected,affected,61.0,53.0,61.0,48.0,118.0,111.0,118.0,140.0,216.0,215,217.0,207.0,305.0,304,283.0,309.0,425.0,430.0,425.0,392.0,478.0,488.0,472.0,505.0,65.0,141.0,65.0,116.0,181.0,116.0,219.0,223,216.0,294.0,303,288.0,428.0,306.0,428.0,473.0,370.0,457.0,65.0,141.0,65.0,115.0,208.0,115.0,219.0,223.0,222.0,294.0,301.0,287.0,428.0,350.0,428.0,473.0,370.0,457.0,65.0,141.0,65.0,115.0,208.0,115.0,219.0,223.0,222.0,294.0,301.0,287.0,428.0,350.0,428.0,473.0,370.0,457.0,65.0,141.0,65.0,115.0,208.0,115.0,222.0,223.0,222.0,287.0,301.0,287.0,428.0,350.0,428.0,473.0,370.0,457.0
P14,trial_54_L_affected,affected,41.0,33.0,41.0,,106.0,95.0,106.0,,189.0,194,208.0,,277.0,210,255.0,,389.0,,389.0,,437.0,,443.0,,47.0,,47.0,109.0,,109.0,195.0,238,201.0,272.0,270,259.0,393.0,296.0,393.0,430.0,343.0,430.0,47.0,,47.0,109.0,,109.0,195.0,236.0,203.0,272.0,269.0,256.0,393.0,318.0,393.0,430.0,343.0,430.0,47.0,,47.0,109.0,,109.0,195.0,236.0,203.0,272.0,269.0,256.0,393.0,318.0,393.0,430.0,343.0,430.0,47.0,,47.0,109.0,,109.0,203.0,236.0,203.0,256.0,269.0,256.0,393.0,318.0,393.0,430.0,343.0,430.0
P14,trial_55_L_affected,affected,44.0,35.0,44.0,34.0,109.0,102.0,109.0,131.0,198.0,198,206.0,188.0,283.0,249,281.0,285.0,386.0,,386.0,369.0,428.0,,426.0,491.0,52.0,132.0,52.0,100.0,180.0,100.0,193.0,200,204.0,274.0,201,267.0,390.0,,390.0,422.0,204.0,421.0,52.0,132.0,52.0,107.0,180.0,107.0,193.0,202.0,207.0,274.0,203.0,265.0,391.0,,391.0,422.0,204.0,421.0,52.0,132.0,52.0,107.0,180.0,107.0,193.0,202.0,207.0,274.0,203.0,265.0,391.0,,391.0,422.0,204.0,421.0,52.0,132.0,52.0,107.0,180.0,107.0,207.0,202.0,207.0,265.0,203.0,265.0,391.0,,391.0,422.0,204.0,421.0
P14,trial_57_L_affected,affected,41.0,32.0,41.0,,97.0,84.0,97.0,,171.0,174,186.0,,251.0,242,227.0,,371.0,375.0,371.0,,415.0,430.0,419.0,,46.0,107.0,46.0,87.0,134.0,87.0,175.0,175,184.0,243.0,243,227.0,375.0,266.0,375.0,409.0,314.0,412.0,46.0,107.0,46.0,87.0,125.0,87.0,175.0,174.0,185.0,243.0,242.0,228.0,375.0,286.0,375.0,409.0,315.0,412.0,46.0,107.0,46.0,87.0,125.0,87.0,175.0,174.0,185.0,243.0,242.0,228.0,375.0,286.0,375.0,409.0,315.0,412.0,46.0,107.0,46.0,87.0,125.0,87.0,185.0,174.0,185.0,228.0,242.0,228.0,375.0,286.0,375.0,409.0,315.0,412.0
P14,trial_58_L_affected,affected,49.0,41.0,49.0,39.0,121.0,109.0,121.0,135.0,197.0,206,206.0,188.0,277.0,277,262.0,284.0,370.0,376.0,370.0,350.0,428.0,435.0,428.0,451.0,55.0,,55.0,117.0,,117.0,195.0,205,208.0,277.0,277,261.0,373.0,323.0,373.0,407.0,342.0,427.0,55.0,,55.0,113.0,,113.0,195.0,205.0,209.0,277.0,276.0,263.0,375.0,324.0,375.0,407.0,342.0,427.0,55.0,,55.0,113.0,,113.0,195.0,205.0,209.0,277.0,276.0,263.0,375.0,324.0,375.0,407.0,342.0,427.0,55.0,,55.0,113.0,,113.0,209.0,205.0,209.0,263.0,276.0,263.0,375.0,324.0,375.0,407.0,342.0,427.0
P14,trial_59_L_affected,affected,60.0,52.0,60.0,50.0,109.0,99.0,109.0,118.0,182.0,178,196.0,173.0,253.0,250,230.0,253.0,343.0,348.0,343.0,330.0,393.0,410.0,394.0,426.0,63.0,120.0,63.0,111.0,178.0,111.0,198.0,187,203.0,237.0,244,229.0,346.0,,346.0,378.0,305.0,394.0,63.0,120.0,63.0,117.0,177.0,117.0,198.0,183.0,200.0,237.0,243.0,232.0,348.0,,348.0,378.0,305.0,394.0,63.0,120.0,63.0,117.0,177.0,117.0,198.0,183.0,200.0,237.0,243.0,232.0,348.0,,348.0,378.0,305.0,394.0,63.0,120.0,63.0,117.0,177.0,117.0,200.0,183.0,200.0,232.0,243.0,232.0,348.0,,348.0,378.0,305.0,394.0
P14,trial_5_R_unaffected,unaffected,64.0,55.0,64.0,54.0,112.0,102.0,112.0,118.0,177.0,165,174.0,166.0,248.0,254,249.0,250.0,363.0,368.0,363.0,316.0,406.0,416.0,407.0,449.0,66.0,119.0,66.0,112.0,140.0,112.0,177.0,173,186.0,246.0,246,230.0,362.0,282.0,362.0,403.0,301.0,403.0,66.0,119.0,66.0,120.0,133.0,120.0,177.0,173.0,186.0,246.0,243.0,230.0,363.0,284.0,363.0,403.0,301.0,403.0,66.0,119.0,66.0,120.0,133.0,120.0,177.0,173.0,186.0,246.0,243.0,230.0,363.0,284.0,363.0,403.0,301.0,403.0,66.0,119.0,66.0,120.0,133.0,120.0,186.0,173.0,186.0,230.0,243.0,230.0,363.0,284.0,363.0,403.0,301.0,403.0
P14,trial_60_L_affected,affected,51.0,39.0,51.0,35.0,110.0,100.0,110.0,123.0,200.0,202,191.0,190.0,289.0,290,271.0,295.0,375.0,380.0,375.0,360.0,416.0,431.0,416.0,448.0,55.0,121.0,55.0,106.0,183.0,106.0,199.0,194,206.0,286.0,293,284.0,377.0,,377.0,413.0,350.0,412.0,55.0,121.0,55.0,119.0,183.0,119.0,199.0,194.0,201.0,286.0,290.0,278.0,379.0,326.0,379.0,413.0,350.0,412.0,55.0,121.0,55.0,119.0,183.0,119.0,199.0,194.0,201.0,286.0,290.0,278.0,379.0,326.0,379.0,413.0,350.0,412.0,55.0,121.0,55.0,119.0,183.0,119.0,201.0,194.0,201.0,278.0,290.0,278.0,379.0,326.0,379.0,413.0,350.0,412.0
P14,trial_61_L_affected,affected,45.0,34.0,45.0,33.0,103.0,96.0,103.0,121.0,190.0,192,209.0,181.0,279.0,278,261.0,282.0,367.0,373.0,367.0,350.0,420.0,428.0,416.0,483.0,49.0,121.0,49.0,100.0,175.0,100.0,189.0,197,200.0,276.0,277,261.0,372.0,291.0,372.0,406.0,340.0,407.0,49.0,121.0,49.0,96.0,175.0,96.0,189.0,197.0,199.0,276.0,275.0,263.0,375.0,314.0,375.0,406.0,340.0,407.0,49.0,121.0,49.0,96.0,175.0,96.0,189.0,197.0,199.0,276.0,275.0,263.0,375.0,314.0,375.0,406.0,340.0,407.0,49.0,121.0,49.0,96.0,175.0,96.0,199.0,197.0,199.0,263.0,275.0,263.0,375.0,314.0,375.0,406.0,340.0,407.0
P14,trial_62_L_affected,affected,47.0,34.0,47.0,31.0,109.0,100.0,109.0,116.0,185.0,197,196.0,177.0,272.0,268,251.0,276.0,377.0,382.0,377.0,347.0,425.0,437.0,428.0,472.0,54.0,117.0,54.0,104.0,128.0,104.0,184.0,193,199.0,270.0,268,255.0,377.0,289.0,377.0,423.0,332.0,422.0,54.0,117.0,54.0,102.0,128.0,102.0,184.0,195.0,202.0,270.0,267.0,254.0,379.0,290.0,379.0,423.0,332.0,422.0,54.0,117.0,54.0,102.0,128.0,102.0,184.0,195.0,202.0,270.0,267.0,254.0,379.0,290.0,379.0,423.0,332.0,422.0,54.0,117.0,54.0,102.0,128.0,102.0,202.0,195.0,202.0,254.0,267.0,254.0,379.0,290.0,379.0,423.0,332.0,422.0
P14,trial_63_L_affected,affected,68.0,60.0,68.0,58.0,119.0,109.0,119.0,127.0,198.0,196,207.0,185.0,273.0,268,252.0,275.0,366.0,370.0,366.0,344.0,408.0,419.0,438.0,457.0,72.0,127.0,72.0,119.0,177.0,119.0,197.0,198,218.0,270.0,221,252.0,364.0,,364.0,404.0,,373.0,72.0,127.0,72.0,125.0,150.0,125.0,197.0,198.0,216.0,270.0,220.0,253.0,366.0,,366.0,404.0,,375.0,72.0,127.0,72.0,125.0,150.0,125.0,197.0,198.0,216.0,270.0,220.0,253.0,366.0,,366.0,404.0,,375.0,72.0,127.0,72.0,125.0,150.0,125.0,216.0,198.0,216.0,253.0,220.0,253.0,366.0,,366.0,404.0,,375.0
P14,trial_64_L_affected,affected,83.0,293.0,83.0,73.0,133.0,303.0,133.0,141.0,196.0,303,214.0,195.0,303.0,309,279.0,303.0,403.0,408.0,403.0,386.0,447.0,458.0,452.0,469.0,90.0,141.0,90.0,131.0,148.0,131.0,205.0,209,215.0,285.0,298,281.0,406.0,320.0,406.0,443.0,358.0,441.0,90.0,141.0,90.0,137.0,151.0,137.0,205.0,210.0,215.0,285.0,295.0,281.0,403.0,332.0,403.0,443.0,358.0,441.0,90.0,141.0,90.0,137.0,151.0,137.0,205.0,210.0,215.0,285.0,295.0,281.0,403.0,332.0,403.0,443.0,358.0,441.0,90.0,141.0,90.0,137.0,151.0,137.0,215.0,210.0,215.0,281.0,295.0,281.0,403.0,332.0,403.0,443.0,358.0,441.0
P14,trial_65_L_affected,affected,38.0,30.0,38.0,28.0,99.0,86.0,99.0,104.0,172.0,172,180.0,160.0,246.0,247,233.0,254.0,356.0,361.0,356.0,334.0,397.0,407.0,392.0,423.0,46.0,106.0,46.0,91.0,126.0,91.0,167.0,176,178.0,248.0,248,233.0,358.0,278.0,358.0,388.0,316.0,387.0,46.0,106.0,46.0,95.0,117.0,95.0,167.0,177.0,183.0,248.0,246.0,234.0,358.0,292.0,358.0,388.0,316.0,387.0,46.0,106.0,46.0,95.0,117.0,95.0,167.0,177.0,183.0,248.0,246.0,234.0,358.0,292.0,358.0,388.0,316.0,387.0,46.0,106.0,46.0,95.0,117.0,95.0,183.0,177.0,183.0,234.0,246.0,234.0,358.0,292.0,358.0,388.0,316.0,387.0
P14,trial_66_L_affected,affected,66.0,56.0,66.0,54.0,126.0,116.0,126.0,139.0,226.0,226,237.0,217.0,299.0,306,289.0,308.0,429.0,435.0,429.0,392.0,477.0,489.0,480.0,547.0,73.0,139.0,73.0,124.0,204.0,124.0,221.0,232,249.0,300.0,237,288.0,432.0,,432.0,472.0,240.0,473.0,73.0,139.0,73.0,120.0,203.0,120.0,221.0,233.0,250.0,300.0,265.0,289.0,433.0,,433.0,472.0,,473.0,73.0,139.0,73.0,120.0,203.0,120.0,221.0,233.0,250.0,300.0,265.0,289.0,433.0,,433.0,472.0,,473.0,73.0,139.0,73.0,120.0,203.0,120.0,250.0,233.0,250.0,289.0,265.0,289.0,433.0,,433.0,472.0,,473.0
P14,trial_67_L_affected,affected,65.0,56.0,65.0,51.0,119.0,111.0,119.0,128.0,195.0,205,204.0,189.0,283.0,279,267.0,288.0,385.0,390.0,385.0,345.0,432.0,469.0,434.0,498.0,73.0,,73.0,108.0,,108.0,200.0,361,223.0,277.0,392,269.0,387.0,,387.0,429.0,449.0,431.0,73.0,129.0,73.0,117.0,150.0,117.0,200.0,209.0,223.0,277.0,279.0,267.0,387.0,320.0,387.0,429.0,346.0,431.0,73.0,129.0,73.0,117.0,150.0,117.0,200.0,209.0,223.0,277.0,279.0,267.0,387.0,320.0,387.0,429.0,346.0,431.0,73.0,129.0,73.0,117.0,150.0,117.0,223.0,209.0,223.0,267.0,279.0,267.0,387.0,320.0,387.0,429.0,346.0,431.0
P14,trial_68_L_affected,affected,63.0,53.0,63.0,53.0,117.0,113.0,117.0,136.0,207.0,201,213.0,198.0,282.0,280,263.0,282.0,362.0,367.0,362.0,349.0,401.0,414.0,399.0,426.0,69.0,,69.0,104.0,,104.0,209.0,204,214.0,276.0,237,265.0,364.0,,364.0,399.0,242.0,397.0,69.0,139.0,69.0,117.0,195.0,117.0,209.0,206.0,217.0,276.0,238.0,266.0,364.0,,364.0,399.0,242.0,397.0,69.0,139.0,69.0,117.0,195.0,117.0,209.0,206.0,217.0,276.0,238.0,266.0,364.0,,364.0,399.0,242.0,397.0,69.0,139.0,69.0,117.0,195.0,117.0,217.0,206.0,217.0,266.0,238.0,266.0,364.0,,364.0,399.0,242.0,397.0
P14,trial_69_L_affected,affected,62.0,53.0,62.0,,116.0,106.0,116.0,,192.0,198,199.0,,282.0,274,258.0,,364.0,369.0,364.0,,416.0,431.0,420.0,,66.0,124.0,66.0,113.0,143.0,113.0,195.0,203,198.0,276.0,275,260.0,365.0,304.0,365.0,416.0,341.0,420.0,66.0,124.0,66.0,120.0,141.0,120.0,195.0,202.0,199.0,276.0,273.0,259.0,366.0,306.0,366.0,416.0,341.0,420.0,66.0,124.0,66.0,120.0,141.0,120.0,195.0,202.0,199.0,276.0,273.0,259.0,366.0,306.0,366.0,416.0,341.0,420.0,66.0,124.0,66.0,120.0,141.0,120.0,199.0,202.0,199.0,259.0,273.0,259.0,366.0,306.0,366.0,416.0,341.0,420.0
P14,trial_6_R_unaffected,unaffected,62.0,55.0,62.0,53.0,110.0,100.0,110.0,115.0,175.0,162,173.0,164.0,248.0,257,251.0,256.0,347.0,352.0,347.0,312.0,396.0,407.0,396.0,415.0,62.0,115.0,62.0,110.0,146.0,110.0,175.0,172,180.0,252.0,250,238.0,345.0,281.0,345.0,392.0,304.0,393.0,62.0,115.0,62.0,115.0,137.0,115.0,175.0,173.0,182.0,252.0,247.0,235.0,345.0,285.0,345.0,392.0,304.0,393.0,62.0,115.0,62.0,115.0,137.0,115.0,175.0,173.0,182.0,252.0,247.0,235.0,345.0,285.0,345.0,392.0,304.0,393.0,62.0,115.0,62.0,115.0,137.0,115.0,182.0,173.0,182.0,235.0,247.0,235.0,345.0,285.0,345.0,392.0,304.0,393.0
P14,trial_70_L_affected,affected,79.0,73.0,79.0,71.0,129.0,120.0,129.0,135.0,203.0,207,209.0,192.0,276.0,275,262.0,282.0,362.0,367.0,362.0,345.0,403.0,417.0,404.0,430.0,83.0,137.0,83.0,130.0,158.0,130.0,204.0,203,206.0,269.0,277,267.0,364.0,316.0,364.0,396.0,334.0,397.0,83.0,137.0,83.0,132.0,157.0,132.0,204.0,206.0,219.0,269.0,274.0,263.0,365.0,317.0,365.0,396.0,334.0,397.0,83.0,137.0,83.0,132.0,157.0,132.0,204.0,207.0,219.0,269.0,274.0,263.0,365.0,317.0,365.0,396.0,334.0,397.0,83.0,137.0,83.0,132.0,157.0,132.0,219.0,206.0,219.0,263.0,274.0,263.0,365.0,317.0,365.0,396.0,334.0,397.0
P14,trial_71_L_affected,affected,46.0,37.0,46.0,35.0,99.0,91.0,99.0,107.0,176.0,175,185.0,165.0,260.0,262,244.0,264.0,349.0,354.0,349.0,332.0,376.0,398.0,358.0,421.0,53.0,109.0,53.0,96.0,126.0,96.0,178.0,177,187.0,251.0,262,248.0,350.0,286.0,350.0,375.0,316.0,359.0,53.0,109.0,53.0,104.0,122.0,104.0,178.0,179.0,194.0,251.0,258.0,245.0,352.0,290.0,352.0,375.0,317.0,361.0,53.0,109.0,53.0,104.0,122.0,104.0,178.0,179.0,194.0,251.0,258.0,245.0,352.0,290.0,352.0,375.0,317.0,361.0,53.0,109.0,53.0,104.0,122.0,104.0,194.0,179.0,194.0,245.0,258.0,245.0,352.0,290.0,352.0,375.0,317.0,361.0
P14,trial_72_L_affected,affected,39.0,30.0,39.0,28.0,94.0,84.0,94.0,101.0,168.0,161,171.0,154.0,218.0,228,208.0,231.0,319.0,326.0,319.0,303.0,360.0,386.0,328.0,402.0,42.0,,42.0,91.0,,91.0,160.0,160,171.0,222.0,227,210.0,309.0,242.0,309.0,356.0,287.0,318.0,42.0,,42.0,95.0,,95.0,160.0,160.0,178.0,222.0,225.0,210.0,322.0,265.0,322.0,356.0,287.0,331.0,42.0,,42.0,95.0,,95.0,160.0,160.0,178.0,222.0,225.0,210.0,322.0,265.0,322.0,356.0,287.0,331.0,42.0,,42.0,95.0,,95.0,178.0,160.0,178.0,210.0,225.0,210.0,322.0,265.0,322.0,356.0,287.0,331.0
P14,trial_73_L_affected,affected,49.0,39.0,49.0,36.0,120.0,111.0,120.0,128.0,197.0,206,218.0,188.0,287.0,298,284.0,302.0,388.0,392.0,388.0,371.0,434.0,448.0,424.0,464.0,71.0,129.0,71.0,121.0,150.0,121.0,202.0,207,201.0,294.0,298,285.0,389.0,321.0,389.0,420.0,355.0,422.0,71.0,129.0,71.0,126.0,144.0,126.0,202.0,208.0,207.0,294.0,295.0,283.0,390.0,332.0,390.0,420.0,355.0,422.0,71.0,129.0,71.0,126.0,144.0,126.0,202.0,208.0,207.0,294.0,295.0,283.0,390.0,332.0,390.0,420.0,355.0,422.0,71.0,129.0,71.0,126.0,144.0,126.0,207.0,208.0,207.0,283.0,295.0,283.0,390.0,332.0,390.0,420.0,355.0,422.0
P14,trial_74_L_affected,affected,37.0,27.0,37.0,26.0,102.0,92.0,102.0,111.0,170.0,200,204.0,167.0,278.0,277,264.0,287.0,370.0,375.0,370.0,346.0,421.0,434.0,423.0,447.0,42.0,114.0,42.0,83.0,157.0,83.0,172.0,193,177.0,278.0,201,269.0,377.0,,377.0,410.0,,410.0,42.0,274.0,42.0,84.0,346.0,84.0,172.0,346.0,181.0,278.0,380.0,267.0,374.0,,374.0,410.0,436.0,410.0,42.0,274.0,42.0,84.0,346.0,84.0,172.0,346.0,181.0,278.0,380.0,267.0,374.0,,374.0,410.0,436.0,410.0,42.0,274.0,42.0,84.0,346.0,84.0,181.0,346.0,181.0,267.0,380.0,267.0,374.0,,374.0,410.0,436.0,410.0
P14,trial_75_L_affected,affected,42.0,34.0,42.0,32.0,97.0,89.0,97.0,112.0,181.0,178,194.0,162.0,262.0,251,232.0,263.0,352.0,358.0,352.0,334.0,398.0,418.0,397.0,428.0,52.0,,52.0,88.0,,88.0,174.0,180,183.0,256.0,250,233.0,358.0,275.0,358.0,393.0,322.0,393.0,52.0,,52.0,101.0,,101.0,174.0,179.0,185.0,256.0,251.0,236.0,358.0,281.0,358.0,393.0,322.0,393.0,52.0,,52.0,101.0,,101.0,174.0,179.0,185.0,256.0,251.0,236.0,358.0,281.0,358.0,393.0,322.0,393.0,52.0,,52.0,101.0,,101.0,185.0,179.0,185.0,236.0,251.0,236.0,358.0,281.0,358.0,393.0,322.0,393.0
P14,trial_76_L_affected,affected,62.0,53.0,62.0,51.0,108.0,100.0,108.0,119.0,180.0,192,191.0,170.0,278.0,272,257.0,282.0,359.0,363.0,359.0,347.0,397.0,424.0,402.0,442.0,68.0,120.0,68.0,107.0,137.0,107.0,179.0,188,194.0,264.0,273,259.0,362.0,297.0,362.0,397.0,341.0,399.0,68.0,120.0,68.0,105.0,135.0,105.0,179.0,187.0,191.0,264.0,272.0,258.0,354.0,306.0,354.0,397.0,341.0,399.0,68.0,120.0,68.0,105.0,135.0,105.0,179.0,187.0,191.0,264.0,272.0,258.0,354.0,306.0,354.0,397.0,341.0,399.0,68.0,120.0,68.0,105.0,135.0,105.0,191.0,187.0,191.0,258.0,272.0,258.0,354.0,306.0,354.0,397.0,341.0,399.0
P14,trial_77_L_affected,affected,82.0,,82.0,70.0,135.0,,135.0,158.0,235.0,245,266.0,222.0,343.0,297,323.0,347.0,439.0,,439.0,414.0,495.0,,491.0,534.0,85.0,160.0,85.0,137.0,218.0,137.0,233.0,250,239.0,340.0,256,322.0,437.0,,437.0,489.0,258.0,489.0,85.0,160.0,85.0,136.0,180.0,136.0,233.0,247.0,242.0,340.0,255.0,325.0,437.0,,437.0,489.0,258.0,489.0,85.0,160.0,85.0,136.0,180.0,136.0,233.0,247.0,242.0,340.0,255.0,325.0,437.0,,437.0,489.0,258.0,489.0,85.0,160.0,85.0,136.0,180.0,136.0,242.0,247.0,242.0,325.0,255.0,325.0,437.0,,437.0,489.0,258.0,489.0
P14,trial_78_L_affected,affected,47.0,35.0,47.0,33.0,114.0,108.0,114.0,126.0,197.0,203,211.0,182.0,294.0,285,271.0,296.0,397.0,402.0,397.0,359.0,441.0,457.0,441.0,468.0,49.0,36.0,49.0,117.0,117.0,117.0,199.0,220,202.0,274.0,285,273.0,400.0,326.0,400.0,438.0,354.0,439.0,49.0,36.0,49.0,118.0,114.0,118.0,199.0,219.0,202.0,274.0,285.0,272.0,400.0,330.0,400.0,438.0,354.0,439.0,49.0,36.0,49.0,118.0,114.0,118.0,199.0,219.0,202.0,274.0,285.0,272.0,400.0,330.0,400.0,438.0,354.0,439.0,49.0,36.0,49.0,118.0,114.0,118.0,202.0,219.0,202.0,272.0,285.0,272.0,400.0,330.0,400.0,438.0,354.0,439.0
P14,trial_79_L_affected,affected,60.0,51.0,60.0,43.0,114.0,105.0,114.0,122.0,193.0,214,212.0,181.0,294.0,292,277.0,301.0,383.0,387.0,383.0,355.0,424.0,453.0,425.0,473.0,64.0,291.0,64.0,115.0,321.0,115.0,198.0,321,200.0,286.0,325,284.0,382.0,331.0,382.0,422.0,348.0,422.0,64.0,290.0,64.0,120.0,312.0,120.0,198.0,312.0,200.0,286.0,315.0,280.0,382.0,333.0,382.0,422.0,348.0,422.0,64.0,290.0,64.0,120.0,312.0,120.0,198.0,312.0,200.0,286.0,315.0,280.0,382.0,333.0,382.0,422.0,348.0,422.0,64.0,290.0,64.0,120.0,312.0,120.0,200.0,312.0,200.0,280.0,315.0,280.0,382.0,333.0,382.0,422.0,348.0,422.0
P14,trial_7_R_unaffected,unaffected,63.0,56.0,63.0,55.0,115.0,105.0,115.0,122.0,185.0,168,175.0,172.0,253.0,236,257.0,261.0,359.0,,359.0,319.0,412.0,,411.0,431.0,66.0,124.0,66.0,126.0,125.0,126.0,178.0,176,189.0,258.0,257,241.0,357.0,293.0,357.0,408.0,309.0,408.0,66.0,,66.0,126.0,,126.0,178.0,177.0,188.0,258.0,254.0,242.0,358.0,295.0,358.0,408.0,309.0,408.0,66.0,,66.0,126.0,,126.0,178.0,177.0,188.0,258.0,254.0,242.0,358.0,295.0,358.0,408.0,309.0,408.0,66.0,,66.0,126.0,,126.0,188.0,177.0,188.0,242.0,254.0,242.0,358.0,295.0,358.0,408.0,309.0,408.0
P14,trial_80_L_affected,affected,71.0,63.0,71.0,60.0,131.0,121.0,131.0,136.0,203.0,220,222.0,192.0,311.0,304,286.0,314.0,400.0,405.0,400.0,378.0,444.0,461.0,447.0,505.0,73.0,134.0,73.0,128.0,154.0,128.0,211.0,202,209.0,305.0,309,297.0,399.0,350.0,399.0,443.0,369.0,447.0,73.0,134.0,73.0,131.0,151.0,131.0,211.0,203.0,213.0,305.0,306.0,292.0,400.0,351.0,400.0,443.0,369.0,447.0,73.0,134.0,73.0,131.0,151.0,131.0,211.0,203.0,213.0,305.0,306.0,292.0,400.0,351.0,400.0,443.0,369.0,447.0,73.0,134.0,73.0,131.0,151.0,131.0,213.0,203.0,213.0,292.0,306.0,292.0,400.0,351.0,400.0,443.0,369.0,447.0
P14,trial_81_L_affected,affected,49.0,39.0,49.0,37.0,96.0,88.0,96.0,106.0,176.0,197,218.0,167.0,286.0,283,267.0,291.0,372.0,379.0,372.0,354.0,415.0,442.0,414.0,453.0,52.0,283.0,52.0,98.0,311.0,98.0,173.0,311,179.0,287.0,315,271.0,370.0,321.0,370.0,413.0,346.0,412.0,52.0,106.0,52.0,101.0,157.0,101.0,173.0,177.0,180.0,287.0,183.0,269.0,370.0,,370.0,413.0,186.0,412.0,52.0,106.0,52.0,101.0,157.0,101.0,173.0,177.0,180.0,287.0,183.0,269.0,370.0,,370.0,413.0,186.0,412.0,52.0,106.0,52.0,101.0,157.0,101.0,180.0,177.0,180.0,269.0,183.0,269.0,370.0,,370.0,413.0,186.0,412.0
P14,trial_82_L_affected,affected,71.0,62.0,71.0,53.0,126.0,115.0,126.0,135.0,207.0,225,228.0,195.0,300.0,294,281.0,305.0,405.0,411.0,405.0,369.0,446.0,458.0,446.0,495.0,78.0,289.0,78.0,124.0,332.0,124.0,211.0,332,214.0,289.0,337,285.0,406.0,341.0,406.0,443.0,360.0,443.0,78.0,289.0,78.0,125.0,322.0,125.0,211.0,322.0,216.0,289.0,325.0,283.0,406.0,344.0,406.0,443.0,360.0,443.0,78.0,289.0,78.0,125.0,322.0,125.0,211.0,322.0,216.0,289.0,325.0,283.0,406.0,344.0,406.0,443.0,360.0,443.0,78.0,289.0,78.0,125.0,322.0,125.0,216.0,322.0,216.0,283.0,325.0,283.0,406.0,344.0,406.0,443.0,360.0,443.0
P14,trial_83_L_affected,affected,56.0,46.0,56.0,44.0,111.0,102.0,111.0,120.0,194.0,195,221.0,176.0,277.0,226,252.0,280.0,382.0,,382.0,358.0,409.0,,391.0,485.0,66.0,125.0,66.0,114.0,139.0,114.0,194.0,198,203.0,259.0,271,258.0,391.0,294.0,391.0,413.0,338.0,400.0,66.0,125.0,66.0,122.0,136.0,122.0,194.0,199.0,207.0,259.0,271.0,259.0,391.0,315.0,391.0,413.0,345.0,400.0,66.0,125.0,66.0,122.0,136.0,122.0,194.0,199.0,207.0,259.0,271.0,259.0,391.0,315.0,391.0,413.0,345.0,400.0,66.0,125.0,66.0,122.0,136.0,122.0,207.0,199.0,207.0,259.0,271.0,259.0,391.0,315.0,391.0,413.0,345.0,400.0
P14,trial_84_L_affected,affected,59.0,51.0,59.0,,113.0,103.0,113.0,,188.0,193,217.0,,256.0,262,249.0,,346.0,351.0,346.0,,381.0,401.0,379.0,,62.0,119.0,62.0,113.0,139.0,113.0,191.0,180,188.0,260.0,265,254.0,347.0,293.0,347.0,377.0,321.0,377.0,62.0,119.0,62.0,118.0,136.0,118.0,191.0,182.0,196.0,260.0,262.0,251.0,346.0,296.0,346.0,377.0,321.0,377.0,62.0,119.0,62.0,118.0,136.0,118.0,191.0,182.0,196.0,260.0,262.0,251.0,346.0,296.0,346.0,377.0,321.0,377.0,62.0,119.0,62.0,118.0,136.0,118.0,196.0,182.0,196.0,251.0,262.0,251.0,346.0,296.0,346.0,377.0,321.0,377.0
P14,trial_85_L_affected,affected,52.0,44.0,52.0,42.0,100.0,91.0,100.0,106.0,181.0,187,184.0,166.0,264.0,255,243.0,266.0,349.0,354.0,349.0,337.0,397.0,407.0,400.0,447.0,55.0,249.0,55.0,102.0,280.0,102.0,180.0,280,183.0,248.0,283,244.0,349.0,300.0,349.0,381.0,319.0,400.0,55.0,249.0,55.0,104.0,269.0,104.0,180.0,269.0,184.0,248.0,273.0,244.0,350.0,304.0,350.0,381.0,319.0,400.0,55.0,249.0,55.0,104.0,269.0,104.0,180.0,269.0,184.0,248.0,273.0,244.0,350.0,304.0,350.0,381.0,319.0,400.0,55.0,249.0,55.0,104.0,269.0,104.0,184.0,269.0,184.0,244.0,273.0,244.0,350.0,304.0,350.0,381.0,319.0,400.0
P14,trial_86_L_affected,affected,36.0,27.0,36.0,25.0,102.0,89.0,102.0,108.0,177.0,194,211.0,168.0,285.0,217,264.0,289.0,372.0,,372.0,358.0,419.0,,419.0,436.0,43.0,110.0,43.0,90.0,124.0,90.0,172.0,197,187.0,281.0,280,266.0,373.0,295.0,373.0,409.0,343.0,407.0,43.0,110.0,43.0,89.0,116.0,89.0,172.0,196.0,189.0,281.0,278.0,265.0,373.0,315.0,373.0,409.0,343.0,407.0,43.0,110.0,43.0,89.0,116.0,89.0,172.0,196.0,189.0,281.0,278.0,265.0,373.0,315.0,373.0,409.0,343.0,407.0,43.0,110.0,43.0,89.0,116.0,89.0,189.0,196.0,189.0,265.0,278.0,265.0,373.0,315.0,373.0,409.0,343.0,407.0
P14,trial_87_L_affected,affected,44.0,35.0,44.0,33.0,90.0,82.0,90.0,97.0,165.0,168,188.0,154.0,261.0,251,236.0,264.0,358.0,363.0,358.0,349.0,417.0,427.0,421.0,470.0,52.0,99.0,52.0,88.0,120.0,88.0,163.0,165,171.0,256.0,254,238.0,361.0,265.0,361.0,399.0,321.0,413.0,52.0,99.0,52.0,89.0,110.0,89.0,163.0,164.0,171.0,256.0,254.0,240.0,361.0,301.0,361.0,399.0,321.0,413.0,52.0,99.0,52.0,89.0,110.0,89.0,163.0,164.0,171.0,256.0,254.0,240.0,361.0,301.0,361.0,399.0,321.0,413.0,52.0,99.0,52.0,89.0,110.0,89.0,171.0,164.0,171.0,240.0,254.0,240.0,361.0,301.0,361.0,399.0,321.0,413.0
P14,trial_88_L_affected,affected,67.0,58.0,67.0,57.0,127.0,115.0,127.0,145.0,211.0,225,240.0,201.0,302.0,292,278.0,307.0,417.0,419.0,417.0,368.0,472.0,484.0,473.0,502.0,72.0,150.0,72.0,121.0,169.0,121.0,206.0,222,243.0,300.0,223,280.0,417.0,,417.0,470.0,,474.0,72.0,150.0,72.0,119.0,167.0,119.0,206.0,220.0,241.0,300.0,221.0,282.0,417.0,,417.0,470.0,222.0,474.0,72.0,150.0,72.0,119.0,167.0,119.0,206.0,220.0,241.0,300.0,221.0,282.0,417.0,,417.0,470.0,222.0,474.0,72.0,150.0,72.0,119.0,167.0,119.0,241.0,220.0,241.0,282.0,221.0,282.0,417.0,,417.0,470.0,222.0,474.0
P14,trial_89_L_affected,affected,44.0,32.0,44.0,,90.0,84.0,90.0,,181.0,180,203.0,,284.0,275,259.0,,381.0,387.0,381.0,,424.0,441.0,423.0,,48.0,,48.0,94.0,,94.0,172.0,180,177.0,272.0,275,261.0,380.0,297.0,380.0,421.0,346.0,421.0,48.0,,48.0,92.0,,92.0,172.0,177.0,201.0,272.0,276.0,262.0,381.0,299.0,381.0,421.0,346.0,421.0,48.0,,48.0,92.0,,92.0,172.0,177.0,201.0,272.0,276.0,262.0,381.0,299.0,381.0,421.0,346.0,421.0,48.0,,48.0,92.0,,92.0,201.0,177.0,201.0,262.0,276.0,262.0,381.0,299.0,381.0,421.0,346.0,421.0
P14,trial_8_R_unaffected,unaffected,69.0,61.0,69.0,59.0,115.0,105.0,115.0,124.0,187.0,169,181.0,174.0,264.0,206,276.0,279.0,378.0,,378.0,349.0,428.0,,430.0,454.0,70.0,124.0,70.0,118.0,151.0,118.0,185.0,181,192.0,273.0,275,262.0,376.0,310.0,376.0,424.0,346.0,424.0,70.0,124.0,70.0,122.0,138.0,122.0,185.0,181.0,191.0,273.0,272.0,260.0,377.0,314.0,377.0,424.0,346.0,424.0,70.0,124.0,70.0,122.0,138.0,122.0,185.0,181.0,191.0,273.0,272.0,260.0,377.0,314.0,377.0,424.0,346.0,424.0,70.0,124.0,70.0,122.0,138.0,122.0,191.0,181.0,191.0,260.0,272.0,260.0,377.0,314.0,377.0,424.0,346.0,424.0
P14,trial_90_L_affected,affected,45.0,34.0,45.0,31.0,107.0,95.0,107.0,116.0,192.0,193,197.0,180.0,305.0,299,285.0,310.0,412.0,417.0,412.0,384.0,449.0,465.0,450.0,472.0,51.0,41.0,51.0,101.0,97.0,101.0,179.0,205,199.0,302.0,297,288.0,407.0,315.0,407.0,446.0,374.0,448.0,51.0,41.0,51.0,102.0,99.0,102.0,179.0,209.0,199.0,302.0,297.0,283.0,409.0,334.0,409.0,446.0,374.0,448.0,51.0,41.0,51.0,102.0,99.0,102.0,179.0,210.0,199.0,302.0,297.0,283.0,409.0,334.0,409.0,446.0,374.0,448.0,51.0,41.0,51.0,102.0,99.0,102.0,199.0,209.0,199.0,283.0,297.0,283.0,409.0,334.0,409.0,446.0,374.0,448.0
P14,trial_9_R_unaffected,unaffected,37.0,29.0,37.0,28.0,88.0,77.0,88.0,96.0,160.0,145,151.0,148.0,236.0,244,239.0,239.0,323.0,329.0,323.0,298.0,380.0,391.0,388.0,407.0,40.0,98.0,40.0,97.0,135.0,97.0,159.0,154,162.0,228.0,237,222.0,322.0,247.0,322.0,378.0,289.0,388.0,40.0,98.0,40.0,99.0,134.0,99.0,159.0,155.0,164.0,228.0,234.0,221.0,323.0,267.0,323.0,378.0,289.0,388.0,40.0,98.0,40.0,99.0,134.0,99.0,159.0,155.0,164.0,228.0,234.0,221.0,323.0,267.0,323.0,378.0,289.0,388.0,40.0,98.0,40.0,99.0,134.0,99.0,164.0,155.0,164.0,221.0,234.0,221.0,323.0,267.0,323.0,378.0,289.0,388.0
P15,trial_10_R_unaffected,unaffected,45.0,35.0,45.0,,87.0,81.0,87.0,,160.0,155,170.0,,246.0,249,246.0,,314.0,319.0,314.0,,344.0,350.0,345.0,,45.0,94.0,45.0,92.0,124.0,92.0,169.0,157,171.0,244.0,239,218.0,313.0,269.0,313.0,343.0,295.0,345.0,45.0,94.0,45.0,95.0,148.0,95.0,169.0,157.0,174.0,244.0,237.0,224.0,313.0,277.0,313.0,343.0,295.0,345.0,45.0,94.0,45.0,95.0,148.0,95.0,169.0,157.0,174.0,244.0,237.0,224.0,313.0,277.0,313.0,343.0,295.0,345.0,45.0,94.0,45.0,95.0,148.0,95.0,174.0,157.0,174.0,224.0,237.0,224.0,313.0,277.0,313.0,343.0,295.0,345.0
P15,trial_11_R_unaffected,unaffected,46.0,224.0,46.0,,83.0,236.0,83.0,,160.0,236,167.0,,242.0,241,235.0,,313.0,317.0,313.0,,356.0,365.0,355.0,,46.0,94.0,46.0,87.0,107.0,87.0,172.0,162,173.0,239.0,228,215.0,314.0,250.0,314.0,356.0,298.0,355.0,46.0,94.0,46.0,95.0,98.0,95.0,172.0,163.0,176.0,239.0,227.0,213.0,314.0,272.0,314.0,356.0,298.0,355.0,46.0,94.0,46.0,95.0,98.0,95.0,172.0,163.0,176.0,239.0,227.0,213.0,314.0,272.0,314.0,356.0,298.0,355.0,46.0,94.0,46.0,95.0,98.0,95.0,176.0,163.0,176.0,213.0,227.0,213.0,314.0,272.0,314.0,356.0,298.0,355.0
P15,trial_13_R_unaffected,unaffected,57.0,117.0,57.0,,90.0,123.0,90.0,,189.0,198,200.0,,275.0,273,270.0,,344.0,349.0,344.0,,377.0,385.0,379.0,,58.0,,58.0,117.0,,117.0,192.0,196,209.0,257.0,268,252.0,343.0,343.0,343.0,376.0,,379.0,58.0,118.0,58.0,119.0,186.0,119.0,192.0,198.0,212.0,257.0,266.0,252.0,343.0,340.0,343.0,376.0,,379.0,58.0,118.0,58.0,119.0,186.0,119.0,192.0,198.0,212.0,257.0,266.0,252.0,343.0,340.0,343.0,376.0,,379.0,58.0,118.0,58.0,119.0,186.0,119.0,212.0,198.0,212.0,252.0,266.0,252.0,343.0,340.0,343.0,376.0,,379.0
P15,trial_14_R_unaffected,unaffected,45.0,35.0,45.0,34.0,90.0,84.0,90.0,94.0,159.0,153,166.0,154.0,229.0,238,233.0,233.0,309.0,315.0,309.0,298.0,343.0,350.0,343.0,355.0,46.0,,46.0,97.0,,97.0,167.0,195,178.0,219.0,231,223.0,310.0,,310.0,344.0,299.0,344.0,46.0,,46.0,99.0,,99.0,167.0,192.0,178.0,219.0,230.0,219.0,308.0,271.0,308.0,344.0,299.0,344.0,46.0,,46.0,99.0,,99.0,167.0,192.0,178.0,219.0,230.0,219.0,308.0,271.0,308.0,344.0,299.0,344.0,46.0,,46.0,99.0,,99.0,178.0,192.0,178.0,219.0,230.0,219.0,308.0,271.0,308.0,344.0,299.0,344.0
P15,trial_15_R_unaffected,unaffected,44.0,203.0,44.0,,78.0,240.0,78.0,,145.0,240,151.0,,214.0,243,213.0,,282.0,289.0,282.0,,317.0,324.0,316.0,,45.0,86.0,45.0,84.0,167.0,84.0,165.0,167,154.0,205.0,210,197.0,283.0,278.0,283.0,317.0,,316.0,45.0,86.0,45.0,87.0,159.0,87.0,165.0,159.0,159.0,205.0,207.0,196.0,281.0,283.0,281.0,317.0,325.0,316.0,45.0,86.0,45.0,87.0,159.0,87.0,165.0,159.0,159.0,205.0,207.0,196.0,281.0,283.0,281.0,317.0,325.0,316.0,45.0,86.0,45.0,87.0,159.0,87.0,159.0,159.0,159.0,196.0,207.0,196.0,281.0,283.0,281.0,317.0,325.0,316.0
P15,trial_16_R_unaffected,unaffected,39.0,194.0,39.0,,77.0,203.0,77.0,,145.0,203,149.0,,208.0,212,205.0,,272.0,222.0,272.0,,304.0,258.0,304.0,,39.0,84.0,39.0,82.0,148.0,82.0,152.0,148,155.0,199.0,201,192.0,275.0,276.0,275.0,305.0,315.0,306.0,39.0,,39.0,84.0,,84.0,152.0,149.0,157.0,199.0,199.0,188.0,275.0,274.0,275.0,305.0,,306.0,39.0,,39.0,84.0,,84.0,152.0,149.0,157.0,199.0,199.0,188.0,275.0,274.0,275.0,305.0,,306.0,39.0,,39.0,84.0,,84.0,157.0,149.0,157.0,188.0,199.0,188.0,275.0,274.0,275.0,305.0,,306.0
P15,trial_17_R_unaffected,unaffected,37.0,29.0,37.0,,83.0,78.0,83.0,,153.0,148,157.0,,215.0,225,220.0,,299.0,304.0,299.0,,328.0,343.0,330.0,,38.0,88.0,38.0,87.0,134.0,87.0,164.0,151,163.0,215.0,221,209.0,298.0,277.0,298.0,330.0,288.0,331.0,38.0,,38.0,91.0,,91.0,164.0,152.0,167.0,215.0,218.0,206.0,296.0,298.0,296.0,330.0,,331.0,38.0,,38.0,91.0,,91.0,164.0,152.0,167.0,215.0,218.0,206.0,296.0,298.0,296.0,330.0,,331.0,38.0,,38.0,91.0,,91.0,167.0,152.0,167.0,206.0,218.0,206.0,296.0,298.0,296.0,330.0,,331.0
P15,trial_18_R_unaffected,unaffected,46.0,211.0,46.0,,82.0,243.0,82.0,,158.0,243,161.0,,234.0,246,232.0,,307.0,313.0,307.0,,336.0,348.0,336.0,,44.0,,44.0,83.0,,83.0,161.0,171,167.0,231.0,217,204.0,308.0,236.0,308.0,341.0,287.0,343.0,44.0,,44.0,93.0,,93.0,161.0,171.0,168.0,231.0,220.0,203.0,307.0,230.0,307.0,341.0,287.0,343.0,44.0,,44.0,93.0,,93.0,161.0,171.0,168.0,231.0,220.0,203.0,307.0,230.0,307.0,341.0,287.0,343.0,44.0,,44.0,93.0,,93.0,168.0,171.0,168.0,203.0,220.0,203.0,307.0,230.0,307.0,341.0,287.0,343.0
P15,trial_19_R_unaffected,unaffected,30.0,22.0,30.0,,70.0,63.0,70.0,,141.0,130,142.0,,191.0,207,202.0,,282.0,288.0,282.0,,311.0,318.0,310.0,,29.0,75.0,29.0,75.0,110.0,75.0,154.0,137,153.0,200.0,192,178.0,280.0,197.0,280.0,314.0,263.0,313.0,29.0,75.0,29.0,75.0,145.0,75.0,154.0,145.0,152.0,200.0,192.0,175.0,280.0,,280.0,314.0,263.0,313.0,29.0,75.0,29.0,75.0,145.0,75.0,154.0,145.0,152.0,200.0,192.0,175.0,280.0,,280.0,314.0,263.0,313.0,29.0,75.0,29.0,75.0,145.0,75.0,152.0,145.0,152.0,175.0,192.0,175.0,280.0,,280.0,314.0,263.0,313.0
P15,trial_20_R_unaffected,unaffected,36.0,198.0,36.0,24.0,73.0,211.0,73.0,77.0,143.0,211,156.0,136.0,207.0,215,208.0,208.0,276.0,282.0,276.0,267.0,309.0,316.0,309.0,323.0,36.0,77.0,36.0,75.0,110.0,75.0,161.0,140,151.0,204.0,141,185.0,273.0,,273.0,311.0,146.0,311.0,36.0,77.0,36.0,77.0,111.0,77.0,161.0,141.0,157.0,204.0,201.0,188.0,271.0,272.0,271.0,311.0,,311.0,36.0,77.0,36.0,77.0,111.0,77.0,161.0,141.0,157.0,204.0,201.0,188.0,271.0,272.0,271.0,311.0,,311.0,36.0,77.0,36.0,77.0,111.0,77.0,157.0,141.0,157.0,188.0,201.0,188.0,271.0,272.0,271.0,311.0,,311.0
P15,trial_21_R_unaffected,unaffected,34.0,190.0,34.0,26.0,71.0,220.0,71.0,77.0,143.0,220,141.0,132.0,189.0,223,203.0,200.0,282.0,288.0,282.0,277.0,313.0,321.0,313.0,344.0,35.0,27.0,35.0,75.0,101.0,75.0,144.0,135,154.0,192.0,150,187.0,277.0,,277.0,313.0,,312.0,35.0,27.0,35.0,79.0,95.0,79.0,144.0,135.0,151.0,192.0,194.0,184.0,278.0,,278.0,313.0,264.0,312.0,35.0,27.0,35.0,79.0,95.0,79.0,144.0,135.0,151.0,192.0,194.0,184.0,278.0,,278.0,313.0,264.0,312.0,35.0,27.0,35.0,79.0,95.0,79.0,151.0,135.0,151.0,184.0,194.0,184.0,278.0,,278.0,313.0,264.0,312.0
P15,trial_22_R_unaffected,unaffected,34.0,74.0,34.0,,71.0,147.0,71.0,,141.0,147,143.0,,193.0,208,204.0,,272.0,280.0,272.0,,302.0,310.0,303.0,,35.0,76.0,35.0,77.0,107.0,77.0,162.0,141,154.0,192.0,200,186.0,274.0,,274.0,300.0,260.0,301.0,35.0,76.0,35.0,77.0,97.0,77.0,162.0,141.0,162.0,192.0,198.0,183.0,273.0,250.0,273.0,300.0,260.0,301.0,35.0,76.0,35.0,77.0,97.0,77.0,162.0,141.0,162.0,192.0,198.0,183.0,273.0,250.0,273.0,300.0,260.0,301.0,35.0,76.0,35.0,77.0,97.0,77.0,162.0,141.0,162.0,183.0,198.0,183.0,273.0,250.0,273.0,300.0,260.0,301.0
P15,trial_23_R_unaffected,unaffected,35.0,204.0,35.0,,74.0,228.0,74.0,,149.0,228,152.0,,213.0,232,223.0,,293.0,301.0,293.0,,325.0,334.0,329.0,,35.0,80.0,35.0,80.0,101.0,80.0,158.0,150,172.0,211.0,211,203.0,295.0,,295.0,326.0,285.0,331.0,35.0,208.0,35.0,86.0,234.0,86.0,158.0,234.0,168.0,211.0,239.0,200.0,294.0,268.0,294.0,326.0,285.0,331.0,35.0,208.0,35.0,86.0,234.0,86.0,158.0,234.0,168.0,211.0,239.0,200.0,294.0,268.0,294.0,326.0,285.0,331.0,35.0,208.0,35.0,86.0,234.0,86.0,168.0,234.0,168.0,200.0,239.0,200.0,294.0,268.0,294.0,326.0,285.0,331.0
P15,trial_24_R_unaffected,unaffected,39.0,201.0,39.0,,72.0,232.0,72.0,,144.0,232,142.0,,217.0,235,220.0,,301.0,306.0,301.0,,328.0,337.0,328.0,,36.0,156.0,36.0,77.0,162.0,77.0,146.0,162,154.0,220.0,208,205.0,296.0,,296.0,329.0,280.0,331.0,36.0,156.0,36.0,80.0,160.0,80.0,146.0,160.0,153.0,220.0,205.0,202.0,295.0,,295.0,329.0,280.0,331.0,36.0,156.0,36.0,80.0,160.0,80.0,146.0,160.0,153.0,220.0,205.0,202.0,295.0,,295.0,329.0,280.0,331.0,36.0,156.0,36.0,80.0,160.0,80.0,153.0,160.0,153.0,202.0,205.0,202.0,295.0,,295.0,329.0,280.0,331.0
P15,trial_25_R_unaffected,unaffected,28.0,190.0,28.0,16.0,69.0,220.0,69.0,74.0,138.0,220,142.0,132.0,186.0,222,184.0,199.0,270.0,276.0,270.0,258.0,297.0,304.0,296.0,338.0,28.0,191.0,28.0,80.0,225.0,80.0,152.0,225,154.0,191.0,229,177.0,268.0,246.0,268.0,298.0,258.0,296.0,28.0,191.0,28.0,79.0,223.0,79.0,152.0,223.0,158.0,191.0,227.0,179.0,259.0,254.0,259.0,298.0,258.0,296.0,28.0,191.0,28.0,79.0,223.0,79.0,152.0,223.0,158.0,191.0,227.0,179.0,259.0,254.0,259.0,298.0,258.0,296.0,28.0,191.0,28.0,79.0,223.0,79.0,158.0,223.0,158.0,179.0,227.0,179.0,259.0,254.0,259.0,298.0,258.0,296.0
P15,trial_26_R_unaffected,unaffected,40.0,200.0,40.0,29.0,77.0,230.0,77.0,81.0,146.0,230,155.0,138.0,199.0,233,195.0,212.0,285.0,290.0,285.0,276.0,311.0,319.0,311.0,357.0,38.0,202.0,38.0,82.0,229.0,82.0,157.0,229,154.0,202.0,234,194.0,281.0,250.0,281.0,311.0,270.0,311.0,38.0,202.0,38.0,82.0,227.0,82.0,157.0,227.0,156.0,202.0,231.0,193.0,279.0,255.0,279.0,311.0,270.0,311.0,38.0,202.0,38.0,82.0,227.0,82.0,157.0,227.0,156.0,202.0,231.0,193.0,279.0,255.0,279.0,311.0,270.0,311.0,38.0,202.0,38.0,82.0,227.0,82.0,156.0,227.0,156.0,193.0,231.0,193.0,279.0,255.0,279.0,311.0,270.0,311.0
P15,trial_27_R_unaffected,unaffected,32.0,23.0,32.0,21.0,69.0,63.0,69.0,74.0,137.0,130,138.0,128.0,194.0,208,202.0,201.0,279.0,284.0,279.0,268.0,307.0,315.0,307.0,321.0,31.0,74.0,31.0,77.0,104.0,77.0,142.0,133,150.0,200.0,197,187.0,275.0,224.0,275.0,306.0,265.0,307.0,31.0,74.0,31.0,76.0,75.0,76.0,142.0,134.0,149.0,200.0,194.0,181.0,275.0,243.0,275.0,306.0,265.0,307.0,31.0,74.0,31.0,76.0,75.0,76.0,142.0,134.0,149.0,200.0,194.0,181.0,275.0,243.0,275.0,306.0,265.0,307.0,31.0,74.0,31.0,76.0,75.0,76.0,149.0,134.0,149.0,181.0,194.0,181.0,275.0,243.0,275.0,306.0,265.0,307.0
P15,trial_28_R_unaffected,unaffected,38.0,27.0,38.0,27.0,75.0,69.0,75.0,81.0,146.0,135,143.0,142.0,199.0,136,214.0,209.0,285.0,,285.0,277.0,314.0,146.0,314.0,337.0,36.0,,36.0,79.0,,79.0,156.0,171,158.0,199.0,210,202.0,285.0,,285.0,314.0,279.0,314.0,36.0,162.0,36.0,81.0,165.0,81.0,156.0,165.0,156.0,199.0,205.0,193.0,284.0,208.0,284.0,314.0,279.0,314.0,36.0,162.0,36.0,81.0,165.0,81.0,156.0,165.0,156.0,199.0,205.0,193.0,284.0,208.0,284.0,314.0,279.0,314.0,36.0,162.0,36.0,81.0,165.0,81.0,156.0,165.0,156.0,193.0,205.0,193.0,284.0,208.0,284.0,314.0,279.0,314.0
P15,trial_29_R_unaffected,unaffected,38.0,194.0,38.0,,80.0,226.0,80.0,,146.0,226,147.0,,199.0,228,210.0,,283.0,291.0,283.0,,318.0,326.0,318.0,,36.0,,36.0,85.0,,85.0,151.0,160,156.0,204.0,202,190.0,281.0,210.0,281.0,320.0,270.0,322.0,36.0,,36.0,89.0,,89.0,151.0,157.0,156.0,204.0,203.0,189.0,282.0,207.0,282.0,320.0,270.0,322.0,36.0,,36.0,89.0,,89.0,151.0,157.0,156.0,204.0,203.0,189.0,282.0,207.0,282.0,320.0,270.0,322.0,36.0,,36.0,89.0,,89.0,156.0,157.0,156.0,189.0,203.0,189.0,282.0,207.0,282.0,320.0,270.0,322.0
P15,trial_2_R_unaffected,unaffected,53.0,45.0,53.0,,100.0,95.0,100.0,,181.0,185,191.0,,308.0,307,303.0,,396.0,401.0,396.0,,449.0,434.0,405.0,,54.0,,54.0,107.0,,107.0,183.0,229,195.0,308.0,299,287.0,397.0,322.0,397.0,432.0,377.0,406.0,54.0,,54.0,108.0,,108.0,183.0,204.0,195.0,308.0,298.0,285.0,396.0,326.0,396.0,432.0,377.0,405.0,54.0,,54.0,108.0,,108.0,183.0,204.0,195.0,308.0,298.0,285.0,396.0,326.0,396.0,432.0,377.0,405.0,54.0,,54.0,108.0,,108.0,195.0,204.0,195.0,285.0,298.0,285.0,396.0,326.0,396.0,432.0,377.0,405.0
P15,trial_30_R_unaffected,unaffected,36.0,204.0,36.0,,73.0,241.0,73.0,,141.0,241,139.0,,206.0,244,223.0,,287.0,293.0,287.0,,317.0,325.0,318.0,,36.0,79.0,36.0,79.0,116.0,79.0,155.0,141,153.0,203.0,215,208.0,286.0,218.0,286.0,316.0,281.0,317.0,36.0,26.0,36.0,81.0,73.0,81.0,155.0,139.0,155.0,203.0,214.0,202.0,286.0,216.0,286.0,316.0,281.0,317.0,36.0,26.0,36.0,81.0,73.0,81.0,155.0,139.0,155.0,203.0,214.0,202.0,286.0,216.0,286.0,316.0,281.0,317.0,36.0,26.0,36.0,81.0,73.0,81.0,155.0,139.0,155.0,202.0,214.0,202.0,286.0,216.0,286.0,316.0,281.0,317.0
P15,trial_31_R_unaffected,unaffected,33.0,194.0,33.0,19.0,72.0,225.0,72.0,79.0,140.0,225,139.0,133.0,192.0,227,205.0,205.0,273.0,279.0,273.0,266.0,301.0,311.0,302.0,338.0,34.0,78.0,34.0,78.0,89.0,78.0,144.0,141,160.0,203.0,203,196.0,271.0,207.0,271.0,300.0,265.0,301.0,34.0,,34.0,83.0,,83.0,144.0,139.0,156.0,203.0,201.0,190.0,271.0,203.0,271.0,300.0,265.0,301.0,34.0,,34.0,83.0,,83.0,144.0,139.0,156.0,203.0,201.0,190.0,271.0,203.0,271.0,300.0,265.0,301.0,34.0,,34.0,83.0,,83.0,156.0,139.0,156.0,190.0,201.0,190.0,271.0,203.0,271.0,300.0,265.0,301.0
P15,trial_32_R_unaffected,unaffected,35.0,194.0,35.0,,71.0,234.0,71.0,,143.0,234,146.0,,194.0,237,207.0,,278.0,284.0,278.0,,307.0,315.0,306.0,,35.0,198.0,35.0,80.0,226.0,80.0,157.0,226,154.0,205.0,232,190.0,280.0,240.0,280.0,307.0,271.0,306.0,35.0,198.0,35.0,81.0,218.0,81.0,157.0,218.0,154.0,205.0,222.0,189.0,280.0,251.0,280.0,307.0,271.0,306.0,35.0,198.0,35.0,81.0,218.0,81.0,157.0,218.0,154.0,205.0,222.0,189.0,280.0,251.0,280.0,307.0,271.0,306.0,35.0,198.0,35.0,81.0,218.0,81.0,154.0,218.0,154.0,189.0,222.0,189.0,280.0,251.0,280.0,307.0,271.0,306.0
P15,trial_33_R_unaffected,unaffected,37.0,224.0,37.0,,75.0,265.0,75.0,,154.0,265,144.0,,221.0,268,238.0,,311.0,315.0,311.0,,337.0,347.0,338.0,,36.0,,36.0,80.0,,80.0,159.0,172,169.0,229.0,230,214.0,308.0,237.0,308.0,337.0,304.0,339.0,36.0,,36.0,81.0,,81.0,159.0,170.0,160.0,229.0,228.0,213.0,309.0,232.0,309.0,337.0,304.0,339.0,36.0,,36.0,81.0,,81.0,159.0,170.0,160.0,229.0,228.0,213.0,309.0,232.0,309.0,337.0,304.0,339.0,36.0,,36.0,81.0,,81.0,160.0,170.0,160.0,213.0,228.0,213.0,309.0,232.0,309.0,337.0,304.0,339.0
P15,trial_34_R_unaffected,unaffected,33.0,203.0,33.0,,67.0,247.0,67.0,,139.0,247,139.0,,215.0,250,216.0,,290.0,297.0,290.0,,318.0,326.0,319.0,,34.0,,34.0,72.0,,72.0,140.0,148,156.0,215.0,214,206.0,291.0,263.0,291.0,317.0,281.0,318.0,34.0,,34.0,74.0,,74.0,140.0,134.0,153.0,215.0,211.0,198.0,291.0,269.0,291.0,317.0,281.0,318.0,34.0,,34.0,74.0,,74.0,140.0,134.0,153.0,215.0,211.0,198.0,291.0,269.0,291.0,317.0,281.0,318.0,34.0,,34.0,74.0,,74.0,153.0,134.0,153.0,198.0,211.0,198.0,291.0,269.0,291.0,317.0,281.0,318.0
P15,trial_35_R_unaffected,unaffected,33.0,195.0,33.0,,68.0,228.0,68.0,,139.0,228,145.0,,193.0,231,191.0,,289.0,295.0,289.0,,319.0,326.0,317.0,,34.0,,34.0,76.0,,76.0,147.0,161,154.0,211.0,207,199.0,286.0,249.0,286.0,316.0,267.0,315.0,34.0,,34.0,80.0,,80.0,147.0,155.0,149.0,211.0,204.0,193.0,287.0,256.0,287.0,316.0,267.0,315.0,34.0,,34.0,80.0,,80.0,147.0,155.0,149.0,211.0,204.0,193.0,287.0,256.0,287.0,316.0,267.0,315.0,34.0,,34.0,80.0,,80.0,149.0,155.0,149.0,193.0,204.0,193.0,287.0,256.0,287.0,316.0,267.0,315.0
P15,trial_36_R_unaffected,unaffected,34.0,209.0,34.0,24.0,72.0,243.0,72.0,75.0,142.0,243,146.0,134.0,208.0,246,222.0,221.0,292.0,298.0,292.0,283.0,320.0,327.0,323.0,337.0,34.0,,34.0,77.0,,77.0,149.0,166,154.0,221.0,219,204.0,291.0,224.0,291.0,322.0,281.0,365.0,34.0,,34.0,78.0,,78.0,149.0,163.0,153.0,221.0,216.0,204.0,292.0,,292.0,322.0,281.0,365.0,34.0,,34.0,78.0,,78.0,149.0,163.0,153.0,221.0,216.0,204.0,292.0,,292.0,322.0,281.0,365.0,34.0,,34.0,78.0,,78.0,153.0,163.0,153.0,204.0,216.0,204.0,292.0,,292.0,322.0,281.0,365.0
P15,trial_37_R_unaffected,unaffected,33.0,197.0,33.0,,70.0,239.0,70.0,,135.0,239,140.0,,196.0,242,217.0,,294.0,301.0,294.0,,327.0,334.0,328.0,,34.0,,34.0,75.0,,75.0,146.0,169,163.0,210.0,212,204.0,293.0,,293.0,325.0,282.0,325.0,34.0,,34.0,79.0,,79.0,146.0,161.0,150.0,210.0,211.0,201.0,294.0,212.0,294.0,325.0,282.0,325.0,34.0,,34.0,79.0,,79.0,146.0,161.0,150.0,210.0,211.0,201.0,294.0,212.0,294.0,325.0,282.0,325.0,34.0,,34.0,79.0,,79.0,150.0,161.0,150.0,201.0,211.0,201.0,294.0,212.0,294.0,325.0,282.0,325.0
P15,trial_38_R_unaffected,unaffected,39.0,222.0,39.0,,75.0,260.0,75.0,,147.0,260,147.0,,220.0,263,215.0,,328.0,329.0,328.0,,358.0,372.0,357.0,,38.0,81.0,38.0,83.0,147.0,83.0,158.0,153,176.0,229.0,230,216.0,320.0,238.0,320.0,361.0,295.0,362.0,38.0,,38.0,86.0,,86.0,158.0,154.0,174.0,229.0,227.0,214.0,325.0,311.0,325.0,361.0,,362.0,38.0,,38.0,86.0,,86.0,158.0,154.0,174.0,229.0,227.0,214.0,325.0,311.0,325.0,361.0,,362.0,38.0,,38.0,86.0,,86.0,174.0,154.0,174.0,214.0,227.0,214.0,325.0,311.0,325.0,361.0,,362.0
P15,trial_39_R_unaffected,unaffected,30.0,202.0,30.0,,68.0,242.0,68.0,,138.0,242,141.0,,199.0,245,222.0,,294.0,301.0,294.0,,326.0,335.0,325.0,,30.0,71.0,30.0,74.0,140.0,74.0,158.0,140,166.0,212.0,211,196.0,294.0,218.0,294.0,325.0,283.0,324.0,30.0,,30.0,76.0,,76.0,158.0,138.0,161.0,212.0,211.0,197.0,295.0,216.0,295.0,325.0,283.0,324.0,30.0,,30.0,76.0,,76.0,158.0,138.0,161.0,212.0,211.0,197.0,295.0,216.0,295.0,325.0,283.0,324.0,30.0,,30.0,76.0,,76.0,161.0,138.0,161.0,197.0,211.0,197.0,295.0,216.0,295.0,325.0,283.0,324.0
P15,trial_3_R_unaffected,unaffected,48.0,104.0,48.0,,95.0,106.0,95.0,,172.0,176,181.0,,474.0,412,459.0,,667.0,673.0,667.0,,716.0,714.0,701.0,,48.0,,48.0,99.0,,99.0,172.0,243,198.0,472.0,313,450.0,669.0,497.0,669.0,711.0,543.0,698.0,48.0,,48.0,99.0,,99.0,172.0,240.0,196.0,472.0,314.0,448.0,668.0,505.0,668.0,711.0,543.0,698.0,48.0,,48.0,99.0,,99.0,172.0,240.0,196.0,472.0,314.0,448.0,668.0,505.0,668.0,711.0,543.0,698.0,48.0,,48.0,99.0,,99.0,196.0,240.0,196.0,448.0,314.0,448.0,668.0,505.0,668.0,711.0,543.0,698.0
P15,trial_40_R_unaffected,unaffected,36.0,225.0,36.0,26.0,74.0,260.0,74.0,80.0,145.0,260,151.0,146.0,222.0,263,239.0,236.0,324.0,330.0,324.0,314.0,351.0,360.0,351.0,394.0,37.0,79.0,37.0,80.0,135.0,80.0,170.0,150,161.0,226.0,232,219.0,321.0,324.0,321.0,349.0,358.0,349.0,37.0,79.0,37.0,81.0,159.0,81.0,170.0,159.0,162.0,226.0,230.0,216.0,321.0,319.0,321.0,349.0,,349.0,37.0,79.0,37.0,81.0,159.0,81.0,170.0,159.0,162.0,226.0,230.0,216.0,321.0,319.0,321.0,349.0,,349.0,37.0,79.0,37.0,81.0,159.0,81.0,162.0,159.0,162.0,216.0,230.0,216.0,321.0,319.0,321.0,349.0,,349.0
P15,trial_41_R_unaffected,unaffected,45.0,225.0,45.0,34.0,82.0,262.0,82.0,86.0,149.0,262,153.0,147.0,224.0,265,245.0,240.0,320.0,326.0,320.0,309.0,352.0,362.0,355.0,380.0,45.0,,45.0,89.0,,89.0,175.0,182,160.0,230.0,235,224.0,317.0,,317.0,351.0,308.0,352.0,45.0,,45.0,94.0,,94.0,175.0,174.0,161.0,230.0,233.0,222.0,317.0,,317.0,351.0,308.0,352.0,45.0,,45.0,94.0,,94.0,175.0,174.0,161.0,230.0,233.0,222.0,317.0,,317.0,351.0,308.0,352.0,45.0,,45.0,94.0,,94.0,161.0,174.0,161.0,222.0,233.0,222.0,317.0,,317.0,351.0,308.0,352.0
P15,trial_42_R_unaffected,unaffected,45.0,219.0,45.0,,82.0,263.0,82.0,,151.0,263,152.0,,215.0,266,231.0,,310.0,315.0,310.0,,343.0,352.0,341.0,,45.0,36.0,45.0,85.0,79.0,85.0,163.0,151,164.0,223.0,223,208.0,307.0,236.0,307.0,345.0,303.0,342.0,45.0,36.0,45.0,87.0,81.0,87.0,163.0,149.0,163.0,223.0,223.0,208.0,308.0,229.0,308.0,345.0,303.0,342.0,45.0,36.0,45.0,87.0,81.0,87.0,163.0,149.0,163.0,223.0,223.0,208.0,308.0,229.0,308.0,345.0,303.0,342.0,45.0,36.0,45.0,87.0,81.0,87.0,163.0,149.0,163.0,208.0,223.0,208.0,308.0,229.0,308.0,345.0,303.0,342.0
P15,trial_43_R_unaffected,unaffected,35.0,226.0,35.0,22.0,77.0,266.0,77.0,88.0,159.0,266,159.0,153.0,224.0,268,249.0,240.0,327.0,335.0,327.0,318.0,360.0,367.0,367.0,373.0,35.0,86.0,35.0,81.0,173.0,81.0,159.0,173,179.0,234.0,239,216.0,322.0,241.0,322.0,358.0,314.0,363.0,35.0,85.0,35.0,90.0,86.0,90.0,159.0,155.0,173.0,234.0,238.0,225.0,326.0,,326.0,358.0,314.0,363.0,35.0,85.0,35.0,90.0,86.0,90.0,159.0,155.0,173.0,234.0,238.0,225.0,326.0,,326.0,358.0,314.0,363.0,35.0,85.0,35.0,90.0,86.0,90.0,173.0,155.0,173.0,225.0,238.0,225.0,326.0,,326.0,358.0,314.0,363.0
P15,trial_44_R_unaffected,unaffected,36.0,235.0,36.0,,72.0,272.0,72.0,,145.0,272,142.0,,250.0,275,273.0,,333.0,337.0,333.0,,361.0,371.0,360.0,,37.0,,37.0,77.0,,77.0,156.0,154,163.0,251.0,250,234.0,328.0,258.0,328.0,361.0,320.0,360.0,37.0,26.0,37.0,78.0,71.0,78.0,156.0,148.0,163.0,251.0,248.0,234.0,329.0,328.0,329.0,361.0,,360.0,37.0,26.0,37.0,78.0,71.0,78.0,156.0,148.0,163.0,251.0,248.0,234.0,329.0,328.0,329.0,361.0,,360.0,37.0,26.0,37.0,78.0,71.0,78.0,163.0,148.0,163.0,234.0,248.0,234.0,329.0,328.0,329.0,361.0,,360.0
P15,trial_45_R_unaffected,unaffected,33.0,23.0,33.0,,68.0,62.0,68.0,,129.0,129,141.0,,204.0,130,219.0,,292.0,,292.0,,322.0,130.0,321.0,,32.0,24.0,32.0,73.0,102.0,73.0,139.0,129,149.0,211.0,212,201.0,288.0,218.0,288.0,323.0,277.0,297.0,32.0,21.0,32.0,74.0,69.0,74.0,139.0,127.0,144.0,211.0,211.0,199.0,289.0,215.0,289.0,323.0,277.0,298.0,32.0,21.0,32.0,74.0,69.0,74.0,139.0,127.0,144.0,211.0,211.0,199.0,289.0,215.0,289.0,323.0,277.0,298.0,32.0,21.0,32.0,74.0,69.0,74.0,144.0,127.0,144.0,199.0,211.0,199.0,289.0,215.0,289.0,323.0,277.0,298.0
P15,trial_46_L_affected,affected,44.0,31.0,44.0,29.0,79.0,74.0,79.0,84.0,150.0,149,158.0,153.0,248.0,248,234.0,248.0,314.0,318.0,314.0,304.0,374.0,388.0,412.0,417.0,46.0,86.0,46.0,85.0,155.0,85.0,171.0,165,155.0,247.0,249,245.0,311.0,254.0,311.0,372.0,304.0,369.0,46.0,,46.0,88.0,,88.0,171.0,158.0,190.0,247.0,248.0,241.0,311.0,257.0,311.0,372.0,304.0,369.0,46.0,,46.0,88.0,,88.0,171.0,158.0,190.0,247.0,248.0,241.0,311.0,257.0,311.0,372.0,304.0,369.0,46.0,,46.0,88.0,,88.0,190.0,158.0,190.0,241.0,248.0,241.0,311.0,257.0,311.0,372.0,304.0,369.0
P15,trial_48_L_affected,affected,39.0,29.0,39.0,28.0,79.0,72.0,79.0,85.0,146.0,147,169.0,151.0,214.0,217,204.0,214.0,316.0,322.0,316.0,297.0,357.0,365.0,357.0,367.0,40.0,86.0,40.0,86.0,120.0,86.0,167.0,149,160.0,214.0,202,199.0,316.0,,316.0,355.0,272.0,354.0,40.0,30.0,40.0,88.0,78.0,88.0,167.0,149.0,163.0,214.0,201.0,195.0,317.0,,317.0,355.0,,354.0,40.0,30.0,40.0,88.0,78.0,88.0,167.0,149.0,163.0,214.0,201.0,195.0,317.0,,317.0,355.0,,354.0,40.0,30.0,40.0,88.0,78.0,88.0,163.0,149.0,163.0,195.0,201.0,195.0,317.0,,317.0,355.0,,354.0
P15,trial_49_L_affected,affected,35.0,23.0,35.0,21.0,75.0,69.0,75.0,81.0,150.0,142,152.0,146.0,216.0,220,210.0,215.0,306.0,311.0,306.0,282.0,344.0,350.0,345.0,354.0,37.0,,37.0,89.0,,89.0,156.0,173,154.0,200.0,207,204.0,314.0,,314.0,343.0,275.0,345.0,37.0,,37.0,93.0,,93.0,156.0,142.0,157.0,200.0,143.0,193.0,313.0,,313.0,343.0,170.0,345.0,37.0,,37.0,93.0,,93.0,156.0,142.0,157.0,200.0,143.0,193.0,313.0,,313.0,343.0,170.0,345.0,37.0,,37.0,93.0,,93.0,157.0,142.0,157.0,193.0,143.0,193.0,313.0,,313.0,343.0,170.0,345.0
P15,trial_4_R_unaffected,unaffected,37.0,28.0,37.0,27.0,91.0,83.0,91.0,92.0,158.0,155,166.0,150.0,293.0,291,287.0,290.0,403.0,407.0,403.0,369.0,441.0,447.0,439.0,474.0,38.0,,38.0,98.0,,98.0,162.0,218,179.0,289.0,279,273.0,402.0,290.0,402.0,440.0,364.0,439.0,38.0,,38.0,99.0,,99.0,162.0,212.0,179.0,289.0,277.0,268.0,402.0,303.0,402.0,440.0,364.0,439.0,38.0,,38.0,99.0,,99.0,162.0,212.0,179.0,289.0,277.0,268.0,402.0,303.0,402.0,440.0,364.0,439.0,38.0,,38.0,99.0,,99.0,179.0,212.0,179.0,268.0,277.0,268.0,402.0,303.0,402.0,440.0,364.0,439.0
P15,trial_50_L_affected,affected,28.0,17.0,28.0,16.0,62.0,56.0,62.0,67.0,126.0,130,135.0,132.0,201.0,203,190.0,199.0,288.0,293.0,288.0,272.0,324.0,331.0,324.0,368.0,27.0,67.0,27.0,67.0,103.0,67.0,128.0,132,151.0,197.0,133,186.0,292.0,,292.0,323.0,,322.0,27.0,67.0,27.0,67.0,102.0,67.0,128.0,132.0,148.0,197.0,187.0,183.0,292.0,,292.0,323.0,,322.0,27.0,67.0,27.0,67.0,102.0,67.0,128.0,132.0,148.0,197.0,187.0,183.0,292.0,,292.0,323.0,,322.0,27.0,67.0,27.0,67.0,102.0,67.0,148.0,132.0,148.0,183.0,187.0,183.0,292.0,,292.0,323.0,,322.0
P15,trial_51_L_affected,affected,33.0,194.0,33.0,22.0,71.0,200.0,71.0,74.0,150.0,200,153.0,143.0,213.0,217,199.0,207.0,299.0,304.0,299.0,284.0,334.0,340.0,334.0,359.0,33.0,79.0,33.0,75.0,118.0,75.0,161.0,142,149.0,208.0,203,189.0,299.0,,299.0,332.0,280.0,332.0,33.0,,33.0,81.0,,81.0,161.0,144.0,159.0,208.0,203.0,190.0,299.0,,299.0,332.0,280.0,332.0,33.0,,33.0,81.0,,81.0,161.0,144.0,159.0,208.0,204.0,190.0,299.0,,299.0,332.0,280.0,332.0,33.0,,33.0,81.0,,81.0,159.0,144.0,159.0,190.0,203.0,190.0,299.0,,299.0,332.0,280.0,332.0
P15,trial_52_L_affected,affected,34.0,24.0,34.0,22.0,73.0,67.0,73.0,78.0,147.0,140,162.0,145.0,220.0,222,208.0,218.0,311.0,316.0,311.0,294.0,345.0,358.0,345.0,382.0,35.0,80.0,35.0,81.0,134.0,81.0,174.0,145,154.0,214.0,214,199.0,313.0,247.0,313.0,344.0,287.0,344.0,35.0,80.0,35.0,83.0,137.0,83.0,174.0,144.0,160.0,214.0,213.0,200.0,313.0,250.0,313.0,344.0,287.0,344.0,35.0,80.0,35.0,83.0,137.0,83.0,174.0,144.0,160.0,214.0,213.0,200.0,313.0,250.0,313.0,344.0,287.0,344.0,35.0,80.0,35.0,83.0,137.0,83.0,160.0,144.0,160.0,200.0,213.0,200.0,313.0,250.0,313.0,344.0,287.0,344.0
P15,trial_53_L_affected,affected,42.0,32.0,42.0,31.0,83.0,77.0,83.0,87.0,169.0,154,169.0,156.0,229.0,229,217.0,228.0,299.0,305.0,299.0,283.0,334.0,340.0,333.0,367.0,44.0,90.0,44.0,83.0,137.0,83.0,172.0,160,173.0,222.0,224,213.0,300.0,234.0,300.0,333.0,281.0,333.0,44.0,90.0,44.0,85.0,135.0,85.0,172.0,161.0,176.0,222.0,222.0,209.0,300.0,235.0,300.0,333.0,281.0,333.0,44.0,90.0,44.0,85.0,135.0,85.0,172.0,161.0,176.0,222.0,222.0,209.0,300.0,235.0,300.0,333.0,281.0,333.0,44.0,90.0,44.0,85.0,135.0,85.0,176.0,161.0,176.0,209.0,222.0,209.0,300.0,235.0,300.0,333.0,281.0,333.0
P15,trial_54_L_affected,affected,32.0,23.0,32.0,22.0,68.0,61.0,68.0,71.0,139.0,134,150.0,139.0,207.0,211,198.0,207.0,280.0,285.0,280.0,265.0,312.0,319.0,312.0,354.0,33.0,199.0,33.0,79.0,225.0,79.0,158.0,225,150.0,200.0,228,191.0,283.0,247.0,283.0,312.0,264.0,311.0,33.0,,33.0,79.0,,79.0,158.0,131.0,147.0,200.0,132.0,189.0,283.0,,283.0,312.0,138.0,311.0,33.0,,33.0,79.0,,79.0,158.0,131.0,147.0,200.0,132.0,189.0,283.0,,283.0,312.0,138.0,311.0,33.0,,33.0,79.0,,79.0,147.0,131.0,147.0,189.0,132.0,189.0,283.0,,283.0,312.0,138.0,311.0
P15,trial_55_L_affected,affected,30.0,21.0,30.0,21.0,80.0,73.0,80.0,81.0,153.0,151,159.0,150.0,219.0,221,211.0,221.0,312.0,318.0,312.0,297.0,348.0,354.0,348.0,371.0,32.0,81.0,32.0,84.0,139.0,84.0,162.0,156,165.0,211.0,219,208.0,314.0,242.0,314.0,344.0,292.0,347.0,32.0,81.0,32.0,90.0,139.0,90.0,162.0,157.0,186.0,211.0,220.0,206.0,314.0,240.0,314.0,344.0,292.0,347.0,32.0,81.0,32.0,90.0,139.0,90.0,162.0,157.0,186.0,211.0,220.0,206.0,314.0,240.0,314.0,344.0,292.0,347.0,32.0,81.0,32.0,90.0,139.0,90.0,186.0,157.0,186.0,206.0,220.0,206.0,314.0,240.0,314.0,344.0,292.0,347.0
P15,trial_56_L_affected,affected,34.0,24.0,34.0,23.0,75.0,68.0,75.0,80.0,147.0,149,143.0,144.0,215.0,217,204.0,213.0,294.0,299.0,294.0,281.0,331.0,337.0,332.0,342.0,36.0,82.0,36.0,75.0,128.0,75.0,182.0,155,176.0,199.0,209,194.0,295.0,,295.0,328.0,272.0,329.0,36.0,82.0,36.0,77.0,128.0,77.0,182.0,153.0,175.0,199.0,209.0,195.0,297.0,210.0,297.0,328.0,272.0,329.0,36.0,82.0,36.0,77.0,128.0,77.0,182.0,153.0,175.0,199.0,209.0,195.0,297.0,210.0,297.0,328.0,272.0,329.0,36.0,82.0,36.0,77.0,128.0,77.0,175.0,153.0,175.0,195.0,209.0,195.0,297.0,210.0,297.0,328.0,272.0,329.0
P15,trial_57_L_affected,affected,38.0,28.0,38.0,26.0,79.0,72.0,79.0,85.0,155.0,147,162.0,151.0,219.0,222,208.0,217.0,318.0,323.0,318.0,301.0,358.0,366.0,358.0,397.0,40.0,83.0,40.0,83.0,125.0,83.0,175.0,146,166.0,203.0,216,199.0,324.0,244.0,324.0,354.0,289.0,353.0,40.0,83.0,40.0,82.0,128.0,82.0,175.0,145.0,163.0,203.0,217.0,199.0,325.0,240.0,325.0,354.0,289.0,353.0,40.0,83.0,40.0,82.0,128.0,82.0,175.0,145.0,163.0,203.0,217.0,199.0,325.0,240.0,325.0,354.0,289.0,353.0,40.0,83.0,40.0,82.0,128.0,82.0,163.0,145.0,163.0,199.0,217.0,199.0,325.0,240.0,325.0,354.0,289.0,353.0
P15,trial_58_L_affected,affected,33.0,23.0,33.0,22.0,72.0,66.0,72.0,77.0,150.0,139,153.0,141.0,205.0,215,201.0,210.0,300.0,305.0,300.0,283.0,333.0,340.0,334.0,381.0,36.0,82.0,36.0,81.0,117.0,81.0,184.0,148,167.0,196.0,204,186.0,302.0,230.0,302.0,328.0,264.0,328.0,36.0,82.0,36.0,82.0,120.0,82.0,184.0,147.0,167.0,196.0,203.0,183.0,302.0,224.0,302.0,328.0,264.0,328.0,36.0,82.0,36.0,82.0,120.0,82.0,184.0,147.0,167.0,196.0,203.0,183.0,302.0,224.0,302.0,328.0,264.0,328.0,36.0,82.0,36.0,82.0,120.0,82.0,167.0,147.0,167.0,183.0,203.0,183.0,302.0,224.0,302.0,328.0,264.0,328.0
P15,trial_59_L_affected,affected,31.0,22.0,31.0,20.0,71.0,66.0,71.0,79.0,142.0,143,162.0,144.0,198.0,210,197.0,206.0,298.0,304.0,298.0,285.0,335.0,341.0,336.0,363.0,31.0,80.0,31.0,79.0,120.0,79.0,176.0,143,154.0,190.0,203,189.0,301.0,236.0,301.0,332.0,280.0,334.0,31.0,80.0,31.0,79.0,123.0,79.0,176.0,142.0,159.0,190.0,204.0,191.0,302.0,241.0,302.0,332.0,280.0,334.0,31.0,80.0,31.0,79.0,123.0,79.0,176.0,142.0,159.0,190.0,204.0,191.0,302.0,241.0,302.0,332.0,280.0,334.0,31.0,80.0,31.0,79.0,123.0,79.0,159.0,142.0,159.0,191.0,204.0,191.0,302.0,241.0,302.0,332.0,280.0,334.0
P15,trial_5_R_unaffected,unaffected,126.0,114.0,126.0,,177.0,170.0,177.0,,255.0,253,259.0,,351.0,351,348.0,,414.0,418.0,414.0,,450.0,459.0,455.0,,127.0,184.0,127.0,181.0,262.0,181.0,265.0,262,273.0,349.0,340,330.0,408.0,390.0,408.0,455.0,405.0,456.0,127.0,184.0,127.0,184.0,262.0,184.0,265.0,263.0,274.0,349.0,338.0,323.0,404.0,389.0,404.0,455.0,405.0,456.0,127.0,184.0,127.0,184.0,262.0,184.0,265.0,263.0,274.0,349.0,338.0,323.0,404.0,389.0,404.0,455.0,405.0,456.0,127.0,184.0,127.0,184.0,262.0,184.0,274.0,263.0,274.0,323.0,338.0,323.0,404.0,389.0,404.0,455.0,405.0,456.0
P15,trial_60_L_affected,affected,30.0,189.0,30.0,16.0,69.0,202.0,69.0,75.0,145.0,202,151.0,141.0,212.0,217,209.0,209.0,289.0,296.0,289.0,280.0,328.0,334.0,350.0,355.0,31.0,190.0,31.0,80.0,225.0,80.0,157.0,225,166.0,194.0,228,194.0,294.0,240.0,294.0,327.0,274.0,325.0,31.0,77.0,31.0,79.0,122.0,79.0,157.0,142.0,156.0,194.0,208.0,195.0,293.0,246.0,293.0,327.0,274.0,325.0,31.0,77.0,31.0,79.0,122.0,79.0,157.0,142.0,156.0,194.0,208.0,195.0,293.0,246.0,293.0,327.0,274.0,325.0,31.0,77.0,31.0,79.0,122.0,79.0,156.0,142.0,156.0,195.0,208.0,195.0,293.0,246.0,293.0,327.0,274.0,325.0
P15,trial_61_L_affected,affected,31.0,21.0,31.0,20.0,70.0,65.0,70.0,77.0,143.0,141,146.0,141.0,224.0,226,214.0,222.0,298.0,305.0,298.0,291.0,336.0,345.0,336.0,366.0,30.0,78.0,30.0,84.0,175.0,84.0,165.0,175,159.0,210.0,221,215.0,292.0,,292.0,334.0,285.0,334.0,30.0,78.0,30.0,80.0,170.0,80.0,165.0,170.0,161.0,210.0,221.0,208.0,291.0,223.0,291.0,334.0,285.0,334.0,30.0,78.0,30.0,80.0,136.0,80.0,165.0,149.0,161.0,210.0,221.0,208.0,291.0,224.0,291.0,334.0,285.0,334.0,30.0,78.0,30.0,80.0,170.0,80.0,161.0,170.0,161.0,208.0,221.0,208.0,291.0,223.0,291.0,334.0,285.0,334.0
P15,trial_62_L_affected,affected,32.0,21.0,32.0,20.0,70.0,64.0,70.0,74.0,142.0,137,153.0,136.0,204.0,208,203.0,204.0,283.0,289.0,283.0,271.0,319.0,325.0,322.0,362.0,32.0,193.0,32.0,78.0,229.0,78.0,151.0,229,149.0,191.0,232,184.0,284.0,241.0,284.0,316.0,267.0,320.0,32.0,78.0,32.0,79.0,116.0,79.0,151.0,139.0,153.0,191.0,198.0,187.0,284.0,,284.0,316.0,266.0,320.0,32.0,78.0,32.0,79.0,116.0,79.0,151.0,139.0,153.0,191.0,198.0,187.0,284.0,,284.0,316.0,266.0,320.0,32.0,78.0,32.0,79.0,116.0,79.0,153.0,139.0,153.0,187.0,198.0,187.0,284.0,,284.0,316.0,266.0,320.0
P15,trial_63_L_affected,affected,46.0,37.0,46.0,36.0,87.0,81.0,87.0,95.0,157.0,155,164.0,158.0,215.0,228,216.0,224.0,307.0,313.0,307.0,295.0,341.0,348.0,340.0,377.0,47.0,94.0,47.0,101.0,180.0,101.0,195.0,180,175.0,214.0,218,216.0,310.0,,310.0,337.0,286.0,336.0,47.0,37.0,47.0,98.0,88.0,98.0,195.0,158.0,174.0,214.0,159.0,211.0,310.0,,310.0,337.0,163.0,336.0,47.0,37.0,47.0,98.0,88.0,98.0,195.0,158.0,174.0,214.0,159.0,211.0,310.0,,310.0,337.0,163.0,336.0,47.0,37.0,47.0,98.0,88.0,98.0,174.0,158.0,174.0,211.0,159.0,211.0,310.0,,310.0,337.0,163.0,336.0
P15,trial_64_L_affected,affected,36.0,24.0,36.0,23.0,73.0,70.0,73.0,76.0,148.0,133,150.0,142.0,187.0,208,202.0,199.0,273.0,280.0,273.0,267.0,310.0,317.0,308.0,331.0,37.0,27.0,37.0,78.0,72.0,78.0,160.0,135,148.0,199.0,199,191.0,278.0,,278.0,306.0,268.0,303.0,37.0,27.0,37.0,82.0,72.0,82.0,160.0,136.0,151.0,199.0,137.0,187.0,277.0,,277.0,306.0,160.0,303.0,37.0,27.0,37.0,82.0,72.0,82.0,160.0,136.0,151.0,199.0,137.0,187.0,277.0,,277.0,306.0,160.0,303.0,37.0,27.0,37.0,82.0,72.0,82.0,151.0,136.0,151.0,187.0,137.0,187.0,277.0,,277.0,306.0,160.0,303.0
P15,trial_65_L_affected,affected,33.0,21.0,33.0,20.0,74.0,67.0,74.0,79.0,144.0,145,157.0,147.0,224.0,227,222.0,221.0,298.0,305.0,298.0,286.0,336.0,342.0,337.0,363.0,33.0,81.0,33.0,84.0,119.0,84.0,164.0,149,162.0,222.0,219,204.0,302.0,226.0,302.0,334.0,286.0,336.0,33.0,22.0,33.0,84.0,75.0,84.0,164.0,150.0,164.0,222.0,151.0,203.0,301.0,,301.0,334.0,183.0,336.0,33.0,22.0,33.0,84.0,75.0,84.0,164.0,150.0,164.0,222.0,151.0,203.0,301.0,,301.0,334.0,183.0,336.0,33.0,22.0,33.0,84.0,75.0,84.0,164.0,150.0,164.0,203.0,151.0,203.0,301.0,,301.0,334.0,183.0,336.0
P15,trial_66_L_affected,affected,32.0,20.0,32.0,19.0,71.0,65.0,71.0,75.0,141.0,150,140.0,150.0,220.0,224,211.0,220.0,292.0,298.0,292.0,283.0,330.0,336.0,329.0,354.0,32.0,206.0,32.0,74.0,239.0,74.0,138.0,239,160.0,209.0,242,232.0,293.0,255.0,293.0,326.0,284.0,325.0,32.0,75.0,32.0,74.0,173.0,74.0,138.0,173.0,159.0,209.0,225.0,211.0,292.0,260.0,292.0,326.0,284.0,325.0,32.0,75.0,32.0,74.0,173.0,74.0,138.0,173.0,159.0,209.0,225.0,211.0,292.0,260.0,292.0,326.0,284.0,325.0,32.0,75.0,32.0,74.0,173.0,74.0,159.0,173.0,159.0,211.0,225.0,211.0,292.0,260.0,292.0,326.0,284.0,325.0
P15,trial_67_L_affected,affected,29.0,20.0,29.0,19.0,66.0,60.0,66.0,70.0,137.0,134,146.0,132.0,210.0,214,203.0,210.0,285.0,292.0,285.0,278.0,325.0,331.0,326.0,369.0,31.0,75.0,31.0,76.0,114.0,76.0,153.0,135,146.0,201.0,202,194.0,287.0,,287.0,320.0,273.0,324.0,31.0,75.0,31.0,75.0,116.0,75.0,153.0,134.0,148.0,201.0,205.0,195.0,287.0,,287.0,320.0,273.0,324.0,31.0,75.0,31.0,75.0,116.0,75.0,153.0,134.0,148.0,201.0,205.0,195.0,287.0,,287.0,320.0,273.0,324.0,31.0,75.0,31.0,75.0,116.0,75.0,148.0,134.0,148.0,195.0,205.0,195.0,287.0,,287.0,320.0,273.0,324.0
P15,trial_68_L_affected,affected,32.0,23.0,32.0,22.0,69.0,64.0,69.0,72.0,140.0,140,157.0,142.0,207.0,218,205.0,215.0,297.0,302.0,297.0,277.0,333.0,341.0,332.0,347.0,34.0,,34.0,77.0,,77.0,163.0,171,158.0,208.0,210,194.0,303.0,213.0,303.0,329.0,275.0,328.0,34.0,77.0,34.0,79.0,167.0,79.0,163.0,167.0,154.0,208.0,209.0,195.0,303.0,211.0,303.0,329.0,275.0,328.0,34.0,77.0,34.0,79.0,167.0,79.0,163.0,167.0,154.0,208.0,209.0,195.0,303.0,211.0,303.0,329.0,275.0,328.0,34.0,77.0,34.0,79.0,167.0,79.0,154.0,167.0,154.0,195.0,209.0,195.0,303.0,211.0,303.0,329.0,275.0,328.0
P15,trial_69_L_affected,affected,28.0,21.0,28.0,19.0,65.0,60.0,65.0,69.0,136.0,134,152.0,136.0,210.0,215,200.0,208.0,286.0,292.0,286.0,270.0,328.0,335.0,331.0,389.0,30.0,71.0,30.0,67.0,126.0,67.0,153.0,135,152.0,204.0,197,194.0,290.0,,290.0,324.0,273.0,327.0,30.0,,30.0,75.0,,75.0,153.0,133.0,153.0,204.0,134.0,192.0,289.0,,289.0,324.0,172.0,327.0,30.0,,30.0,75.0,,75.0,153.0,133.0,153.0,204.0,134.0,192.0,289.0,,289.0,324.0,172.0,327.0,30.0,,30.0,75.0,,75.0,153.0,133.0,153.0,192.0,134.0,192.0,289.0,,289.0,324.0,172.0,327.0
P15,trial_6_R_unaffected,unaffected,39.0,273.0,39.0,,92.0,297.0,92.0,,173.0,297,193.0,,289.0,300,284.0,,356.0,362.0,356.0,,388.0,396.0,387.0,,41.0,,41.0,93.0,,93.0,183.0,225,190.0,289.0,275,269.0,355.0,326.0,355.0,389.0,339.0,388.0,41.0,,41.0,93.0,,93.0,183.0,238.0,193.0,289.0,276.0,265.0,355.0,323.0,355.0,389.0,339.0,388.0,41.0,,41.0,93.0,,93.0,183.0,238.0,193.0,289.0,276.0,265.0,355.0,323.0,355.0,389.0,339.0,388.0,41.0,,41.0,93.0,,93.0,193.0,238.0,193.0,265.0,276.0,265.0,355.0,323.0,355.0,389.0,339.0,388.0
P15,trial_70_L_affected,affected,32.0,79.0,32.0,22.0,71.0,138.0,71.0,75.0,142.0,138,153.0,147.0,215.0,235,216.0,224.0,315.0,320.0,315.0,295.0,349.0,357.0,348.0,370.0,34.0,81.0,34.0,83.0,176.0,83.0,161.0,176,161.0,220.0,226,224.0,318.0,,318.0,346.0,294.0,346.0,34.0,81.0,34.0,82.0,176.0,82.0,161.0,176.0,159.0,220.0,224.0,210.0,318.0,228.0,318.0,346.0,294.0,346.0,34.0,81.0,34.0,82.0,176.0,82.0,161.0,176.0,159.0,220.0,224.0,210.0,318.0,228.0,318.0,346.0,294.0,346.0,34.0,81.0,34.0,82.0,176.0,82.0,159.0,176.0,159.0,210.0,224.0,210.0,318.0,228.0,318.0,346.0,294.0,346.0
P15,trial_71_L_affected,affected,35.0,214.0,35.0,25.0,71.0,252.0,71.0,75.0,147.0,252,152.0,147.0,233.0,255,229.0,228.0,306.0,314.0,306.0,292.0,367.0,377.0,392.0,378.0,37.0,,37.0,82.0,,82.0,165.0,178,154.0,212.0,213,213.0,307.0,,307.0,365.0,296.0,370.0,37.0,,37.0,83.0,,83.0,165.0,174.0,152.0,212.0,215.0,207.0,307.0,,307.0,365.0,296.0,370.0,37.0,,37.0,83.0,,83.0,165.0,174.0,152.0,212.0,215.0,207.0,307.0,,307.0,365.0,296.0,370.0,37.0,,37.0,83.0,,83.0,152.0,174.0,152.0,207.0,215.0,207.0,307.0,,307.0,365.0,296.0,370.0
P15,trial_72_L_affected,affected,34.0,23.0,34.0,22.0,67.0,61.0,67.0,72.0,150.0,140,152.0,143.0,227.0,230,220.0,227.0,328.0,333.0,328.0,318.0,366.0,374.0,367.0,398.0,34.0,73.0,34.0,73.0,160.0,73.0,156.0,160,154.0,219.0,222,209.0,329.0,,329.0,362.0,298.0,365.0,34.0,73.0,34.0,77.0,147.0,77.0,156.0,147.0,158.0,219.0,220.0,205.0,329.0,224.0,329.0,362.0,298.0,365.0,34.0,73.0,34.0,77.0,147.0,77.0,156.0,147.0,158.0,219.0,220.0,205.0,329.0,224.0,329.0,362.0,298.0,365.0,34.0,73.0,34.0,77.0,147.0,77.0,158.0,147.0,158.0,205.0,220.0,205.0,329.0,224.0,329.0,362.0,298.0,365.0
P15,trial_73_L_affected,affected,34.0,23.0,34.0,22.0,74.0,67.0,74.0,78.0,136.0,142,161.0,142.0,207.0,214,203.0,209.0,291.0,300.0,291.0,280.0,331.0,344.0,331.0,348.0,36.0,79.0,36.0,85.0,80.0,85.0,173.0,146,162.0,203.0,147,195.0,296.0,,296.0,330.0,167.0,331.0,36.0,,36.0,84.0,,84.0,173.0,143.0,163.0,203.0,144.0,190.0,295.0,,295.0,330.0,167.0,331.0,36.0,,36.0,84.0,,84.0,173.0,143.0,163.0,203.0,144.0,190.0,295.0,,295.0,330.0,167.0,331.0,36.0,,36.0,84.0,,84.0,163.0,143.0,163.0,190.0,144.0,190.0,295.0,,295.0,330.0,167.0,331.0
P15,trial_74_L_affected,affected,32.0,24.0,32.0,23.0,72.0,66.0,72.0,75.0,154.0,139,159.0,137.0,228.0,218,197.0,212.0,300.0,308.0,300.0,291.0,340.0,352.0,340.0,369.0,34.0,78.0,34.0,75.0,169.0,75.0,175.0,169,156.0,201.0,205,192.0,302.0,207.0,302.0,337.0,293.0,336.0,34.0,78.0,34.0,77.0,125.0,77.0,175.0,144.0,159.0,201.0,208.0,187.0,303.0,210.0,303.0,337.0,293.0,336.0,34.0,78.0,34.0,77.0,125.0,77.0,175.0,144.0,159.0,201.0,208.0,187.0,303.0,210.0,303.0,337.0,293.0,336.0,34.0,78.0,34.0,77.0,125.0,77.0,159.0,144.0,159.0,187.0,208.0,187.0,303.0,210.0,303.0,337.0,293.0,336.0
P15,trial_75_L_affected,affected,29.0,21.0,29.0,21.0,70.0,65.0,70.0,75.0,137.0,133,148.0,133.0,202.0,214,201.0,209.0,295.0,303.0,295.0,282.0,336.0,349.0,335.0,363.0,30.0,77.0,30.0,78.0,114.0,78.0,150.0,135,151.0,204.0,136,197.0,300.0,,300.0,332.0,162.0,332.0,30.0,20.0,30.0,78.0,72.0,78.0,150.0,137.0,151.0,204.0,138.0,188.0,300.0,,300.0,332.0,162.0,332.0,30.0,20.0,30.0,78.0,72.0,78.0,150.0,137.0,151.0,204.0,138.0,188.0,300.0,,300.0,332.0,162.0,332.0,30.0,20.0,30.0,78.0,72.0,78.0,151.0,137.0,151.0,188.0,138.0,188.0,300.0,,300.0,332.0,162.0,332.0
P15,trial_76_L_affected,affected,34.0,18.0,34.0,,75.0,69.0,75.0,,149.0,143,154.0,,223.0,226,214.0,,301.0,307.0,301.0,,338.0,351.0,337.0,,35.0,82.0,35.0,81.0,123.0,81.0,155.0,149,162.0,211.0,217,201.0,303.0,260.0,303.0,338.0,287.0,337.0,35.0,24.0,35.0,82.0,75.0,82.0,155.0,149.0,170.0,211.0,150.0,201.0,303.0,,303.0,338.0,151.0,337.0,35.0,24.0,35.0,82.0,75.0,82.0,155.0,149.0,170.0,211.0,150.0,201.0,303.0,,303.0,338.0,151.0,337.0,35.0,24.0,35.0,82.0,75.0,82.0,170.0,149.0,170.0,201.0,150.0,201.0,303.0,,303.0,338.0,151.0,337.0
P15,trial_77_L_affected,affected,38.0,28.0,38.0,27.0,81.0,74.0,81.0,86.0,156.0,157,172.0,159.0,242.0,247,233.0,242.0,325.0,331.0,325.0,317.0,357.0,365.0,359.0,391.0,39.0,,39.0,89.0,,89.0,174.0,156,173.0,229.0,157,222.0,332.0,,332.0,356.0,167.0,362.0,39.0,,39.0,90.0,,90.0,174.0,157.0,174.0,229.0,158.0,222.0,331.0,,331.0,356.0,167.0,362.0,39.0,,39.0,90.0,,90.0,174.0,157.0,174.0,229.0,158.0,222.0,331.0,,331.0,356.0,167.0,362.0,39.0,,39.0,90.0,,90.0,174.0,157.0,174.0,222.0,158.0,222.0,331.0,,331.0,356.0,167.0,362.0
P15,trial_78_L_affected,affected,31.0,183.0,31.0,20.0,68.0,209.0,68.0,72.0,141.0,209,149.0,135.0,198.0,212,188.0,195.0,278.0,285.0,278.0,266.0,314.0,324.0,314.0,333.0,31.0,,31.0,74.0,,74.0,162.0,160,146.0,187.0,193,181.0,283.0,,283.0,310.0,267.0,311.0,31.0,,31.0,78.0,,78.0,162.0,159.0,148.0,187.0,192.0,180.0,284.0,,284.0,310.0,267.0,311.0,31.0,,31.0,78.0,,78.0,162.0,159.0,148.0,187.0,192.0,180.0,284.0,,284.0,310.0,267.0,311.0,31.0,,31.0,78.0,,78.0,148.0,159.0,148.0,180.0,192.0,180.0,284.0,,284.0,310.0,267.0,311.0
P15,trial_79_L_affected,affected,34.0,25.0,34.0,24.0,73.0,68.0,73.0,77.0,148.0,142,159.0,153.0,212.0,220,206.0,208.0,303.0,309.0,303.0,283.0,346.0,355.0,346.0,372.0,34.0,201.0,34.0,82.0,240.0,82.0,177.0,240,160.0,206.0,244,200.0,307.0,252.0,307.0,342.0,287.0,343.0,34.0,201.0,34.0,83.0,239.0,83.0,177.0,239.0,167.0,206.0,243.0,198.0,307.0,262.0,307.0,342.0,287.0,343.0,34.0,201.0,34.0,83.0,239.0,83.0,177.0,239.0,167.0,206.0,243.0,198.0,307.0,262.0,307.0,342.0,287.0,343.0,34.0,201.0,34.0,83.0,239.0,83.0,167.0,239.0,167.0,198.0,243.0,198.0,307.0,262.0,307.0,342.0,287.0,343.0
P15,trial_7_R_unaffected,unaffected,43.0,,43.0,,91.0,,91.0,,171.0,168,172.0,,277.0,277,274.0,,345.0,351.0,345.0,,384.0,391.0,385.0,,48.0,104.0,48.0,97.0,114.0,97.0,185.0,172,180.0,273.0,261,245.0,345.0,317.0,345.0,382.0,332.0,382.0,48.0,104.0,48.0,109.0,106.0,109.0,185.0,172.0,188.0,273.0,262.0,248.0,344.0,318.0,344.0,382.0,332.0,382.0,48.0,104.0,48.0,109.0,106.0,109.0,185.0,172.0,188.0,273.0,262.0,248.0,344.0,318.0,344.0,382.0,332.0,382.0,48.0,104.0,48.0,109.0,106.0,109.0,188.0,172.0,188.0,248.0,262.0,248.0,344.0,318.0,344.0,382.0,332.0,382.0
P15,trial_80_L_affected,affected,38.0,29.0,38.0,28.0,75.0,69.0,75.0,81.0,158.0,151,164.0,163.0,241.0,245,240.0,240.0,323.0,329.0,323.0,309.0,359.0,366.0,359.0,381.0,40.0,172.0,40.0,89.0,181.0,89.0,190.0,181,171.0,232.0,239,215.0,325.0,,325.0,355.0,307.0,355.0,40.0,172.0,40.0,91.0,180.0,91.0,190.0,180.0,170.0,232.0,234.0,225.0,327.0,,327.0,355.0,307.0,355.0,40.0,172.0,40.0,91.0,180.0,91.0,190.0,180.0,170.0,232.0,234.0,225.0,327.0,,327.0,355.0,307.0,355.0,40.0,172.0,40.0,91.0,180.0,91.0,170.0,180.0,170.0,225.0,234.0,225.0,327.0,,327.0,355.0,307.0,355.0
P15,trial_81_L_affected,affected,32.0,147.0,32.0,21.0,70.0,149.0,70.0,76.0,150.0,149,160.0,142.0,217.0,220,207.0,217.0,300.0,304.0,300.0,289.0,334.0,343.0,335.0,359.0,34.0,204.0,34.0,81.0,236.0,81.0,169.0,236,164.0,211.0,240,201.0,306.0,254.0,306.0,331.0,288.0,332.0,34.0,,34.0,82.0,,82.0,169.0,143.0,159.0,211.0,144.0,200.0,306.0,,306.0,331.0,147.0,332.0,34.0,,34.0,82.0,,82.0,169.0,143.0,159.0,211.0,144.0,200.0,306.0,,306.0,331.0,147.0,332.0,34.0,,34.0,82.0,,82.0,159.0,143.0,159.0,200.0,144.0,200.0,306.0,,306.0,331.0,147.0,332.0
P15,trial_82_L_affected,affected,32.0,,32.0,19.0,71.0,,71.0,77.0,144.0,195,146.0,144.0,219.0,224,217.0,213.0,304.0,314.0,304.0,294.0,351.0,361.0,349.0,375.0,34.0,78.0,34.0,78.0,164.0,78.0,160.0,164,158.0,203.0,207,190.0,308.0,,308.0,347.0,297.0,344.0,34.0,78.0,34.0,79.0,163.0,79.0,160.0,163.0,155.0,203.0,208.0,190.0,309.0,,309.0,347.0,297.0,344.0,34.0,78.0,34.0,79.0,163.0,79.0,160.0,163.0,155.0,203.0,208.0,190.0,309.0,,309.0,347.0,297.0,344.0,34.0,78.0,34.0,79.0,163.0,79.0,155.0,163.0,155.0,190.0,208.0,190.0,309.0,,309.0,347.0,297.0,344.0
P15,trial_83_L_affected,affected,29.0,21.0,29.0,20.0,68.0,62.0,68.0,72.0,155.0,134,151.0,141.0,206.0,212,197.0,205.0,284.0,288.0,284.0,273.0,324.0,332.0,324.0,339.0,30.0,75.0,30.0,74.0,160.0,74.0,148.0,160,151.0,193.0,196,191.0,287.0,,287.0,324.0,268.0,323.0,30.0,75.0,30.0,75.0,160.0,75.0,148.0,160.0,153.0,193.0,196.0,186.0,288.0,,288.0,324.0,268.0,323.0,30.0,75.0,30.0,75.0,160.0,75.0,148.0,160.0,153.0,193.0,196.0,186.0,288.0,,288.0,324.0,268.0,323.0,30.0,75.0,30.0,75.0,160.0,75.0,153.0,160.0,153.0,186.0,196.0,186.0,288.0,,288.0,324.0,268.0,323.0
P15,trial_84_L_affected,affected,37.0,28.0,37.0,28.0,74.0,69.0,74.0,82.0,145.0,145,163.0,151.0,229.0,165,225.0,222.0,306.0,,306.0,293.0,343.0,,344.0,365.0,36.0,205.0,36.0,84.0,243.0,84.0,176.0,243,170.0,215.0,246,199.0,312.0,256.0,312.0,341.0,285.0,342.0,36.0,82.0,36.0,83.0,123.0,83.0,176.0,147.0,164.0,215.0,214.0,205.0,313.0,,313.0,341.0,285.0,342.0,36.0,82.0,36.0,83.0,123.0,83.0,176.0,147.0,164.0,215.0,214.0,205.0,313.0,,313.0,341.0,285.0,342.0,36.0,82.0,36.0,83.0,123.0,83.0,164.0,147.0,164.0,205.0,214.0,205.0,313.0,,313.0,341.0,285.0,342.0
P15,trial_85_L_affected,affected,34.0,213.0,34.0,23.0,76.0,237.0,76.0,82.0,151.0,237,161.0,150.0,218.0,241,219.0,225.0,306.0,309.0,306.0,294.0,349.0,357.0,350.0,372.0,36.0,,36.0,89.0,,89.0,159.0,177,168.0,222.0,225,211.0,310.0,,310.0,345.0,295.0,347.0,36.0,,36.0,88.0,,88.0,159.0,148.0,169.0,222.0,149.0,212.0,308.0,,308.0,345.0,175.0,347.0,36.0,,36.0,88.0,,88.0,159.0,148.0,169.0,222.0,149.0,212.0,308.0,,308.0,345.0,175.0,347.0,36.0,,36.0,88.0,,88.0,169.0,148.0,169.0,212.0,149.0,212.0,308.0,,308.0,345.0,175.0,347.0
P15,trial_86_L_affected,affected,31.0,190.0,31.0,21.0,69.0,242.0,69.0,72.0,141.0,242,141.0,140.0,220.0,245,220.0,206.0,296.0,302.0,296.0,283.0,336.0,343.0,334.0,353.0,34.0,76.0,34.0,76.0,159.0,76.0,160.0,159,154.0,215.0,196,180.0,298.0,200.0,298.0,332.0,276.0,330.0,34.0,76.0,34.0,76.0,161.0,76.0,160.0,161.0,154.0,215.0,196.0,175.0,297.0,199.0,297.0,332.0,276.0,330.0,34.0,76.0,34.0,76.0,161.0,76.0,160.0,161.0,154.0,215.0,196.0,175.0,297.0,199.0,297.0,332.0,276.0,330.0,34.0,76.0,34.0,76.0,161.0,76.0,154.0,161.0,154.0,175.0,196.0,175.0,297.0,199.0,297.0,332.0,276.0,330.0
P15,trial_87_L_affected,affected,31.0,23.0,31.0,22.0,70.0,64.0,70.0,73.0,138.0,133,144.0,137.0,210.0,216,210.0,208.0,283.0,287.0,283.0,269.0,321.0,329.0,322.0,343.0,33.0,79.0,33.0,78.0,119.0,78.0,149.0,136,146.0,203.0,206,191.0,287.0,236.0,287.0,323.0,268.0,321.0,33.0,22.0,33.0,79.0,75.0,79.0,149.0,137.0,150.0,203.0,138.0,188.0,288.0,,288.0,323.0,171.0,321.0,33.0,22.0,33.0,79.0,75.0,79.0,149.0,137.0,150.0,203.0,138.0,188.0,288.0,,288.0,323.0,171.0,321.0,33.0,22.0,33.0,79.0,75.0,79.0,150.0,137.0,150.0,188.0,138.0,188.0,288.0,,288.0,323.0,171.0,321.0
P15,trial_89_L_affected,affected,34.0,23.0,34.0,21.0,71.0,67.0,71.0,74.0,146.0,137,150.0,141.0,224.0,227,223.0,217.0,294.0,300.0,294.0,283.0,335.0,343.0,337.0,389.0,34.0,78.0,34.0,78.0,159.0,78.0,164.0,159,150.0,210.0,211,200.0,297.0,,297.0,331.0,288.0,331.0,34.0,78.0,34.0,78.0,160.0,78.0,164.0,160.0,151.0,210.0,210.0,198.0,296.0,,296.0,331.0,288.0,331.0,34.0,78.0,34.0,78.0,160.0,78.0,164.0,160.0,151.0,210.0,210.0,198.0,296.0,,296.0,331.0,288.0,331.0,34.0,78.0,34.0,78.0,160.0,78.0,151.0,160.0,151.0,198.0,210.0,198.0,296.0,,296.0,331.0,288.0,331.0
P15,trial_8_R_unaffected,unaffected,45.0,253.0,45.0,,92.0,262.0,92.0,,179.0,262,185.0,,266.0,269,264.0,,336.0,342.0,336.0,,376.0,382.0,376.0,,46.0,198.0,46.0,94.0,199.0,94.0,193.0,199,204.0,266.0,256,250.0,334.0,261.0,334.0,376.0,325.0,376.0,46.0,112.0,46.0,94.0,183.0,94.0,193.0,186.0,204.0,266.0,254.0,242.0,334.0,316.0,334.0,376.0,325.0,376.0,46.0,112.0,46.0,94.0,183.0,94.0,193.0,186.0,204.0,266.0,254.0,242.0,334.0,316.0,334.0,376.0,325.0,376.0,46.0,112.0,46.0,94.0,183.0,94.0,204.0,186.0,204.0,242.0,254.0,242.0,334.0,316.0,334.0,376.0,325.0,376.0
P15,trial_90_L_affected,affected,31.0,211.0,31.0,21.0,72.0,244.0,72.0,74.0,144.0,244,147.0,142.0,233.0,247,226.0,232.0,307.0,312.0,307.0,295.0,345.0,354.0,345.0,359.0,31.0,209.0,31.0,79.0,249.0,79.0,146.0,249,152.0,220.0,255,219.0,312.0,257.0,312.0,343.0,297.0,345.0,31.0,77.0,31.0,79.0,116.0,79.0,146.0,139.0,155.0,220.0,220.0,213.0,312.0,,312.0,343.0,295.0,345.0,31.0,77.0,31.0,79.0,116.0,79.0,146.0,139.0,155.0,220.0,220.0,213.0,312.0,,312.0,343.0,295.0,345.0,31.0,77.0,31.0,79.0,116.0,79.0,155.0,139.0,155.0,213.0,220.0,213.0,312.0,,312.0,343.0,295.0,345.0
P15,trial_9_R_unaffected,unaffected,69.0,,69.0,,122.0,,122.0,,201.0,196,198.0,,286.0,285,281.0,,350.0,358.0,350.0,,391.0,398.0,390.0,,68.0,128.0,68.0,122.0,129.0,122.0,211.0,198,215.0,282.0,265,256.0,355.0,353.0,355.0,390.0,,391.0,68.0,,68.0,129.0,,129.0,211.0,200.0,218.0,282.0,266.0,252.0,355.0,337.0,355.0,390.0,,391.0,68.0,,68.0,129.0,,129.0,211.0,200.0,218.0,282.0,266.0,252.0,355.0,337.0,355.0,390.0,,391.0,68.0,,68.0,129.0,,129.0,218.0,200.0,218.0,252.0,266.0,252.0,355.0,337.0,355.0,390.0,,391.0
P17,trial_10_L_unaffected,unaffected,60.0,53.0,60.0,50.0,100.0,91.0,100.0,107.0,178.0,167,180.0,164.0,258.0,257,248.0,258.0,317.0,321.0,317.0,310.0,353.0,361.0,353.0,379.0,61.0,236.0,61.0,103.0,274.0,103.0,177.0,274,193.0,252.0,276,244.0,313.0,288.0,313.0,351.0,308.0,351.0,61.0,107.0,61.0,104.0,146.0,104.0,177.0,171.0,193.0,252.0,250.0,244.0,310.0,291.0,310.0,351.0,308.0,351.0,61.0,107.0,61.0,104.0,146.0,104.0,177.0,171.0,193.0,252.0,250.0,244.0,310.0,291.0,310.0,351.0,308.0,351.0,61.0,107.0,61.0,104.0,146.0,104.0,193.0,171.0,193.0,244.0,250.0,244.0,310.0,291.0,310.0,351.0,308.0,351.0
P17,trial_11_L_unaffected,unaffected,58.0,50.0,58.0,48.0,102.0,94.0,102.0,110.0,185.0,174,192.0,171.0,262.0,274,267.0,274.0,332.0,337.0,332.0,326.0,367.0,376.0,368.0,386.0,58.0,254.0,58.0,107.0,281.0,107.0,187.0,281,200.0,266.0,284,262.0,330.0,304.0,330.0,366.0,324.0,367.0,58.0,110.0,58.0,108.0,154.0,108.0,187.0,156.0,159.0,266.0,171.0,164.0,327.0,175.0,169.0,366.0,210.0,367.0,58.0,110.0,58.0,108.0,147.0,108.0,187.0,155.0,155.0,266.0,162.0,267.0,327.0,,327.0,366.0,210.0,367.0,58.0,110.0,58.0,108.0,154.0,108.0,155.0,156.0,159.0,267.0,171.0,164.0,327.0,175.0,169.0,366.0,210.0,367.0
P17,trial_12_L_unaffected,unaffected,45.0,36.0,45.0,33.0,90.0,80.0,90.0,98.0,180.0,166,179.0,167.0,234.0,247,238.0,243.0,324.0,329.0,324.0,309.0,361.0,375.0,366.0,382.0,46.0,231.0,46.0,97.0,246.0,97.0,180.0,246,180.0,231.0,252,239.0,326.0,291.0,326.0,359.0,304.0,373.0,46.0,231.0,46.0,98.0,283.0,288.0,180.0,283.0,,231.0,292.0,,293.0,305.0,293.0,359.0,,373.0,46.0,,46.0,98.0,,98.0,180.0,165.0,177.0,231.0,246.0,236.0,295.0,306.0,295.0,359.0,,373.0,46.0,231.0,46.0,98.0,283.0,288.0,177.0,283.0,,236.0,292.0,,293.0,305.0,293.0,359.0,,373.0
P17,trial_13_L_unaffected,unaffected,45.0,38.0,45.0,30.0,87.0,77.0,87.0,99.0,191.0,173,184.0,175.0,261.0,272,262.0,269.0,348.0,354.0,348.0,335.0,386.0,396.0,385.0,399.0,47.0,39.0,47.0,89.0,77.0,89.0,188.0,312,314.0,257.0,313,344.0,346.0,,346.0,383.0,175.0,384.0,47.0,,,56.0,,,188.0,,,257.0,,,266.0,,,383.0,,,47.0,,,56.0,,,188.0,,,257.0,,,266.0,,,383.0,,,47.0,,,56.0,,,,,,,,,65.0,,,383.0,,
P17,trial_14_L_unaffected,unaffected,41.0,33.0,41.0,31.0,83.0,74.0,83.0,91.0,167.0,153,170.0,156.0,241.0,252,243.0,248.0,332.0,338.0,332.0,320.0,366.0,382.0,368.0,387.0,43.0,233.0,43.0,85.0,273.0,85.0,186.0,273,165.0,231.0,276,244.0,332.0,290.0,332.0,365.0,313.0,366.0,43.0,233.0,43.0,93.0,283.0,289.0,186.0,283.0,,231.0,294.0,,332.0,313.0,332.0,365.0,,366.0,43.0,,43.0,93.0,,93.0,186.0,158.0,164.0,231.0,248.0,241.0,332.0,314.0,332.0,365.0,,366.0,43.0,233.0,43.0,93.0,283.0,289.0,164.0,283.0,,241.0,294.0,,332.0,313.0,332.0,365.0,,366.0
P17,trial_15_L_unaffected,unaffected,56.0,50.0,56.0,,101.0,92.0,101.0,,196.0,177,192.0,,273.0,284,274.0,,359.0,363.0,359.0,,396.0,409.0,398.0,,58.0,264.0,58.0,103.0,287.0,103.0,207.0,287,191.0,266.0,292,274.0,323.0,332.0,323.0,394.0,345.0,394.0,58.0,264.0,58.0,108.0,318.0,324.0,207.0,318.0,325.0,266.0,331.0,326.0,343.0,347.0,343.0,394.0,,394.0,58.0,,58.0,108.0,,108.0,207.0,182.0,194.0,266.0,276.0,261.0,343.0,348.0,343.0,394.0,,394.0,58.0,264.0,58.0,108.0,318.0,324.0,146.0,318.0,325.0,261.0,331.0,326.0,343.0,347.0,343.0,394.0,,394.0
P17,trial_16_L_unaffected,unaffected,40.0,33.0,40.0,,78.0,70.0,78.0,,167.0,150,166.0,,248.0,261,251.0,,334.0,341.0,334.0,,374.0,387.0,372.0,,41.0,242.0,41.0,89.0,278.0,89.0,169.0,278,163.0,245.0,281,249.0,332.0,297.0,332.0,369.0,319.0,369.0,41.0,,41.0,88.0,,88.0,169.0,114.0,117.0,245.0,120.0,298.0,332.0,,332.0,369.0,166.0,369.0,41.0,,41.0,88.0,,88.0,169.0,157.0,167.0,245.0,252.0,243.0,332.0,337.0,332.0,369.0,379.0,369.0,41.0,,41.0,88.0,,88.0,167.0,114.0,117.0,243.0,120.0,298.0,332.0,,332.0,369.0,166.0,369.0
P17,trial_17_L_unaffected,unaffected,44.0,35.0,44.0,23.0,90.0,71.0,90.0,99.0,,169,182.0,167.0,,283,275.0,284.0,357.0,377.0,357.0,351.0,366.0,466.0,366.0,424.0,47.0,261.0,47.0,97.0,287.0,97.0,189.0,287,177.0,272.0,292,274.0,359.0,320.0,359.0,395.0,343.0,395.0,47.0,33.0,47.0,98.0,90.0,98.0,189.0,135.0,138.0,272.0,142.0,143.0,361.0,,361.0,395.0,179.0,395.0,47.0,33.0,47.0,98.0,89.0,98.0,189.0,172.0,187.0,272.0,276.0,262.0,361.0,348.0,361.0,395.0,,395.0,47.0,33.0,47.0,98.0,90.0,98.0,137.0,135.0,138.0,262.0,142.0,143.0,361.0,,361.0,395.0,179.0,395.0
P17,trial_18_L_unaffected,unaffected,49.0,40.0,49.0,38.0,95.0,87.0,95.0,101.0,189.0,173,183.0,172.0,264.0,274,264.0,272.0,361.0,367.0,361.0,349.0,398.0,406.0,398.0,425.0,50.0,258.0,50.0,102.0,275.0,102.0,190.0,275,178.0,263.0,280,264.0,358.0,313.0,358.0,395.0,341.0,396.0,50.0,41.0,50.0,102.0,99.0,102.0,190.0,141.0,144.0,263.0,149.0,149.0,362.0,,362.0,395.0,184.0,396.0,50.0,41.0,50.0,465.0,97.0,465.0,,175.0,,,176.0,,,,362.0,465.0,184.0,396.0,50.0,41.0,50.0,102.0,99.0,102.0,145.0,141.0,144.0,251.0,149.0,149.0,362.0,,362.0,395.0,184.0,396.0
P17,trial_19_L_unaffected,unaffected,41.0,31.0,41.0,,90.0,82.0,90.0,,185.0,169,189.0,,239.0,170,241.0,,329.0,,329.0,,363.0,182.0,366.0,,45.0,238.0,45.0,97.0,259.0,97.0,188.0,259,176.0,236.0,262,236.0,327.0,286.0,327.0,361.0,311.0,362.0,45.0,89.0,45.0,98.0,169.0,98.0,188.0,182.0,192.0,236.0,207.0,198.0,327.0,224.0,327.0,361.0,,362.0,45.0,,45.0,98.0,,98.0,188.0,192.0,183.0,236.0,199.0,235.0,327.0,,327.0,361.0,,362.0,45.0,89.0,45.0,98.0,169.0,98.0,183.0,182.0,192.0,235.0,207.0,198.0,327.0,224.0,327.0,361.0,,362.0
P17,trial_1_L_unaffected,unaffected,74.0,65.0,74.0,63.0,126.0,117.0,126.0,139.0,220.0,215,223.0,209.0,444.0,451,444.0,408.0,644.0,646.0,644.0,416.0,683.0,693.0,691.0,702.0,75.0,451.0,75.0,126.0,584.0,126.0,224.0,584,216.0,446.0,596,445.0,643.0,600.0,643.0,681.0,617.0,698.0,75.0,138.0,75.0,170.0,160.0,170.0,224.0,204.0,215.0,446.0,245.0,408.0,643.0,311.0,643.0,681.0,,698.0,75.0,138.0,75.0,170.0,158.0,170.0,224.0,203.0,211.0,446.0,218.0,448.0,643.0,,643.0,681.0,227.0,698.0,75.0,138.0,75.0,170.0,160.0,170.0,211.0,204.0,215.0,448.0,245.0,408.0,643.0,311.0,643.0,681.0,,698.0
P17,trial_20_L_unaffected,unaffected,44.0,34.0,44.0,30.0,84.0,77.0,84.0,91.0,170.0,161,172.0,160.0,248.0,258,250.0,256.0,336.0,342.0,336.0,327.0,373.0,381.0,372.0,409.0,46.0,245.0,46.0,86.0,267.0,86.0,183.0,267,169.0,242.0,270,238.0,337.0,297.0,337.0,371.0,321.0,370.0,46.0,89.0,46.0,90.0,126.0,90.0,183.0,130.0,133.0,242.0,139.0,138.0,334.0,,334.0,371.0,177.0,370.0,46.0,89.0,46.0,90.0,124.0,90.0,183.0,161.0,132.0,242.0,162.0,244.0,334.0,,334.0,371.0,177.0,370.0,46.0,89.0,46.0,90.0,126.0,90.0,132.0,130.0,133.0,244.0,139.0,138.0,334.0,,334.0,371.0,177.0,370.0
P17,trial_21_L_unaffected,unaffected,45.0,37.0,45.0,,84.0,76.0,84.0,,182.0,165,184.0,,230.0,239,216.0,,316.0,322.0,316.0,,356.0,371.0,356.0,,48.0,222.0,48.0,92.0,252.0,92.0,182.0,252,184.0,229.0,255,226.0,314.0,271.0,314.0,353.0,299.0,352.0,48.0,,48.0,92.0,,92.0,182.0,127.0,131.0,229.0,134.0,269.0,315.0,,315.0,353.0,176.0,352.0,48.0,,48.0,92.0,,92.0,182.0,163.0,181.0,229.0,239.0,226.0,315.0,279.0,315.0,353.0,299.0,352.0,48.0,,48.0,92.0,,92.0,129.0,127.0,131.0,226.0,134.0,269.0,315.0,,315.0,353.0,176.0,352.0
P17,trial_22_L_unaffected,unaffected,43.0,34.0,43.0,,82.0,75.0,82.0,,168.0,158,180.0,,222.0,230,222.0,,303.0,308.0,303.0,,340.0,353.0,341.0,,45.0,218.0,45.0,92.0,243.0,92.0,172.0,243,173.0,219.0,246,214.0,300.0,268.0,300.0,336.0,286.0,337.0,45.0,219.0,45.0,92.0,257.0,261.0,172.0,257.0,,219.0,264.0,,283.0,273.0,283.0,336.0,286.0,337.0,45.0,219.0,45.0,92.0,258.0,92.0,172.0,258.0,173.0,219.0,265.0,217.0,283.0,273.0,283.0,336.0,286.0,337.0,45.0,219.0,45.0,92.0,257.0,261.0,173.0,257.0,,217.0,264.0,,283.0,273.0,283.0,336.0,286.0,337.0
P17,trial_23_L_unaffected,unaffected,48.0,40.0,48.0,32.0,89.0,81.0,89.0,96.0,181.0,166,191.0,168.0,253.0,263,245.0,262.0,348.0,353.0,348.0,336.0,388.0,402.0,392.0,405.0,49.0,245.0,49.0,95.0,267.0,95.0,181.0,267,185.0,252.0,271,244.0,347.0,299.0,347.0,384.0,335.0,388.0,49.0,91.0,49.0,99.0,149.0,99.0,181.0,149.0,149.0,252.0,164.0,154.0,347.0,166.0,160.0,384.0,177.0,388.0,49.0,91.0,49.0,99.0,142.0,99.0,181.0,167.0,145.0,252.0,168.0,247.0,347.0,,347.0,384.0,177.0,388.0,49.0,91.0,49.0,99.0,149.0,99.0,145.0,149.0,149.0,247.0,164.0,154.0,347.0,166.0,160.0,384.0,177.0,388.0
P17,trial_24_L_unaffected,unaffected,40.0,30.0,40.0,,87.0,78.0,87.0,,182.0,169,186.0,,247.0,257,244.0,,345.0,351.0,345.0,,387.0,408.0,388.0,,41.0,243.0,41.0,87.0,279.0,87.0,181.0,279,183.0,246.0,282,248.0,344.0,297.0,344.0,385.0,327.0,383.0,41.0,243.0,41.0,99.0,286.0,289.0,181.0,286.0,,246.0,293.0,,346.0,299.0,346.0,385.0,327.0,383.0,41.0,243.0,41.0,133.0,289.0,133.0,181.0,289.0,183.0,246.0,293.0,239.0,346.0,300.0,346.0,385.0,327.0,383.0,41.0,243.0,41.0,99.0,286.0,289.0,183.0,286.0,,239.0,293.0,,346.0,299.0,346.0,385.0,327.0,383.0
P17,trial_25_L_unaffected,unaffected,41.0,31.0,41.0,,83.0,75.0,83.0,,179.0,167,180.0,,259.0,273,261.0,,379.0,386.0,379.0,,415.0,429.0,418.0,,42.0,267.0,42.0,91.0,299.0,91.0,182.0,299,182.0,266.0,302,265.0,379.0,317.0,379.0,414.0,344.0,414.0,42.0,,42.0,92.0,,92.0,182.0,131.0,135.0,266.0,139.0,140.0,380.0,,380.0,414.0,173.0,414.0,42.0,,42.0,92.0,,92.0,182.0,168.0,133.0,266.0,169.0,255.0,380.0,,380.0,414.0,173.0,414.0,42.0,,42.0,92.0,,92.0,133.0,131.0,135.0,255.0,139.0,140.0,380.0,,380.0,414.0,173.0,414.0
P17,trial_27_L_unaffected,unaffected,39.0,31.0,39.0,,78.0,70.0,78.0,,166.0,154,164.0,,257.0,268,258.0,,348.0,352.0,348.0,,382.0,392.0,385.0,,42.0,258.0,42.0,85.0,285.0,85.0,169.0,285,179.0,256.0,288,261.0,345.0,304.0,345.0,382.0,329.0,383.0,42.0,34.0,42.0,87.0,81.0,87.0,169.0,115.0,118.0,256.0,120.0,128.0,344.0,,344.0,382.0,163.0,383.0,42.0,34.0,42.0,87.0,81.0,87.0,169.0,156.0,168.0,256.0,157.0,245.0,344.0,,344.0,382.0,163.0,383.0,42.0,34.0,42.0,87.0,81.0,87.0,115.0,115.0,118.0,245.0,120.0,128.0,344.0,,344.0,382.0,163.0,383.0
P17,trial_28_L_unaffected,unaffected,48.0,39.0,48.0,,86.0,80.0,86.0,,195.0,180,204.0,,250.0,261,253.0,,352.0,356.0,352.0,,389.0,399.0,389.0,,48.0,249.0,48.0,89.0,281.0,89.0,194.0,281,204.0,249.0,285,241.0,351.0,297.0,351.0,388.0,335.0,388.0,48.0,94.0,48.0,94.0,155.0,94.0,194.0,181.0,204.0,249.0,256.0,242.0,351.0,280.0,351.0,388.0,334.0,388.0,48.0,94.0,48.0,94.0,155.0,94.0,194.0,181.0,204.0,249.0,256.0,242.0,351.0,280.0,351.0,388.0,334.0,388.0,48.0,94.0,48.0,94.0,155.0,94.0,204.0,181.0,204.0,242.0,256.0,242.0,351.0,280.0,351.0,388.0,334.0,388.0
P17,trial_29_L_unaffected,unaffected,40.0,32.0,40.0,,80.0,74.0,80.0,,179.0,162,177.0,,224.0,235,222.0,,307.0,312.0,307.0,,347.0,359.0,344.0,,42.0,224.0,42.0,85.0,251.0,85.0,173.0,251,180.0,225.0,254,224.0,304.0,267.0,304.0,344.0,295.0,343.0,42.0,,42.0,88.0,,88.0,173.0,220.0,179.0,225.0,232.0,218.0,302.0,273.0,302.0,344.0,296.0,343.0,42.0,,42.0,88.0,,88.0,173.0,220.0,179.0,225.0,232.0,218.0,302.0,273.0,302.0,344.0,296.0,343.0,42.0,,42.0,88.0,,88.0,179.0,220.0,179.0,218.0,232.0,218.0,302.0,273.0,302.0,344.0,296.0,343.0
P17,trial_2_L_unaffected,unaffected,57.0,48.0,57.0,,99.0,91.0,99.0,,189.0,181,193.0,,258.0,267,256.0,,347.0,354.0,347.0,,393.0,401.0,394.0,,58.0,252.0,58.0,100.0,275.0,100.0,200.0,275,184.0,252.0,278,256.0,347.0,309.0,347.0,389.0,334.0,391.0,58.0,,58.0,99.0,,99.0,200.0,150.0,153.0,252.0,160.0,158.0,347.0,,347.0,389.0,193.0,391.0,58.0,,58.0,99.0,,99.0,200.0,182.0,150.0,252.0,266.0,252.0,347.0,349.0,347.0,389.0,400.0,391.0,58.0,,58.0,99.0,,99.0,150.0,150.0,153.0,252.0,160.0,158.0,347.0,,347.0,389.0,193.0,391.0
P17,trial_30_L_unaffected,unaffected,43.0,33.0,43.0,30.0,87.0,79.0,87.0,94.0,184.0,172,184.0,171.0,251.0,263,255.0,261.0,353.0,358.0,353.0,338.0,388.0,399.0,389.0,422.0,44.0,35.0,44.0,89.0,78.0,89.0,186.0,174,189.0,250.0,175,239.0,349.0,,349.0,388.0,183.0,388.0,44.0,35.0,44.0,89.0,77.0,89.0,186.0,175.0,191.0,250.0,176.0,243.0,352.0,,352.0,388.0,183.0,388.0,44.0,35.0,44.0,53.0,146.0,53.0,186.0,175.0,191.0,250.0,258.0,243.0,352.0,279.0,352.0,388.0,325.0,388.0,44.0,35.0,44.0,89.0,77.0,89.0,191.0,175.0,191.0,243.0,176.0,243.0,352.0,,352.0,388.0,183.0,388.0
P17,trial_31_L_unaffected,unaffected,48.0,39.0,48.0,,91.0,83.0,91.0,,174.0,160,173.0,,217.0,236,226.0,,307.0,312.0,307.0,,342.0,352.0,342.0,,49.0,41.0,49.0,97.0,135.0,97.0,173.0,159,174.0,226.0,234,218.0,307.0,260.0,307.0,343.0,296.0,343.0,49.0,41.0,49.0,99.0,138.0,99.0,173.0,161.0,177.0,226.0,231.0,217.0,307.0,252.0,307.0,343.0,295.0,343.0,49.0,41.0,49.0,99.0,138.0,99.0,173.0,161.0,177.0,226.0,231.0,217.0,307.0,252.0,307.0,343.0,295.0,343.0,49.0,41.0,49.0,99.0,138.0,99.0,177.0,161.0,177.0,217.0,231.0,217.0,307.0,252.0,307.0,343.0,295.0,343.0
P17,trial_32_L_unaffected,unaffected,46.0,36.0,46.0,,87.0,79.0,87.0,,185.0,171,180.0,,241.0,257,237.0,,334.0,338.0,334.0,,373.0,382.0,374.0,,46.0,240.0,46.0,99.0,275.0,99.0,185.0,275,186.0,236.0,278,238.0,336.0,290.0,336.0,372.0,313.0,372.0,46.0,91.0,46.0,100.0,141.0,100.0,185.0,143.0,146.0,236.0,152.0,288.0,336.0,,336.0,372.0,180.0,372.0,46.0,91.0,46.0,100.0,138.0,100.0,185.0,178.0,188.0,236.0,179.0,231.0,336.0,,336.0,372.0,180.0,372.0,46.0,91.0,46.0,100.0,141.0,100.0,188.0,143.0,146.0,231.0,152.0,288.0,336.0,,336.0,372.0,180.0,372.0
P17,trial_33_L_unaffected,unaffected,43.0,33.0,43.0,30.0,81.0,74.0,81.0,88.0,186.0,171,187.0,172.0,258.0,270,259.0,267.0,340.0,344.0,340.0,328.0,373.0,390.0,380.0,419.0,43.0,35.0,43.0,83.0,76.0,83.0,189.0,175,180.0,259.0,176,239.0,338.0,,338.0,372.0,189.0,377.0,43.0,35.0,43.0,83.0,76.0,83.0,189.0,176.0,183.0,259.0,177.0,248.0,337.0,,337.0,372.0,189.0,377.0,43.0,88.0,43.0,52.0,145.0,52.0,189.0,176.0,183.0,259.0,215.0,248.0,337.0,,337.0,372.0,,377.0,43.0,35.0,43.0,83.0,76.0,83.0,183.0,176.0,183.0,248.0,177.0,248.0,337.0,,337.0,372.0,189.0,377.0
P17,trial_34_L_unaffected,unaffected,43.0,31.0,43.0,,86.0,77.0,86.0,,187.0,170,185.0,,273.0,231,271.0,,357.0,,357.0,,393.0,,393.0,,43.0,88.0,43.0,98.0,119.0,98.0,183.0,173,187.0,269.0,280,252.0,355.0,299.0,355.0,391.0,341.0,391.0,43.0,90.0,43.0,98.0,140.0,98.0,183.0,173.0,187.0,269.0,278.0,264.0,355.0,299.0,355.0,391.0,341.0,391.0,43.0,90.0,43.0,98.0,140.0,98.0,183.0,173.0,187.0,269.0,278.0,264.0,355.0,299.0,355.0,391.0,341.0,391.0,43.0,90.0,43.0,98.0,140.0,98.0,187.0,173.0,187.0,264.0,278.0,264.0,355.0,299.0,355.0,391.0,341.0,391.0
P17,trial_35_L_unaffected,unaffected,49.0,38.0,49.0,,88.0,80.0,88.0,,189.0,176,200.0,,253.0,264,242.0,,348.0,351.0,348.0,,383.0,393.0,383.0,,49.0,41.0,49.0,82.0,74.0,82.0,190.0,182,214.0,255.0,183,235.0,346.0,,346.0,383.0,190.0,383.0,49.0,41.0,49.0,81.0,73.0,81.0,190.0,182.0,191.0,255.0,183.0,236.0,348.0,,348.0,383.0,190.0,383.0,49.0,97.0,49.0,58.0,151.0,58.0,190.0,182.0,191.0,255.0,256.0,236.0,348.0,276.0,348.0,383.0,312.0,383.0,49.0,41.0,49.0,81.0,73.0,81.0,191.0,182.0,191.0,236.0,183.0,236.0,348.0,,348.0,383.0,190.0,383.0
P17,trial_36_L_unaffected,unaffected,47.0,36.0,47.0,,88.0,81.0,88.0,,182.0,170,189.0,,248.0,260,252.0,,335.0,339.0,335.0,,370.0,380.0,369.0,,45.0,36.0,45.0,91.0,82.0,91.0,182.0,173,188.0,248.0,174,237.0,333.0,,333.0,368.0,178.0,368.0,45.0,36.0,45.0,91.0,82.0,91.0,182.0,174.0,187.0,248.0,175.0,238.0,332.0,,332.0,368.0,178.0,368.0,45.0,36.0,45.0,450.0,149.0,450.0,,174.0,,,253.0,,,269.0,332.0,450.0,322.0,368.0,45.0,36.0,45.0,91.0,82.0,91.0,187.0,174.0,187.0,238.0,175.0,238.0,332.0,,332.0,368.0,178.0,368.0
P17,trial_37_L_unaffected,unaffected,41.0,30.0,41.0,,80.0,73.0,80.0,,176.0,162,184.0,,249.0,257,239.0,,337.0,341.0,337.0,,376.0,389.0,382.0,,42.0,34.0,42.0,88.0,139.0,88.0,172.0,166,188.0,248.0,201,228.0,340.0,,340.0,376.0,,383.0,42.0,34.0,42.0,88.0,139.0,88.0,172.0,167.0,182.0,248.0,202.0,229.0,341.0,,341.0,376.0,,383.0,42.0,34.0,42.0,88.0,140.0,88.0,172.0,167.0,182.0,248.0,199.0,229.0,341.0,,341.0,376.0,,383.0,42.0,34.0,42.0,88.0,139.0,88.0,182.0,167.0,182.0,229.0,202.0,229.0,341.0,,341.0,376.0,,383.0
P17,trial_38_L_unaffected,unaffected,47.0,37.0,47.0,,86.0,77.0,86.0,,166.0,156,172.0,,225.0,235,229.0,,297.0,301.0,297.0,,331.0,338.0,329.0,,47.0,218.0,47.0,91.0,253.0,91.0,165.0,253,171.0,209.0,256,217.0,296.0,267.0,296.0,329.0,289.0,328.0,47.0,92.0,47.0,94.0,123.0,94.0,165.0,128.0,131.0,209.0,136.0,136.0,272.0,,272.0,329.0,168.0,328.0,47.0,92.0,47.0,94.0,122.0,94.0,165.0,159.0,131.0,209.0,160.0,215.0,274.0,,274.0,329.0,168.0,328.0,47.0,92.0,47.0,94.0,123.0,94.0,131.0,128.0,131.0,215.0,136.0,136.0,272.0,,272.0,329.0,168.0,328.0
P17,trial_39_L_unaffected,unaffected,48.0,38.0,48.0,,88.0,81.0,88.0,,177.0,161,173.0,,227.0,245,224.0,,310.0,315.0,310.0,,340.0,350.0,343.0,,49.0,42.0,49.0,89.0,81.0,89.0,173.0,169,207.0,232.0,170,221.0,311.0,,311.0,342.0,170.0,343.0,49.0,42.0,49.0,89.0,81.0,89.0,173.0,169.0,182.0,232.0,170.0,223.0,312.0,,312.0,342.0,170.0,343.0,49.0,94.0,49.0,58.0,137.0,58.0,173.0,169.0,182.0,232.0,238.0,223.0,312.0,258.0,312.0,342.0,296.0,343.0,49.0,42.0,49.0,89.0,81.0,89.0,182.0,169.0,182.0,223.0,170.0,223.0,312.0,,312.0,342.0,170.0,343.0
P17,trial_3_L_unaffected,unaffected,49.0,42.0,49.0,37.0,94.0,83.0,94.0,103.0,181.0,171,194.0,169.0,243.0,251,243.0,251.0,316.0,321.0,316.0,308.0,355.0,363.0,354.0,369.0,50.0,243.0,50.0,97.0,274.0,97.0,185.0,274,171.0,241.0,276,251.0,314.0,291.0,314.0,354.0,305.0,350.0,50.0,243.0,50.0,99.0,282.0,291.0,185.0,282.0,,241.0,294.0,,306.0,316.0,306.0,354.0,362.0,350.0,50.0,,50.0,99.0,,99.0,185.0,169.0,183.0,241.0,170.0,246.0,306.0,,306.0,354.0,,350.0,50.0,243.0,50.0,99.0,282.0,291.0,183.0,282.0,,246.0,294.0,,306.0,316.0,306.0,354.0,362.0,350.0
P17,trial_40_L_unaffected,unaffected,42.0,33.0,42.0,,78.0,71.0,78.0,,158.0,143,155.0,,202.0,220,202.0,,288.0,294.0,288.0,,323.0,330.0,324.0,,42.0,204.0,42.0,82.0,223.0,82.0,150.0,223,163.0,199.0,227,205.0,286.0,251.0,286.0,321.0,280.0,321.0,42.0,,,51.0,,,150.0,,,199.0,,,208.0,,,321.0,,,42.0,,,51.0,,,150.0,,,199.0,,,208.0,,,321.0,,,42.0,,,51.0,,,,,,,,,60.0,,,321.0,,
P17,trial_41_L_unaffected,unaffected,45.0,36.0,45.0,,83.0,75.0,83.0,,175.0,165,178.0,,243.0,236,229.0,,315.0,,315.0,,349.0,299.0,350.0,,44.0,37.0,44.0,83.0,75.0,83.0,172.0,171,200.0,240.0,172,228.0,313.0,,313.0,347.0,172.0,348.0,44.0,37.0,44.0,83.0,75.0,83.0,172.0,171.0,180.0,240.0,172.0,231.0,310.0,,310.0,347.0,172.0,348.0,44.0,91.0,44.0,53.0,147.0,53.0,172.0,171.0,180.0,240.0,241.0,231.0,310.0,263.0,310.0,347.0,299.0,348.0,44.0,37.0,44.0,83.0,75.0,83.0,180.0,171.0,180.0,231.0,172.0,231.0,310.0,,310.0,347.0,172.0,348.0
P17,trial_42_L_unaffected,unaffected,42.0,33.0,42.0,,78.0,71.0,78.0,,150.0,139,152.0,,213.0,221,205.0,,294.0,299.0,294.0,,331.0,346.0,331.0,,42.0,83.0,42.0,78.0,120.0,78.0,145.0,142,160.0,219.0,161,209.0,295.0,,295.0,329.0,179.0,329.0,42.0,201.0,42.0,78.0,212.0,78.0,145.0,212.0,159.0,219.0,220.0,209.0,284.0,235.0,284.0,329.0,270.0,329.0,42.0,201.0,42.0,392.0,212.0,392.0,,212.0,,,220.0,,,308.0,307.0,392.0,336.0,329.0,42.0,201.0,42.0,78.0,212.0,78.0,159.0,212.0,159.0,209.0,220.0,209.0,284.0,235.0,284.0,329.0,270.0,329.0
P17,trial_43_R_affected,affected,46.0,37.0,46.0,34.0,87.0,80.0,87.0,91.0,160.0,145,152.0,142.0,219.0,223,209.0,225.0,285.0,290.0,285.0,277.0,315.0,321.0,294.0,350.0,50.0,41.0,50.0,89.0,85.0,89.0,152.0,166,154.0,209.0,167,206.0,288.0,,288.0,313.0,189.0,297.0,50.0,41.0,50.0,92.0,83.0,92.0,152.0,116.0,119.0,209.0,119.0,124.0,287.0,,287.0,313.0,189.0,296.0,50.0,41.0,50.0,92.0,84.0,92.0,152.0,170.0,149.0,209.0,171.0,214.0,287.0,,287.0,313.0,189.0,296.0,50.0,41.0,50.0,92.0,83.0,92.0,149.0,116.0,119.0,214.0,119.0,124.0,287.0,,287.0,313.0,189.0,296.0
P17,trial_44_R_affected,affected,52.0,207.0,52.0,39.0,92.0,239.0,92.0,96.0,165.0,239,162.0,152.0,219.0,241,204.0,227.0,279.0,283.0,279.0,272.0,315.0,333.0,316.0,348.0,54.0,48.0,54.0,94.0,85.0,94.0,158.0,167,181.0,206.0,168,212.0,278.0,,278.0,316.0,188.0,317.0,54.0,48.0,54.0,96.0,86.0,96.0,158.0,124.0,126.0,206.0,125.0,132.0,276.0,,276.0,316.0,188.0,317.0,54.0,48.0,54.0,108.0,61.0,108.0,158.0,172.0,158.0,206.0,173.0,208.0,276.0,,276.0,316.0,188.0,317.0,54.0,48.0,54.0,96.0,86.0,96.0,158.0,124.0,126.0,208.0,125.0,132.0,276.0,,276.0,316.0,188.0,317.0
P17,trial_45_R_affected,affected,44.0,35.0,44.0,33.0,85.0,78.0,85.0,94.0,168.0,155,166.0,158.0,225.0,233,224.0,230.0,331.0,336.0,331.0,310.0,375.0,394.0,380.0,414.0,46.0,37.0,46.0,91.0,81.0,91.0,173.0,161,182.0,215.0,162,215.0,331.0,,331.0,371.0,180.0,380.0,46.0,37.0,46.0,93.0,84.0,93.0,173.0,121.0,125.0,215.0,122.0,267.0,331.0,,331.0,371.0,180.0,380.0,46.0,37.0,46.0,93.0,84.0,93.0,173.0,164.0,172.0,215.0,230.0,219.0,331.0,332.0,331.0,371.0,388.0,380.0,46.0,37.0,46.0,93.0,84.0,93.0,172.0,121.0,125.0,219.0,122.0,267.0,331.0,,331.0,371.0,180.0,380.0
P17,trial_46_R_affected,affected,45.0,94.0,45.0,33.0,85.0,162.0,85.0,92.0,171.0,162,171.0,156.0,223.0,230,218.0,226.0,301.0,305.0,301.0,293.0,338.0,346.0,344.0,364.0,48.0,42.0,48.0,88.0,80.0,88.0,170.0,158,171.0,213.0,159,215.0,298.0,,298.0,337.0,168.0,335.0,48.0,42.0,48.0,92.0,83.0,92.0,170.0,122.0,125.0,213.0,123.0,233.0,296.0,,296.0,337.0,168.0,335.0,48.0,,48.0,129.0,,129.0,170.0,161.0,172.0,213.0,226.0,214.0,296.0,302.0,296.0,337.0,345.0,335.0,48.0,42.0,48.0,92.0,83.0,92.0,172.0,122.0,125.0,214.0,123.0,233.0,296.0,,296.0,337.0,168.0,335.0
P17,trial_47_R_affected,affected,43.0,33.0,43.0,31.0,85.0,78.0,85.0,92.0,177.0,165,177.0,168.0,241.0,251,242.0,248.0,330.0,336.0,330.0,317.0,369.0,384.0,369.0,394.0,43.0,95.0,43.0,85.0,115.0,85.0,181.0,169,180.0,234.0,170,225.0,330.0,,330.0,366.0,181.0,366.0,43.0,,43.0,97.0,,97.0,181.0,130.0,134.0,234.0,132.0,279.0,330.0,,330.0,366.0,181.0,366.0,43.0,,43.0,97.0,,97.0,181.0,172.0,189.0,234.0,246.0,230.0,330.0,331.0,330.0,366.0,,366.0,43.0,,43.0,97.0,,97.0,189.0,130.0,134.0,230.0,132.0,279.0,330.0,,330.0,366.0,181.0,366.0
P17,trial_48_R_affected,affected,44.0,33.0,44.0,29.0,86.0,79.0,86.0,95.0,184.0,169,179.0,170.0,256.0,266,257.0,264.0,344.0,351.0,344.0,332.0,384.0,399.0,386.0,413.0,46.0,40.0,46.0,82.0,77.0,82.0,185.0,172,183.0,254.0,173,253.0,344.0,,344.0,383.0,176.0,384.0,46.0,255.0,46.0,83.0,295.0,295.0,185.0,295.0,,254.0,301.0,,343.0,350.0,343.0,383.0,391.0,384.0,46.0,40.0,46.0,83.0,78.0,83.0,185.0,171.0,183.0,254.0,264.0,255.0,343.0,350.0,343.0,383.0,391.0,384.0,46.0,255.0,46.0,83.0,295.0,295.0,133.0,295.0,,255.0,301.0,,343.0,350.0,343.0,383.0,391.0,384.0
P17,trial_49_R_affected,affected,52.0,43.0,52.0,36.0,94.0,88.0,94.0,102.0,191.0,177,189.0,179.0,260.0,270,259.0,269.0,360.0,364.0,360.0,342.0,398.0,419.0,396.0,425.0,51.0,257.0,51.0,101.0,318.0,101.0,195.0,318,194.0,253.0,328,244.0,356.0,364.0,356.0,396.0,404.0,395.0,51.0,,51.0,102.0,,102.0,195.0,138.0,142.0,253.0,139.0,276.0,357.0,,357.0,396.0,189.0,395.0,51.0,,51.0,102.0,,102.0,195.0,182.0,192.0,253.0,266.0,258.0,357.0,363.0,357.0,396.0,404.0,395.0,51.0,,51.0,102.0,,102.0,139.0,138.0,142.0,258.0,139.0,276.0,357.0,,357.0,396.0,189.0,395.0
P17,trial_4_L_unaffected,unaffected,57.0,49.0,57.0,46.0,102.0,91.0,102.0,108.0,182.0,170,187.0,168.0,238.0,245,236.0,245.0,316.0,322.0,316.0,305.0,354.0,361.0,352.0,374.0,57.0,49.0,57.0,104.0,94.0,104.0,188.0,276,304.0,234.0,277,324.0,312.0,,325.0,354.0,180.0,351.0,57.0,,,66.0,,,188.0,,,234.0,,,243.0,,,354.0,,,57.0,,,66.0,,,188.0,,,234.0,,,243.0,,,354.0,,,57.0,,,66.0,,,,,,,,,75.0,,,354.0,,
P17,trial_50_R_affected,affected,48.0,39.0,48.0,34.0,94.0,85.0,94.0,102.0,197.0,185,195.0,184.0,279.0,289,276.0,288.0,369.0,376.0,369.0,352.0,406.0,414.0,410.0,434.0,52.0,280.0,52.0,100.0,330.0,100.0,198.0,330,202.0,270.0,338,258.0,367.0,377.0,367.0,408.0,416.0,407.0,52.0,42.0,52.0,103.0,92.0,103.0,198.0,142.0,146.0,270.0,143.0,320.0,367.0,,367.0,408.0,193.0,407.0,52.0,42.0,52.0,103.0,92.0,103.0,198.0,188.0,196.0,270.0,189.0,280.0,367.0,,367.0,408.0,193.0,407.0,52.0,42.0,52.0,103.0,92.0,103.0,144.0,142.0,146.0,280.0,143.0,320.0,367.0,,367.0,408.0,193.0,407.0
P17,trial_51_R_affected,affected,50.0,41.0,50.0,36.0,88.0,83.0,88.0,99.0,187.0,172,180.0,176.0,252.0,260,246.0,259.0,356.0,359.0,356.0,336.0,395.0,407.0,395.0,422.0,49.0,42.0,49.0,90.0,85.0,90.0,196.0,181,190.0,239.0,182,232.0,347.0,,347.0,399.0,180.0,398.0,49.0,,49.0,90.0,,90.0,196.0,138.0,142.0,239.0,139.0,259.0,347.0,,347.0,399.0,180.0,398.0,49.0,,49.0,90.0,,90.0,196.0,179.0,191.0,239.0,257.0,240.0,347.0,333.0,347.0,399.0,337.0,398.0,49.0,,49.0,90.0,,90.0,141.0,138.0,142.0,240.0,139.0,259.0,347.0,,347.0,399.0,180.0,398.0
P17,trial_52_R_affected,affected,53.0,43.0,53.0,39.0,102.0,97.0,102.0,115.0,191.0,197,207.0,200.0,289.0,297,286.0,296.0,384.0,390.0,384.0,372.0,422.0,434.0,423.0,444.0,51.0,283.0,51.0,96.0,354.0,96.0,216.0,354,213.0,278.0,390,269.0,381.0,,381.0,427.0,440.0,427.0,51.0,283.0,51.0,95.0,353.0,332.0,216.0,353.0,333.0,278.0,358.0,334.0,379.0,388.0,379.0,427.0,440.0,427.0,51.0,103.0,51.0,95.0,107.0,95.0,216.0,207.0,214.0,278.0,293.0,273.0,379.0,388.0,379.0,427.0,440.0,427.0,51.0,283.0,51.0,95.0,353.0,332.0,156.0,353.0,333.0,273.0,358.0,334.0,379.0,388.0,379.0,427.0,440.0,427.0
P17,trial_53_R_affected,affected,57.0,46.0,57.0,,101.0,92.0,101.0,,208.0,196,205.0,,285.0,293,282.0,,377.0,385.0,377.0,,414.0,421.0,432.0,,53.0,,53.0,102.0,,102.0,209.0,202,212.0,274.0,203,267.0,378.0,,378.0,415.0,203.0,410.0,53.0,,53.0,103.0,,103.0,209.0,165.0,169.0,274.0,173.0,174.0,377.0,,377.0,415.0,203.0,410.0,53.0,,53.0,103.0,,103.0,209.0,201.0,165.0,274.0,290.0,280.0,377.0,383.0,377.0,415.0,422.0,410.0,53.0,,53.0,103.0,,103.0,165.0,165.0,169.0,280.0,173.0,174.0,377.0,,377.0,415.0,203.0,410.0
P17,trial_54_R_affected,affected,58.0,48.0,58.0,,99.0,91.0,99.0,,199.0,192,200.0,,300.0,309,301.0,,385.0,393.0,385.0,,421.0,429.0,419.0,,53.0,43.0,53.0,105.0,93.0,105.0,209.0,202,208.0,294.0,203,279.0,384.0,,384.0,420.0,201.0,422.0,53.0,,53.0,109.0,,109.0,209.0,150.0,154.0,294.0,158.0,310.0,383.0,,383.0,420.0,201.0,422.0,53.0,,53.0,109.0,,109.0,209.0,200.0,205.0,294.0,305.0,293.0,383.0,389.0,383.0,420.0,428.0,422.0,53.0,,53.0,109.0,,109.0,151.0,150.0,154.0,293.0,158.0,310.0,383.0,,383.0,420.0,201.0,422.0
P17,trial_55_R_affected,affected,52.0,42.0,52.0,38.0,97.0,90.0,97.0,105.0,195.0,185,194.0,183.0,277.0,285,273.0,284.0,359.0,366.0,359.0,347.0,396.0,405.0,396.0,425.0,54.0,109.0,54.0,106.0,128.0,106.0,203.0,189,198.0,268.0,190,268.0,357.0,,357.0,397.0,195.0,394.0,54.0,,54.0,107.0,,107.0,203.0,145.0,149.0,268.0,146.0,285.0,355.0,,355.0,397.0,195.0,394.0,54.0,,54.0,107.0,,107.0,203.0,186.0,200.0,268.0,283.0,272.0,355.0,362.0,355.0,397.0,405.0,394.0,54.0,,54.0,107.0,,107.0,200.0,145.0,149.0,272.0,146.0,285.0,355.0,,355.0,397.0,195.0,394.0
P17,trial_56_R_affected,affected,51.0,297.0,51.0,38.0,95.0,311.0,95.0,107.0,202.0,311,201.0,189.0,298.0,315,293.0,306.0,387.0,390.0,387.0,374.0,425.0,434.0,425.0,453.0,51.0,,51.0,107.0,,107.0,207.0,202,209.0,294.0,203,283.0,383.0,,383.0,424.0,202.0,425.0,51.0,297.0,51.0,108.0,339.0,340.0,207.0,339.0,,294.0,346.0,,377.0,390.0,377.0,424.0,433.0,425.0,51.0,,51.0,108.0,,108.0,207.0,195.0,208.0,294.0,305.0,295.0,377.0,390.0,377.0,424.0,433.0,425.0,51.0,297.0,51.0,108.0,339.0,340.0,148.0,339.0,,295.0,346.0,,377.0,390.0,377.0,424.0,433.0,425.0
P17,trial_57_R_affected,affected,52.0,41.0,52.0,37.0,99.0,92.0,99.0,109.0,198.0,193,199.0,190.0,314.0,322,312.0,322.0,407.0,412.0,407.0,390.0,442.0,451.0,444.0,474.0,53.0,,53.0,106.0,,106.0,203.0,204,209.0,302.0,205,296.0,403.0,,403.0,443.0,197.0,442.0,53.0,310.0,53.0,107.0,376.0,107.0,203.0,376.0,152.0,302.0,382.0,326.0,397.0,410.0,397.0,443.0,450.0,442.0,53.0,41.0,53.0,107.0,101.0,107.0,203.0,195.0,201.0,302.0,320.0,307.0,397.0,410.0,397.0,443.0,450.0,442.0,53.0,310.0,53.0,107.0,376.0,107.0,148.0,376.0,152.0,307.0,382.0,326.0,397.0,410.0,397.0,443.0,450.0,442.0
P17,trial_58_R_affected,affected,58.0,48.0,58.0,45.0,100.0,93.0,100.0,109.0,200.0,193,201.0,193.0,299.0,306,289.0,307.0,390.0,395.0,390.0,377.0,423.0,433.0,424.0,454.0,57.0,108.0,57.0,104.0,134.0,104.0,208.0,211,220.0,286.0,212,273.0,388.0,,388.0,425.0,201.0,424.0,57.0,46.0,57.0,106.0,99.0,106.0,208.0,156.0,160.0,286.0,157.0,312.0,385.0,,385.0,425.0,201.0,424.0,57.0,46.0,57.0,106.0,99.0,106.0,208.0,197.0,208.0,286.0,198.0,296.0,385.0,,385.0,425.0,201.0,424.0,57.0,46.0,57.0,106.0,99.0,106.0,155.0,156.0,160.0,296.0,157.0,312.0,385.0,,385.0,425.0,201.0,424.0
P17,trial_59_R_affected,affected,60.0,50.0,60.0,47.0,102.0,94.0,102.0,110.0,203.0,193,202.0,189.0,288.0,296,283.0,298.0,376.0,383.0,376.0,365.0,414.0,424.0,412.0,443.0,59.0,,59.0,110.0,,110.0,204.0,213,205.0,285.0,214,266.0,376.0,,376.0,416.0,200.0,413.0,59.0,,59.0,111.0,,111.0,204.0,153.0,157.0,285.0,163.0,304.0,374.0,,374.0,416.0,200.0,413.0,59.0,50.0,59.0,111.0,100.0,111.0,204.0,191.0,203.0,285.0,297.0,289.0,374.0,377.0,374.0,416.0,425.0,413.0,59.0,,59.0,111.0,,111.0,152.0,153.0,157.0,289.0,163.0,304.0,374.0,,374.0,416.0,200.0,413.0
P17,trial_5_L_unaffected,unaffected,42.0,34.0,42.0,32.0,85.0,76.0,85.0,93.0,172.0,160,176.0,158.0,232.0,240,230.0,239.0,308.0,317.0,308.0,299.0,349.0,358.0,352.0,376.0,41.0,225.0,41.0,91.0,257.0,91.0,179.0,257,181.0,225.0,264,232.0,308.0,314.0,308.0,348.0,357.0,352.0,41.0,225.0,41.0,91.0,272.0,278.0,179.0,272.0,,225.0,288.0,,307.0,315.0,307.0,348.0,357.0,352.0,41.0,,41.0,91.0,,91.0,179.0,160.0,179.0,225.0,161.0,225.0,320.0,,320.0,348.0,176.0,352.0,41.0,225.0,41.0,91.0,272.0,278.0,179.0,272.0,,225.0,288.0,,307.0,315.0,307.0,348.0,357.0,352.0
P17,trial_60_R_affected,affected,51.0,40.0,51.0,36.0,95.0,90.0,95.0,101.0,192.0,180,189.0,179.0,273.0,284,268.0,284.0,379.0,382.0,379.0,359.0,411.0,423.0,412.0,446.0,52.0,41.0,52.0,102.0,90.0,102.0,195.0,190,192.0,270.0,191,260.0,379.0,,379.0,411.0,191.0,413.0,52.0,41.0,52.0,103.0,95.0,103.0,195.0,136.0,140.0,270.0,137.0,323.0,379.0,,379.0,411.0,191.0,413.0,52.0,41.0,52.0,103.0,95.0,103.0,195.0,182.0,194.0,270.0,281.0,271.0,379.0,379.0,379.0,411.0,,413.0,52.0,41.0,52.0,103.0,95.0,103.0,137.0,136.0,140.0,271.0,137.0,323.0,379.0,,379.0,411.0,191.0,413.0
P17,trial_61_R_affected,affected,57.0,46.0,57.0,44.0,102.0,94.0,102.0,112.0,208.0,196,200.0,196.0,316.0,326,314.0,326.0,420.0,425.0,420.0,398.0,457.0,467.0,458.0,487.0,58.0,46.0,58.0,110.0,103.0,110.0,209.0,235,209.0,311.0,236,300.0,417.0,,417.0,454.0,202.0,456.0,58.0,46.0,58.0,111.0,102.0,111.0,209.0,150.0,155.0,311.0,156.0,362.0,418.0,,418.0,454.0,202.0,456.0,58.0,46.0,58.0,111.0,102.0,111.0,209.0,203.0,209.0,311.0,323.0,316.0,418.0,422.0,418.0,454.0,465.0,456.0,58.0,46.0,58.0,111.0,102.0,111.0,151.0,150.0,155.0,316.0,156.0,362.0,418.0,,418.0,454.0,202.0,456.0
P17,trial_62_R_affected,affected,48.0,285.0,48.0,32.0,91.0,295.0,91.0,101.0,193.0,295,195.0,184.0,288.0,301,288.0,296.0,373.0,377.0,373.0,362.0,406.0,417.0,407.0,443.0,51.0,43.0,51.0,95.0,92.0,95.0,204.0,225,188.0,273.0,226,270.0,376.0,,376.0,406.0,199.0,403.0,51.0,43.0,51.0,98.0,92.0,98.0,204.0,176.0,184.0,273.0,198.0,189.0,375.0,225.0,213.0,406.0,,403.0,51.0,43.0,51.0,98.0,91.0,98.0,204.0,174.0,179.0,273.0,175.0,285.0,375.0,,375.0,406.0,199.0,403.0,51.0,43.0,51.0,98.0,92.0,98.0,179.0,176.0,184.0,285.0,198.0,189.0,375.0,225.0,213.0,406.0,,403.0
P17,trial_63_R_affected,affected,49.0,40.0,49.0,36.0,93.0,88.0,93.0,98.0,168.0,163,176.0,164.0,230.0,238,217.0,237.0,338.0,341.0,338.0,316.0,373.0,383.0,375.0,402.0,52.0,45.0,52.0,95.0,88.0,95.0,184.0,165,180.0,215.0,166,221.0,331.0,,331.0,370.0,185.0,370.0,52.0,45.0,52.0,95.0,88.0,95.0,184.0,166.0,186.0,215.0,167.0,221.0,331.0,,331.0,370.0,185.0,370.0,52.0,,52.0,61.0,,61.0,184.0,166.0,186.0,215.0,235.0,221.0,331.0,,331.0,370.0,306.0,370.0,52.0,45.0,52.0,95.0,88.0,95.0,186.0,166.0,186.0,221.0,167.0,221.0,331.0,,331.0,370.0,185.0,370.0
P17,trial_64_R_affected,affected,44.0,35.0,44.0,32.0,80.0,74.0,80.0,88.0,167.0,163,180.0,157.0,240.0,247,224.0,248.0,331.0,339.0,331.0,320.0,370.0,382.0,370.0,414.0,44.0,232.0,44.0,86.0,296.0,300.0,182.0,296,,233.0,307,,321.0,333.0,321.0,369.0,,368.0,44.0,,,53.0,,,182.0,,,233.0,,,242.0,,,369.0,,,44.0,,,53.0,,,182.0,,,233.0,,,242.0,,,369.0,,,44.0,,,53.0,,,,,,,,,62.0,,,369.0,,
P17,trial_65_R_affected,affected,48.0,38.0,48.0,35.0,87.0,81.0,87.0,95.0,180.0,169,180.0,169.0,248.0,258,245.0,255.0,344.0,350.0,344.0,330.0,379.0,389.0,377.0,409.0,46.0,37.0,46.0,94.0,84.0,94.0,193.0,174,185.0,240.0,175,227.0,342.0,,342.0,379.0,177.0,375.0,46.0,37.0,46.0,94.0,84.0,94.0,193.0,131.0,134.0,240.0,132.0,257.0,341.0,,341.0,379.0,177.0,375.0,46.0,37.0,46.0,94.0,84.0,94.0,193.0,171.0,190.0,240.0,172.0,240.0,341.0,,341.0,379.0,177.0,375.0,46.0,37.0,46.0,94.0,84.0,94.0,133.0,131.0,134.0,240.0,132.0,257.0,341.0,,341.0,379.0,177.0,375.0
P17,trial_66_R_affected,affected,46.0,36.0,46.0,33.0,85.0,81.0,85.0,93.0,177.0,166,178.0,168.0,261.0,271,259.0,267.0,355.0,358.0,355.0,336.0,391.0,403.0,392.0,415.0,47.0,39.0,47.0,88.0,81.0,88.0,187.0,168,179.0,248.0,169,243.0,354.0,,354.0,394.0,181.0,393.0,47.0,39.0,47.0,91.0,82.0,91.0,187.0,131.0,135.0,248.0,132.0,144.0,354.0,,354.0,394.0,181.0,393.0,47.0,39.0,47.0,91.0,82.0,91.0,187.0,174.0,182.0,248.0,266.0,247.0,354.0,358.0,354.0,394.0,415.0,393.0,47.0,39.0,47.0,91.0,82.0,91.0,131.0,131.0,135.0,247.0,132.0,144.0,354.0,,354.0,394.0,181.0,393.0
P17,trial_67_R_affected,affected,58.0,48.0,58.0,41.0,99.0,92.0,99.0,108.0,184.0,178,188.0,177.0,275.0,284,273.0,281.0,364.0,372.0,364.0,351.0,402.0,413.0,401.0,426.0,58.0,48.0,58.0,105.0,97.0,105.0,193.0,182,188.0,264.0,183,266.0,362.0,,362.0,402.0,189.0,400.0,58.0,48.0,58.0,106.0,99.0,106.0,193.0,138.0,141.0,264.0,139.0,315.0,359.0,,359.0,402.0,189.0,400.0,58.0,48.0,58.0,106.0,99.0,106.0,193.0,182.0,189.0,264.0,278.0,266.0,359.0,368.0,359.0,402.0,415.0,400.0,58.0,48.0,58.0,106.0,99.0,106.0,189.0,138.0,141.0,266.0,139.0,315.0,359.0,,359.0,402.0,189.0,400.0
P17,trial_68_R_affected,affected,47.0,36.0,47.0,31.0,89.0,82.0,89.0,96.0,187.0,175,196.0,173.0,275.0,284,275.0,281.0,370.0,376.0,370.0,356.0,408.0,419.0,407.0,437.0,48.0,38.0,48.0,92.0,87.0,92.0,194.0,181,192.0,257.0,182,247.0,372.0,,372.0,407.0,192.0,405.0,48.0,38.0,48.0,95.0,86.0,95.0,194.0,131.0,134.0,257.0,133.0,321.0,372.0,,372.0,407.0,192.0,405.0,48.0,38.0,48.0,95.0,86.0,95.0,194.0,177.0,191.0,257.0,280.0,273.0,372.0,370.0,372.0,407.0,,405.0,48.0,38.0,48.0,95.0,86.0,95.0,131.0,131.0,134.0,273.0,133.0,321.0,372.0,,372.0,407.0,192.0,405.0
P17,trial_69_R_affected,affected,49.0,40.0,49.0,35.0,91.0,83.0,91.0,97.0,185.0,174,182.0,173.0,274.0,283,273.0,281.0,375.0,380.0,375.0,357.0,412.0,423.0,413.0,442.0,49.0,37.0,49.0,96.0,87.0,96.0,201.0,192,192.0,271.0,193,253.0,371.0,,371.0,412.0,187.0,412.0,49.0,37.0,49.0,97.0,90.0,97.0,201.0,131.0,135.0,271.0,132.0,314.0,371.0,,371.0,412.0,187.0,412.0,49.0,37.0,49.0,97.0,90.0,97.0,201.0,182.0,201.0,271.0,279.0,265.0,371.0,374.0,371.0,412.0,422.0,412.0,49.0,37.0,49.0,97.0,90.0,97.0,134.0,131.0,135.0,265.0,132.0,314.0,371.0,,371.0,412.0,187.0,412.0
P17,trial_6_L_unaffected,unaffected,43.0,221.0,43.0,31.0,88.0,245.0,88.0,95.0,167.0,245,172.0,157.0,230.0,249,212.0,236.0,311.0,318.0,311.0,309.0,355.0,366.0,357.0,369.0,43.0,225.0,43.0,93.0,250.0,93.0,171.0,250,184.0,229.0,253,222.0,309.0,276.0,309.0,355.0,302.0,357.0,43.0,227.0,43.0,92.0,269.0,274.0,171.0,269.0,,229.0,279.0,,308.0,294.0,308.0,355.0,302.0,357.0,43.0,,43.0,92.0,,92.0,171.0,160.0,168.0,229.0,234.0,230.0,308.0,306.0,308.0,355.0,,357.0,43.0,227.0,43.0,92.0,269.0,274.0,168.0,269.0,,230.0,279.0,,308.0,294.0,308.0,355.0,302.0,357.0
P17,trial_70_R_affected,affected,51.0,41.0,51.0,37.0,91.0,84.0,91.0,100.0,188.0,172,181.0,174.0,267.0,277,261.0,275.0,363.0,368.0,363.0,349.0,396.0,406.0,397.0,411.0,53.0,45.0,53.0,94.0,88.0,94.0,189.0,183,189.0,252.0,184,247.0,358.0,,358.0,396.0,186.0,396.0,53.0,45.0,53.0,99.0,89.0,99.0,189.0,132.0,136.0,252.0,137.0,313.0,356.0,,356.0,396.0,186.0,396.0,53.0,,53.0,139.0,,139.0,189.0,178.0,186.0,252.0,274.0,268.0,356.0,361.0,356.0,396.0,406.0,396.0,53.0,45.0,53.0,99.0,89.0,99.0,133.0,132.0,136.0,268.0,137.0,313.0,356.0,,356.0,396.0,186.0,396.0
P17,trial_71_R_affected,affected,61.0,52.0,61.0,48.0,99.0,92.0,99.0,111.0,213.0,206,211.0,210.0,335.0,346,339.0,342.0,422.0,429.0,422.0,411.0,457.0,467.0,456.0,504.0,63.0,114.0,63.0,104.0,141.0,104.0,227.0,258,229.0,328.0,259,313.0,422.0,,422.0,458.0,209.0,456.0,63.0,,63.0,115.0,,115.0,227.0,158.0,162.0,328.0,163.0,383.0,420.0,,420.0,458.0,209.0,456.0,63.0,,63.0,115.0,,115.0,227.0,229.0,226.0,328.0,343.0,334.0,420.0,426.0,420.0,458.0,468.0,456.0,63.0,,63.0,115.0,,115.0,157.0,158.0,162.0,334.0,163.0,383.0,420.0,,420.0,458.0,209.0,456.0
P17,trial_72_R_affected,affected,58.0,50.0,58.0,44.0,98.0,91.0,98.0,107.0,193.0,177,188.0,178.0,275.0,284,271.0,283.0,365.0,370.0,365.0,355.0,400.0,410.0,402.0,422.0,60.0,,60.0,106.0,,106.0,201.0,191,192.0,261.0,192,248.0,364.0,,364.0,403.0,199.0,402.0,60.0,,60.0,107.0,,107.0,201.0,138.0,142.0,261.0,141.0,310.0,363.0,,363.0,403.0,199.0,402.0,60.0,,60.0,107.0,,107.0,201.0,187.0,201.0,261.0,280.0,273.0,363.0,368.0,363.0,403.0,412.0,402.0,60.0,,60.0,107.0,,107.0,141.0,138.0,142.0,273.0,141.0,310.0,363.0,,363.0,403.0,199.0,402.0
P17,trial_73_R_affected,affected,67.0,57.0,67.0,52.0,110.0,102.0,110.0,122.0,219.0,212,215.0,212.0,342.0,351,339.0,350.0,440.0,444.0,440.0,414.0,473.0,484.0,472.0,504.0,68.0,60.0,68.0,116.0,111.0,116.0,222.0,220,222.0,329.0,221,324.0,441.0,,441.0,473.0,217.0,472.0,68.0,60.0,68.0,119.0,109.0,119.0,222.0,162.0,165.0,329.0,163.0,387.0,441.0,,441.0,473.0,217.0,472.0,68.0,60.0,68.0,119.0,109.0,119.0,222.0,231.0,221.0,329.0,347.0,329.0,441.0,442.0,441.0,473.0,482.0,472.0,68.0,60.0,68.0,119.0,109.0,119.0,161.0,162.0,165.0,329.0,163.0,387.0,441.0,,441.0,473.0,217.0,472.0
P17,trial_74_R_affected,affected,50.0,40.0,50.0,36.0,92.0,86.0,92.0,98.0,187.0,172,179.0,173.0,284.0,290,279.0,291.0,369.0,374.0,369.0,357.0,404.0,416.0,404.0,432.0,51.0,41.0,51.0,95.0,88.0,95.0,189.0,171,184.0,278.0,172,275.0,364.0,,364.0,405.0,184.0,404.0,51.0,41.0,51.0,97.0,90.0,97.0,189.0,132.0,136.0,278.0,133.0,309.0,356.0,,356.0,405.0,184.0,404.0,51.0,,51.0,457.0,,457.0,,176.0,,,289.0,,,366.0,356.0,457.0,416.0,404.0,51.0,41.0,51.0,97.0,90.0,97.0,135.0,132.0,136.0,283.0,133.0,309.0,356.0,,356.0,405.0,184.0,404.0
P17,trial_75_R_affected,affected,53.0,44.0,53.0,39.0,90.0,83.0,90.0,96.0,185.0,174,185.0,173.0,260.0,247,253.0,267.0,349.0,,349.0,333.0,383.0,,382.0,408.0,55.0,47.0,55.0,93.0,85.0,93.0,195.0,188,208.0,252.0,189,244.0,350.0,,350.0,383.0,184.0,381.0,55.0,47.0,55.0,95.0,87.0,95.0,195.0,143.0,147.0,252.0,150.0,152.0,350.0,,350.0,383.0,184.0,381.0,55.0,47.0,55.0,95.0,87.0,95.0,195.0,176.0,142.0,252.0,266.0,254.0,350.0,343.0,350.0,383.0,,381.0,55.0,47.0,55.0,95.0,87.0,95.0,142.0,143.0,147.0,254.0,150.0,152.0,350.0,,350.0,383.0,184.0,381.0
P17,trial_76_R_affected,affected,55.0,,55.0,41.0,100.0,,100.0,108.0,199.0,242,199.0,185.0,284.0,294,282.0,293.0,372.0,376.0,372.0,357.0,403.0,412.0,402.0,431.0,54.0,282.0,54.0,107.0,324.0,107.0,206.0,324,227.0,280.0,329,268.0,364.0,370.0,364.0,400.0,412.0,402.0,54.0,282.0,54.0,108.0,325.0,326.0,206.0,325.0,,280.0,332.0,,363.0,370.0,363.0,400.0,412.0,402.0,54.0,46.0,54.0,108.0,103.0,108.0,206.0,190.0,199.0,280.0,291.0,284.0,363.0,370.0,363.0,400.0,412.0,402.0,54.0,282.0,54.0,108.0,325.0,326.0,147.0,325.0,,284.0,332.0,,363.0,370.0,363.0,400.0,412.0,402.0
P17,trial_78_R_affected,affected,52.0,43.0,52.0,,89.0,82.0,89.0,,178.0,164,175.0,,269.0,280,270.0,,371.0,375.0,371.0,,407.0,417.0,405.0,,50.0,39.0,50.0,90.0,84.0,90.0,180.0,184,174.0,262.0,185,256.0,368.0,,368.0,408.0,178.0,406.0,50.0,265.0,50.0,94.0,309.0,312.0,180.0,309.0,,262.0,313.0,,368.0,374.0,368.0,408.0,415.0,406.0,50.0,39.0,50.0,94.0,85.0,94.0,180.0,173.0,195.0,262.0,275.0,261.0,368.0,374.0,368.0,408.0,415.0,406.0,50.0,265.0,50.0,94.0,309.0,312.0,195.0,309.0,,261.0,313.0,,368.0,374.0,368.0,408.0,415.0,406.0
P17,trial_79_R_affected,affected,49.0,39.0,49.0,35.0,90.0,83.0,90.0,97.0,181.0,169,179.0,168.0,252.0,260,251.0,259.0,331.0,337.0,331.0,322.0,366.0,375.0,365.0,388.0,50.0,250.0,50.0,97.0,310.0,97.0,186.0,310,199.0,250.0,334,229.0,330.0,336.0,330.0,368.0,375.0,366.0,50.0,41.0,50.0,98.0,90.0,98.0,186.0,131.0,135.0,250.0,132.0,279.0,327.0,,327.0,368.0,179.0,366.0,50.0,41.0,50.0,98.0,90.0,98.0,186.0,172.0,189.0,250.0,173.0,242.0,327.0,,327.0,368.0,179.0,366.0,50.0,41.0,50.0,98.0,90.0,98.0,189.0,131.0,135.0,242.0,132.0,279.0,327.0,,327.0,368.0,179.0,366.0
P17,trial_7_L_unaffected,unaffected,44.0,36.0,44.0,33.0,82.0,76.0,82.0,90.0,172.0,159,177.0,156.0,254.0,261,255.0,260.0,331.0,336.0,331.0,323.0,366.0,373.0,367.0,391.0,44.0,246.0,44.0,86.0,280.0,86.0,168.0,280,178.0,252.0,283,230.0,329.0,299.0,329.0,366.0,319.0,367.0,44.0,91.0,44.0,87.0,137.0,87.0,168.0,167.0,175.0,252.0,251.0,229.0,296.0,307.0,296.0,366.0,319.0,367.0,44.0,91.0,44.0,87.0,137.0,87.0,168.0,167.0,175.0,252.0,251.0,229.0,296.0,307.0,296.0,366.0,319.0,367.0,44.0,91.0,44.0,87.0,137.0,87.0,175.0,167.0,175.0,229.0,251.0,229.0,296.0,307.0,296.0,366.0,319.0,367.0
P17,trial_80_R_affected,affected,54.0,44.0,54.0,40.0,98.0,91.0,98.0,103.0,187.0,175,185.0,173.0,265.0,271,261.0,272.0,355.0,360.0,355.0,339.0,387.0,397.0,391.0,413.0,53.0,262.0,53.0,105.0,330.0,105.0,194.0,330,201.0,261.0,356,245.0,346.0,,346.0,387.0,398.0,355.0,53.0,262.0,53.0,106.0,329.0,303.0,194.0,329.0,,261.0,335.0,,345.0,355.0,345.0,387.0,398.0,354.0,53.0,262.0,53.0,106.0,329.0,106.0,194.0,329.0,198.0,261.0,343.0,262.0,345.0,355.0,345.0,387.0,398.0,354.0,53.0,262.0,53.0,106.0,329.0,303.0,198.0,329.0,,262.0,335.0,,345.0,355.0,345.0,387.0,398.0,354.0
P17,trial_81_R_affected,affected,58.0,50.0,58.0,,94.0,87.0,94.0,,188.0,181,188.0,,273.0,213,266.0,,371.0,,371.0,,408.0,,409.0,,56.0,273.0,56.0,97.0,336.0,97.0,192.0,336,189.0,271.0,355,264.0,367.0,373.0,367.0,411.0,421.0,410.0,56.0,273.0,56.0,98.0,337.0,318.0,192.0,337.0,,271.0,342.0,,366.0,372.0,366.0,411.0,421.0,410.0,56.0,41.0,56.0,98.0,92.0,98.0,192.0,182.0,190.0,271.0,281.0,272.0,366.0,372.0,366.0,411.0,421.0,410.0,56.0,273.0,56.0,98.0,337.0,318.0,190.0,337.0,,272.0,342.0,,366.0,372.0,366.0,411.0,421.0,410.0
P17,trial_82_R_affected,affected,59.0,50.0,59.0,45.0,100.0,94.0,100.0,114.0,201.0,191,199.0,189.0,300.0,309,298.0,307.0,381.0,387.0,381.0,369.0,415.0,427.0,415.0,454.0,59.0,52.0,59.0,103.0,93.0,103.0,203.0,211,224.0,296.0,212,280.0,379.0,,379.0,419.0,201.0,418.0,59.0,52.0,59.0,112.0,97.0,112.0,203.0,148.0,152.0,296.0,150.0,319.0,376.0,,376.0,419.0,201.0,418.0,59.0,52.0,59.0,112.0,97.0,112.0,203.0,194.0,205.0,296.0,306.0,295.0,376.0,383.0,376.0,419.0,429.0,418.0,59.0,52.0,59.0,112.0,97.0,112.0,150.0,148.0,152.0,295.0,150.0,319.0,376.0,,376.0,419.0,201.0,418.0
P17,trial_83_R_affected,affected,52.0,43.0,52.0,37.0,94.0,86.0,94.0,100.0,189.0,177,186.0,178.0,272.0,281,263.0,280.0,356.0,361.0,356.0,347.0,391.0,403.0,391.0,412.0,52.0,44.0,52.0,94.0,89.0,94.0,205.0,190,218.0,269.0,191,253.0,356.0,,356.0,394.0,185.0,394.0,52.0,44.0,52.0,99.0,90.0,99.0,205.0,135.0,139.0,269.0,137.0,309.0,354.0,,354.0,394.0,185.0,394.0,52.0,44.0,52.0,99.0,90.0,99.0,205.0,183.0,210.0,269.0,278.0,270.0,354.0,357.0,354.0,394.0,404.0,394.0,52.0,44.0,52.0,99.0,90.0,99.0,139.0,135.0,139.0,270.0,137.0,309.0,354.0,,354.0,394.0,185.0,394.0
P17,trial_8_L_unaffected,unaffected,53.0,46.0,53.0,43.0,91.0,82.0,91.0,101.0,179.0,167,176.0,166.0,271.0,282,276.0,281.0,353.0,356.0,353.0,337.0,389.0,398.0,390.0,410.0,53.0,270.0,53.0,99.0,296.0,99.0,175.0,296,166.0,272.0,298,277.0,352.0,316.0,352.0,387.0,334.0,387.0,53.0,102.0,53.0,103.0,115.0,103.0,175.0,131.0,134.0,272.0,139.0,139.0,351.0,,351.0,387.0,174.0,387.0,53.0,102.0,53.0,103.0,114.0,103.0,175.0,168.0,173.0,272.0,169.0,273.0,351.0,,351.0,387.0,174.0,387.0,53.0,102.0,53.0,103.0,115.0,103.0,132.0,131.0,134.0,273.0,139.0,139.0,351.0,,351.0,387.0,174.0,387.0
P17,trial_9_L_unaffected,unaffected,49.0,41.0,49.0,37.0,88.0,79.0,88.0,95.0,170.0,155,168.0,153.0,233.0,243,234.0,240.0,320.0,326.0,320.0,312.0,359.0,367.0,359.0,377.0,50.0,228.0,50.0,88.0,246.0,88.0,163.0,246,167.0,236.0,250,236.0,319.0,273.0,319.0,356.0,290.0,356.0,50.0,228.0,50.0,91.0,265.0,268.0,163.0,265.0,,236.0,271.0,,320.0,281.0,320.0,356.0,290.0,356.0,50.0,228.0,50.0,59.0,268.0,59.0,163.0,268.0,163.0,236.0,273.0,239.0,320.0,281.0,320.0,356.0,290.0,356.0,50.0,228.0,50.0,91.0,265.0,268.0,163.0,265.0,,239.0,271.0,,320.0,281.0,320.0,356.0,290.0,356.0
P19,trial_46_R_affected,affected,51.0,187.0,51.0,,92.0,196.0,92.0,,237.0,231,235.0,,260.0,267,260.0,,330.0,336.0,330.0,,361.0,371.0,339.0,,49.0,193.0,49.0,97.0,235.0,97.0,234.0,235,235.0,263.0,269,263.0,330.0,288.0,330.0,362.0,305.0,339.0,49.0,190.0,49.0,97.0,208.0,97.0,234.0,220.0,222.0,263.0,221.0,227.0,330.0,,330.0,362.0,234.0,339.0,49.0,190.0,49.0,97.0,208.0,97.0,234.0,228.0,231.0,263.0,229.0,262.0,330.0,,330.0,362.0,234.0,339.0,49.0,190.0,49.0,97.0,208.0,97.0,231.0,220.0,222.0,262.0,221.0,227.0,330.0,,330.0,362.0,234.0,339.0
P19,trial_47_R_affected,affected,42.0,253.0,42.0,30.0,86.0,303.0,86.0,191.0,506.0,502,506.0,497.0,512.0,503,511.0,525.0,590.0,,590.0,579.0,633.0,423.0,599.0,648.0,40.0,463.0,40.0,83.0,477.0,83.0,502.0,500,504.0,536.0,513,509.0,596.0,555.0,596.0,632.0,571.0,605.0,40.0,463.0,40.0,83.0,471.0,551.0,502.0,483.0,,536.0,487.0,,596.0,,596.0,632.0,507.0,605.0,40.0,510.0,40.0,83.0,547.0,83.0,502.0,547.0,503.0,536.0,549.0,509.0,596.0,559.0,596.0,632.0,571.0,605.0,40.0,463.0,40.0,83.0,471.0,551.0,503.0,483.0,,509.0,487.0,,596.0,,596.0,632.0,507.0,605.0
P19,trial_48_R_affected,affected,39.0,,39.0,23.0,87.0,,87.0,142.0,211.0,190,194.0,186.0,217.0,223,217.0,225.0,355.0,316.0,355.0,286.0,382.0,,364.0,395.0,37.0,141.0,37.0,77.0,165.0,77.0,190.0,185,190.0,223.0,226,222.0,357.0,246.0,357.0,382.0,266.0,366.0,37.0,141.0,37.0,77.0,160.0,77.0,190.0,173.0,175.0,223.0,174.0,181.0,357.0,,357.0,382.0,201.0,366.0,37.0,141.0,37.0,77.0,160.0,77.0,190.0,182.0,187.0,223.0,183.0,222.0,357.0,,357.0,382.0,201.0,366.0,37.0,141.0,37.0,77.0,160.0,77.0,187.0,173.0,175.0,222.0,174.0,181.0,357.0,,357.0,382.0,201.0,366.0
P19,trial_49_R_affected,affected,48.0,,48.0,34.0,92.0,,92.0,146.0,218.0,199,210.0,204.0,224.0,235,231.0,233.0,338.0,341.0,338.0,279.0,371.0,379.0,379.0,385.0,47.0,227.0,47.0,96.0,257.0,263.0,193.0,265,269.0,233.0,303,357.0,336.0,311.0,358.0,372.0,319.0,409.0,47.0,227.0,47.0,96.0,259.0,265.0,193.0,271.0,277.0,233.0,303.0,357.0,336.0,312.0,358.0,372.0,319.0,409.0,47.0,,47.0,56.0,,56.0,66.0,185.0,188.0,233.0,237.0,232.0,336.0,312.0,336.0,372.0,319.0,409.0,47.0,227.0,47.0,96.0,259.0,265.0,188.0,271.0,277.0,232.0,303.0,357.0,336.0,312.0,358.0,372.0,319.0,409.0
P19,trial_50_R_affected,affected,49.0,,49.0,36.0,94.0,,94.0,128.0,182.0,174,179.0,169.0,187.0,190,185.0,196.0,298.0,285.0,298.0,264.0,333.0,,336.0,348.0,50.0,137.0,50.0,75.0,167.0,75.0,178.0,170,176.0,183.0,197,193.0,295.0,218.0,295.0,336.0,257.0,304.0,50.0,187.0,50.0,75.0,212.0,220.0,178.0,212.0,221.0,183.0,218.0,299.0,295.0,231.0,300.0,336.0,257.0,309.0,50.0,187.0,50.0,75.0,213.0,75.0,178.0,213.0,178.0,183.0,216.0,184.0,295.0,230.0,295.0,336.0,257.0,304.0,50.0,187.0,50.0,75.0,212.0,220.0,178.0,212.0,221.0,184.0,218.0,299.0,295.0,231.0,300.0,336.0,257.0,309.0
P19,trial_51_R_affected,affected,40.0,,40.0,29.0,102.0,,102.0,116.0,165.0,160,164.0,177.0,194.0,201,196.0,201.0,313.0,309.0,313.0,271.0,349.0,,389.0,369.0,40.0,127.0,40.0,115.0,156.0,115.0,169.0,157,162.0,193.0,200,193.0,316.0,224.0,316.0,351.0,247.0,389.0,40.0,193.0,40.0,116.0,215.0,222.0,169.0,215.0,223.0,193.0,218.0,341.0,316.0,234.0,342.0,351.0,247.0,389.0,40.0,193.0,40.0,116.0,215.0,116.0,169.0,215.0,162.0,193.0,219.0,192.0,316.0,234.0,316.0,351.0,247.0,389.0,40.0,193.0,40.0,116.0,215.0,222.0,162.0,215.0,223.0,192.0,218.0,341.0,316.0,234.0,342.0,351.0,247.0,389.0
P19,trial_52_R_affected,affected,49.0,111.0,49.0,32.0,100.0,117.0,100.0,131.0,197.0,180,192.0,186.0,208.0,221,211.0,225.0,317.0,318.0,317.0,292.0,364.0,370.0,388.0,380.0,50.0,138.0,50.0,105.0,156.0,105.0,176.0,176,175.0,226.0,194,212.0,307.0,,307.0,368.0,197.0,390.0,50.0,210.0,50.0,103.0,244.0,248.0,176.0,244.0,249.0,226.0,253.0,250.0,308.0,260.0,308.0,368.0,284.0,390.0,50.0,210.0,50.0,103.0,246.0,103.0,176.0,246.0,174.0,226.0,253.0,213.0,308.0,260.0,308.0,368.0,284.0,390.0,50.0,210.0,50.0,103.0,244.0,248.0,174.0,244.0,249.0,213.0,253.0,250.0,308.0,260.0,308.0,368.0,284.0,390.0
P19,trial_53_R_affected,affected,46.0,,46.0,34.0,102.0,,102.0,122.0,174.0,165,172.0,165.0,192.0,200,194.0,202.0,276.0,288.0,276.0,268.0,357.0,341.0,362.0,401.0,45.0,122.0,45.0,110.0,136.0,110.0,165.0,164,166.0,202.0,208,203.0,285.0,229.0,285.0,345.0,257.0,340.0,45.0,122.0,45.0,112.0,134.0,112.0,165.0,142.0,145.0,202.0,147.0,223.0,285.0,,285.0,345.0,173.0,340.0,45.0,122.0,45.0,151.0,134.0,151.0,165.0,166.0,167.0,202.0,167.0,202.0,285.0,,285.0,345.0,173.0,340.0,45.0,122.0,45.0,112.0,134.0,112.0,167.0,142.0,145.0,202.0,147.0,223.0,285.0,,285.0,345.0,173.0,340.0
P19,trial_54_R_affected,affected,49.0,41.0,49.0,33.0,103.0,97.0,103.0,117.0,171.0,162,170.0,158.0,177.0,182,175.0,186.0,269.0,278.0,269.0,253.0,318.0,325.0,333.0,330.0,50.0,123.0,50.0,109.0,133.0,109.0,164.0,160,169.0,179.0,185,175.0,272.0,211.0,272.0,319.0,243.0,281.0,50.0,122.0,50.0,114.0,130.0,114.0,164.0,138.0,141.0,179.0,143.0,272.0,272.0,,273.0,319.0,169.0,282.0,50.0,122.0,50.0,59.0,130.0,59.0,164.0,161.0,168.0,179.0,162.0,173.0,272.0,,272.0,319.0,169.0,281.0,50.0,122.0,50.0,114.0,130.0,114.0,168.0,138.0,141.0,173.0,143.0,272.0,272.0,,273.0,319.0,169.0,282.0
P19,trial_57_R_affected,affected,44.0,70.0,44.0,28.0,87.0,83.0,87.0,97.0,153.0,141,147.0,140.0,160.0,166,160.0,169.0,293.0,282.0,293.0,240.0,325.0,,333.0,348.0,43.0,107.0,43.0,87.0,133.0,87.0,145.0,139,146.0,163.0,171,161.0,292.0,188.0,292.0,327.0,225.0,330.0,43.0,160.0,43.0,87.0,185.0,190.0,145.0,185.0,191.0,163.0,193.0,192.0,292.0,209.0,292.0,327.0,225.0,330.0,43.0,160.0,43.0,87.0,188.0,87.0,145.0,188.0,144.0,163.0,194.0,161.0,292.0,209.0,292.0,327.0,225.0,330.0,43.0,160.0,43.0,87.0,185.0,190.0,144.0,185.0,191.0,161.0,193.0,192.0,292.0,209.0,292.0,327.0,225.0,330.0
P19,trial_58_R_affected,affected,46.0,,46.0,32.0,99.0,,491.0,101.0,675.0,666,673.0,668.0,694.0,667,695.0,702.0,771.0,,771.0,764.0,807.0,520.0,780.0,835.0,43.0,630.0,43.0,94.0,652.0,290.0,669.0,661,668.0,697.0,706,702.0,764.0,709.0,764.0,818.0,753.0,773.0,43.0,,43.0,88.0,,481.0,669.0,648.0,651.0,697.0,649.0,716.0,763.0,,763.0,818.0,613.0,772.0,43.0,,43.0,88.0,,481.0,669.0,667.0,670.0,697.0,668.0,697.0,763.0,,763.0,818.0,613.0,772.0,43.0,,43.0,88.0,,481.0,670.0,648.0,651.0,697.0,649.0,716.0,763.0,,763.0,818.0,613.0,772.0
P19,trial_59_R_affected,affected,45.0,121.0,45.0,26.0,73.0,124.0,73.0,129.0,191.0,169,174.0,176.0,198.0,207,194.0,208.0,283.0,286.0,283.0,266.0,314.0,333.0,315.0,338.0,42.0,132.0,42.0,84.0,160.0,84.0,168.0,166,175.0,199.0,211,200.0,284.0,227.0,284.0,324.0,242.0,323.0,42.0,130.0,42.0,84.0,137.0,84.0,168.0,148.0,150.0,199.0,150.0,155.0,283.0,,283.0,324.0,185.0,323.0,42.0,130.0,42.0,51.0,137.0,51.0,168.0,164.0,169.0,199.0,165.0,200.0,283.0,,283.0,324.0,185.0,323.0,42.0,130.0,42.0,84.0,137.0,84.0,169.0,148.0,150.0,200.0,150.0,155.0,283.0,,283.0,324.0,185.0,323.0
P19,trial_60_R_affected,affected,47.0,,47.0,30.0,93.0,,93.0,114.0,166.0,157,163.0,157.0,196.0,191,182.0,201.0,264.0,273.0,264.0,252.0,316.0,328.0,273.0,333.0,46.0,119.0,46.0,93.0,155.0,93.0,158.0,156,160.0,197.0,207,202.0,277.0,217.0,277.0,318.0,249.0,286.0,46.0,178.0,46.0,92.0,218.0,221.0,158.0,218.0,,197.0,221.0,,264.0,232.0,264.0,318.0,251.0,273.0,46.0,178.0,46.0,107.0,218.0,107.0,158.0,218.0,160.0,197.0,221.0,195.0,264.0,232.0,264.0,318.0,251.0,273.0,46.0,178.0,46.0,92.0,218.0,221.0,160.0,218.0,,195.0,221.0,,264.0,232.0,264.0,318.0,251.0,273.0
P19,trial_61_R_affected,affected,45.0,,45.0,25.0,77.0,,77.0,141.0,187.0,183,186.0,184.0,214.0,221,207.0,223.0,323.0,292.0,323.0,274.0,353.0,302.0,366.0,378.0,43.0,144.0,43.0,73.0,173.0,73.0,186.0,181,185.0,220.0,224,217.0,320.0,238.0,320.0,354.0,269.0,329.0,43.0,212.0,43.0,74.0,237.0,240.0,186.0,237.0,,220.0,240.0,,320.0,249.0,320.0,354.0,272.0,329.0,43.0,212.0,43.0,74.0,237.0,74.0,186.0,237.0,185.0,220.0,240.0,220.0,320.0,249.0,320.0,354.0,272.0,329.0,43.0,212.0,43.0,74.0,237.0,240.0,185.0,237.0,,220.0,240.0,,320.0,249.0,320.0,354.0,272.0,329.0
P19,trial_62_R_affected,affected,41.0,,41.0,27.0,86.0,,86.0,117.0,170.0,160,166.0,157.0,179.0,187,178.0,192.0,326.0,282.0,326.0,245.0,359.0,,335.0,374.0,40.0,120.0,40.0,89.0,143.0,89.0,164.0,161,173.0,190.0,194,189.0,340.0,205.0,340.0,361.0,244.0,349.0,40.0,119.0,40.0,89.0,131.0,89.0,164.0,142.0,145.0,190.0,147.0,208.0,340.0,,340.0,361.0,171.0,349.0,40.0,119.0,40.0,89.0,131.0,89.0,164.0,160.0,170.0,190.0,161.0,189.0,340.0,,340.0,361.0,171.0,349.0,40.0,119.0,40.0,89.0,131.0,89.0,170.0,142.0,145.0,189.0,147.0,208.0,340.0,,340.0,361.0,171.0,349.0
P19,trial_63_R_affected,affected,43.0,,43.0,27.0,86.0,,86.0,109.0,181.0,168,176.0,168.0,188.0,199,187.0,202.0,312.0,269.0,312.0,253.0,347.0,271.0,346.0,364.0,41.0,115.0,41.0,82.0,144.0,82.0,175.0,168,175.0,199.0,209,202.0,329.0,225.0,329.0,349.0,244.0,347.0,41.0,188.0,41.0,82.0,220.0,224.0,175.0,220.0,,199.0,222.0,,329.0,233.0,329.0,349.0,245.0,347.0,41.0,188.0,41.0,82.0,220.0,82.0,175.0,220.0,177.0,199.0,223.0,198.0,329.0,233.0,329.0,349.0,245.0,347.0,41.0,188.0,41.0,82.0,220.0,224.0,177.0,220.0,,198.0,222.0,,329.0,233.0,329.0,349.0,245.0,347.0
P19,trial_64_R_affected,affected,43.0,,43.0,26.0,82.0,,82.0,112.0,394.0,380,387.0,383.0,402.0,381,408.0,411.0,493.0,,493.0,475.0,529.0,,538.0,549.0,40.0,335.0,40.0,97.0,361.0,367.0,384.0,376,384.0,401.0,388,412.0,499.0,,499.0,536.0,393.0,546.0,40.0,401.0,40.0,96.0,424.0,430.0,384.0,424.0,,401.0,427.0,,499.0,441.0,499.0,536.0,470.0,546.0,40.0,401.0,40.0,96.0,424.0,352.0,384.0,424.0,386.0,401.0,428.0,402.0,499.0,441.0,499.0,536.0,470.0,546.0,40.0,401.0,40.0,96.0,424.0,430.0,386.0,424.0,,402.0,427.0,,499.0,441.0,499.0,536.0,470.0,546.0
P19,trial_65_R_affected,affected,44.0,,44.0,,81.0,,81.0,,173.0,163,170.0,,198.0,202,199.0,,304.0,295.0,304.0,,339.0,352.0,336.0,,41.0,120.0,41.0,79.0,141.0,79.0,175.0,167,175.0,196.0,207,199.0,311.0,217.0,311.0,341.0,257.0,341.0,41.0,118.0,41.0,79.0,130.0,79.0,175.0,204.0,142.0,196.0,205.0,221.0,311.0,,311.0,341.0,172.0,341.0,41.0,118.0,41.0,50.0,130.0,50.0,175.0,168.0,177.0,196.0,169.0,198.0,311.0,,311.0,341.0,172.0,341.0,41.0,118.0,41.0,79.0,130.0,79.0,177.0,204.0,142.0,198.0,205.0,221.0,311.0,,311.0,341.0,172.0,341.0
P19,trial_66_R_affected,affected,186.0,343.0,186.0,,220.0,352.0,339.0,,408.0,405,409.0,,416.0,406,410.0,,,,411.0,,417.0,406.0,417.0,,180.0,342.0,180.0,344.0,379.0,381.0,346.0,405,410.0,352.0,417,416.0,361.0,,417.0,394.0,,,180.0,342.0,180.0,220.0,369.0,371.0,346.0,410.0,417.0,352.0,411.0,418.0,376.0,,419.0,394.0,411.0,,180.0,342.0,180.0,220.0,377.0,316.0,346.0,411.0,417.0,352.0,412.0,418.0,361.0,,419.0,394.0,411.0,,180.0,342.0,180.0,220.0,369.0,371.0,240.0,410.0,417.0,324.0,411.0,418.0,376.0,,419.0,394.0,411.0,
P19,trial_67_R_affected,affected,46.0,,46.0,33.0,91.0,,91.0,150.0,213.0,208,216.0,203.0,234.0,246,233.0,246.0,318.0,321.0,318.0,296.0,386.0,363.0,388.0,373.0,43.0,167.0,43.0,113.0,199.0,113.0,207.0,204,210.0,241.0,247,242.0,319.0,271.0,319.0,381.0,293.0,384.0,43.0,234.0,43.0,113.0,261.0,266.0,207.0,261.0,267.0,241.0,265.0,319.0,319.0,275.0,320.0,381.0,293.0,384.0,43.0,234.0,43.0,113.0,261.0,113.0,207.0,261.0,209.0,241.0,266.0,241.0,319.0,275.0,319.0,381.0,293.0,384.0,43.0,234.0,43.0,113.0,261.0,266.0,209.0,261.0,267.0,241.0,265.0,319.0,319.0,275.0,320.0,381.0,293.0,384.0
P19,trial_68_R_affected,affected,31.0,11.0,31.0,,92.0,92.0,92.0,,161.0,154,161.0,,182.0,185,177.0,,306.0,298.0,306.0,,350.0,,373.0,,30.0,111.0,30.0,98.0,122.0,98.0,153.0,152,156.0,185.0,190,183.0,296.0,218.0,296.0,355.0,252.0,305.0,30.0,174.0,30.0,98.0,204.0,209.0,153.0,204.0,,185.0,212.0,,296.0,219.0,296.0,355.0,252.0,305.0,30.0,174.0,30.0,39.0,205.0,39.0,68.0,205.0,158.0,185.0,214.0,181.0,296.0,218.0,296.0,355.0,252.0,305.0,30.0,174.0,30.0,98.0,204.0,209.0,158.0,204.0,,181.0,212.0,,296.0,219.0,296.0,355.0,252.0,305.0
P19,trial_69_R_affected,affected,,,,,,,,,,0,,,,4,,,,249.0,,,,,,,,,,,,,,0,,,9,,,249.0,,,,,,,,,,,,0.0,,,9.0,,,249.0,,,,,,,,,,,,0.0,,,10.0,,,249.0,,,,,,,,,,,,0.0,,,9.0,,,249.0,,,,
P19,trial_70_R_affected,affected,57.0,227.0,57.0,38.0,85.0,231.0,168.0,252.0,328.0,311,317.0,309.0,334.0,344,334.0,346.0,430.0,413.0,430.0,399.0,477.0,,486.0,537.0,52.0,251.0,52.0,85.0,285.0,169.0,326.0,314,329.0,349.0,342,335.0,428.0,366.0,428.0,483.0,391.0,493.0,52.0,336.0,52.0,85.0,359.0,364.0,326.0,359.0,365.0,349.0,363.0,445.0,428.0,377.0,446.0,483.0,392.0,493.0,52.0,336.0,52.0,85.0,359.0,169.0,326.0,359.0,328.0,349.0,362.0,335.0,428.0,377.0,428.0,483.0,392.0,493.0,52.0,336.0,52.0,85.0,359.0,364.0,328.0,359.0,365.0,335.0,363.0,445.0,428.0,377.0,446.0,483.0,392.0,493.0
P19,trial_71_R_affected,affected,37.0,151.0,37.0,,82.0,184.0,82.0,,195.0,208,85.0,,370.0,212,267.0,,,,276.0,,371.0,235.0,285.0,,35.0,,35.0,84.0,,84.0,223.0,190,195.0,370.0,191,196.0,,,197.0,371.0,265.0,206.0,35.0,97.0,35.0,84.0,105.0,84.0,223.0,190.0,195.0,370.0,191.0,197.0,,,198.0,371.0,265.0,207.0,35.0,97.0,35.0,84.0,105.0,84.0,223.0,190.0,195.0,370.0,191.0,197.0,,,198.0,371.0,265.0,207.0,35.0,97.0,35.0,84.0,105.0,84.0,195.0,190.0,195.0,370.0,191.0,197.0,,,198.0,371.0,265.0,207.0
P19,trial_72_R_affected,affected,50.0,205.0,50.0,,70.0,286.0,292.0,,423.0,418,425.0,,447.0,419,446.0,,567.0,,567.0,,654.0,311.0,595.0,,52.0,365.0,52.0,298.0,405.0,298.0,429.0,413,425.0,446.0,461,459.0,553.0,470.0,553.0,583.0,497.0,591.0,52.0,363.0,52.0,298.0,384.0,298.0,429.0,466.0,469.0,446.0,467.0,474.0,553.0,,553.0,583.0,436.0,591.0,52.0,363.0,52.0,298.0,384.0,298.0,429.0,415.0,427.0,446.0,416.0,446.0,553.0,,553.0,583.0,436.0,591.0,52.0,363.0,52.0,298.0,384.0,298.0,427.0,466.0,469.0,446.0,467.0,474.0,553.0,,553.0,583.0,436.0,591.0
P19,trial_73_R_affected,affected,65.0,,65.0,,110.0,,110.0,,292.0,307,313.0,,333.0,337,326.0,,505.0,430.0,505.0,,552.0,433.0,548.0,,63.0,254.0,63.0,131.0,278.0,131.0,293.0,302,317.0,339.0,346,340.0,506.0,349.0,506.0,565.0,403.0,515.0,63.0,251.0,63.0,131.0,263.0,131.0,293.0,333.0,282.0,339.0,334.0,343.0,506.0,,506.0,565.0,317.0,515.0,63.0,251.0,63.0,131.0,263.0,131.0,293.0,300.0,293.0,339.0,301.0,340.0,506.0,,506.0,565.0,316.0,515.0,63.0,251.0,63.0,131.0,263.0,131.0,293.0,333.0,282.0,340.0,334.0,343.0,506.0,,506.0,565.0,317.0,515.0
P19,trial_74_R_affected,affected,39.0,100.0,39.0,24.0,85.0,101.0,85.0,111.0,169.0,190,170.0,164.0,218.0,220,210.0,228.0,314.0,296.0,314.0,286.0,357.0,,371.0,384.0,38.0,134.0,38.0,66.0,169.0,66.0,174.0,171,174.0,224.0,190,221.0,308.0,,308.0,369.0,199.0,372.0,38.0,100.0,38.0,66.0,148.0,66.0,174.0,179.0,184.0,224.0,190.0,229.0,308.0,,308.0,369.0,199.0,372.0,38.0,100.0,38.0,66.0,149.0,66.0,174.0,185.0,186.0,224.0,187.0,219.0,308.0,,308.0,369.0,199.0,372.0,38.0,100.0,38.0,66.0,148.0,66.0,186.0,179.0,184.0,219.0,190.0,229.0,308.0,,308.0,369.0,199.0,372.0
P19,trial_75_R_affected,affected,39.0,,39.0,,84.0,,84.0,,208.0,196,193.0,,218.0,225,218.0,,318.0,303.0,318.0,,364.0,310.0,388.0,,37.0,153.0,37.0,93.0,183.0,93.0,194.0,190,193.0,220.0,227,222.0,313.0,250.0,313.0,380.0,285.0,322.0,37.0,216.0,37.0,93.0,240.0,246.0,194.0,240.0,,220.0,243.0,,313.0,264.0,313.0,380.0,285.0,322.0,37.0,216.0,37.0,93.0,241.0,93.0,194.0,241.0,189.0,220.0,246.0,219.0,313.0,264.0,313.0,380.0,285.0,322.0,37.0,216.0,37.0,93.0,240.0,246.0,189.0,240.0,,219.0,243.0,,313.0,264.0,313.0,380.0,285.0,322.0
P19,trial_76_R_affected,affected,44.0,,44.0,,83.0,,83.0,,196.0,187,193.0,,218.0,225,218.0,,311.0,315.0,311.0,,356.0,372.0,365.0,,41.0,215.0,41.0,82.0,223.0,82.0,184.0,223,190.0,216.0,229,223.0,314.0,267.0,314.0,362.0,280.0,395.0,41.0,215.0,41.0,82.0,239.0,244.0,184.0,239.0,,216.0,242.0,,314.0,260.0,314.0,362.0,280.0,395.0,41.0,215.0,41.0,131.0,239.0,131.0,184.0,239.0,192.0,216.0,243.0,218.0,314.0,260.0,314.0,362.0,280.0,395.0,41.0,215.0,41.0,82.0,239.0,244.0,192.0,239.0,,218.0,242.0,,314.0,260.0,314.0,362.0,280.0,395.0
P19,trial_77_R_affected,affected,41.0,,41.0,27.0,88.0,,88.0,104.0,156.0,150,154.0,147.0,180.0,186,181.0,187.0,277.0,275.0,277.0,250.0,310.0,327.0,313.0,334.0,40.0,112.0,40.0,91.0,119.0,91.0,156.0,150,155.0,179.0,188,181.0,277.0,217.0,277.0,318.0,251.0,321.0,40.0,180.0,40.0,91.0,201.0,91.0,156.0,201.0,158.0,179.0,204.0,175.0,277.0,217.0,277.0,318.0,251.0,321.0,40.0,180.0,40.0,91.0,201.0,91.0,156.0,201.0,158.0,179.0,204.0,175.0,277.0,217.0,277.0,318.0,251.0,321.0,40.0,180.0,40.0,91.0,201.0,91.0,158.0,201.0,158.0,175.0,204.0,175.0,277.0,217.0,277.0,318.0,251.0,321.0
P19,trial_78_R_affected,affected,47.0,,47.0,31.0,92.0,,92.0,110.0,161.0,157,160.0,152.0,190.0,197,190.0,198.0,297.0,294.0,297.0,250.0,334.0,,306.0,349.0,43.0,188.0,43.0,98.0,195.0,98.0,158.0,195,163.0,186.0,202,192.0,302.0,242.0,302.0,336.0,250.0,311.0,43.0,115.0,43.0,98.0,120.0,98.0,158.0,140.0,144.0,186.0,141.0,214.0,302.0,,302.0,336.0,177.0,311.0,43.0,115.0,43.0,98.0,120.0,98.0,158.0,161.0,177.0,186.0,162.0,189.0,302.0,,302.0,336.0,177.0,311.0,43.0,115.0,43.0,98.0,120.0,98.0,177.0,140.0,144.0,189.0,141.0,214.0,302.0,,302.0,336.0,177.0,311.0
P19,trial_79_R_affected,affected,40.0,30.0,40.0,,84.0,83.0,84.0,,149.0,136,140.0,,167.0,171,162.0,,269.0,259.0,269.0,,304.0,,304.0,,39.0,165.0,39.0,89.0,171.0,89.0,141.0,171,143.0,166.0,176,166.0,266.0,219.0,266.0,308.0,225.0,308.0,39.0,165.0,39.0,89.0,188.0,194.0,141.0,188.0,,166.0,190.0,,266.0,210.0,266.0,308.0,225.0,308.0,39.0,165.0,39.0,89.0,188.0,89.0,141.0,188.0,145.0,166.0,192.0,162.0,266.0,210.0,266.0,308.0,225.0,308.0,39.0,165.0,39.0,89.0,188.0,194.0,145.0,188.0,,162.0,190.0,,266.0,210.0,266.0,308.0,225.0,308.0
P19,trial_80_R_affected,affected,38.0,124.0,38.0,24.0,86.0,126.0,86.0,117.0,283.0,274,279.0,269.0,293.0,275,284.0,301.0,374.0,,374.0,367.0,410.0,180.0,457.0,467.0,36.0,234.0,36.0,92.0,256.0,92.0,285.0,275,282.0,290.0,297,287.0,377.0,311.0,377.0,416.0,352.0,456.0,36.0,219.0,36.0,92.0,251.0,92.0,285.0,275.0,283.0,290.0,297.0,289.0,376.0,318.0,376.0,416.0,353.0,456.0,36.0,219.0,36.0,92.0,251.0,92.0,285.0,275.0,283.0,290.0,297.0,289.0,376.0,318.0,376.0,416.0,353.0,456.0,36.0,219.0,36.0,92.0,251.0,92.0,283.0,275.0,283.0,289.0,297.0,289.0,376.0,318.0,376.0,416.0,353.0,456.0
P19,trial_81_R_affected,affected,55.0,172.0,55.0,,100.0,182.0,100.0,,250.0,240,248.0,,263.0,269,262.0,,362.0,360.0,362.0,,432.0,,426.0,,54.0,195.0,54.0,106.0,226.0,106.0,248.0,241,249.0,262.0,272,266.0,366.0,286.0,366.0,430.0,317.0,423.0,54.0,195.0,54.0,106.0,220.0,106.0,248.0,243.0,252.0,262.0,267.0,258.0,366.0,290.0,366.0,430.0,317.0,423.0,54.0,195.0,54.0,106.0,220.0,106.0,248.0,243.0,252.0,262.0,267.0,258.0,366.0,290.0,366.0,430.0,317.0,423.0,54.0,195.0,54.0,106.0,220.0,106.0,252.0,243.0,252.0,258.0,267.0,258.0,366.0,290.0,366.0,430.0,317.0,423.0
P19,trial_82_R_affected,affected,47.0,,47.0,34.0,95.0,,95.0,132.0,183.0,168,183.0,164.0,189.0,197,189.0,201.0,270.0,269.0,270.0,246.0,312.0,,279.0,330.0,44.0,133.0,44.0,111.0,153.0,111.0,170.0,169,182.0,189.0,198,191.0,265.0,214.0,265.0,315.0,243.0,274.0,44.0,190.0,44.0,111.0,209.0,214.0,170.0,209.0,,189.0,212.0,,265.0,224.0,265.0,315.0,243.0,274.0,44.0,190.0,44.0,111.0,209.0,111.0,170.0,209.0,170.0,189.0,212.0,190.0,265.0,224.0,265.0,315.0,243.0,274.0,44.0,190.0,44.0,111.0,209.0,214.0,170.0,209.0,,190.0,212.0,,265.0,224.0,265.0,315.0,243.0,274.0
P19,trial_83_R_affected,affected,37.0,28.0,37.0,24.0,83.0,75.0,83.0,111.0,157.0,152,157.0,144.0,173.0,177,173.0,185.0,274.0,267.0,274.0,237.0,316.0,325.0,316.0,337.0,35.0,108.0,35.0,87.0,122.0,87.0,155.0,151,156.0,178.0,180,177.0,274.0,214.0,274.0,317.0,229.0,283.0,35.0,108.0,35.0,87.0,119.0,87.0,155.0,136.0,139.0,178.0,137.0,197.0,254.0,,254.0,317.0,159.0,263.0,35.0,108.0,35.0,87.0,119.0,87.0,155.0,148.0,155.0,178.0,149.0,177.0,254.0,,254.0,317.0,159.0,263.0,35.0,108.0,35.0,87.0,119.0,87.0,155.0,136.0,139.0,177.0,137.0,197.0,254.0,,254.0,317.0,159.0,263.0
P19,trial_84_R_affected,affected,39.0,,39.0,25.0,87.0,,87.0,116.0,160.0,154,158.0,148.0,184.0,182,179.0,191.0,264.0,269.0,264.0,245.0,311.0,324.0,301.0,337.0,37.0,116.0,37.0,91.0,127.0,91.0,157.0,153,158.0,184.0,190,185.0,266.0,215.0,266.0,316.0,244.0,310.0,37.0,177.0,37.0,92.0,202.0,207.0,157.0,202.0,,184.0,204.0,,266.0,218.0,266.0,316.0,244.0,310.0,37.0,177.0,37.0,92.0,202.0,92.0,157.0,202.0,158.0,184.0,206.0,181.0,266.0,218.0,266.0,316.0,244.0,310.0,37.0,177.0,37.0,92.0,202.0,207.0,158.0,202.0,,181.0,204.0,,266.0,218.0,266.0,316.0,244.0,310.0
P19,trial_85_R_affected,affected,38.0,,38.0,24.0,85.0,,85.0,99.0,487.0,474,483.0,466.0,492.0,475,489.0,501.0,601.0,,601.0,544.0,658.0,302.0,654.0,705.0,35.0,428.0,35.0,84.0,473.0,426.0,486.0,475,484.0,491.0,498,490.0,592.0,506.0,592.0,659.0,542.0,686.0,35.0,490.0,35.0,84.0,504.0,425.0,486.0,504.0,482.0,491.0,508.0,487.0,592.0,522.0,592.0,659.0,543.0,686.0,35.0,490.0,35.0,84.0,504.0,425.0,486.0,504.0,482.0,491.0,508.0,487.0,592.0,522.0,592.0,659.0,543.0,686.0,35.0,490.0,35.0,84.0,504.0,425.0,411.0,504.0,482.0,487.0,508.0,487.0,592.0,522.0,592.0,659.0,543.0,686.0
P19,trial_86_R_affected,affected,48.0,165.0,48.0,,98.0,168.0,98.0,,232.0,220,230.0,,238.0,244,236.0,,346.0,325.0,346.0,,380.0,,397.0,,44.0,176.0,44.0,97.0,194.0,97.0,233.0,218,226.0,239.0,246,239.0,348.0,274.0,348.0,387.0,311.0,357.0,44.0,238.0,44.0,97.0,259.0,97.0,233.0,259.0,228.0,239.0,262.0,234.0,348.0,274.0,348.0,387.0,311.0,357.0,44.0,238.0,44.0,97.0,259.0,97.0,233.0,259.0,228.0,239.0,262.0,234.0,348.0,274.0,348.0,387.0,311.0,357.0,44.0,238.0,44.0,97.0,259.0,97.0,228.0,259.0,228.0,234.0,262.0,234.0,348.0,274.0,348.0,387.0,311.0,357.0
P19,trial_87_R_affected,affected,44.0,33.0,44.0,31.0,99.0,90.0,99.0,131.0,184.0,171,181.0,164.0,193.0,199,193.0,203.0,274.0,282.0,274.0,257.0,313.0,324.0,318.0,340.0,42.0,132.0,42.0,112.0,136.0,112.0,168.0,173,184.0,192.0,199,191.0,270.0,230.0,270.0,314.0,260.0,316.0,42.0,134.0,42.0,111.0,212.0,217.0,168.0,212.0,218.0,192.0,215.0,276.0,271.0,232.0,277.0,314.0,260.0,316.0,42.0,134.0,42.0,111.0,212.0,111.0,168.0,212.0,185.0,192.0,216.0,191.0,271.0,232.0,271.0,314.0,260.0,316.0,42.0,134.0,42.0,111.0,212.0,217.0,185.0,212.0,218.0,191.0,215.0,276.0,271.0,232.0,277.0,314.0,260.0,316.0
P19,trial_88_R_affected,affected,38.0,165.0,38.0,27.0,74.0,187.0,74.0,86.0,153.0,187,153.0,145.0,171.0,189,174.0,179.0,257.0,262.0,257.0,238.0,297.0,317.0,301.0,354.0,34.0,78.0,34.0,70.0,83.0,70.0,150.0,150,153.0,175.0,151,175.0,257.0,,257.0,310.0,154.0,266.0,34.0,169.0,34.0,69.0,193.0,69.0,150.0,193.0,154.0,175.0,195.0,170.0,257.0,208.0,257.0,310.0,241.0,266.0,34.0,169.0,34.0,69.0,193.0,69.0,150.0,193.0,154.0,175.0,195.0,170.0,257.0,209.0,257.0,310.0,241.0,266.0,34.0,169.0,34.0,69.0,193.0,69.0,154.0,193.0,154.0,170.0,195.0,170.0,257.0,208.0,257.0,310.0,241.0,266.0
P19,trial_89_R_affected,affected,46.0,36.0,46.0,,105.0,113.0,105.0,,170.0,161,169.0,,196.0,195,188.0,,271.0,263.0,271.0,,308.0,,280.0,,45.0,187.0,45.0,104.0,191.0,104.0,164.0,191,174.0,198.0,199,193.0,270.0,225.0,270.0,310.0,245.0,279.0,45.0,187.0,45.0,105.0,206.0,105.0,164.0,206.0,177.0,198.0,209.0,183.0,272.0,225.0,272.0,310.0,245.0,281.0,45.0,187.0,45.0,105.0,206.0,105.0,164.0,206.0,177.0,198.0,209.0,183.0,272.0,225.0,272.0,310.0,245.0,281.0,45.0,187.0,45.0,105.0,206.0,105.0,177.0,206.0,177.0,183.0,209.0,183.0,272.0,225.0,272.0,310.0,245.0,281.0
P19,trial_90_R_affected,affected,32.0,350.0,32.0,17.0,69.0,404.0,411.0,265.0,400.0,835,841.0,830.0,478.0,836,857.0,866.0,933.0,,933.0,929.0,961.0,455.0,942.0,1000.0,30.0,783.0,30.0,74.0,800.0,74.0,850.0,835,843.0,856.0,862,854.0,936.0,885.0,936.0,962.0,924.0,945.0,30.0,783.0,30.0,74.0,800.0,74.0,850.0,837.0,846.0,856.0,859.0,852.0,936.0,887.0,936.0,962.0,924.0,945.0,30.0,783.0,30.0,74.0,800.0,74.0,850.0,837.0,846.0,856.0,859.0,852.0,936.0,887.0,936.0,962.0,924.0,945.0,30.0,783.0,30.0,74.0,800.0,74.0,846.0,837.0,846.0,852.0,859.0,852.0,936.0,887.0,936.0,962.0,924.0,945.0
P19,trial_91_R_affected,affected,55.0,201.0,55.0,,87.0,230.0,87.0,,497.0,491,497.0,,514.0,492,516.0,,640.0,,640.0,,661.0,338.0,649.0,,45.0,513.0,45.0,87.0,523.0,408.0,495.0,523,495.0,518.0,526,514.0,635.0,539.0,635.0,660.0,584.0,644.0,45.0,513.0,45.0,87.0,532.0,407.0,495.0,532.0,495.0,518.0,535.0,504.0,635.0,543.0,635.0,660.0,585.0,644.0,45.0,513.0,45.0,345.0,533.0,407.0,495.0,533.0,495.0,518.0,536.0,504.0,635.0,543.0,635.0,660.0,585.0,644.0,45.0,513.0,45.0,87.0,532.0,407.0,495.0,532.0,495.0,504.0,535.0,504.0,635.0,543.0,635.0,660.0,585.0,644.0
P19,trial_92_R_affected,affected,43.0,,43.0,,90.0,,90.0,,,69,99.0,,,70,104.0,,111.0,,105.0,,120.0,73.0,114.0,,39.0,0.0,39.0,98.0,33.0,98.0,,74,99.0,,75,114.0,119.0,,115.0,128.0,98.0,124.0,39.0,0.0,39.0,99.0,33.0,99.0,,74.0,100.0,,75.0,114.0,119.0,,115.0,128.0,98.0,124.0,39.0,0.0,39.0,99.0,33.0,99.0,,74.0,100.0,,75.0,114.0,119.0,,115.0,128.0,98.0,124.0,39.0,0.0,39.0,99.0,33.0,99.0,,74.0,100.0,,75.0,114.0,109.0,,115.0,118.0,98.0,124.0
P19,trial_93_R_affected,affected,53.0,,53.0,41.0,106.0,,106.0,277.0,333.0,322,331.0,316.0,343.0,349,340.0,356.0,446.0,415.0,446.0,414.0,491.0,,523.0,550.0,53.0,279.0,53.0,86.0,298.0,86.0,336.0,320,332.0,342.0,354,346.0,438.0,366.0,438.0,505.0,411.0,521.0,53.0,279.0,53.0,86.0,292.0,86.0,336.0,324.0,334.0,342.0,348.0,340.0,438.0,372.0,438.0,505.0,412.0,521.0,53.0,279.0,53.0,86.0,292.0,86.0,336.0,324.0,334.0,342.0,348.0,340.0,438.0,372.0,438.0,505.0,412.0,521.0,53.0,279.0,53.0,86.0,292.0,86.0,334.0,324.0,334.0,340.0,348.0,340.0,438.0,372.0,438.0,505.0,412.0,521.0
P19,trial_94_R_affected,affected,49.0,,49.0,,93.0,,93.0,,177.0,175,179.0,,216.0,219,216.0,,294.0,304.0,294.0,,337.0,347.0,303.0,,48.0,206.0,48.0,92.0,213.0,92.0,180.0,213,182.0,220.0,223,216.0,310.0,251.0,310.0,343.0,296.0,319.0,48.0,206.0,48.0,92.0,239.0,244.0,180.0,239.0,245.0,220.0,244.0,311.0,310.0,257.0,312.0,343.0,296.0,321.0,48.0,206.0,48.0,92.0,239.0,92.0,180.0,239.0,181.0,220.0,245.0,212.0,310.0,257.0,310.0,343.0,296.0,319.0,48.0,206.0,48.0,92.0,239.0,244.0,181.0,239.0,245.0,212.0,244.0,311.0,310.0,257.0,312.0,343.0,296.0,321.0
P251,trial_10_R_unaffected,unaffected,42.0,31.0,42.0,30.0,90.0,82.0,90.0,101.0,186.0,192,205.0,195.0,320.0,325,318.0,315.0,436.0,440.0,436.0,400.0,470.0,482.0,466.0,494.0,42.0,99.0,42.0,89.0,181.0,89.0,201.0,195,211.0,315.0,317,304.0,433.0,327.0,433.0,468.0,399.0,465.0,42.0,99.0,42.0,88.0,181.0,88.0,201.0,195.0,210.0,315.0,316.0,303.0,433.0,333.0,433.0,468.0,399.0,465.0,42.0,99.0,42.0,88.0,181.0,88.0,201.0,195.0,210.0,315.0,316.0,303.0,433.0,333.0,433.0,468.0,399.0,465.0,42.0,99.0,42.0,88.0,181.0,88.0,210.0,195.0,210.0,303.0,316.0,303.0,433.0,333.0,433.0,468.0,399.0,465.0
P251,trial_11_R_unaffected,unaffected,67.0,53.0,67.0,53.0,116.0,108.0,116.0,128.0,221.0,220,227.0,222.0,325.0,333,327.0,323.0,449.0,455.0,449.0,411.0,480.0,490.0,477.0,499.0,68.0,127.0,68.0,116.0,206.0,116.0,226.0,221,232.0,319.0,327,313.0,453.0,329.0,453.0,480.0,411.0,480.0,68.0,127.0,68.0,116.0,206.0,116.0,226.0,221.0,234.0,319.0,325.0,312.0,453.0,331.0,453.0,480.0,411.0,480.0,68.0,127.0,68.0,116.0,206.0,116.0,226.0,221.0,234.0,319.0,325.0,312.0,453.0,331.0,453.0,480.0,411.0,480.0,68.0,127.0,68.0,116.0,206.0,116.0,234.0,221.0,234.0,312.0,325.0,312.0,453.0,331.0,453.0,480.0,411.0,480.0
P251,trial_12_R_unaffected,unaffected,68.0,57.0,68.0,54.0,119.0,112.0,119.0,128.0,223.0,216,223.0,222.0,401.0,406,399.0,395.0,525.0,529.0,525.0,470.0,558.0,568.0,559.0,572.0,69.0,127.0,69.0,119.0,211.0,119.0,225.0,219,230.0,391.0,397,383.0,523.0,402.0,523.0,556.0,466.0,557.0,69.0,389.0,69.0,120.0,430.0,120.0,225.0,430.0,231.0,391.0,434.0,384.0,523.0,448.0,523.0,556.0,466.0,557.0,69.0,389.0,69.0,120.0,430.0,120.0,225.0,430.0,231.0,391.0,434.0,384.0,523.0,448.0,523.0,556.0,466.0,557.0,69.0,389.0,69.0,120.0,430.0,120.0,231.0,430.0,231.0,384.0,434.0,384.0,523.0,448.0,523.0,556.0,466.0,557.0
P251,trial_13_R_unaffected,unaffected,60.0,49.0,60.0,47.0,110.0,103.0,110.0,118.0,212.0,205,214.0,214.0,345.0,352,344.0,341.0,472.0,478.0,472.0,443.0,505.0,514.0,505.0,521.0,63.0,117.0,63.0,113.0,211.0,113.0,218.0,211,221.0,331.0,337,333.0,473.0,,473.0,503.0,426.0,502.0,63.0,117.0,63.0,114.0,211.0,114.0,218.0,211.0,219.0,331.0,335.0,332.0,473.0,,473.0,503.0,426.0,502.0,63.0,117.0,63.0,114.0,211.0,114.0,218.0,211.0,219.0,331.0,335.0,332.0,473.0,,473.0,503.0,426.0,502.0,63.0,117.0,63.0,114.0,211.0,114.0,219.0,211.0,219.0,332.0,335.0,332.0,473.0,,473.0,503.0,426.0,502.0
P251,trial_14_R_unaffected,unaffected,49.0,369.0,49.0,35.0,118.0,407.0,118.0,129.0,226.0,407,226.0,229.0,388.0,410,384.0,379.0,504.0,509.0,504.0,458.0,535.0,544.0,536.0,547.0,50.0,130.0,50.0,116.0,219.0,116.0,230.0,224,233.0,380.0,381,367.0,506.0,384.0,506.0,535.0,456.0,535.0,50.0,130.0,50.0,116.0,215.0,116.0,230.0,224.0,234.0,380.0,380.0,366.0,506.0,382.0,506.0,535.0,456.0,535.0,50.0,130.0,50.0,116.0,215.0,116.0,230.0,224.0,234.0,380.0,380.0,366.0,506.0,382.0,506.0,535.0,456.0,535.0,50.0,130.0,50.0,116.0,215.0,116.0,234.0,224.0,234.0,366.0,380.0,366.0,506.0,382.0,506.0,535.0,456.0,535.0
P251,trial_15_R_unaffected,unaffected,50.0,39.0,50.0,38.0,93.0,87.0,93.0,107.0,199.0,194,199.0,196.0,344.0,347,341.0,338.0,450.0,455.0,450.0,410.0,479.0,487.0,479.0,491.0,52.0,332.0,52.0,98.0,370.0,98.0,208.0,370,205.0,339.0,373,330.0,447.0,385.0,447.0,477.0,407.0,477.0,52.0,332.0,52.0,99.0,370.0,99.0,208.0,370.0,208.0,339.0,373.0,329.0,447.0,385.0,447.0,477.0,407.0,477.0,52.0,332.0,52.0,99.0,370.0,99.0,208.0,370.0,208.0,339.0,373.0,329.0,447.0,385.0,447.0,477.0,407.0,477.0,52.0,332.0,52.0,99.0,370.0,99.0,208.0,370.0,208.0,329.0,373.0,329.0,447.0,385.0,447.0,477.0,407.0,477.0
P251,trial_16_R_unaffected,unaffected,42.0,31.0,42.0,30.0,90.0,84.0,90.0,99.0,194.0,189,198.0,193.0,335.0,340,334.0,333.0,431.0,436.0,431.0,402.0,463.0,471.0,463.0,475.0,44.0,96.0,44.0,92.0,194.0,92.0,200.0,194,205.0,330.0,335,324.0,431.0,,431.0,462.0,399.0,461.0,44.0,96.0,44.0,93.0,191.0,93.0,200.0,191.0,205.0,330.0,329.0,321.0,431.0,,431.0,462.0,399.0,461.0,44.0,96.0,44.0,93.0,191.0,93.0,200.0,191.0,205.0,330.0,329.0,321.0,431.0,,431.0,462.0,399.0,461.0,44.0,96.0,44.0,93.0,191.0,93.0,205.0,191.0,205.0,321.0,329.0,321.0,431.0,,431.0,462.0,399.0,461.0
P251,trial_17_R_unaffected,unaffected,41.0,29.0,41.0,28.0,89.0,82.0,89.0,101.0,194.0,184,197.0,193.0,336.0,342,335.0,333.0,449.0,455.0,449.0,415.0,485.0,496.0,488.0,501.0,42.0,99.0,42.0,94.0,178.0,94.0,196.0,188,201.0,324.0,336,325.0,450.0,,450.0,483.0,409.0,486.0,42.0,99.0,42.0,95.0,178.0,95.0,196.0,189.0,201.0,324.0,334.0,322.0,450.0,343.0,450.0,483.0,409.0,486.0,42.0,99.0,42.0,95.0,178.0,95.0,196.0,189.0,201.0,324.0,334.0,322.0,450.0,343.0,450.0,483.0,409.0,486.0,42.0,99.0,42.0,95.0,178.0,95.0,201.0,189.0,201.0,322.0,334.0,322.0,450.0,343.0,450.0,483.0,409.0,486.0
P251,trial_18_R_unaffected,unaffected,43.0,341.0,43.0,29.0,90.0,366.0,90.0,106.0,206.0,366,209.0,209.0,354.0,370,354.0,353.0,481.0,486.0,481.0,439.0,510.0,524.0,514.0,529.0,45.0,,45.0,92.0,,92.0,213.0,230,222.0,349.0,350,343.0,479.0,,479.0,510.0,433.0,513.0,45.0,,45.0,90.0,,90.0,213.0,230.0,221.0,349.0,346.0,342.0,480.0,,480.0,510.0,433.0,513.0,45.0,,45.0,90.0,,90.0,213.0,230.0,221.0,349.0,346.0,342.0,480.0,,480.0,510.0,433.0,513.0,45.0,,45.0,90.0,,90.0,221.0,230.0,221.0,342.0,346.0,342.0,480.0,,480.0,510.0,433.0,513.0
P251,trial_19_R_unaffected,unaffected,40.0,323.0,40.0,26.0,94.0,340.0,94.0,105.0,210.0,340,212.0,204.0,340.0,347,336.0,339.0,455.0,460.0,455.0,423.0,488.0,497.0,487.0,501.0,41.0,102.0,41.0,89.0,211.0,89.0,219.0,211,215.0,334.0,337,327.0,455.0,383.0,455.0,486.0,417.0,485.0,41.0,102.0,41.0,89.0,210.0,89.0,219.0,210.0,217.0,334.0,336.0,322.0,455.0,385.0,455.0,486.0,417.0,485.0,41.0,102.0,41.0,89.0,210.0,89.0,219.0,210.0,217.0,334.0,336.0,322.0,455.0,385.0,455.0,486.0,417.0,485.0,41.0,102.0,41.0,89.0,210.0,89.0,217.0,210.0,217.0,322.0,336.0,322.0,455.0,385.0,455.0,486.0,417.0,485.0
P251,trial_1_R_unaffected,unaffected,145.0,132.0,145.0,132.0,213.0,209.0,213.0,236.0,340.0,344,355.0,349.0,479.0,493,482.0,488.0,700.0,706.0,700.0,638.0,743.0,759.0,739.0,767.0,148.0,,148.0,215.0,,215.0,355.0,352,360.0,480.0,353,477.0,704.0,,704.0,740.0,360.0,737.0,148.0,238.0,148.0,214.0,240.0,214.0,355.0,352.0,361.0,480.0,353.0,472.0,704.0,,704.0,740.0,360.0,737.0,148.0,238.0,148.0,214.0,240.0,214.0,355.0,352.0,361.0,480.0,353.0,472.0,704.0,,704.0,740.0,360.0,737.0,148.0,238.0,148.0,214.0,240.0,214.0,361.0,352.0,361.0,472.0,353.0,472.0,704.0,,704.0,740.0,360.0,737.0
P251,trial_20_R_unaffected,unaffected,43.0,32.0,43.0,31.0,94.0,86.0,94.0,103.0,206.0,198,209.0,200.0,331.0,336,331.0,328.0,445.0,449.0,445.0,399.0,476.0,486.0,478.0,490.0,45.0,100.0,45.0,96.0,199.0,96.0,219.0,199,212.0,317.0,329,319.0,445.0,,445.0,475.0,397.0,477.0,45.0,100.0,45.0,97.0,192.0,97.0,219.0,199.0,218.0,317.0,329.0,317.0,445.0,,445.0,475.0,397.0,477.0,45.0,100.0,45.0,97.0,192.0,97.0,219.0,199.0,218.0,317.0,329.0,317.0,445.0,,445.0,475.0,397.0,477.0,45.0,100.0,45.0,97.0,192.0,97.0,218.0,199.0,218.0,317.0,329.0,317.0,445.0,,445.0,475.0,397.0,477.0
P251,trial_21_R_unaffected,unaffected,54.0,42.0,54.0,41.0,104.0,98.0,104.0,113.0,214.0,212,221.0,213.0,383.0,390,382.0,383.0,502.0,507.0,502.0,467.0,534.0,543.0,533.0,547.0,56.0,,56.0,103.0,,103.0,221.0,251,226.0,379.0,379,371.0,503.0,,503.0,532.0,470.0,531.0,56.0,,56.0,105.0,,105.0,221.0,248.0,224.0,379.0,378.0,369.0,503.0,,503.0,532.0,470.0,531.0,56.0,,56.0,105.0,,105.0,221.0,248.0,224.0,379.0,378.0,369.0,503.0,,503.0,532.0,470.0,531.0,56.0,,56.0,105.0,,105.0,224.0,248.0,224.0,369.0,378.0,369.0,503.0,,503.0,532.0,470.0,531.0
P251,trial_23_L_affected,affected,48.0,37.0,48.0,36.0,104.0,94.0,104.0,115.0,206.0,197,209.0,198.0,318.0,322,314.0,320.0,449.0,455.0,449.0,410.0,486.0,495.0,485.0,508.0,50.0,111.0,50.0,108.0,141.0,108.0,207.0,201,212.0,316.0,317,307.0,452.0,319.0,452.0,486.0,401.0,485.0,50.0,111.0,50.0,109.0,185.0,109.0,207.0,201.0,215.0,316.0,316.0,304.0,452.0,,452.0,486.0,401.0,485.0,50.0,111.0,50.0,109.0,185.0,109.0,207.0,201.0,215.0,316.0,316.0,304.0,452.0,,452.0,486.0,401.0,485.0,50.0,111.0,50.0,109.0,185.0,109.0,215.0,201.0,215.0,304.0,316.0,304.0,452.0,,452.0,486.0,401.0,485.0
P251,trial_24_L_affected,affected,40.0,30.0,40.0,28.0,97.0,88.0,97.0,108.0,203.0,192,210.0,196.0,318.0,320,304.0,318.0,429.0,434.0,429.0,398.0,463.0,470.0,463.0,498.0,43.0,105.0,43.0,84.0,135.0,84.0,202.0,197,217.0,314.0,311,305.0,429.0,,429.0,463.0,373.0,463.0,43.0,105.0,43.0,98.0,182.0,98.0,202.0,198.0,218.0,314.0,307.0,301.0,429.0,,429.0,463.0,,463.0,43.0,105.0,43.0,98.0,182.0,98.0,202.0,198.0,218.0,314.0,307.0,301.0,429.0,,429.0,463.0,,463.0,43.0,105.0,43.0,98.0,182.0,98.0,218.0,198.0,218.0,301.0,307.0,301.0,429.0,,429.0,463.0,,463.0
P251,trial_25_L_affected,affected,45.0,35.0,45.0,33.0,99.0,90.0,99.0,107.0,200.0,190,202.0,194.0,294.0,298,292.0,293.0,380.0,384.0,380.0,360.0,413.0,420.0,414.0,437.0,47.0,283.0,47.0,106.0,318.0,106.0,203.0,318,213.0,295.0,321,275.0,387.0,329.0,387.0,414.0,352.0,414.0,47.0,283.0,47.0,108.0,317.0,108.0,203.0,317.0,215.0,295.0,320.0,277.0,387.0,329.0,387.0,414.0,352.0,414.0,47.0,283.0,47.0,108.0,317.0,108.0,203.0,317.0,215.0,295.0,320.0,277.0,387.0,329.0,387.0,414.0,352.0,414.0,47.0,283.0,47.0,108.0,317.0,108.0,215.0,317.0,215.0,277.0,320.0,277.0,387.0,329.0,387.0,414.0,352.0,414.0
P251,trial_26_L_affected,affected,40.0,30.0,40.0,28.0,93.0,82.0,93.0,99.0,190.0,177,188.0,181.0,278.0,279,263.0,277.0,376.0,382.0,376.0,353.0,410.0,419.0,410.0,431.0,42.0,100.0,42.0,96.0,125.0,96.0,193.0,183,197.0,279.0,275,265.0,378.0,321.0,378.0,410.0,344.0,411.0,42.0,100.0,42.0,99.0,170.0,99.0,193.0,184.0,200.0,279.0,274.0,262.0,378.0,318.0,378.0,410.0,344.0,411.0,42.0,100.0,42.0,99.0,170.0,99.0,193.0,184.0,200.0,279.0,274.0,262.0,378.0,318.0,378.0,410.0,344.0,411.0,42.0,100.0,42.0,99.0,170.0,99.0,200.0,184.0,200.0,262.0,274.0,262.0,378.0,318.0,378.0,410.0,344.0,411.0
P251,trial_27_L_affected,affected,63.0,51.0,63.0,49.0,122.0,113.0,122.0,130.0,231.0,224,239.0,230.0,336.0,345,332.0,340.0,480.0,486.0,480.0,427.0,516.0,526.0,521.0,589.0,65.0,133.0,65.0,125.0,215.0,125.0,238.0,235,251.0,343.0,339,326.0,482.0,388.0,482.0,516.0,421.0,519.0,65.0,133.0,65.0,134.0,214.0,134.0,238.0,234.0,254.0,343.0,339.0,325.0,483.0,388.0,483.0,516.0,421.0,519.0,65.0,133.0,65.0,134.0,214.0,134.0,238.0,234.0,254.0,343.0,339.0,325.0,483.0,388.0,483.0,516.0,421.0,519.0,65.0,133.0,65.0,134.0,214.0,134.0,254.0,234.0,254.0,325.0,339.0,325.0,483.0,388.0,483.0,516.0,421.0,519.0
P251,trial_28_L_affected,affected,36.0,25.0,36.0,23.0,88.0,79.0,88.0,94.0,190.0,174,190.0,177.0,280.0,282,274.0,278.0,381.0,387.0,381.0,343.0,416.0,426.0,415.0,436.0,37.0,96.0,37.0,93.0,121.0,93.0,192.0,180,197.0,278.0,276,266.0,376.0,282.0,376.0,415.0,338.0,415.0,37.0,96.0,37.0,96.0,119.0,96.0,192.0,181.0,197.0,278.0,274.0,262.0,376.0,315.0,376.0,415.0,339.0,415.0,37.0,96.0,37.0,96.0,119.0,96.0,192.0,181.0,197.0,278.0,274.0,262.0,376.0,315.0,376.0,415.0,339.0,415.0,37.0,96.0,37.0,96.0,119.0,96.0,197.0,181.0,197.0,262.0,274.0,262.0,376.0,315.0,376.0,415.0,339.0,415.0
P251,trial_29_L_affected,affected,40.0,29.0,40.0,28.0,95.0,86.0,95.0,100.0,203.0,194,206.0,200.0,317.0,322,314.0,317.0,423.0,428.0,423.0,382.0,459.0,474.0,458.0,483.0,42.0,103.0,42.0,101.0,175.0,101.0,200.0,203,213.0,318.0,315,306.0,415.0,354.0,415.0,459.0,378.0,458.0,42.0,103.0,42.0,102.0,175.0,102.0,200.0,204.0,216.0,318.0,313.0,300.0,415.0,356.0,415.0,459.0,378.0,458.0,42.0,103.0,42.0,102.0,175.0,102.0,200.0,204.0,216.0,318.0,313.0,300.0,415.0,356.0,415.0,459.0,378.0,458.0,42.0,103.0,42.0,102.0,175.0,102.0,216.0,204.0,216.0,300.0,313.0,300.0,415.0,356.0,415.0,459.0,378.0,458.0
P251,trial_2_R_unaffected,unaffected,64.0,49.0,64.0,40.0,128.0,121.0,128.0,152.0,284.0,281,293.0,287.0,413.0,420,410.0,418.0,602.0,606.0,602.0,541.0,637.0,651.0,641.0,662.0,67.0,151.0,67.0,131.0,279.0,131.0,293.0,289,300.0,411.0,416,404.0,604.0,426.0,604.0,635.0,548.0,638.0,67.0,151.0,67.0,130.0,280.0,130.0,293.0,290.0,301.0,411.0,415.0,401.0,603.0,428.0,603.0,635.0,548.0,638.0,67.0,151.0,67.0,130.0,280.0,130.0,293.0,290.0,301.0,411.0,415.0,401.0,603.0,428.0,603.0,635.0,548.0,638.0,67.0,151.0,67.0,130.0,280.0,130.0,301.0,290.0,301.0,401.0,415.0,401.0,603.0,428.0,603.0,635.0,548.0,638.0
P251,trial_30_L_affected,affected,33.0,23.0,33.0,22.0,86.0,77.0,86.0,95.0,189.0,176,189.0,179.0,295.0,299,289.0,297.0,409.0,414.0,409.0,362.0,440.0,458.0,446.0,461.0,36.0,94.0,36.0,89.0,123.0,89.0,186.0,184,196.0,294.0,295,283.0,399.0,333.0,399.0,440.0,356.0,444.0,36.0,94.0,36.0,91.0,171.0,91.0,186.0,184.0,201.0,294.0,293.0,281.0,399.0,333.0,399.0,440.0,356.0,444.0,36.0,94.0,36.0,91.0,171.0,91.0,186.0,184.0,201.0,294.0,293.0,281.0,399.0,333.0,399.0,440.0,356.0,444.0,36.0,94.0,36.0,91.0,171.0,91.0,201.0,184.0,201.0,281.0,293.0,281.0,399.0,333.0,399.0,440.0,356.0,444.0
P251,trial_31_L_affected,affected,48.0,38.0,48.0,36.0,102.0,94.0,102.0,108.0,197.0,187,196.0,189.0,304.0,307,298.0,304.0,435.0,441.0,435.0,365.0,472.0,482.0,471.0,501.0,50.0,110.0,50.0,106.0,138.0,106.0,196.0,191,204.0,302.0,300,290.0,434.0,339.0,434.0,471.0,363.0,470.0,50.0,110.0,50.0,111.0,134.0,111.0,196.0,192.0,208.0,302.0,299.0,287.0,435.0,342.0,435.0,471.0,363.0,470.0,50.0,110.0,50.0,111.0,134.0,111.0,196.0,192.0,208.0,302.0,299.0,287.0,435.0,342.0,435.0,471.0,363.0,470.0,50.0,110.0,50.0,111.0,134.0,111.0,208.0,192.0,208.0,287.0,299.0,287.0,435.0,342.0,435.0,471.0,363.0,470.0
P251,trial_32_L_affected,affected,42.0,,42.0,31.0,94.0,,94.0,100.0,192.0,220,197.0,184.0,310.0,313,305.0,312.0,423.0,428.0,423.0,380.0,458.0,471.0,458.0,483.0,44.0,103.0,44.0,96.0,129.0,96.0,189.0,187,202.0,310.0,310,301.0,421.0,348.0,421.0,457.0,376.0,457.0,44.0,103.0,44.0,100.0,127.0,100.0,189.0,186.0,203.0,310.0,308.0,297.0,423.0,349.0,423.0,457.0,376.0,457.0,44.0,103.0,44.0,100.0,127.0,100.0,189.0,186.0,203.0,310.0,308.0,297.0,423.0,349.0,423.0,457.0,376.0,457.0,44.0,103.0,44.0,100.0,127.0,100.0,203.0,186.0,203.0,297.0,308.0,297.0,423.0,349.0,423.0,457.0,376.0,457.0
P251,trial_33_L_affected,affected,40.0,28.0,40.0,27.0,93.0,83.0,93.0,99.0,203.0,189,203.0,193.0,298.0,298,291.0,297.0,407.0,413.0,407.0,374.0,442.0,454.0,441.0,468.0,42.0,100.0,42.0,95.0,139.0,95.0,200.0,194,207.0,297.0,292,274.0,404.0,334.0,404.0,441.0,367.0,440.0,42.0,100.0,42.0,98.0,126.0,98.0,200.0,194.0,211.0,297.0,291.0,277.0,405.0,337.0,405.0,441.0,367.0,440.0,42.0,100.0,42.0,98.0,126.0,98.0,200.0,194.0,211.0,297.0,291.0,277.0,405.0,337.0,405.0,441.0,367.0,440.0,42.0,100.0,42.0,98.0,126.0,98.0,211.0,194.0,211.0,277.0,291.0,277.0,405.0,337.0,405.0,441.0,367.0,440.0
P251,trial_34_L_affected,affected,43.0,33.0,43.0,30.0,94.0,86.0,94.0,98.0,187.0,179,188.0,181.0,300.0,302,294.0,297.0,418.0,424.0,418.0,370.0,453.0,466.0,455.0,477.0,46.0,101.0,46.0,97.0,192.0,97.0,192.0,192,196.0,299.0,277,283.0,415.0,,415.0,451.0,,452.0,46.0,101.0,46.0,100.0,189.0,100.0,192.0,189.0,204.0,299.0,277.0,282.0,415.0,,415.0,451.0,,452.0,46.0,101.0,46.0,100.0,189.0,100.0,192.0,189.0,204.0,299.0,277.0,282.0,415.0,,415.0,451.0,,452.0,46.0,101.0,46.0,100.0,189.0,100.0,204.0,189.0,204.0,282.0,277.0,282.0,415.0,,415.0,451.0,,452.0
P251,trial_35_L_affected,affected,49.0,38.0,49.0,36.0,98.0,91.0,98.0,97.0,200.0,188,203.0,190.0,316.0,318,311.0,314.0,422.0,427.0,422.0,383.0,454.0,470.0,455.0,477.0,52.0,104.0,52.0,102.0,143.0,102.0,205.0,193,206.0,315.0,194,300.0,420.0,,420.0,453.0,196.0,454.0,52.0,104.0,52.0,104.0,128.0,104.0,205.0,193.0,207.0,315.0,310.0,298.0,421.0,351.0,421.0,453.0,382.0,454.0,52.0,104.0,52.0,104.0,128.0,104.0,205.0,193.0,207.0,315.0,310.0,298.0,421.0,351.0,421.0,453.0,382.0,454.0,52.0,104.0,52.0,104.0,128.0,104.0,207.0,193.0,207.0,298.0,310.0,298.0,421.0,351.0,421.0,453.0,382.0,454.0
P251,trial_36_L_affected,affected,36.0,26.0,36.0,24.0,89.0,79.0,89.0,95.0,190.0,185,200.0,182.0,324.0,327,319.0,325.0,430.0,436.0,430.0,401.0,463.0,476.0,464.0,511.0,40.0,96.0,40.0,92.0,129.0,92.0,201.0,188,200.0,321.0,189,314.0,431.0,,431.0,464.0,196.0,464.0,40.0,96.0,40.0,97.0,125.0,97.0,201.0,188.0,202.0,321.0,314.0,309.0,431.0,,431.0,464.0,392.0,464.0,40.0,96.0,40.0,97.0,125.0,97.0,201.0,188.0,202.0,321.0,314.0,309.0,431.0,,431.0,464.0,392.0,464.0,40.0,96.0,40.0,97.0,125.0,97.0,202.0,188.0,202.0,309.0,314.0,309.0,431.0,,431.0,464.0,392.0,464.0
P251,trial_37_L_affected,affected,50.0,40.0,50.0,38.0,98.0,89.0,98.0,108.0,191.0,190,205.0,187.0,321.0,323,315.0,320.0,426.0,431.0,426.0,381.0,459.0,475.0,459.0,481.0,52.0,106.0,52.0,99.0,133.0,99.0,191.0,194,209.0,314.0,316,296.0,417.0,355.0,417.0,458.0,377.0,457.0,52.0,107.0,52.0,108.0,174.0,108.0,191.0,195.0,210.0,314.0,315.0,302.0,417.0,356.0,417.0,458.0,377.0,457.0,52.0,107.0,52.0,108.0,174.0,108.0,191.0,195.0,210.0,314.0,315.0,302.0,417.0,356.0,417.0,458.0,377.0,457.0,52.0,107.0,52.0,108.0,174.0,108.0,210.0,195.0,210.0,302.0,315.0,302.0,417.0,356.0,417.0,458.0,377.0,457.0
P251,trial_38_L_affected,affected,44.0,32.0,44.0,31.0,97.0,87.0,97.0,103.0,210.0,198,209.0,196.0,337.0,339,333.0,338.0,463.0,468.0,463.0,404.0,496.0,506.0,497.0,509.0,47.0,104.0,47.0,100.0,133.0,100.0,208.0,204,221.0,335.0,332,325.0,459.0,372.0,459.0,496.0,401.0,495.0,47.0,322.0,47.0,84.0,360.0,84.0,208.0,360.0,221.0,335.0,363.0,323.0,459.0,373.0,459.0,496.0,401.0,495.0,47.0,322.0,47.0,84.0,360.0,84.0,208.0,360.0,221.0,335.0,363.0,323.0,459.0,373.0,459.0,496.0,401.0,495.0,47.0,322.0,47.0,84.0,360.0,84.0,221.0,360.0,221.0,323.0,363.0,323.0,459.0,373.0,459.0,496.0,401.0,495.0
P251,trial_39_L_affected,affected,49.0,38.0,49.0,36.0,97.0,89.0,97.0,103.0,203.0,199,209.0,195.0,337.0,338,320.0,337.0,444.0,450.0,444.0,397.0,481.0,494.0,479.0,503.0,52.0,104.0,52.0,101.0,136.0,101.0,199.0,203,214.0,335.0,335,322.0,446.0,373.0,446.0,480.0,395.0,479.0,52.0,104.0,52.0,104.0,141.0,104.0,199.0,204.0,215.0,335.0,333.0,320.0,446.0,373.0,446.0,480.0,395.0,479.0,52.0,104.0,52.0,104.0,141.0,104.0,199.0,204.0,215.0,335.0,333.0,320.0,446.0,373.0,446.0,480.0,395.0,479.0,52.0,104.0,52.0,104.0,141.0,104.0,215.0,204.0,215.0,320.0,333.0,320.0,446.0,373.0,446.0,480.0,395.0,479.0
P251,trial_3_R_unaffected,unaffected,62.0,48.0,62.0,39.0,121.0,113.0,121.0,135.0,246.0,237,247.0,243.0,418.0,253,382.0,386.0,545.0,,545.0,497.0,581.0,,579.0,601.0,63.0,370.0,63.0,123.0,439.0,123.0,253.0,439,255.0,376.0,443,372.0,544.0,456.0,544.0,580.0,495.0,578.0,63.0,369.0,63.0,124.0,438.0,124.0,253.0,438.0,258.0,376.0,443.0,370.0,545.0,457.0,545.0,580.0,495.0,578.0,63.0,369.0,63.0,124.0,438.0,124.0,253.0,438.0,258.0,376.0,443.0,370.0,545.0,457.0,545.0,580.0,495.0,578.0,63.0,369.0,63.0,124.0,438.0,124.0,258.0,438.0,258.0,370.0,443.0,370.0,545.0,457.0,545.0,580.0,495.0,578.0
P251,trial_40_L_affected,affected,41.0,31.0,41.0,29.0,88.0,81.0,88.0,95.0,189.0,185,197.0,181.0,319.0,315,307.0,316.0,434.0,440.0,434.0,385.0,469.0,479.0,471.0,493.0,44.0,95.0,44.0,92.0,192.0,92.0,192.0,192,203.0,320.0,296,302.0,422.0,,422.0,468.0,,470.0,44.0,95.0,44.0,94.0,170.0,94.0,192.0,187.0,203.0,320.0,296.0,300.0,422.0,,422.0,468.0,,470.0,44.0,95.0,44.0,94.0,170.0,94.0,192.0,187.0,203.0,320.0,296.0,300.0,422.0,,422.0,468.0,,470.0,44.0,95.0,44.0,94.0,170.0,94.0,203.0,187.0,203.0,300.0,296.0,300.0,422.0,,422.0,468.0,,470.0
P251,trial_41_L_affected,affected,41.0,30.0,41.0,29.0,94.0,84.0,94.0,98.0,193.0,189,201.0,185.0,304.0,302,295.0,302.0,403.0,409.0,403.0,369.0,441.0,455.0,441.0,461.0,44.0,104.0,44.0,95.0,127.0,95.0,195.0,191,205.0,302.0,299,291.0,403.0,338.0,403.0,441.0,364.0,440.0,44.0,104.0,44.0,81.0,178.0,81.0,195.0,192.0,206.0,302.0,298.0,285.0,403.0,338.0,403.0,441.0,364.0,440.0,44.0,104.0,44.0,81.0,178.0,81.0,195.0,192.0,206.0,302.0,298.0,285.0,403.0,338.0,403.0,441.0,364.0,440.0,44.0,104.0,44.0,81.0,178.0,81.0,206.0,192.0,206.0,285.0,298.0,285.0,403.0,338.0,403.0,441.0,364.0,440.0
P251,trial_4_R_unaffected,unaffected,51.0,37.0,51.0,35.0,113.0,106.0,113.0,130.0,236.0,231,242.0,235.0,379.0,232,372.0,375.0,526.0,,526.0,483.0,563.0,244.0,564.0,581.0,53.0,355.0,53.0,111.0,422.0,111.0,246.0,422,249.0,369.0,428,360.0,528.0,438.0,528.0,562.0,480.0,563.0,53.0,355.0,53.0,110.0,422.0,110.0,246.0,422.0,250.0,369.0,428.0,358.0,528.0,437.0,528.0,562.0,480.0,563.0,53.0,355.0,53.0,110.0,422.0,110.0,246.0,422.0,250.0,369.0,428.0,358.0,528.0,437.0,528.0,562.0,480.0,563.0,53.0,355.0,53.0,110.0,422.0,110.0,250.0,422.0,250.0,358.0,428.0,358.0,528.0,437.0,528.0,562.0,480.0,563.0
P251,trial_5_R_unaffected,unaffected,63.0,350.0,63.0,48.0,112.0,384.0,112.0,127.0,219.0,384,227.0,222.0,357.0,391,356.0,362.0,537.0,542.0,537.0,490.0,571.0,581.0,570.0,584.0,65.0,126.0,65.0,117.0,133.0,117.0,228.0,221,234.0,359.0,222,352.0,538.0,,538.0,569.0,228.0,568.0,65.0,126.0,65.0,118.0,128.0,118.0,228.0,221.0,233.0,359.0,222.0,347.0,538.0,,538.0,569.0,228.0,568.0,65.0,126.0,65.0,118.0,128.0,118.0,228.0,221.0,233.0,359.0,222.0,347.0,538.0,,538.0,569.0,228.0,568.0,65.0,126.0,65.0,118.0,128.0,118.0,233.0,221.0,233.0,347.0,222.0,347.0,538.0,,538.0,569.0,228.0,568.0
P251,trial_6_R_unaffected,unaffected,53.0,,53.0,38.0,113.0,,113.0,130.0,231.0,267,243.0,245.0,371.0,380,371.0,375.0,526.0,531.0,526.0,492.0,557.0,567.0,559.0,570.0,55.0,126.0,55.0,102.0,148.0,102.0,243.0,243,255.0,371.0,244,365.0,526.0,,526.0,555.0,240.0,557.0,55.0,126.0,55.0,102.0,151.0,102.0,243.0,244.0,253.0,371.0,245.0,358.0,526.0,,526.0,555.0,240.0,557.0,55.0,126.0,55.0,102.0,151.0,102.0,243.0,244.0,253.0,371.0,245.0,358.0,526.0,,526.0,555.0,240.0,557.0,55.0,126.0,55.0,102.0,151.0,102.0,253.0,244.0,253.0,358.0,245.0,358.0,526.0,,526.0,555.0,240.0,557.0
P251,trial_7_R_unaffected,unaffected,59.0,320.0,59.0,44.0,113.0,348.0,113.0,130.0,236.0,348,239.0,229.0,345.0,354,336.0,340.0,474.0,480.0,474.0,440.0,506.0,515.0,506.0,520.0,60.0,324.0,60.0,108.0,377.0,108.0,244.0,377,247.0,338.0,382,324.0,476.0,421.0,476.0,505.0,437.0,505.0,60.0,324.0,60.0,108.0,376.0,108.0,244.0,376.0,249.0,338.0,381.0,321.0,477.0,394.0,477.0,505.0,437.0,505.0,60.0,324.0,60.0,108.0,376.0,108.0,244.0,376.0,249.0,338.0,381.0,321.0,477.0,394.0,477.0,505.0,437.0,505.0,60.0,324.0,60.0,108.0,376.0,108.0,249.0,376.0,249.0,321.0,381.0,321.0,477.0,394.0,477.0,505.0,437.0,505.0
P251,trial_8_R_unaffected,unaffected,51.0,299.0,51.0,38.0,103.0,325.0,103.0,117.0,223.0,325,228.0,215.0,319.0,330,314.0,314.0,440.0,445.0,440.0,393.0,469.0,477.0,469.0,488.0,51.0,303.0,51.0,104.0,344.0,104.0,229.0,344,233.0,313.0,348,301.0,441.0,406.0,441.0,468.0,,468.0,51.0,303.0,51.0,101.0,343.0,101.0,229.0,343.0,232.0,313.0,347.0,299.0,441.0,361.0,441.0,468.0,383.0,468.0,51.0,303.0,51.0,101.0,343.0,101.0,229.0,343.0,232.0,313.0,347.0,299.0,441.0,361.0,441.0,468.0,383.0,468.0,51.0,303.0,51.0,101.0,343.0,101.0,232.0,343.0,232.0,299.0,347.0,299.0,441.0,361.0,441.0,468.0,383.0,468.0
P251,trial_9_R_unaffected,unaffected,68.0,56.0,68.0,55.0,118.0,110.0,118.0,129.0,223.0,222,230.0,233.0,392.0,396,387.0,388.0,506.0,511.0,506.0,471.0,539.0,549.0,540.0,552.0,70.0,127.0,70.0,117.0,145.0,117.0,233.0,231,244.0,385.0,232,368.0,507.0,,507.0,537.0,228.0,538.0,70.0,127.0,70.0,117.0,148.0,117.0,233.0,231.0,243.0,385.0,232.0,371.0,508.0,,508.0,537.0,228.0,538.0,70.0,127.0,70.0,117.0,148.0,117.0,233.0,231.0,243.0,385.0,232.0,371.0,508.0,,508.0,537.0,228.0,538.0,70.0,127.0,70.0,117.0,148.0,117.0,243.0,231.0,243.0,371.0,232.0,371.0,508.0,,508.0,537.0,228.0,538.0
P252,trial_43_R_unaffected,unaffected,41.0,32.0,41.0,32.0,83.0,76.0,83.0,94.0,176.0,189,199.0,192.0,298.0,304,297.0,297.0,413.0,418.0,413.0,380.0,450.0,461.0,444.0,471.0,42.0,96.0,42.0,77.0,175.0,77.0,203.0,196,213.0,291.0,296,286.0,415.0,302.0,415.0,448.0,376.0,443.0,42.0,96.0,42.0,77.0,174.0,77.0,203.0,196.0,220.0,291.0,295.0,281.0,415.0,302.0,415.0,448.0,376.0,443.0,42.0,96.0,42.0,77.0,174.0,77.0,203.0,196.0,220.0,291.0,295.0,281.0,415.0,302.0,415.0,448.0,376.0,443.0,42.0,96.0,42.0,77.0,174.0,77.0,220.0,196.0,220.0,281.0,295.0,281.0,415.0,302.0,415.0,448.0,376.0,443.0
P252,trial_44_R_unaffected,unaffected,36.0,23.0,36.0,22.0,88.0,81.0,88.0,99.0,189.0,184,194.0,185.0,305.0,310,303.0,302.0,445.0,450.0,445.0,374.0,479.0,489.0,479.0,498.0,38.0,290.0,38.0,86.0,334.0,86.0,198.0,334,207.0,296.0,338,292.0,440.0,347.0,440.0,477.0,377.0,478.0,38.0,290.0,38.0,87.0,332.0,87.0,198.0,332.0,209.0,296.0,336.0,287.0,441.0,347.0,441.0,477.0,377.0,478.0,38.0,290.0,38.0,87.0,332.0,87.0,198.0,332.0,209.0,296.0,336.0,287.0,441.0,347.0,441.0,477.0,377.0,478.0,38.0,290.0,38.0,87.0,332.0,87.0,209.0,332.0,209.0,287.0,336.0,287.0,441.0,347.0,441.0,477.0,377.0,478.0
P252,trial_46_R_unaffected,unaffected,49.0,39.0,49.0,36.0,92.0,85.0,92.0,104.0,193.0,187,197.0,194.0,313.0,316,307.0,309.0,429.0,433.0,429.0,382.0,465.0,479.0,465.0,485.0,50.0,105.0,50.0,89.0,176.0,89.0,202.0,195,209.0,301.0,264,295.0,433.0,,433.0,464.0,,464.0,50.0,105.0,50.0,89.0,177.0,89.0,202.0,196.0,209.0,301.0,261.0,293.0,433.0,,433.0,464.0,,464.0,50.0,105.0,50.0,89.0,177.0,89.0,202.0,196.0,209.0,301.0,261.0,293.0,433.0,,433.0,464.0,,464.0,50.0,105.0,50.0,89.0,177.0,89.0,209.0,196.0,209.0,293.0,261.0,293.0,433.0,,433.0,464.0,,464.0
P252,trial_47_R_unaffected,unaffected,37.0,24.0,37.0,22.0,84.0,77.0,84.0,98.0,200.0,188,202.0,193.0,282.0,290,280.0,280.0,378.0,383.0,378.0,355.0,411.0,422.0,413.0,425.0,39.0,99.0,39.0,82.0,119.0,82.0,207.0,196,217.0,271.0,197,264.0,381.0,,381.0,412.0,198.0,414.0,39.0,99.0,39.0,82.0,121.0,82.0,207.0,196.0,215.0,271.0,197.0,266.0,381.0,,381.0,412.0,198.0,414.0,39.0,99.0,39.0,82.0,121.0,82.0,207.0,196.0,215.0,271.0,197.0,266.0,381.0,,381.0,412.0,198.0,414.0,39.0,99.0,39.0,82.0,121.0,82.0,215.0,196.0,215.0,266.0,197.0,266.0,381.0,,381.0,412.0,198.0,414.0
P252,trial_48_R_unaffected,unaffected,50.0,37.0,50.0,35.0,98.0,90.0,98.0,109.0,208.0,200,208.0,203.0,310.0,314,306.0,310.0,425.0,430.0,425.0,379.0,456.0,467.0,453.0,470.0,50.0,112.0,50.0,98.0,134.0,98.0,214.0,211,228.0,301.0,212,294.0,425.0,,425.0,456.0,207.0,454.0,50.0,112.0,50.0,99.0,133.0,99.0,214.0,210.0,226.0,301.0,211.0,292.0,426.0,,426.0,456.0,207.0,454.0,50.0,112.0,50.0,99.0,133.0,99.0,214.0,210.0,226.0,301.0,211.0,292.0,426.0,,426.0,456.0,207.0,454.0,50.0,112.0,50.0,99.0,133.0,99.0,226.0,210.0,226.0,292.0,211.0,292.0,426.0,,426.0,456.0,207.0,454.0
P252,trial_49_R_unaffected,unaffected,35.0,23.0,35.0,21.0,79.0,72.0,79.0,99.0,195.0,192,207.0,192.0,302.0,307,300.0,301.0,421.0,425.0,421.0,379.0,453.0,465.0,454.0,471.0,37.0,292.0,37.0,79.0,331.0,79.0,204.0,331,217.0,291.0,334,289.0,421.0,346.0,421.0,452.0,373.0,453.0,37.0,292.0,37.0,78.0,331.0,78.0,204.0,331.0,216.0,291.0,335.0,286.0,421.0,345.0,421.0,452.0,373.0,453.0,37.0,292.0,37.0,78.0,331.0,78.0,204.0,331.0,216.0,291.0,335.0,286.0,421.0,345.0,421.0,452.0,373.0,453.0,37.0,292.0,37.0,78.0,331.0,78.0,216.0,331.0,216.0,286.0,335.0,286.0,421.0,345.0,421.0,452.0,373.0,453.0
P252,trial_50_R_unaffected,unaffected,32.0,22.0,32.0,20.0,76.0,69.0,76.0,89.0,177.0,174,181.0,175.0,286.0,175,284.0,282.0,398.0,,398.0,355.0,430.0,179.0,429.0,444.0,34.0,269.0,34.0,70.0,312.0,70.0,186.0,312,196.0,280.0,315,274.0,400.0,328.0,400.0,428.0,352.0,428.0,34.0,269.0,34.0,69.0,311.0,69.0,186.0,311.0,199.0,280.0,315.0,270.0,400.0,327.0,400.0,428.0,352.0,428.0,34.0,269.0,34.0,69.0,311.0,69.0,186.0,311.0,199.0,280.0,315.0,270.0,400.0,327.0,400.0,428.0,352.0,428.0,34.0,269.0,34.0,69.0,311.0,69.0,199.0,311.0,199.0,270.0,315.0,270.0,400.0,327.0,400.0,428.0,352.0,428.0
P252,trial_51_R_unaffected,unaffected,43.0,32.0,43.0,30.0,83.0,76.0,83.0,97.0,194.0,188,197.0,192.0,310.0,312,306.0,305.0,412.0,417.0,412.0,382.0,442.0,453.0,444.0,464.0,44.0,94.0,44.0,80.0,190.0,80.0,203.0,196,211.0,301.0,305,294.0,414.0,307.0,414.0,441.0,378.0,442.0,44.0,294.0,44.0,80.0,336.0,80.0,203.0,336.0,216.0,301.0,340.0,290.0,414.0,356.0,414.0,441.0,378.0,442.0,44.0,294.0,44.0,80.0,336.0,80.0,203.0,336.0,216.0,301.0,340.0,290.0,414.0,356.0,414.0,441.0,378.0,442.0,44.0,294.0,44.0,80.0,336.0,80.0,216.0,336.0,216.0,290.0,340.0,290.0,414.0,356.0,414.0,441.0,378.0,442.0
P252,trial_52_R_unaffected,unaffected,39.0,26.0,39.0,25.0,81.0,74.0,81.0,96.0,196.0,187,198.0,190.0,306.0,307,300.0,300.0,402.0,407.0,402.0,379.0,433.0,443.0,433.0,454.0,39.0,288.0,39.0,80.0,329.0,80.0,200.0,329,210.0,297.0,332,286.0,404.0,375.0,404.0,433.0,,434.0,39.0,288.0,39.0,80.0,329.0,80.0,200.0,329.0,210.0,297.0,333.0,285.0,404.0,347.0,404.0,433.0,370.0,434.0,39.0,288.0,39.0,80.0,329.0,80.0,200.0,329.0,210.0,297.0,333.0,285.0,404.0,347.0,404.0,433.0,370.0,434.0,39.0,288.0,39.0,80.0,329.0,80.0,210.0,329.0,210.0,285.0,333.0,285.0,404.0,347.0,404.0,433.0,370.0,434.0
P252,trial_53_R_unaffected,unaffected,35.0,23.0,35.0,22.0,80.0,73.0,80.0,90.0,170.0,166,183.0,173.0,274.0,278,270.0,270.0,375.0,380.0,375.0,343.0,407.0,416.0,407.0,425.0,35.0,255.0,35.0,76.0,302.0,76.0,183.0,302,191.0,265.0,305,259.0,376.0,319.0,376.0,406.0,340.0,407.0,35.0,255.0,35.0,77.0,300.0,77.0,183.0,300.0,192.0,265.0,304.0,256.0,377.0,318.0,377.0,406.0,340.0,407.0,35.0,255.0,35.0,77.0,300.0,77.0,183.0,300.0,192.0,265.0,304.0,256.0,377.0,318.0,377.0,406.0,340.0,407.0,35.0,255.0,35.0,77.0,300.0,77.0,192.0,300.0,192.0,256.0,304.0,256.0,377.0,318.0,377.0,406.0,340.0,407.0
P252,trial_54_R_unaffected,unaffected,31.0,246.0,31.0,19.0,72.0,273.0,72.0,85.0,174.0,273,180.0,168.0,263.0,277,261.0,263.0,375.0,380.0,375.0,334.0,405.0,415.0,406.0,419.0,35.0,249.0,35.0,72.0,292.0,72.0,198.0,292,188.0,258.0,296,249.0,374.0,309.0,374.0,403.0,330.0,404.0,35.0,249.0,35.0,85.0,291.0,85.0,198.0,291.0,190.0,258.0,295.0,246.0,375.0,307.0,375.0,403.0,330.0,404.0,35.0,249.0,35.0,85.0,291.0,85.0,198.0,291.0,190.0,258.0,295.0,246.0,375.0,307.0,375.0,403.0,330.0,404.0,35.0,249.0,35.0,85.0,291.0,85.0,190.0,291.0,190.0,246.0,295.0,246.0,375.0,307.0,375.0,403.0,330.0,404.0
P252,trial_55_R_unaffected,unaffected,30.0,254.0,30.0,18.0,72.0,275.0,72.0,82.0,170.0,275,172.0,160.0,267.0,279,265.0,268.0,381.0,385.0,381.0,341.0,411.0,420.0,410.0,430.0,33.0,80.0,33.0,71.0,120.0,71.0,172.0,169,182.0,265.0,267,257.0,379.0,308.0,379.0,410.0,336.0,409.0,33.0,256.0,33.0,80.0,293.0,80.0,172.0,293.0,188.0,265.0,297.0,251.0,380.0,307.0,380.0,410.0,336.0,409.0,33.0,256.0,33.0,80.0,293.0,80.0,172.0,293.0,188.0,265.0,297.0,251.0,380.0,307.0,380.0,410.0,336.0,409.0,33.0,256.0,33.0,80.0,293.0,80.0,188.0,293.0,188.0,251.0,297.0,251.0,380.0,307.0,380.0,410.0,336.0,409.0
P252,trial_56_R_unaffected,unaffected,38.0,27.0,38.0,26.0,77.0,70.0,77.0,88.0,177.0,177,179.0,177.0,286.0,178,283.0,286.0,386.0,,386.0,355.0,414.0,179.0,416.0,438.0,40.0,,40.0,78.0,,78.0,182.0,208,211.0,282.0,267,272.0,386.0,,386.0,413.0,,416.0,40.0,275.0,40.0,86.0,313.0,86.0,182.0,313.0,209.0,282.0,317.0,270.0,386.0,327.0,386.0,413.0,350.0,416.0,40.0,275.0,40.0,86.0,313.0,86.0,182.0,313.0,209.0,282.0,317.0,270.0,386.0,327.0,386.0,413.0,350.0,416.0,40.0,275.0,40.0,86.0,313.0,86.0,209.0,313.0,209.0,270.0,317.0,270.0,386.0,327.0,386.0,413.0,350.0,416.0
P252,trial_57_R_unaffected,unaffected,41.0,268.0,41.0,28.0,80.0,296.0,80.0,92.0,181.0,296,182.0,173.0,288.0,300,285.0,287.0,408.0,413.0,408.0,362.0,442.0,453.0,440.0,463.0,42.0,272.0,42.0,81.0,317.0,81.0,190.0,317,191.0,279.0,321,271.0,411.0,332.0,411.0,440.0,358.0,439.0,42.0,272.0,42.0,81.0,316.0,81.0,190.0,316.0,196.0,279.0,320.0,269.0,411.0,329.0,411.0,440.0,358.0,439.0,42.0,272.0,42.0,81.0,316.0,81.0,190.0,316.0,196.0,279.0,320.0,269.0,411.0,329.0,411.0,440.0,358.0,439.0,42.0,272.0,42.0,81.0,316.0,81.0,196.0,316.0,196.0,269.0,320.0,269.0,411.0,329.0,411.0,440.0,358.0,439.0
P252,trial_58_R_unaffected,unaffected,38.0,305.0,38.0,24.0,83.0,333.0,83.0,95.0,172.0,333,190.0,194.0,322.0,338,318.0,320.0,432.0,436.0,432.0,399.0,460.0,469.0,460.0,473.0,40.0,92.0,40.0,81.0,115.0,81.0,205.0,202,217.0,318.0,203,304.0,429.0,,429.0,460.0,172.0,459.0,40.0,307.0,40.0,81.0,352.0,81.0,205.0,352.0,220.0,318.0,356.0,303.0,429.0,365.0,429.0,460.0,393.0,459.0,40.0,307.0,40.0,81.0,352.0,81.0,205.0,352.0,220.0,318.0,356.0,303.0,429.0,365.0,429.0,460.0,393.0,459.0,40.0,307.0,40.0,81.0,352.0,81.0,220.0,352.0,220.0,303.0,356.0,303.0,429.0,365.0,429.0,460.0,393.0,459.0
P252,trial_59_R_unaffected,unaffected,33.0,22.0,33.0,21.0,77.0,70.0,77.0,88.0,169.0,167,175.0,167.0,289.0,168,286.0,286.0,398.0,,398.0,368.0,431.0,174.0,432.0,446.0,34.0,89.0,34.0,76.0,110.0,76.0,183.0,176,199.0,281.0,177,266.0,399.0,,399.0,429.0,178.0,431.0,34.0,89.0,34.0,77.0,110.0,77.0,183.0,176.0,196.0,281.0,177.0,268.0,399.0,,399.0,429.0,178.0,431.0,34.0,89.0,34.0,77.0,110.0,77.0,183.0,176.0,196.0,281.0,177.0,268.0,399.0,,399.0,429.0,178.0,431.0,34.0,89.0,34.0,77.0,110.0,77.0,196.0,176.0,196.0,268.0,177.0,268.0,399.0,,399.0,429.0,178.0,431.0
P252,trial_60_R_unaffected,unaffected,45.0,294.0,45.0,31.0,93.0,314.0,93.0,103.0,202.0,314,207.0,196.0,311.0,319,310.0,309.0,429.0,433.0,429.0,382.0,459.0,469.0,460.0,474.0,48.0,294.0,48.0,92.0,339.0,92.0,228.0,339,220.0,302.0,343,297.0,428.0,352.0,428.0,458.0,379.0,458.0,48.0,294.0,48.0,92.0,338.0,92.0,228.0,338.0,221.0,302.0,342.0,295.0,429.0,352.0,429.0,458.0,379.0,458.0,48.0,294.0,48.0,92.0,338.0,92.0,228.0,338.0,221.0,302.0,342.0,295.0,429.0,352.0,429.0,458.0,379.0,458.0,48.0,294.0,48.0,92.0,338.0,92.0,221.0,338.0,221.0,295.0,342.0,295.0,429.0,352.0,429.0,458.0,379.0,458.0
P252,trial_61_R_unaffected,unaffected,37.0,281.0,37.0,25.0,76.0,300.0,76.0,87.0,179.0,300,183.0,171.0,299.0,305,296.0,296.0,431.0,436.0,431.0,370.0,462.0,472.0,462.0,476.0,39.0,84.0,39.0,74.0,109.0,74.0,186.0,176,190.0,288.0,177,283.0,433.0,,433.0,460.0,179.0,461.0,39.0,282.0,39.0,75.0,326.0,75.0,186.0,326.0,194.0,288.0,330.0,281.0,432.0,338.0,432.0,460.0,368.0,461.0,39.0,282.0,39.0,75.0,326.0,75.0,186.0,326.0,194.0,288.0,330.0,281.0,432.0,338.0,432.0,460.0,368.0,461.0,39.0,282.0,39.0,75.0,326.0,75.0,194.0,326.0,194.0,281.0,330.0,281.0,432.0,338.0,432.0,460.0,368.0,461.0
P252,trial_62_R_unaffected,unaffected,41.0,30.0,41.0,29.0,81.0,74.0,81.0,92.0,175.0,170,182.0,171.0,268.0,275,267.0,270.0,368.0,373.0,368.0,342.0,400.0,412.0,400.0,422.0,43.0,89.0,43.0,80.0,168.0,80.0,193.0,178,194.0,263.0,268,259.0,370.0,307.0,370.0,399.0,335.0,399.0,43.0,256.0,43.0,82.0,293.0,82.0,193.0,293.0,196.0,263.0,297.0,256.0,370.0,307.0,370.0,399.0,335.0,399.0,43.0,256.0,43.0,82.0,293.0,82.0,193.0,293.0,196.0,263.0,297.0,256.0,370.0,307.0,370.0,399.0,335.0,399.0,43.0,256.0,43.0,82.0,293.0,82.0,196.0,293.0,196.0,256.0,297.0,256.0,370.0,307.0,370.0,399.0,335.0,399.0
P252,trial_63_L_affected,affected,48.0,39.0,48.0,35.0,101.0,92.0,101.0,106.0,200.0,189,204.0,188.0,283.0,281,273.0,280.0,393.0,398.0,393.0,357.0,428.0,437.0,427.0,450.0,51.0,111.0,51.0,104.0,173.0,104.0,202.0,194,212.0,282.0,275,260.0,393.0,277.0,393.0,427.0,354.0,427.0,51.0,111.0,51.0,111.0,173.0,111.0,202.0,194.0,213.0,282.0,273.0,261.0,393.0,,393.0,427.0,354.0,427.0,51.0,111.0,51.0,111.0,173.0,111.0,202.0,194.0,213.0,282.0,273.0,261.0,393.0,,393.0,427.0,354.0,427.0,51.0,111.0,51.0,111.0,173.0,111.0,213.0,194.0,213.0,261.0,273.0,261.0,393.0,,393.0,427.0,354.0,427.0
P252,trial_64_L_affected,affected,36.0,25.0,36.0,23.0,91.0,83.0,91.0,103.0,203.0,193,209.0,194.0,286.0,285,278.0,284.0,397.0,402.0,397.0,364.0,432.0,442.0,430.0,455.0,38.0,275.0,38.0,91.0,307.0,91.0,211.0,307,217.0,278.0,310,270.0,401.0,330.0,401.0,435.0,358.0,433.0,38.0,275.0,38.0,72.0,307.0,72.0,211.0,307.0,221.0,278.0,310.0,268.0,401.0,327.0,401.0,435.0,358.0,433.0,38.0,275.0,38.0,72.0,307.0,72.0,211.0,307.0,221.0,278.0,310.0,268.0,401.0,327.0,401.0,435.0,358.0,433.0,38.0,275.0,38.0,72.0,307.0,72.0,221.0,307.0,221.0,268.0,310.0,268.0,401.0,327.0,401.0,435.0,358.0,433.0
P252,trial_65_L_affected,affected,38.0,26.0,38.0,25.0,89.0,81.0,89.0,98.0,186.0,176,190.0,178.0,285.0,287,278.0,284.0,400.0,405.0,400.0,364.0,434.0,447.0,435.0,460.0,42.0,101.0,42.0,90.0,172.0,90.0,190.0,183,197.0,284.0,278,265.0,397.0,279.0,397.0,439.0,357.0,440.0,42.0,101.0,42.0,91.0,172.0,91.0,190.0,184.0,202.0,284.0,273.0,264.0,397.0,,397.0,439.0,357.0,440.0,42.0,101.0,42.0,91.0,172.0,91.0,190.0,184.0,202.0,284.0,273.0,264.0,397.0,,397.0,439.0,357.0,440.0,42.0,101.0,42.0,91.0,172.0,91.0,202.0,184.0,202.0,264.0,273.0,264.0,397.0,,397.0,439.0,357.0,440.0
P252,trial_66_L_affected,affected,58.0,49.0,58.0,43.0,106.0,95.0,106.0,120.0,211.0,203,216.0,202.0,304.0,304,291.0,305.0,435.0,440.0,435.0,371.0,469.0,481.0,468.0,487.0,59.0,123.0,59.0,108.0,185.0,108.0,217.0,209,234.0,300.0,300,288.0,432.0,,432.0,470.0,370.0,471.0,59.0,292.0,59.0,107.0,325.0,107.0,217.0,325.0,231.0,300.0,329.0,287.0,432.0,346.0,432.0,470.0,370.0,471.0,59.0,292.0,59.0,107.0,325.0,107.0,217.0,325.0,231.0,300.0,329.0,287.0,432.0,346.0,432.0,470.0,370.0,471.0,59.0,292.0,59.0,107.0,325.0,107.0,231.0,325.0,231.0,287.0,329.0,287.0,432.0,346.0,432.0,470.0,370.0,471.0
P252,trial_67_L_affected,affected,43.0,31.0,43.0,29.0,89.0,81.0,89.0,100.0,188.0,183,201.0,181.0,294.0,292,285.0,292.0,398.0,403.0,398.0,366.0,432.0,443.0,432.0,454.0,42.0,103.0,42.0,85.0,123.0,85.0,217.0,187,206.0,295.0,286,271.0,405.0,288.0,405.0,441.0,366.0,435.0,42.0,281.0,42.0,85.0,313.0,85.0,217.0,313.0,205.0,295.0,317.0,270.0,405.0,333.0,405.0,441.0,366.0,435.0,42.0,281.0,42.0,85.0,313.0,85.0,217.0,313.0,205.0,295.0,317.0,270.0,405.0,333.0,405.0,441.0,366.0,435.0,42.0,281.0,42.0,85.0,313.0,85.0,205.0,313.0,205.0,270.0,317.0,270.0,405.0,333.0,405.0,441.0,366.0,435.0
P252,trial_68_L_affected,affected,34.0,23.0,34.0,22.0,84.0,77.0,84.0,92.0,184.0,174,189.0,177.0,281.0,284,277.0,281.0,399.0,404.0,399.0,356.0,432.0,447.0,432.0,482.0,37.0,94.0,37.0,82.0,118.0,82.0,194.0,181,196.0,283.0,278,268.0,400.0,319.0,400.0,435.0,357.0,433.0,37.0,94.0,37.0,84.0,167.0,84.0,194.0,181.0,197.0,283.0,276.0,266.0,400.0,322.0,400.0,435.0,357.0,433.0,37.0,94.0,37.0,84.0,167.0,84.0,194.0,181.0,197.0,283.0,276.0,266.0,400.0,322.0,400.0,435.0,357.0,433.0,37.0,94.0,37.0,84.0,167.0,84.0,197.0,181.0,197.0,266.0,276.0,266.0,400.0,322.0,400.0,435.0,357.0,433.0
P252,trial_69_L_affected,affected,39.0,28.0,39.0,27.0,86.0,79.0,86.0,96.0,187.0,178,194.0,176.0,282.0,279,268.0,280.0,387.0,392.0,387.0,353.0,421.0,432.0,422.0,434.0,40.0,99.0,40.0,86.0,119.0,86.0,190.0,183,202.0,284.0,274,260.0,376.0,321.0,376.0,423.0,353.0,425.0,40.0,99.0,40.0,87.0,160.0,87.0,190.0,184.0,205.0,284.0,273.0,260.0,385.0,321.0,385.0,423.0,353.0,425.0,40.0,99.0,40.0,87.0,160.0,87.0,190.0,184.0,205.0,284.0,273.0,260.0,385.0,321.0,385.0,423.0,353.0,425.0,40.0,99.0,40.0,87.0,160.0,87.0,205.0,184.0,205.0,260.0,273.0,260.0,385.0,321.0,385.0,423.0,353.0,425.0
P252,trial_70_L_affected,affected,43.0,34.0,43.0,32.0,91.0,82.0,91.0,99.0,189.0,182,198.0,178.0,271.0,268,253.0,270.0,386.0,391.0,386.0,342.0,422.0,433.0,421.0,472.0,44.0,98.0,44.0,88.0,120.0,88.0,191.0,187,203.0,269.0,264,250.0,386.0,309.0,386.0,425.0,339.0,424.0,44.0,98.0,44.0,81.0,122.0,81.0,191.0,187.0,205.0,269.0,263.0,249.0,385.0,309.0,385.0,425.0,339.0,424.0,44.0,98.0,44.0,81.0,122.0,81.0,191.0,187.0,205.0,269.0,263.0,249.0,385.0,309.0,385.0,425.0,339.0,424.0,44.0,98.0,44.0,81.0,122.0,81.0,205.0,187.0,205.0,249.0,263.0,249.0,385.0,309.0,385.0,425.0,339.0,424.0
P252,trial_71_L_affected,affected,39.0,28.0,39.0,26.0,87.0,79.0,87.0,98.0,195.0,186,202.0,185.0,285.0,284,278.0,284.0,397.0,402.0,397.0,354.0,431.0,439.0,432.0,452.0,38.0,96.0,38.0,86.0,119.0,86.0,200.0,191,217.0,285.0,278,266.0,399.0,324.0,399.0,432.0,344.0,433.0,38.0,271.0,38.0,89.0,307.0,89.0,200.0,307.0,214.0,285.0,310.0,264.0,398.0,325.0,398.0,432.0,344.0,433.0,38.0,271.0,38.0,89.0,307.0,89.0,200.0,307.0,214.0,285.0,310.0,264.0,398.0,325.0,398.0,432.0,344.0,433.0,38.0,271.0,38.0,89.0,307.0,89.0,214.0,307.0,214.0,264.0,310.0,264.0,398.0,325.0,398.0,432.0,344.0,433.0
P252,trial_72_L_affected,affected,50.0,39.0,50.0,37.0,103.0,95.0,103.0,112.0,215.0,205,221.0,204.0,307.0,306,298.0,305.0,422.0,428.0,422.0,381.0,456.0,470.0,458.0,476.0,25.0,112.0,25.0,100.0,139.0,100.0,227.0,209,219.0,308.0,299,284.0,424.0,343.0,424.0,460.0,384.0,458.0,25.0,112.0,25.0,101.0,169.0,101.0,227.0,211.0,223.0,308.0,298.0,284.0,421.0,345.0,421.0,460.0,384.0,458.0,25.0,112.0,25.0,101.0,169.0,101.0,227.0,211.0,223.0,308.0,298.0,284.0,421.0,345.0,421.0,460.0,384.0,458.0,25.0,112.0,25.0,101.0,169.0,101.0,223.0,211.0,223.0,284.0,298.0,284.0,421.0,345.0,421.0,460.0,384.0,458.0
P252,trial_73_L_affected,affected,39.0,28.0,39.0,27.0,83.0,77.0,83.0,93.0,175.0,170,183.0,169.0,285.0,284,278.0,282.0,433.0,438.0,433.0,353.0,468.0,485.0,468.0,491.0,39.0,90.0,39.0,84.0,116.0,84.0,178.0,173,187.0,286.0,278,261.0,433.0,320.0,433.0,474.0,346.0,473.0,39.0,90.0,39.0,94.0,156.0,94.0,178.0,173.0,187.0,286.0,276.0,263.0,432.0,321.0,432.0,474.0,346.0,473.0,39.0,90.0,39.0,94.0,156.0,94.0,178.0,173.0,187.0,286.0,276.0,263.0,432.0,321.0,432.0,474.0,346.0,473.0,39.0,90.0,39.0,94.0,156.0,94.0,187.0,173.0,187.0,263.0,276.0,263.0,432.0,321.0,432.0,474.0,346.0,473.0
P252,trial_74_L_affected,affected,40.0,28.0,40.0,25.0,85.0,80.0,85.0,96.0,182.0,188,193.0,185.0,319.0,319,311.0,318.0,428.0,434.0,428.0,386.0,465.0,478.0,465.0,489.0,41.0,309.0,41.0,78.0,345.0,78.0,182.0,345,196.0,320.0,349,307.0,432.0,362.0,432.0,469.0,379.0,472.0,41.0,309.0,41.0,86.0,341.0,86.0,182.0,341.0,215.0,320.0,345.0,303.0,426.0,362.0,426.0,469.0,379.0,472.0,41.0,309.0,41.0,86.0,341.0,86.0,182.0,341.0,215.0,320.0,345.0,303.0,426.0,362.0,426.0,469.0,379.0,472.0,41.0,309.0,41.0,86.0,341.0,86.0,215.0,341.0,215.0,303.0,345.0,303.0,426.0,362.0,426.0,469.0,379.0,472.0
P252,trial_75_L_affected,affected,38.0,26.0,38.0,25.0,86.0,78.0,86.0,92.0,186.0,183,194.0,179.0,300.0,300,293.0,299.0,420.0,425.0,420.0,357.0,454.0,465.0,453.0,472.0,35.0,98.0,35.0,88.0,117.0,88.0,190.0,186,193.0,300.0,294,282.0,424.0,334.0,424.0,458.0,357.0,457.0,35.0,98.0,35.0,103.0,139.0,103.0,190.0,189.0,210.0,300.0,293.0,281.0,423.0,334.0,423.0,458.0,357.0,457.0,35.0,98.0,35.0,103.0,139.0,103.0,190.0,189.0,210.0,300.0,293.0,281.0,423.0,334.0,423.0,458.0,357.0,457.0,35.0,98.0,35.0,103.0,139.0,103.0,210.0,189.0,210.0,281.0,293.0,281.0,423.0,334.0,423.0,458.0,357.0,457.0
P252,trial_76_L_affected,affected,33.0,22.0,33.0,21.0,78.0,71.0,78.0,84.0,172.0,166,177.0,163.0,272.0,272,253.0,272.0,385.0,391.0,385.0,341.0,421.0,432.0,420.0,434.0,34.0,83.0,34.0,76.0,144.0,76.0,173.0,171,185.0,273.0,268,257.0,389.0,309.0,389.0,418.0,338.0,426.0,34.0,261.0,34.0,81.0,294.0,81.0,173.0,294.0,188.0,273.0,297.0,254.0,389.0,310.0,389.0,418.0,338.0,426.0,34.0,261.0,34.0,81.0,294.0,81.0,173.0,294.0,188.0,273.0,297.0,254.0,389.0,310.0,389.0,418.0,338.0,426.0,34.0,261.0,34.0,81.0,294.0,81.0,188.0,294.0,188.0,254.0,297.0,254.0,389.0,310.0,389.0,418.0,338.0,426.0
P252,trial_77_L_affected,affected,42.0,32.0,42.0,30.0,87.0,78.0,87.0,96.0,183.0,175,191.0,180.0,282.0,283,277.0,280.0,392.0,399.0,392.0,353.0,432.0,441.0,432.0,452.0,45.0,100.0,45.0,82.0,183.0,82.0,197.0,183,202.0,285.0,278,265.0,393.0,321.0,393.0,432.0,343.0,431.0,45.0,271.0,45.0,85.0,308.0,85.0,197.0,308.0,203.0,285.0,312.0,266.0,393.0,322.0,393.0,432.0,343.0,431.0,45.0,271.0,45.0,85.0,308.0,85.0,197.0,308.0,203.0,285.0,312.0,266.0,393.0,322.0,393.0,432.0,343.0,431.0,45.0,271.0,45.0,85.0,308.0,85.0,203.0,308.0,203.0,266.0,312.0,266.0,393.0,322.0,393.0,432.0,343.0,431.0
P252,trial_78_L_affected,affected,40.0,29.0,40.0,27.0,90.0,82.0,90.0,96.0,194.0,183,197.0,180.0,278.0,278,265.0,278.0,396.0,403.0,396.0,344.0,432.0,442.0,434.0,452.0,40.0,97.0,40.0,84.0,105.0,84.0,198.0,187,202.0,279.0,260,261.0,399.0,,399.0,432.0,,433.0,40.0,97.0,40.0,85.0,104.0,85.0,198.0,188.0,204.0,279.0,189.0,259.0,399.0,,399.0,432.0,189.0,433.0,40.0,97.0,40.0,85.0,104.0,85.0,198.0,188.0,204.0,279.0,189.0,259.0,399.0,,399.0,432.0,189.0,433.0,40.0,97.0,40.0,85.0,104.0,85.0,204.0,188.0,204.0,259.0,189.0,259.0,399.0,,399.0,432.0,189.0,433.0
P252,trial_79_L_affected,affected,41.0,28.0,41.0,27.0,87.0,81.0,87.0,95.0,196.0,188,203.0,186.0,282.0,281,275.0,279.0,410.0,416.0,410.0,351.0,443.0,457.0,444.0,468.0,43.0,268.0,43.0,88.0,302.0,88.0,191.0,302,208.0,275.0,305,256.0,415.0,321.0,415.0,448.0,352.0,448.0,43.0,268.0,43.0,93.0,302.0,93.0,191.0,302.0,215.0,275.0,305.0,258.0,415.0,320.0,415.0,448.0,352.0,448.0,43.0,268.0,43.0,93.0,302.0,93.0,191.0,302.0,215.0,275.0,305.0,258.0,415.0,320.0,415.0,448.0,352.0,448.0,43.0,268.0,43.0,93.0,302.0,93.0,215.0,302.0,215.0,258.0,305.0,258.0,415.0,320.0,415.0,448.0,352.0,448.0
P252,trial_80_L_affected,affected,43.0,31.0,43.0,30.0,89.0,83.0,89.0,96.0,197.0,189,198.0,192.0,313.0,315,307.0,312.0,431.0,438.0,431.0,378.0,470.0,483.0,470.0,486.0,42.0,98.0,42.0,90.0,160.0,90.0,203.0,196,218.0,312.0,310,296.0,429.0,350.0,429.0,470.0,387.0,483.0,42.0,98.0,42.0,106.0,158.0,106.0,203.0,198.0,219.0,312.0,308.0,295.0,429.0,352.0,429.0,470.0,387.0,483.0,42.0,98.0,42.0,106.0,158.0,106.0,203.0,198.0,219.0,312.0,308.0,295.0,429.0,352.0,429.0,470.0,387.0,483.0,42.0,98.0,42.0,106.0,158.0,106.0,219.0,198.0,219.0,295.0,308.0,295.0,429.0,352.0,429.0,470.0,387.0,483.0
P252,trial_81_L_affected,affected,30.0,17.0,30.0,17.0,78.0,71.0,78.0,84.0,184.0,183,186.0,179.0,293.0,295,289.0,292.0,400.0,406.0,400.0,365.0,434.0,444.0,432.0,453.0,33.0,284.0,33.0,76.0,316.0,76.0,190.0,316,195.0,293.0,319,280.0,402.0,331.0,402.0,432.0,347.0,430.0,33.0,284.0,33.0,91.0,316.0,91.0,190.0,316.0,201.0,293.0,319.0,276.0,403.0,330.0,403.0,432.0,347.0,430.0,33.0,284.0,33.0,91.0,316.0,91.0,190.0,316.0,201.0,293.0,319.0,276.0,403.0,330.0,403.0,432.0,347.0,430.0,33.0,284.0,33.0,91.0,316.0,91.0,201.0,316.0,201.0,276.0,319.0,276.0,403.0,330.0,403.0,432.0,347.0,430.0
P252,trial_82_L_affected,affected,36.0,22.0,36.0,21.0,84.0,78.0,84.0,89.0,189.0,176,182.0,181.0,294.0,297,290.0,294.0,405.0,410.0,405.0,359.0,440.0,451.0,446.0,459.0,27.0,284.0,27.0,63.0,318.0,63.0,195.0,318,193.0,292.0,321,276.0,409.0,335.0,409.0,443.0,370.0,440.0,27.0,284.0,27.0,63.0,317.0,63.0,195.0,317.0,198.0,292.0,320.0,278.0,409.0,335.0,409.0,443.0,370.0,440.0,27.0,284.0,27.0,63.0,317.0,63.0,195.0,317.0,198.0,292.0,320.0,278.0,409.0,335.0,409.0,443.0,370.0,440.0,27.0,284.0,27.0,63.0,317.0,63.0,198.0,317.0,198.0,278.0,320.0,278.0,409.0,335.0,409.0,443.0,370.0,440.0
P252,trial_83_L_affected,affected,38.0,27.0,38.0,25.0,83.0,76.0,83.0,95.0,183.0,182,190.0,182.0,313.0,313,307.0,310.0,430.0,435.0,430.0,386.0,466.0,477.0,465.0,486.0,39.0,94.0,39.0,73.0,178.0,73.0,195.0,187,208.0,296.0,306,294.0,434.0,,434.0,468.0,383.0,466.0,39.0,94.0,39.0,73.0,171.0,73.0,195.0,187.0,208.0,296.0,303.0,293.0,434.0,,434.0,468.0,383.0,466.0,39.0,94.0,39.0,73.0,171.0,73.0,195.0,187.0,208.0,296.0,303.0,293.0,434.0,,434.0,468.0,383.0,466.0,39.0,94.0,39.0,73.0,171.0,73.0,208.0,187.0,208.0,293.0,303.0,293.0,434.0,,434.0,468.0,383.0,466.0
