part,trial,k,subset,err_sh,err_el,err_wr
P07,trial_10_L_unaffected,2,01,33.168800146963896,63.293185294351666,33.83373581803377
P07,trial_10_L_unaffected,2,02,28.461971095217375,54.83194182611178,30.746434636135938
P07,trial_10_L_unaffected,2,03,30.08249672148074,39.37144876064114,30.093773949957686
P07,trial_10_L_unaffected,2,04,75.41418175892463,44.7731637906284,33.964140215587484
P07,trial_10_L_unaffected,2,12,37.58831057173306,54.548749839169865,26.99979768633424
P07,trial_10_L_unaffected,2,13,38.60431028080075,44.40091080794539,28.391593557919634
P07,trial_10_L_unaffected,2,14,49.51559985096737,52.42620776088852,23.813698062692968
P07,trial_10_L_unaffected,2,23,45.97975092953634,67.4330093536017,39.645744353570265
P07,trial_10_L_unaffected,2,24,50.14727654357676,54.80526693929196,23.58786196659319
P07,trial_10_L_unaffected,2,34,49.098803882312424,44.735111000580225,27.88571065009283
P07,trial_10_L_unaffected,3,012,31.763986918886594,57.218399787956244,28.805850098646314
P07,trial_10_L_unaffected,3,013,31.65834422618314,44.36415049029421,25.837095316770704
P07,trial_10_L_unaffected,3,014,43.122370172324885,51.405625390747026,21.06128926038878
P07,trial_10_L_unaffected,3,023,29.706507268697703,47.75855122218682,27.765872703116763
P07,trial_10_L_unaffected,3,024,37.19033410748032,50.65480451837302,22.8235948483735
P07,trial_10_L_unaffected,3,034,35.87418890279396,38.31844926194807,26.160159997749876
P07,trial_10_L_unaffected,3,123,38.359355026605165,49.01303330284306,25.743419001270773
P07,trial_10_L_unaffected,3,124,45.8246197848418,52.57528908336455,21.6717200822079
P07,trial_10_L_unaffected,3,134,42.38386899845243,44.52848839410377,25.340960449417814
P07,trial_10_L_unaffected,3,234,48.62276723572677,49.302189963272625,25.18182773369923
P07,trial_10_L_unaffected,4,0123,31.84521991744785,48.781091115094725,24.90534669902629
P07,trial_10_L_unaffected,4,0124,38.122554240243865,52.21055313628055,20.92944903755661
P07,trial_10_L_unaffected,4,0134,36.883782634536864,43.63702818379315,23.60461660174668
P07,trial_10_L_unaffected,4,0234,36.051731089532325,45.870784202074816,24.204069593076444
P07,trial_10_L_unaffected,4,1234,43.19832854831687,47.96791378761724,23.5502832080511
P07,trial_10_L_unaffected,5,01234,36.67960553146533,47.36648845052122,22.490085260024085
P07,trial_11_L_unaffected,2,01,33.21949157828206,60.57583086167964,31.136046916531566
P07,trial_11_L_unaffected,2,02,26.531591688461642,49.8254871703509,27.72170015770972
P07,trial_11_L_unaffected,2,03,28.49274968186215,39.16004858988388,29.352237722951088
P07,trial_11_L_unaffected,2,04,73.17885271505023,45.9515983580163,33.04465133990226
P07,trial_11_L_unaffected,2,12,37.00785372085941,49.72935707529719,22.37920625524097
P07,trial_11_L_unaffected,2,13,38.39353999754519,42.263945345967095,26.844265141417665
P07,trial_11_L_unaffected,2,14,49.303829774427534,50.65502876522423,22.3178999234343
P07,trial_11_L_unaffected,2,23,48.12368042514135,62.637478914248206,39.501909761575924
P07,trial_11_L_unaffected,2,24,51.069988460427396,50.04253572909303,22.454010560518014
P07,trial_11_L_unaffected,2,34,49.810047323910226,45.664624933460345,26.93719404475732
P07,trial_11_L_unaffected,3,012,32.06393218633937,53.95606914172669,25.53413390611441
P07,trial_11_L_unaffected,3,013,31.5849162394175,43.14503695159716,23.075607250915816
P07,trial_11_L_unaffected,3,014,42.646555562319996,50.243828027643204,18.582793206206116
P07,trial_11_L_unaffected,3,023,29.154474094240165,45.029323702767385,25.311619223197027
P07,trial_11_L_unaffected,3,024,36.95907086326482,47.52795786538838,20.81185497858194
P07,trial_11_L_unaffected,3,034,35.09185836334695,38.73851784659787,24.784383451030603
P07,trial_11_L_unaffected,3,123,37.92991237546039,45.02235207646849,24.4054047620417
P07,trial_11_L_unaffected,3,124,45.59910524711631,49.105799819785865,20.53972967653747
P07,trial_11_L_unaffected,3,134,42.4658314850551,43.4753515961659,23.826055607598153
P07,trial_11_L_unaffected,3,234,49.76667797939197,46.10424558092714,24.079292405451408
P07,trial_11_L_unaffected,4,0123,31.570954744484364,45.94308684214857,22.20919712629244
P07,trial_11_L_unaffected,4,0124,37.902597998493164,49.29290281297006,18.649469648674327
P07,trial_11_L_unaffected,4,0134,36.59454944283767,42.897760061033445,21.598783554614734
P07,trial_11_L_unaffected,4,0234,35.977597761473056,43.730510271313584,22.485738739644514
P07,trial_11_L_unaffected,4,1234,43.285465125230836,45.17108996489232,22.281268906071222
P07,trial_11_L_unaffected,5,01234,36.51457978923744,45.07475254108026,20.58120096057798
P07,trial_12_L_unaffected,2,01,33.57439277087569,63.9648755696092,33.54200519857801
P07,trial_12_L_unaffected,2,02,28.23758229059504,54.31535522812628,30.052467810079207
P07,trial_12_L_unaffected,2,03,29.96862269700909,41.101456607314695,29.24681291196592
P07,trial_12_L_unaffected,2,04,73.05519439982068,45.279032404468836,32.49941354064317
P07,trial_12_L_unaffected,2,12,37.323488943781484,53.739136919469864,24.703205000055537
P07,trial_12_L_unaffected,2,13,38.88524850219782,44.622507905595846,26.807422222962565
P07,trial_12_L_unaffected,2,14,49.397996876508444,52.30216100825154,21.950063384368647
P07,trial_12_L_unaffected,2,23,47.83055991676085,68.45804031683022,38.13557801170065
P07,trial_12_L_unaffected,2,24,50.47125583802772,53.843982066166895,21.464412572913353
P07,trial_12_L_unaffected,2,34,48.25710215808113,48.09329731916722,25.82493488697203
P07,trial_12_L_unaffected,3,012,31.963521179608627,57.2016059715305,28.416216247345965
P07,trial_12_L_unaffected,3,013,31.616568399570102,45.16419348777792,24.355689482756667
P07,trial_12_L_unaffected,3,014,42.93948872585917,51.54100130869042,18.783061783458606
P07,trial_12_L_unaffected,3,023,29.538871260286356,48.17581809831378,26.832083571963594
P07,trial_12_L_unaffected,3,024,37.05015896586733,50.227986252189346,21.161517680810384
P07,trial_12_L_unaffected,3,034,35.7480767955656,39.937876756189254,24.192204089832625
P07,trial_12_L_unaffected,3,123,38.825729720909614,48.42946822127872,24.281683187701347
P07,trial_12_L_unaffected,3,124,45.88928965275116,51.94623048944843,20.026263384706603
P07,trial_12_L_unaffected,3,134,42.65590479641897,45.27052529252364,23.45811627814746
P07,trial_12_L_unaffected,3,234,48.917494519972536,49.413161763702135,23.10638552999012
P07,trial_12_L_unaffected,4,0123,31.84570845518302,48.90102015335844,23.74500040906388
P07,trial_12_L_unaffected,4,0124,38.15728177475156,51.8872159726987,19.25366309146671
P07,trial_12_L_unaffected,4,0134,37.01174103484937,44.4265107159832,21.766362584955267
P07,trial_12_L_unaffected,4,0234,36.08185981409969,46.261362718431585,22.485583110630333
P07,trial_12_L_unaffected,4,1234,43.52666703434204,47.874997877544544,21.842601631187094
P07,trial_12_L_unaffected,5,01234,36.82450114906759,47.520916067510306,20.82292483788187
P07,trial_13_L_unaffected,2,01,33.6587260263302,59.60206184153555,29.406427036715183
P07,trial_13_L_unaffected,2,02,30.07398157089541,55.35833540821439,26.838414825224255
P07,trial_13_L_unaffected,2,03,33.31921449204556,41.716726615628566,25.942188982003334
P07,trial_13_L_unaffected,2,04,74.71242378849342,45.867179265240026,28.190100855019757
P07,trial_13_L_unaffected,2,12,39.059259563473226,55.189296269747594,24.11009847474338
P07,trial_13_L_unaffected,2,13,40.94655186858452,45.79661001263818,24.121599503966294
P07,trial_13_L_unaffected,2,14,50.25686467622147,51.30593441380873,22.158917330309833
P07,trial_13_L_unaffected,2,23,48.58972440946422,67.2353196373786,30.7223465616801
P07,trial_13_L_unaffected,2,24,50.78387972173898,56.10247037147628,21.755489520573633
P07,trial_13_L_unaffected,2,34,49.71362342671976,47.33988618985368,24.206023778933865
P07,trial_13_L_unaffected,3,012,32.77917350018265,56.67844449755406,25.77485590921094
P07,trial_13_L_unaffected,3,013,33.93438681002216,45.34058026239918,21.888187285999333
P07,trial_13_L_unaffected,3,014,44.10598182842416,50.22064559297475,19.054999638561775
P07,trial_13_L_unaffected,3,023,32.39880495324119,49.79930815960684,23.805353344194312
P07,trial_13_L_unaffected,3,024,38.25969782705825,51.77771170991596,20.334385678948173
P07,trial_13_L_unaffected,3,034,38.18820169155345,41.27081194104077,22.420188107011203
P07,trial_13_L_unaffected,3,123,40.39311052983321,50.18352854755076,22.07219522762224
P07,trial_13_L_unaffected,3,124,46.63980901820276,52.919053779643086,20.070332645749307
P07,trial_13_L_unaffected,3,134,44.219278963606804,46.52452949193776,22.13334990775777
P07,trial_13_L_unaffected,3,234,49.9933125876946,52.15917154359948,22.484456524822573
P07,trial_13_L_unaffected,4,0123,33.86776187031918,49.89811009690459,21.546263466004515
P07,trial_13_L_unaffected,4,0124,39.07115624863127,52.27265275514118,18.966378042485157
P07,trial_13_L_unaffected,4,0134,38.83991428630766,45.08189772383707,20.42135264248068
P07,trial_13_L_unaffected,4,0234,37.9719577468088,48.271023312385466,21.13126886811368
P07,trial_13_L_unaffected,4,1234,44.81019478372424,49.84282654695807,20.90818336225134
P07,trial_13_L_unaffected,5,01234,38.38649539681886,48.80375004559267,19.7570427879768
P07,trial_14_L_unaffected,2,01,33.74618788755476,60.973513874322265,29.077301095787895
P07,trial_14_L_unaffected,2,02,30.44167002237457,53.01670193381673,27.579499075337164
P07,trial_14_L_unaffected,2,03,32.308428099583914,40.67105043061972,28.766572877064075
P07,trial_14_L_unaffected,2,04,74.40737590086246,48.80548492363563,32.983106772068496
P07,trial_14_L_unaffected,2,12,37.64476948874082,54.156604387742675,27.304382194252817
P07,trial_14_L_unaffected,2,13,39.02124949435498,45.80426064199317,27.074261558350468
P07,trial_14_L_unaffected,2,14,51.03092978195574,54.59031849765192,23.601940439565965
P07,trial_14_L_unaffected,2,23,48.58462780056542,66.01320080589876,36.83684741478584
P07,trial_14_L_unaffected,2,24,52.3769210080082,55.0102635472159,23.54044083801114
P07,trial_14_L_unaffected,2,34,51.04010104208705,46.96974779184835,27.033665775178708
P07,trial_14_L_unaffected,3,012,32.98219330320817,56.36398532783107,26.85479082466277
P07,trial_14_L_unaffected,3,013,33.41253844487803,45.22377147029806,24.544401294190912
P07,trial_14_L_unaffected,3,014,44.91308054705058,53.13047751711265,20.732219918622263
P07,trial_14_L_unaffected,3,023,32.37887311666421,48.06311290727672,25.605220350015294
P07,trial_14_L_unaffected,3,024,39.429404034269936,51.21334419433097,22.17832463237654
P07,trial_14_L_unaffected,3,034,38.01828820731365,40.864196535897655,24.895541213295527
P07,trial_14_L_unaffected,3,123,38.69753748758884,49.59623690355018,25.197041547012432
P07,trial_14_L_unaffected,3,124,47.05099344762517,53.47204264147284,22.208553265714706
P07,trial_14_L_unaffected,3,134,43.892490141177944,46.77683719113514,24.317629287080155
P07,trial_14_L_unaffected,3,234,50.97287560467902,50.304557546299144,24.256932089040497
P07,trial_14_L_unaffected,4,0123,33.469985146910375,48.993322451619,23.534873936598526
P07,trial_14_L_unaffected,4,0124,39.792474662354934,52.728336438735205,20.709229506020282
P07,trial_14_L_unaffected,4,0134,38.81318778537232,45.553308510968094,22.62228511092218
P07,trial_14_L_unaffected,4,0234,38.53279613960856,47.052367453216426,23.04469192106535
P07,trial_14_L_unaffected,4,1234,44.629966571015814,49.27865329514205,23.07500582628616
P07,trial_14_L_unaffected,5,01234,38.546868684498016,48.40974271106684,21.742356036012506
P07,trial_15_L_unaffected,2,01,32.927787875101714,63.905297036751676,31.436211686717446
P07,trial_15_L_unaffected,2,02,27.246669050456294,53.90375241614135,27.4642310517565
P07,trial_15_L_unaffected,2,03,29.84094659990783,41.3836375932013,26.187252539677356
P07,trial_15_L_unaffected,2,04,75.22118463022214,46.37672827260384,33.16939552203903
P07,trial_15_L_unaffected,2,12,37.14629833987678,53.309948942502146,22.81173714557074
P07,trial_15_L_unaffected,2,13,38.581895744176606,45.433438366520136,23.09152800558639
P07,trial_15_L_unaffected,2,14,50.37996434962919,53.08426710432748,22.68337181285852
P07,trial_15_L_unaffected,2,23,46.918468135561895,66.13017203493884,30.424383297995078
P07,trial_15_L_unaffected,2,24,52.083261281978075,53.94943497949238,22.211758875852016
P07,trial_15_L_unaffected,2,34,50.99036631255549,47.4262754107742,25.109437106884354
P07,trial_15_L_unaffected,3,012,31.775672996284495,57.39096030010624,26.34806772256958
P07,trial_15_L_unaffected,3,013,31.559177650445655,45.90145578832919,20.890531777438017
P07,trial_15_L_unaffected,3,014,43.173980967770056,52.20360174603683,18.928885268867433
P07,trial_15_L_unaffected,3,023,29.272283564145603,48.69589501719848,22.947727922792083
P07,trial_15_L_unaffected,3,024,37.79643840657861,50.571050039886906,20.181269115237257
P07,trial_15_L_unaffected,3,034,36.60521693224422,40.863493127971054,22.784853637562474
P07,trial_15_L_unaffected,3,123,38.264897713472365,48.89295803302209,20.775255300017587
P07,trial_15_L_unaffected,3,124,46.916614724112925,52.31329511831594,20.030817146762526
P07,trial_15_L_unaffected,3,134,43.6992087143374,46.52113510923421,21.79214693071631
P07,trial_15_L_unaffected,3,234,50.44511381824921,50.05950876054503,22.353195457468907
P07,trial_15_L_unaffected,4,0123,31.628805084749146,49.482335310484046,20.18967624429558
P07,trial_15_L_unaffected,4,0124,38.64713135960055,52.24663214485393,18.359981877426115
P07,trial_15_L_unaffected,4,0134,37.527882405706656,45.46339122166057,19.763378392225047
P07,trial_15_L_unaffected,4,0234,36.76426220081172,46.990536924214155,20.496083508615108
P07,trial_15_L_unaffected,4,1234,44.389226656867756,48.764064874933425,20.377884199352266
P07,trial_15_L_unaffected,5,01234,37.28978654795005,48.27434790745342,18.712385817928872
P07,trial_16_L_unaffected,2,01,31.432717220154963,63.85705948144329,33.558481877748626
P07,trial_16_L_unaffected,2,02,26.411527394527834,51.52434265262727,28.721087936277936
P07,trial_16_L_unaffected,2,03,29.836370872530356,39.544429290238625,29.368787320574455
P07,trial_16_L_unaffected,2,04,80.86674128438831,44.15484048398395,31.967292921242596
P07,trial_16_L_unaffected,2,12,36.724733120814946,51.13807981359768,24.68197352547766
P07,trial_16_L_unaffected,2,13,37.9196027396897,43.59429196494961,25.83385951078144
P07,trial_16_L_unaffected,2,14,50.97125172575492,51.05934943848022,24.05411120190626
P07,trial_16_L_unaffected,2,23,48.018649234511095,63.79173563482386,35.535774208195484
P07,trial_16_L_unaffected,2,24,52.834307454649114,51.642881461772845,23.192795891084398
P07,trial_16_L_unaffected,2,34,51.405025763979054,46.613668887449016,26.22144503677269
P07,trial_16_L_unaffected,3,012,30.408993488069218,55.59572123996633,27.588184849548046
P07,trial_16_L_unaffected,3,013,30.823383394737647,44.3204930106803,23.88468325800798
P07,trial_16_L_unaffected,3,014,43.84126851487069,50.55178659474452,20.616564561965713
P07,trial_16_L_unaffected,3,023,28.6058319293469,45.98158272144651,25.155422641741264
P07,trial_16_L_unaffected,3,024,37.64088561208114,47.93791849520696,21.07800181742311
P07,trial_16_L_unaffected,3,034,36.24442920328845,38.877873762189,24.309278882341754
P07,trial_16_L_unaffected,3,123,37.379075601563926,46.74575434105925,23.029643343102894
P07,trial_16_L_unaffected,3,124,46.695221747544835,49.97553524938239,21.4498831009934
P07,trial_16_L_unaffected,3,134,43.21642287544467,44.58243169426103,23.61689187804533
P07,trial_16_L_unaffected,3,234,50.88009724355803,47.89768721516898,23.56673669809674
P07,trial_16_L_unaffected,4,0123,30.595999521403016,47.30583601326676,22.287724886100765
P07,trial_16_L_unaffected,4,0124,38.07459089545878,50.05937076555011,19.3615239606763
P07,trial_16_L_unaffected,4,0134,37.04311669715599,43.626378271010516,21.773191048371398
P07,trial_16_L_unaffected,4,0234,36.15106647180936,44.45250757135535,21.792870024922294
P07,trial_16_L_unaffected,4,1234,43.907911287286744,46.45776027899333,22.015926881924678
P07,trial_16_L_unaffected,5,01234,36.51288114833222,46.02501744637579,20.234172714744595
P07,trial_17_L_unaffected,2,01,32.50746645180033,60.89145692088362,31.284789083420897
P07,trial_17_L_unaffected,2,02,28.767164978328434,51.54077761311507,28.308936076020824
P07,trial_17_L_unaffected,2,03,31.083926705889994,42.40183570969507,30.26757102460234
P07,trial_17_L_unaffected,2,04,76.075741515662,47.53598956448515,29.89342891546287
P07,trial_17_L_unaffected,2,12,38.57090121516428,51.5950974022358,26.07087129490581
P07,trial_17_L_unaffected,2,13,38.32183967065826,46.30103442636592,30.141491458663317
P07,trial_17_L_unaffected,2,14,50.826394852627075,51.981738456770756,23.45099607068488
P07,trial_17_L_unaffected,2,23,51.53949931531952,67.93267925461545,43.188584252940096
P07,trial_17_L_unaffected,2,24,52.30227504177718,51.90907437919301,22.18982916653107
P07,trial_17_L_unaffected,2,34,50.9082721987523,48.99562467004336,30.344330912482192
P07,trial_17_L_unaffected,3,012,32.06048836629399,55.32138788473003,27.860277629393433
P07,trial_17_L_unaffected,3,013,32.21266340304969,46.043140162740464,26.18748458293979
P07,trial_17_L_unaffected,3,014,44.26710069977782,51.78860581781332,20.659859036273236
P07,trial_17_L_unaffected,3,023,30.888989249821826,48.03730635939971,27.085885286722966
P07,trial_17_L_unaffected,3,024,38.50603049350382,49.38980044792194,21.484959310688136
P07,trial_17_L_unaffected,3,034,36.69235499283497,41.17153044218316,26.319165988243864
P07,trial_17_L_unaffected,3,123,37.910191830159285,48.805334412514235,27.060666305266462
P07,trial_17_L_unaffected,3,124,46.60662181481212,50.68370069142062,21.313022041176474
P07,trial_17_L_unaffected,3,134,43.40986081047417,45.85739142514726,26.580194870932154
P07,trial_17_L_unaffected,3,234,50.654869646712996,48.71159621092024,25.12642809768452
P07,trial_17_L_unaffected,4,0123,32.16436750018162,48.66479722751886,24.897884289126033
P07,trial_17_L_unaffected,4,0124,38.78566813666709,50.9162253835899,20.392825648517448
P07,trial_17_L_unaffected,4,0134,37.779167917253766,45.175346270708246,24.18966575632176
P07,trial_17_L_unaffected,4,0234,37.23636956408938,46.151965703322006,23.750934983837947
P07,trial_17_L_unaffected,4,1234,44.0966171945196,47.51533602665211,24.14808908985801
P07,trial_17_L_unaffected,5,01234,37.412483612591544,47.32007888251964,22.682220363307344
P07,trial_18_L_unaffected,2,01,31.470979895101387,60.32210299332826,34.134501638708194
P07,trial_18_L_unaffected,2,02,28.267327864782303,52.54210709930292,32.13048880864802
P07,trial_18_L_unaffected,2,03,32.40841137250299,41.31211492477865,32.143958121230426
P07,trial_18_L_unaffected,2,04,81.59255539751022,45.3825773966522,33.02720845300905
P07,trial_18_L_unaffected,2,12,36.453600529935635,53.24259958889234,28.451605957021723
P07,trial_18_L_unaffected,2,13,38.518209338562556,46.45877131482106,27.90375035504793
P07,trial_18_L_unaffected,2,14,50.40617160805825,51.58546005887197,24.962567870264564
P07,trial_18_L_unaffected,2,23,47.549235817548656,67.08153814740551,36.53314639173762
P07,trial_18_L_unaffected,2,24,51.028955235866086,54.026330548803536,24.365511440558375
P07,trial_18_L_unaffected,2,34,50.48145791942722,48.19955280475266,29.253095816225667
P07,trial_18_L_unaffected,3,012,31.052864297986304,55.462526366116286,30.66260367139368
P07,trial_18_L_unaffected,3,013,32.396813121701776,45.529740320779446,27.678819709243335
P07,trial_18_L_unaffected,3,014,44.120875823336675,50.46695174956881,23.396501045005003
P07,trial_18_L_unaffected,3,023,31.030806784233132,48.00798445070686,29.877777149891738
P07,trial_18_L_unaffected,3,024,38.05764011772308,49.899987013349595,25.000767230025733
P07,trial_18_L_unaffected,3,034,37.4972594075602,40.432466831382115,27.820029095167413
P07,trial_18_L_unaffected,3,123,37.997210867996955,49.667304056979475,25.57963542140949
P07,trial_18_L_unaffected,3,124,46.59509127544347,51.793830357142404,22.677132804171038
P07,trial_18_L_unaffected,3,134,43.39811341121084,46.284824241069934,25.92264949471258
P07,trial_18_L_unaffected,3,234,49.69670821127519,50.23667783362346,26.31166539022339
P07,trial_18_L_unaffected,4,0123,32.201206833566545,48.852435932268016,27.054599840357053
P07,trial_18_L_unaffected,4,0124,38.618453685581215,51.211739399376846,23.366394814648547
P07,trial_18_L_unaffected,4,0134,37.904243109795146,44.828401304866986,25.409546968041578
P07,trial_18_L_unaffected,4,0234,36.94958608026291,46.506877219680355,26.273246295248914
P07,trial_18_L_unaffected,4,1234,44.02527117003451,48.65254354692482,24.317759694357303
P07,trial_18_L_unaffected,5,01234,37.34907880925778,47.6986744144255,24.575942057927488
P07,trial_19_L_unaffected,2,01,32.440175165704375,59.511499085094094,29.533883263778105
P07,trial_19_L_unaffected,2,02,28.1621268919593,51.21779749114548,26.82986935930085
P07,trial_19_L_unaffected,2,03,33.00305310272707,41.06092720803072,27.86680876520296
P07,trial_19_L_unaffected,2,04,78.80516597450203,44.36808829086641,30.26760813379561
P07,trial_19_L_unaffected,2,12,38.012159528642044,52.08150469063318,26.016673880618185
P07,trial_19_L_unaffected,2,13,40.0319403247555,46.74373399673945,24.838063065644466
P07,trial_19_L_unaffected,2,14,50.95722489787756,52.46773249484986,23.700103721344025
P07,trial_19_L_unaffected,2,23,45.249643422807765,61.90576656116944,31.465521332965352
P07,trial_19_L_unaffected,2,24,50.696027477212866,52.71541510933158,23.146222972301434
P07,trial_19_L_unaffected,2,34,50.78481385092419,47.18467249815649,25.367413751049845
P07,trial_19_L_unaffected,3,012,31.561035494529044,54.45842880746776,26.02235579612551
P07,trial_19_L_unaffected,3,013,33.47619228529407,45.59959215800231,23.75070746856458
P07,trial_19_L_unaffected,3,014,44.367081177781714,50.592507489088476,21.36955517210835
P07,trial_19_L_unaffected,3,023,31.39852208259277,47.240635772092475,24.624134675176634
P07,trial_19_L_unaffected,3,024,37.863182263861916,49.04398977069685,22.06642994655052
P07,trial_19_L_unaffected,3,034,38.01097816464517,40.82456331555958,24.385727389908716
P07,trial_19_L_unaffected,3,123,38.82480954069165,49.0658611208277,22.580348268620032
P07,trial_19_L_unaffected,3,124,46.70400653286725,51.62106795796344,21.468340547529856
P07,trial_19_L_unaffected,3,134,44.1529373963788,47.36123670031575,23.2454227470976
P07,trial_19_L_unaffected,3,234,49.86674792542544,49.69782868942035,23.49113858463141
P07,trial_19_L_unaffected,4,0123,32.902355332992855,48.45040053428753,22.592094118418448
P07,trial_19_L_unaffected,4,0124,38.73480020585414,50.819631824105436,20.78942519435236
P07,trial_19_L_unaffected,4,0134,38.53851190774763,45.42271627840568,22.41560423414286
P07,trial_19_L_unaffected,4,0234,37.222843629518124,46.25297088502948,22.64003201293512
P07,trial_19_L_unaffected,4,1234,44.38657244088397,48.9416846285973,21.874518850969793
P07,trial_19_L_unaffected,5,01234,37.730410700733515,47.738947110685736,21.338575038154225
P07,trial_1_L_unaffected,2,01,33.088360533205694,58.76288011717533,32.22585638696434
P07,trial_1_L_unaffected,2,02,26.078237967391132,46.593900271263855,29.901623491705607
P07,trial_1_L_unaffected,2,03,26.327205387443378,34.15215765499621,33.017696126519276
P07,trial_1_L_unaffected,2,04,76.16161602919952,46.68553625815395,40.27540657606381
P07,trial_1_L_unaffected,2,12,35.077212573488524,46.87043530628441,27.077973750891648
P07,trial_1_L_unaffected,2,13,34.53406033192396,35.44114802506479,32.447050353146025
P07,trial_1_L_unaffected,2,14,49.27376334045428,47.858101665054534,22.181408375145846
P07,trial_1_L_unaffected,2,23,44.9403255802908,67.15500211147358,57.769482243644006
P07,trial_1_L_unaffected,2,24,53.07565619282762,48.96469311508397,23.093479651622545
P07,trial_1_L_unaffected,2,34,52.84835057665758,43.80343162244689,33.45389393191843
P07,trial_1_L_unaffected,3,012,30.866803765269804,51.46440207621539,28.008526175934797
P07,trial_1_L_unaffected,3,013,28.889649379638886,38.39839180514374,25.564399777022334
P07,trial_1_L_unaffected,3,014,42.879739486255794,48.19506310009268,19.234477908710033
P07,trial_1_L_unaffected,3,023,26.552101812821096,39.69443010291267,28.896206710546178
P07,trial_1_L_unaffected,3,024,37.52646331382121,45.910011266213964,22.415785585752143
P07,trial_1_L_unaffected,3,034,33.97370808322657,34.63964248119435,27.453529781602423
P07,trial_1_L_unaffected,3,123,35.25316945270211,38.537648027068585,29.072732780703035
P07,trial_1_L_unaffected,3,124,46.185486926679246,46.74406155082341,20.47818007721068
P07,trial_1_L_unaffected,3,134,41.69944594214449,37.883260574850944,27.277833320081584
P07,trial_1_L_unaffected,3,234,51.170293778957685,42.07650759431345,27.43766994882616
P07,trial_1_L_unaffected,4,0123,29.197590249939918,40.76438858805726,24.41455580214253
P07,trial_1_L_unaffected,4,0124,38.159974404886896,46.968225977198905,18.939628818763364
P07,trial_1_L_unaffected,4,0134,35.537212541691495,38.31160150365086,23.6752766142634
P07,trial_1_L_unaffected,4,0234,35.511158216143144,39.45618110012016,24.76687253246542
P07,trial_1_L_unaffected,4,1234,43.07867398930255,40.07013621395849,24.741371784896035
P07,trial_1_L_unaffected,5,01234,35.81748981459854,40.593775533122184,22.19201527810495
P07,trial_20_L_unaffected,2,01,32.95237302695488,57.36950845878924,24.507717538330954
P07,trial_20_L_unaffected,2,02,30.273299369119517,52.473104117757785,23.69059786588882
P07,trial_20_L_unaffected,2,03,32.91892859390451,41.653390319607794,23.81263454706096
P07,trial_20_L_unaffected,2,04,77.61359240396592,44.172950996672576,27.860973882571564
P07,trial_20_L_unaffected,2,12,39.10413925243441,53.56813428752626,25.106312314434263
P07,trial_20_L_unaffected,2,13,39.8672341161256,46.88489588741956,23.678311262895786
P07,trial_20_L_unaffected,2,14,50.920915485999735,51.37795924898396,22.1751169826988
P07,trial_20_L_unaffected,2,23,45.98509107421452,67.84354360639317,29.445313410828422
P07,trial_20_L_unaffected,2,24,50.83187900191457,55.0976723032239,21.712933924776134
P07,trial_20_L_unaffected,2,34,50.388064798079775,48.89208291359042,24.359495834492822
P07,trial_20_L_unaffected,3,012,33.175099986426304,54.65201673557721,23.4805156006493
P07,trial_20_L_unaffected,3,013,33.946480003864835,45.326412775066224,21.140808016035432
P07,trial_20_L_unaffected,3,014,44.66110898556318,49.45140694476645,19.142936399889376
P07,trial_20_L_unaffected,3,023,32.52916747782202,48.384639538197575,21.235781134817135
P07,trial_20_L_unaffected,3,024,38.985052148721735,50.41833003149099,19.65020641434159
P07,trial_20_L_unaffected,3,034,37.91485981092393,41.12956060857126,21.57259989378267
P07,trial_20_L_unaffected,3,123,39.454150238942255,49.999345654545806,21.638531425431385
P07,trial_20_L_unaffected,3,124,47.5497251817793,52.50634749004457,20.295952247558446
P07,trial_20_L_unaffected,3,134,44.17198501241293,47.149794332090934,22.137887542491782
P07,trial_20_L_unaffected,3,234,49.56913697400487,51.48417929271716,22.242678724629588
P07,trial_20_L_unaffected,4,0123,34.020316333679425,48.89807386676802,20.236254205454376
P07,trial_20_L_unaffected,4,0124,39.89838580677826,51.26572229198021,18.795984315860853
P07,trial_20_L_unaffected,4,0134,38.8490420385521,45.061725095889706,20.325580090807218
P07,trial_20_L_unaffected,4,0234,37.91412280559522,47.36771988358002,20.08299311874922
P07,trial_20_L_unaffected,4,1234,44.87013991100101,49.67892920187374,20.810330359929377
P07,trial_20_L_unaffected,5,01234,38.5884263475413,48.20659616810231,19.37589706338528
P07,trial_21_L_unaffected,2,01,32.70739688415908,60.17923313165536,28.21682046564495
P07,trial_21_L_unaffected,2,02,27.949353974451128,51.32280698798242,26.098233711925186
P07,trial_21_L_unaffected,2,03,32.25038571585964,40.636879385056496,26.47209810281344
P07,trial_21_L_unaffected,2,04,77.10581689145192,47.85284657670735,32.072786309969594
P07,trial_21_L_unaffected,2,12,37.71093843251343,51.56748901500866,26.7171004277288
P07,trial_21_L_unaffected,2,13,40.39836921345339,44.943289955586245,24.857157572202805
P07,trial_21_L_unaffected,2,14,50.24397923417519,51.88091124511224,23.71514547280973
P07,trial_21_L_unaffected,2,23,47.12681118784971,62.198467646524875,30.201070787464438
P07,trial_21_L_unaffected,2,24,50.78180399007168,53.321245482935105,22.637253477947482
P07,trial_21_L_unaffected,2,34,51.10805491551766,48.12639952426257,25.87315462499243
P07,trial_21_L_unaffected,3,012,32.29820301214896,54.8601782473546,25.333867027712838
P07,trial_21_L_unaffected,3,013,33.64310292212165,44.6598529315716,22.352189627399166
P07,trial_21_L_unaffected,3,014,43.963060808608965,51.25736257799224,20.02710760693705
P07,trial_21_L_unaffected,3,023,31.539380873957672,47.161253314663135,23.12061988240524
P07,trial_21_L_unaffected,3,024,37.9454170751522,49.762395425769974,20.799496874182708
P07,trial_21_L_unaffected,3,034,37.749350411993994,41.187881286385156,23.212754817870266
P07,trial_21_L_unaffected,3,123,39.550748886187236,47.88364788937484,22.750675531249183
P07,trial_21_L_unaffected,3,124,46.81238480541545,51.23330541726632,20.892507102931848
P07,trial_21_L_unaffected,3,134,44.299625320683035,46.21086324103772,22.60258078177075
P07,trial_21_L_unaffected,3,234,50.27442192587005,50.0893586371713,22.55367587881056
P07,trial_21_L_unaffected,4,0123,33.335953708918616,47.855576020690194,21.285240982031365
P07,trial_21_L_unaffected,4,0124,39.10084376124201,50.95500621747615,19.285724238629093
P07,trial_21_L_unaffected,4,0134,38.58364576299929,44.942727299998516,20.996535642123437
P07,trial_21_L_unaffected,4,0234,37.58129344894957,46.47424172259515,21.205006088887476
P07,trial_21_L_unaffected,4,1234,44.828358804146724,48.22136547407409,21.074497333418737
P07,trial_21_L_unaffected,5,01234,38.187156669707036,47.39002178973708,19.91957506725245
P07,trial_22_L_unaffected,2,01,33.98190955267184,55.816281656482126,23.89026679367111
P07,trial_22_L_unaffected,2,02,32.121461329910204,54.75037391959832,23.604244509382447
P07,trial_22_L_unaffected,2,03,34.35739681102348,42.46756610134336,25.294563575042538
P07,trial_22_L_unaffected,2,04,73.72867265877574,46.85626617219186,29.155094071767497
P07,trial_22_L_unaffected,2,12,39.75527258532468,55.91174185142573,25.12426796365836
P07,trial_22_L_unaffected,2,13,41.10216281385108,46.911256041070274,24.72299750199408
P07,trial_22_L_unaffected,2,14,50.062671178969346,51.237211700396,21.477925369395592
P07,trial_22_L_unaffected,2,23,47.76308003863383,70.24160736370406,33.19972533777496
P07,trial_22_L_unaffected,2,24,49.828115210373966,57.70779370643225,21.012028773396153
P07,trial_22_L_unaffected,2,34,49.384564007470225,48.5098882483958,25.505368629155974
P07,trial_22_L_unaffected,3,012,34.531471802257,55.86932437333087,22.89964639637081
P07,trial_22_L_unaffected,3,013,35.34440761810142,45.53220629702163,21.634894829521283
P07,trial_22_L_unaffected,3,014,44.75775421040277,49.857076840022664,18.544007998209974
P07,trial_22_L_unaffected,3,023,34.689160942157336,50.523248177234514,22.62023357499859
P07,trial_22_L_unaffected,3,024,39.42631771089376,52.854282238818236,19.38848776134925
P07,trial_22_L_unaffected,3,034,38.38179727493593,42.2026891416948,22.74540667068316
P07,trial_22_L_unaffected,3,123,40.91442777151258,51.594688863051154,22.589483120298663
P07,trial_22_L_unaffected,3,124,47.17058074051524,53.95533174813247,19.06240973923507
P07,trial_22_L_unaffected,3,134,44.232494185546464,47.1226898828963,22.276997401418033
P07,trial_22_L_unaffected,3,234,49.318260622049955,53.45288906936301,22.820248946327528
P07,trial_22_L_unaffected,4,0123,35.681351004227075,50.240274453480446,20.775996403708064
P07,trial_22_L_unaffected,4,0124,40.41141140914546,52.60790156732271,17.945263013134706
P07,trial_22_L_unaffected,4,0134,39.477618407904295,45.422624739137085,20.49304340552327
P07,trial_22_L_unaffected,4,0234,38.99769204126046,49.306611237851975,20.91134319757358
P07,trial_22_L_unaffected,4,1234,45.13563084947435,50.919496899847594,20.67787964936273
P07,trial_22_L_unaffected,5,01234,39.5204258797841,49.43519758331522,19.48071105497367
P07,trial_23_L_unaffected,2,01,31.77006195044871,60.31915174541628,29.863325520312802
P07,trial_23_L_unaffected,2,02,28.15992132518132,52.51105977385755,28.388315875386496
P07,trial_23_L_unaffected,2,03,31.050705018997338,40.34671481683255,29.95856975783098
P07,trial_23_L_unaffected,2,04,76.30306646421877,47.38093568006751,34.25206527415159
P07,trial_23_L_unaffected,2,12,36.63469153432472,53.023180104184995,25.617502343204034
P07,trial_23_L_unaffected,2,13,38.58118010554644,44.89485473646676,26.65326065591251
P07,trial_23_L_unaffected,2,14,49.45406681993288,52.861830745708275,23.976422701743804
P07,trial_23_L_unaffected,2,23,48.28573065340511,62.20474120132575,33.431953902046736
P07,trial_23_L_unaffected,2,24,49.689140071582734,53.45452740398247,22.42184091756228
P07,trial_23_L_unaffected,2,34,49.277025468471514,45.89082568934669,27.345316444068843
P07,trial_23_L_unaffected,3,012,31.324442616865895,55.493303640809735,26.7619502224233
P07,trial_23_L_unaffected,3,013,32.435163584281554,44.63515763171546,25.044235737536475
P07,trial_23_L_unaffected,3,014,43.63266706729995,51.882948514852174,21.38217571493367
P07,trial_23_L_unaffected,3,023,30.868809995595445,47.46743294867853,26.253837510238686
P07,trial_23_L_unaffected,3,024,37.42439640808691,50.131349821422376,22.49497899273305
P07,trial_23_L_unaffected,3,034,36.36372413724703,40.08133348973403,25.987558189409796
P07,trial_23_L_unaffected,3,123,37.6962172709979,48.31680617691744,23.529331805347564
P07,trial_23_L_unaffected,3,124,45.4308652290588,51.882586973862175,20.911110500836042
P07,trial_23_L_unaffected,3,134,42.32807110658582,45.65908304596413,24.346639975182484
P07,trial_23_L_unaffected,3,234,48.59522738993563,49.2112577160607,23.69966465044319
P07,trial_23_L_unaffected,4,0123,32.20469704850283,48.23372619910948,23.684960084040416
P07,trial_23_L_unaffected,4,0124,38.130982008018876,51.54202644604649,20.71459724631174
P07,trial_23_L_unaffected,4,0134,37.23215372318883,44.63976655365573,23.359807674931616
P07,trial_23_L_unaffected,4,0234,36.490047138960946,46.17758223401292,23.66183055648317
P07,trial_23_L_unaffected,4,1234,42.94380155660119,48.01957076335609,22.18845256856963
P07,trial_23_L_unaffected,5,01234,36.83512986633565,47.411521933710624,21.991355865449354
P07,trial_24_L_unaffected,2,01,33.84986522698057,60.092595187190966,30.46466861622368
P07,trial_24_L_unaffected,2,02,30.634693320664955,53.888609195425325,29.374848372495567
P07,trial_24_L_unaffected,2,03,32.462438424266836,40.472817152982266,30.00452938062096
P07,trial_24_L_unaffected,2,04,77.98888894774117,45.442627325401055,33.58297777118555
P07,trial_24_L_unaffected,2,12,39.30281080982973,54.03312825491555,29.491080365272275
P07,trial_24_L_unaffected,2,13,39.39101490824838,44.94510820257347,30.11312371839866
P07,trial_24_L_unaffected,2,14,51.9594726412265,52.075940227288555,25.256610157879102
P07,trial_24_L_unaffected,2,23,48.89663636980281,65.31716990641917,36.23796726492523
P07,trial_24_L_unaffected,2,24,52.234658468246415,55.852082405269805,23.77434120894762
P07,trial_24_L_unaffected,2,34,51.392228272679205,47.84617413435792,29.279998396333056
P07,trial_24_L_unaffected,3,012,32.982906337610984,56.17741010916172,28.52805628807905
P07,trial_24_L_unaffected,3,013,33.45180032415818,44.60012588629816,26.95568357237044
P07,trial_24_L_unaffected,3,014,45.701467491632805,50.93769846012251,23.382856933330014
P07,trial_24_L_unaffected,3,023,32.43980587945219,48.58886753796027,27.665062491654595
P07,trial_24_L_unaffected,3,024,39.75263029683788,51.1718361956918,24.034952822802037
P07,trial_24_L_unaffected,3,034,37.95771062001963,40.216218612825905,27.302905480178328
P07,trial_24_L_unaffected,3,123,39.090084601898,49.33238419472617,27.189162956411316
P07,trial_24_L_unaffected,3,124,48.038021608973224,52.82713040243712,22.935151412550855
P07,trial_24_L_unaffected,3,134,44.26792042299258,45.8752085078984,27.087864585666374
P07,trial_24_L_unaffected,3,234,50.56334098804435,51.55647318649445,25.68443924226696
P07,trial_24_L_unaffected,4,0123,33.59990564257222,48.96283937793454,25.86690342764264
P07,trial_24_L_unaffected,4,0124,40.32515556730337,52.06365072781791,22.74480312833066
P07,trial_24_L_unaffected,4,0134,38.95316011722081,44.47334754709387,25.55481082210969
P07,trial_24_L_unaffected,4,0234,38.388720997294634,47.28945148113163,25.262271033386334
P07,trial_24_L_unaffected,4,1234,45.04963301361691,49.113136805262705,24.88300058461063
P07,trial_24_L_unaffected,5,01234,38.725640176570465,48.065402957692704,24.206167564413512
P07,trial_25_L_unaffected,2,01,34.195857229639834,61.96922058138046,31.1712513177825
P07,trial_25_L_unaffected,2,02,28.994690078679014,52.11522303637746,31.275512677042524
P07,trial_25_L_unaffected,2,03,30.992104556577658,42.34139502114936,31.3168147873914
P07,trial_25_L_unaffected,2,04,72.20912103490222,46.62714983414465,35.323969379079465
P07,trial_25_L_unaffected,2,12,36.57274219056451,51.791154437964124,30.282498065056057
P07,trial_25_L_unaffected,2,13,38.238221365316555,46.51050269391444,30.5341720922767
P07,trial_25_L_unaffected,2,14,50.58127606708038,53.39225696654097,24.68824759882582
P07,trial_25_L_unaffected,2,23,47.394150895245964,64.05987942425787,38.77206927916807
P07,trial_25_L_unaffected,2,24,50.862310497836695,52.63479181460162,25.8248407071755
P07,trial_25_L_unaffected,2,34,49.5216755113144,49.34853798866916,30.22375640974515
P07,trial_25_L_unaffected,3,012,32.29906748105567,55.23824010042104,29.211295834045092
P07,trial_25_L_unaffected,3,013,32.62770962505924,46.25423831139241,27.37376319787035
P07,trial_25_L_unaffected,3,014,44.386807835572796,52.43238874279076,22.453713970279814
P07,trial_25_L_unaffected,3,023,30.485990604008713,47.85013894547419,29.16722343576967
P07,trial_25_L_unaffected,3,024,38.34556724568424,49.60608760764083,25.323348621529345
P07,trial_25_L_unaffected,3,034,36.75238169994183,41.6710327874678,28.13199238515484
P07,trial_25_L_unaffected,3,123,37.36150808990386,48.743208471149025,28.384927426203657
P07,trial_25_L_unaffected,3,124,46.33812842354478,51.54981856504773,24.05296931446223
P07,trial_25_L_unaffected,3,134,43.170568702174755,47.05973230443656,27.26777554016611
P07,trial_25_L_unaffected,3,234,49.118387925197844,49.588971899004015,27.099821124598083
P07,trial_25_L_unaffected,4,0123,32.27442661969719,48.778590153056406,26.76425813434948
P07,trial_25_L_unaffected,4,0124,39.17575486662239,51.44572653078812,23.255123030073577
P07,trial_25_L_unaffected,4,0134,38.06995852641058,45.92457478838796,25.62770182323609
P07,trial_25_L_unaffected,4,0234,37.10306086334594,46.58931371016464,26.409147000223005
P07,trial_25_L_unaffected,4,1234,43.58618834796753,48.41894943115211,25.820137508128102
P07,trial_25_L_unaffected,5,01234,37.583215973121014,47.91746648949458,24.866065102030717
P07,trial_26_L_unaffected,2,01,35.231290633851955,58.452329363479194,24.547942321304507
P07,trial_26_L_unaffected,2,02,30.347587967363534,52.821851362685116,26.670271916309414
P07,trial_26_L_unaffected,2,03,32.70444174675961,42.35305654962671,26.88254169378381
P07,trial_26_L_unaffected,2,04,71.14364672612176,46.917029530274064,30.103162744018388
P07,trial_26_L_unaffected,2,12,38.01757128884748,53.471677231714565,30.144193248474572
P07,trial_26_L_unaffected,2,13,40.38686405656898,46.581421867096815,26.23840032194935
P07,trial_26_L_unaffected,2,14,51.05433093480266,51.66750526127624,22.384679225539763
P07,trial_26_L_unaffected,2,23,48.780137069343404,62.19560345884509,31.467301870675772
P07,trial_26_L_unaffected,2,24,50.2834880604605,53.610233162980165,22.17048913113642
P07,trial_26_L_unaffected,2,34,48.41349582993481,49.26107844713399,25.652067727284663
P07,trial_26_L_unaffected,3,012,33.76711789641912,55.22419807066163,25.77106404988491
P07,trial_26_L_unaffected,3,013,34.43637168141107,45.65341653235185,22.785812556046146
P07,trial_26_L_unaffected,3,014,45.29655325368146,51.03864644030048,19.22264484303761
P07,trial_26_L_unaffected,3,023,32.33363189448863,48.632267669134464,24.283388798372968
P07,trial_26_L_unaffected,3,024,38.67694208492145,50.74653295580812,21.391551545818167
P07,trial_26_L_unaffected,3,034,37.52792983841301,42.34375695229426,23.815038498155943
P07,trial_26_L_unaffected,3,123,39.391176493879314,49.53529308210355,25.241536909343136
P07,trial_26_L_unaffected,3,124,46.82636459698502,51.68110670948963,20.965170348690013
P07,trial_26_L_unaffected,3,134,43.93581737600219,46.87444356335494,22.39611045790098
P07,trial_26_L_unaffected,3,234,48.77655926568637,50.58709217939778,22.478896854139393
P07,trial_26_L_unaffected,4,0123,34.11568541495372,49.018731963448545,22.483692593003784
P07,trial_26_L_unaffected,4,0124,39.94403010594189,51.48421602333598,19.617947613983723
P07,trial_26_L_unaffected,4,0134,39.147392223653945,45.62288074325544,21.012873132726952
P07,trial_26_L_unaffected,4,0234,37.80185100591486,47.63049948178564,22.080903852816917
P07,trial_26_L_unaffected,4,1234,44.30668697871446,48.95778217277057,21.58261920059637
P07,trial_26_L_unaffected,5,01234,38.600635503460566,48.255714696943414,20.520039796432684
P07,trial_27_L_unaffected,2,01,32.75263798265602,60.90319488883071,29.13989238593761
P07,trial_27_L_unaffected,2,02,28.2072627146988,52.84526460465742,28.109762341013823
P07,trial_27_L_unaffected,2,03,31.293184130338815,41.6210814424626,28.262695867746853
P07,trial_27_L_unaffected,2,04,74.73832982538089,46.49134589971048,31.564266291325023
P07,trial_27_L_unaffected,2,12,36.470303168073826,53.075629376264075,28.297932884473976
P07,trial_27_L_unaffected,2,13,38.84527785494919,45.632786460755135,27.263206477781818
P07,trial_27_L_unaffected,2,14,49.97945805507285,52.22957604206734,22.502813809972785
P07,trial_27_L_unaffected,2,23,48.51042032344906,64.42150397983588,35.484339434010366
P07,trial_27_L_unaffected,2,24,49.89101965960603,53.56203689425364,23.080650466355916
P07,trial_27_L_unaffected,2,34,48.28699360420222,48.90756029566364,27.259157787054807
P07,trial_27_L_unaffected,3,012,31.5889104060876,55.831333346112885,26.87203742399871
P07,trial_27_L_unaffected,3,013,32.526273204139365,45.36021041580211,23.700257626665174
P07,trial_27_L_unaffected,3,014,44.13372760860613,51.450532070364844,19.469567700645264
P07,trial_27_L_unaffected,3,023,30.434313319413757,48.13849796689398,25.08534410478976
P07,trial_27_L_unaffected,3,024,37.23714597651723,50.145150775350636,21.80420308643642
P07,trial_27_L_unaffected,3,034,36.45883624220206,41.27626058504433,25.023976464368637
P07,trial_27_L_unaffected,3,123,37.92110156820267,48.73941329499366,25.152565280442357
P07,trial_27_L_unaffected,3,124,45.45103615379736,51.66960057703475,21.119118020517597
P07,trial_27_L_unaffected,3,134,42.730880248954875,46.47918802055347,24.042065281715626
P07,trial_27_L_unaffected,3,234,48.634990823034535,50.32098949761288,23.85430599824741
P07,trial_27_L_unaffected,4,0123,32.12926579127091,48.75763012754955,22.79202677127584
P07,trial_27_L_unaffected,4,0124,38.20238078972298,51.476590836420876,19.808413728809477
P07,trial_27_L_unaffected,4,0134,37.698820926123524,45.224255669793585,22.18615985037528
P07,trial_27_L_unaffected,4,0234,36.424893373178264,46.89661034036105,22.674118341405265
P07,trial_27_L_unaffected,4,1234,43.143211057274485,48.53858057163603,22.51799437301062
P07,trial_27_L_unaffected,5,01234,36.98998309661112,47.86044010453801,21.105979358033576
P07,trial_28_L_unaffected,2,01,34.05250415576405,59.88537143597944,26.176650122101513
P07,trial_28_L_unaffected,2,02,29.396883779448043,52.04057657107278,27.04389937091484
P07,trial_28_L_unaffected,2,03,32.40727134273548,42.004419478476734,26.549039006088847
P07,trial_28_L_unaffected,2,04,73.13708756470568,47.0237333138219,31.834436336986276
P07,trial_28_L_unaffected,2,12,37.111038260079425,52.56470496782038,29.189291766595648
P07,trial_28_L_unaffected,2,13,40.06137642109209,46.96476611699722,26.344784443142352
P07,trial_28_L_unaffected,2,14,50.30237942426886,53.17730860230101,22.32136199983427
P07,trial_28_L_unaffected,2,23,47.05373942513767,63.38142044241138,33.47907222754288
P07,trial_28_L_unaffected,2,24,49.48645977144858,53.008384399659725,23.956653101393357
P07,trial_28_L_unaffected,2,34,48.91476783202818,48.95443626449584,26.455069663217525
P07,trial_28_L_unaffected,3,012,32.844945222806345,55.124086794355534,25.856417725932502
P07,trial_28_L_unaffected,3,013,34.03735712613583,45.979474840263215,22.775816139864673
P07,trial_28_L_unaffected,3,014,44.721965792315565,52.02867652226713,19.327976758721377
P07,trial_28_L_unaffected,3,023,31.99129517727592,48.24188672088414,24.417152575725602
P07,trial_28_L_unaffected,3,024,37.98761174210138,50.08118768876541,22.407253457519097
P07,trial_28_L_unaffected,3,034,37.21094915195934,42.02361736487039,24.048265148652334
P07,trial_28_L_unaffected,3,123,38.983392282466845,49.32844228533345,25.232016625409443
P07,trial_28_L_unaffected,3,124,46.099556834874384,51.84162113060397,21.781015816869132
P07,trial_28_L_unaffected,3,134,43.53141379013998,47.54559869484077,23.17226174094435
P07,trial_28_L_unaffected,3,234,48.65554457030773,50.335128539081005,24.111974425641012
P07,trial_28_L_unaffected,4,0123,33.65682641426233,48.965028285176246,22.50604643432263
P07,trial_28_L_unaffected,4,0124,39.244219430298294,51.554459863370056,20.338080027341327
P07,trial_28_L_unaffected,4,0134,38.637464416750426,46.0521545228025,21.466783942923225
P07,trial_28_L_unaffected,4,0234,37.39451257762937,47.193974215669705,22.785432526367977
P07,trial_28_L_unaffected,4,1234,43.884420120850656,49.08792740439212,22.460569723522088
P07,trial_28_L_unaffected,5,01234,38.09682040126271,48.28831626567805,21.162353425218416
P07,trial_29_L_unaffected,2,01,34.5586019110616,61.530543485069146,28.191074195004077
P07,trial_29_L_unaffected,2,02,28.94930566143642,52.171298665836396,29.01906194132337
P07,trial_29_L_unaffected,2,03,31.738511726098597,42.46272205733384,28.591456582781287
P07,trial_29_L_unaffected,2,04,75.49350665159054,47.97461822934714,34.0164391497069
P07,trial_29_L_unaffected,2,12,36.38099313406772,52.106645212671815,30.1025729879361
P07,trial_29_L_unaffected,2,13,39.56045142895682,46.43819523050757,27.80231791123966
P07,trial_29_L_unaffected,2,14,50.62804240592336,53.13703635515146,23.72428261320253
P07,trial_29_L_unaffected,2,23,48.1511606417928,62.85514855283921,34.93066098028211
P07,trial_29_L_unaffected,2,24,50.7063647450299,52.01145664525886,23.390482348919672
P07,trial_29_L_unaffected,2,34,50.121212715275384,50.16073038235255,27.551881159674366
P07,trial_29_L_unaffected,3,012,32.507655154351575,55.152011456881006,27.255983072216324
P07,trial_29_L_unaffected,3,013,33.30725166630919,45.920834561045325,24.52550325192896
P07,trial_29_L_unaffected,3,014,44.856649999425095,52.230499547138045,20.15431919056684
P07,trial_29_L_unaffected,3,023,30.88601425426779,47.606378203284216,25.466110826653065
P07,trial_29_L_unaffected,3,024,37.989096244521924,49.34605248890888,22.19569848341595
P07,trial_29_L_unaffected,3,034,37.37491564655692,42.19851113530079,25.150331160204015
P07,trial_29_L_unaffected,3,123,38.606209973245036,48.33159616143409,25.398601604331336
P07,trial_29_L_unaffected,3,124,46.41873323113571,51.10130191181712,21.64962257136786
P07,trial_29_L_unaffected,3,134,43.79140131750792,47.21074821483703,24.51717471885499
P07,trial_29_L_unaffected,3,234,49.760113672706645,49.5403586409892,24.151923134648886
P07,trial_29_L_unaffected,4,0123,32.81518189824294,48.429433359656166,23.40749548488724
P07,trial_29_L_unaffected,4,0124,39.164625214234995,51.10951698613969,20.1597784045716
P07,trial_29_L_unaffected,4,0134,38.52881730224209,45.934655343975216,22.723823308857725
P07,trial_29_L_unaffected,4,0234,37.21628216263097,46.54450738897071,22.923074092726015
P07,trial_29_L_unaffected,4,1234,44.18833152567816,48.254053711513706,22.866077127981956
P07,trial_29_L_unaffected,5,01234,37.87794774284987,47.71533851437703,21.506881588312996
P07,trial_2_L_unaffected,2,01,34.640577534368816,55.24769842207807,21.510043871473876
P07,trial_2_L_unaffected,2,02,29.0321388800196,51.196959072201345,22.07353144941968
P07,trial_2_L_unaffected,2,03,29.76914588194969,40.549421251476886,22.968600871848277
P07,trial_2_L_unaffected,2,04,70.0082659160772,47.06450118696064,31.35940283005357
P07,trial_2_L_unaffected,2,12,37.985484644507785,52.48122976061643,24.76105750583948
P07,trial_2_L_unaffected,2,13,38.70237998421615,43.40068452873107,23.08368555031842
P07,trial_2_L_unaffected,2,14,49.44585544289762,50.7409596983603,20.09183534720659
P07,trial_2_L_unaffected,2,23,45.028232225009255,61.699309317542,31.174459255107994
P07,trial_2_L_unaffected,2,24,50.90514107528627,52.98141098900459,22.310377154035276
P07,trial_2_L_unaffected,2,34,50.060063452537115,48.653862112637825,22.99994077012882
P07,trial_2_L_unaffected,3,012,33.854972019708114,53.64174945191683,20.426987742039753
P07,trial_2_L_unaffected,3,013,32.82646409700573,42.96771123819319,17.57815990337616
P07,trial_2_L_unaffected,3,014,43.112451423509356,49.168151355835285,15.920456655391355
P07,trial_2_L_unaffected,3,023,30.688899860694562,46.80516892225695,19.133993743138376
P07,trial_2_L_unaffected,3,024,38.17414384757369,50.03729543357758,18.851801378531047
P07,trial_2_L_unaffected,3,034,36.17175994581797,41.97443828680762,19.935240521068195
P07,trial_2_L_unaffected,3,123,38.74103918907147,46.627066194170915,21.822748702573815
P07,trial_2_L_unaffected,3,124,46.47259640292382,51.008125779999865,19.79781486274529
P07,trial_2_L_unaffected,3,134,43.24375062544964,45.87444071580869,20.60797063845297
P07,trial_2_L_unaffected,3,234,49.397011156537296,49.68522166219593,22.126551385593114
P07,trial_2_L_unaffected,4,0123,33.10381872868197,46.74267839552465,17.203662680080125
P07,trial_2_L_unaffected,4,0124,39.294666595531545,50.27559855782439,16.41348026808246
P07,trial_2_L_unaffected,4,0134,37.758512648542734,44.18553393983213,17.605523208618113
P07,trial_2_L_unaffected,4,0234,37.14061416141369,46.70070239898296,18.658400817615426
P07,trial_2_L_unaffected,4,1234,44.03394461837232,47.90106561627525,20.17574198742511
P07,trial_2_L_unaffected,5,01234,37.83841057273171,46.886289303448415,17.236684334927343
P07,trial_30_L_unaffected,2,01,34.380789579773335,58.21619113037486,27.903159633705695
P07,trial_30_L_unaffected,2,02,28.83041921092622,51.01914299091191,28.396235605092656
P07,trial_30_L_unaffected,2,03,30.742397700579684,41.96428185195154,27.806184756985235
P07,trial_30_L_unaffected,2,04,74.0284556368188,47.90587304483838,34.94093495184465
P07,trial_30_L_unaffected,2,12,36.48349183196619,51.2447999589912,28.607974089200574
P07,trial_30_L_unaffected,2,13,38.586338776815204,45.44210008790095,26.400694610721946
P07,trial_30_L_unaffected,2,14,50.99822033853068,51.44304538155806,23.32671095073602
P07,trial_30_L_unaffected,2,23,48.58256611811741,62.8566607528296,36.288269427850956
P07,trial_30_L_unaffected,2,24,51.04646347373168,51.831456332101546,23.11923904087403
P07,trial_30_L_unaffected,2,34,49.6548244938136,50.22171200419517,26.230227001002877
P07,trial_30_L_unaffected,3,012,32.25031446147556,53.73996740168138,26.45508305746378
P07,trial_30_L_unaffected,3,013,32.58416744791986,44.93645975780062,23.916155081174416
P07,trial_30_L_unaffected,3,014,44.90139617354064,50.43900943410473,19.82685649711064
P07,trial_30_L_unaffected,3,023,30.201314508922334,47.10211718277212,25.162333062113365
P07,trial_30_L_unaffected,3,024,38.09031019143837,48.93890182183088,21.957985662961846
P07,trial_30_L_unaffected,3,034,36.83294950851367,41.938956597908565,24.769826183568007
P07,trial_30_L_unaffected,3,123,37.736527658517886,47.589761473570306,24.22472145059654
P07,trial_30_L_unaffected,3,124,46.435036641318696,50.37348756494296,21.26869531658737
P07,trial_30_L_unaffected,3,134,43.457765982073326,46.259096685677164,24.00242942964946
P07,trial_30_L_unaffected,3,234,49.54521146143717,49.11270301342354,23.531288996232224
P07,trial_30_L_unaffected,4,0123,32.169769629069684,47.57358319383701,22.96994761711714
P07,trial_30_L_unaffected,4,0124,39.14454779674169,50.112316343019806,19.85767323738669
P07,trial_30_L_unaffected,4,0134,38.24318964882806,45.00308837791733,22.377670622350045
P07,trial_30_L_unaffected,4,0234,36.98955907530834,46.15947130231531,22.63386287221489
P07,trial_30_L_unaffected,4,1234,43.83583375851244,47.559838579911904,22.322454657621122
P07,trial_30_L_unaffected,5,01234,37.59695068750976,46.968658209270735,21.23948715784368
P07,trial_31_L_unaffected,2,01,33.67419695027877,56.98512361442924,25.089908734846308
P07,trial_31_L_unaffected,2,02,29.249828544787743,52.229318184205084,26.530494055187102
P07,trial_31_L_unaffected,2,03,31.809425916999768,42.44233659795606,25.257990808442802
P07,trial_31_L_unaffected,2,04,72.05466435725936,47.686021692911986,29.020009417629044
P07,trial_31_L_unaffected,2,12,36.3024024012901,53.20871033553052,28.786820283314086
P07,trial_31_L_unaffected,2,13,38.8705654961702,46.64550101291953,23.85709874101642
P07,trial_31_L_unaffected,2,14,49.14651085516924,51.83730973217554,20.709427003982967
P07,trial_31_L_unaffected,2,23,46.65257719354749,63.60071041023816,32.054969591355395
P07,trial_31_L_unaffected,2,24,48.23970681118229,53.41426975322453,22.345741743928727
P07,trial_31_L_unaffected,2,34,47.14280821904003,49.650495346590446,24.70281760752658
P07,trial_31_L_unaffected,3,012,32.4985526550057,54.51893169349565,25.91787426705796
P07,trial_31_L_unaffected,3,013,33.34902532181093,45.55807458893912,21.756594540685043
P07,trial_31_L_unaffected,3,014,43.86754689720254,50.45236038469501,17.679214358885357
P07,trial_31_L_unaffected,3,023,31.293871768630567,48.405305246812404,23.270689956022917
P07,trial_31_L_unaffected,3,024,37.17750663085434,50.282646524804825,20.40583394817577
P07,trial_31_L_unaffected,3,034,36.23489406250399,42.45400835572486,22.2324119110814
P07,trial_31_L_unaffected,3,123,37.83326048143402,49.2711119248073,22.817028625214302
P07,trial_31_L_unaffected,3,124,44.93754622106532,51.667804369405545,20.15879027044726
P07,trial_31_L_unaffected,3,134,42.22966234367085,47.10279588416959,21.436501723412363
P07,trial_31_L_unaffected,3,234,47.17098559135471,50.43900524600476,22.43905347319569
P07,trial_31_L_unaffected,4,0123,32.90158619781848,48.73476604374626,21.756512395319874
P07,trial_31_L_unaffected,4,0124,38.39141433146398,51.05883803393403,18.833783095218294
P07,trial_31_L_unaffected,4,0134,37.69632113865596,45.6034105432181,19.940417360784846
P07,trial_31_L_unaffected,4,0234,36.35928522193106,47.38827822797335,20.91405583904178
P07,trial_31_L_unaffected,4,1234,42.60486915979215,48.93438429442044,20.662623417895297
P07,trial_31_L_unaffected,5,01234,37.11361207740362,48.059503884629834,19.589504010123445
P07,trial_32_L_unaffected,2,01,35.22276122220675,59.453157817198296,31.46566894347535
P07,trial_32_L_unaffected,2,02,30.084723803461674,53.56256937364898,31.62842461264367
P07,trial_32_L_unaffected,2,03,31.255117772892802,41.33096960580128,30.993541645955737
P07,trial_32_L_unaffected,2,04,70.808854185581,47.41642891197815,35.06155751481103
P07,trial_32_L_unaffected,2,12,37.587052242763015,54.21879862152098,29.550930773609295
P07,trial_32_L_unaffected,2,13,39.390626969121946,45.83636452973533,26.970476522078528
P07,trial_32_L_unaffected,2,14,49.788387173087244,51.08101650229245,24.112655320176412
P07,trial_32_L_unaffected,2,23,49.85666848816815,64.4691726626662,31.331942211574887
P07,trial_32_L_unaffected,2,24,50.379084793871556,53.543599148939,24.5052422441664
P07,trial_32_L_unaffected,2,34,49.10376172427248,46.64114052613725,28.339851374118606
P07,trial_32_L_unaffected,3,012,33.63827307345094,56.206683168833266,30.465453839810166
P07,trial_32_L_unaffected,3,013,33.32884790192093,45.12938806325611,26.36529787971791
P07,trial_32_L_unaffected,3,014,44.07767294431372,50.570263887577156,22.2164521515628
P07,trial_32_L_unaffected,3,023,31.459643311065957,48.56531562583405,28.855459654550113
P07,trial_32_L_unaffected,3,024,37.873179054550846,50.75711629580997,24.86518204421558
P07,trial_32_L_unaffected,3,034,36.36395827429796,41.1661420024039,27.399592303888994
P07,trial_32_L_unaffected,3,123,38.788393725246294,49.28275921410816,25.352037012181437
P07,trial_32_L_unaffected,3,124,45.959044180307174,51.55450147424211,22.64674650852494
P07,trial_32_L_unaffected,3,134,43.10303153138523,45.89595439579788,24.886504469556186
P07,trial_32_L_unaffected,3,234,49.3599126306988,49.873655109597514,25.636105384768825
P07,trial_32_L_unaffected,4,0123,33.3003264345598,49.014758498145305,26.28057942360717
P07,trial_32_L_unaffected,4,0124,38.986386028814046,51.51484706564533,22.759698457330984
P07,trial_32_L_unaffected,4,0134,37.977074492638216,44.859808602680026,24.341715267266913
P07,trial_32_L_unaffected,4,0234,37.13788432961189,47.14491513474105,25.790127319022766
P07,trial_32_L_unaffected,4,1234,43.79540943320692,48.461866901828955,23.804035832258975
P07,trial_32_L_unaffected,5,01234,37.72775968176482,47.90458877521508,23.928753282426758
P07,trial_33_L_unaffected,2,01,35.30961975972715,59.48537358470229,28.342369671013852
P07,trial_33_L_unaffected,2,02,30.03661230182285,52.58228511811253,29.76173717107009
P07,trial_33_L_unaffected,2,03,30.611202280403173,41.06255826220664,28.701998020414514
P07,trial_33_L_unaffected,2,04,70.73871175150276,47.638904683372694,35.0808811845952
P07,trial_33_L_unaffected,2,12,36.56347352578647,52.40418966215129,30.810458635110574
P07,trial_33_L_unaffected,2,13,37.92976090880178,45.093891105613366,27.371556022632166
P07,trial_33_L_unaffected,2,14,50.03957441511436,51.173211610214224,23.16935913226997
P07,trial_33_L_unaffected,2,23,49.15302534853543,62.012140842669105,35.06683694029524
P07,trial_33_L_unaffected,2,24,50.17448817202034,52.05412393799852,23.331536212367848
P07,trial_33_L_unaffected,2,34,48.488230568031604,47.13950149904936,25.699948078161825
P07,trial_33_L_unaffected,3,012,32.50943784465768,54.621988552910985,27.82361850628346
P07,trial_33_L_unaffected,3,013,32.48012938578759,44.839833775244614,24.583295762189714
P07,trial_33_L_unaffected,3,014,44.55805949655856,50.76068834406751,20.74953153067705
P07,trial_33_L_unaffected,3,023,30.696848472329805,47.39091871474777,26.6441843985628
P07,trial_33_L_unaffected,3,024,38.015874032268044,49.24646043814612,23.044170395492724
P07,trial_33_L_unaffected,3,034,36.07082286902107,40.65559515823382,24.87415556915103
P07,trial_33_L_unaffected,3,123,37.229806722609126,47.90090664089983,26.07484693125015
P07,trial_33_L_unaffected,3,124,45.614535788349215,50.37325172701885,21.982615747737785
P07,trial_33_L_unaffected,3,134,42.314695842448465,45.21784062109538,23.70376878423636
P07,trial_33_L_unaffected,3,234,48.51471735817636,48.54831064160497,23.69498642216353
P07,trial_33_L_unaffected,4,0123,32.2445364295133,47.99716724094261,24.3516302540926
P07,trial_33_L_unaffected,4,0124,38.84581538570443,50.46296249876363,21.106989690010998
P07,trial_33_L_unaffected,4,0134,37.59027608927762,44.49792780431645,22.47556152469543
P07,trial_33_L_unaffected,4,0234,36.709958178041596,45.876139040490116,23.34318206829673
P07,trial_33_L_unaffected,4,1234,42.912984896814045,47.13942105699355,22.804039718380103
P07,trial_33_L_unaffected,5,01234,37.16399536435897,46.885640724733484,21.954963664278583
P07,trial_34_L_unaffected,2,01,35.69073903486428,58.483965617227916,28.656443699270813
P07,trial_34_L_unaffected,2,02,31.12260201385665,52.752852701286116,28.932598838906152
P07,trial_34_L_unaffected,2,03,32.22536014708045,41.34127291425266,26.82576367371617
P07,trial_34_L_unaffected,2,04,70.43177910139616,48.34680954567758,30.83956223312138
P07,trial_34_L_unaffected,2,12,36.76260705514116,52.11854057378951,27.27786128840862
P07,trial_34_L_unaffected,2,13,38.857428339499926,44.53559658857746,24.030248163999346
P07,trial_34_L_unaffected,2,14,50.699930182986854,51.223864061410076,22.13876285901492
P07,trial_34_L_unaffected,2,23,49.898530114734434,60.90154399089023,33.368729716767284
P07,trial_34_L_unaffected,2,24,51.299582856309144,52.357903526093025,22.580397608423006
P07,trial_34_L_unaffected,2,34,49.35345356507421,47.13608378647614,25.511547788360115
P07,trial_34_L_unaffected,3,012,32.86318524794256,54.36598760031697,27.168039096640225
P07,trial_34_L_unaffected,3,013,33.426511266351596,44.476382666348606,22.600535336229477
P07,trial_34_L_unaffected,3,014,45.28151220039069,50.5347895576313,19.66939218939693
P07,trial_34_L_unaffected,3,023,31.91716077425171,47.47684509733934,25.131342240504544
P07,trial_34_L_unaffected,3,024,38.99339811984631,49.60525282318182,22.338760659414252
P07,trial_34_L_unaffected,3,034,37.58666857520085,41.22523256829157,23.675766026197902
P07,trial_34_L_unaffected,3,123,37.89389917922349,47.4704411476203,23.14582281576467
P07,trial_34_L_unaffected,3,124,46.21758844544924,50.691497510197756,20.940486578127928
P07,trial_34_L_unaffected,3,134,43.495780362075884,45.68932761320915,21.946558422398883
P07,trial_34_L_unaffected,3,234,50.0435415942896,49.00109825332299,22.700985777337866
P07,trial_34_L_unaffected,4,0123,33.0318395705805,47.87056763036447,22.627053336519108
P07,trial_34_L_unaffected,4,0124,39.49588762049435,50.58781642042079,20.3945866611241
P07,trial_34_L_unaffected,4,0134,38.7587162676112,44.643114096914836,20.936550413550442
P07,trial_34_L_unaffected,4,0234,38.0942024897443,46.28008634575307,22.267726514737305
P07,trial_34_L_unaffected,4,1234,43.98648388372771,47.59870740933323,21.281072492166285
P07,trial_34_L_unaffected,5,01234,38.20117030344937,47.10605749709552,20.648264838239623
P07,trial_35_L_unaffected,2,01,34.7049891055151,59.941155083716346,31.329422561739754
P07,trial_35_L_unaffected,2,02,29.57423300825738,52.27591026272466,31.468850808585486
P07,trial_35_L_unaffected,2,03,31.4159439072064,42.18111231050736,29.68231138897451
P07,trial_35_L_unaffected,2,04,73.64794144076703,47.97412386817573,34.98105811335201
P07,trial_35_L_unaffected,2,12,35.99826533303499,52.45783110129438,29.609629430624395
P07,trial_35_L_unaffected,2,13,38.297099827525265,45.93306764731731,26.69345408642178
P07,trial_35_L_unaffected,2,14,50.57426606389377,52.01584110808389,23.97204086094224
P07,trial_35_L_unaffected,2,23,49.39001320287329,60.07158958061332,33.412133168804154
P07,trial_35_L_unaffected,2,24,51.21161559246336,51.21915105067854,24.093790339846766
P07,trial_35_L_unaffected,2,34,49.99572666451749,48.50034420915243,26.41461319012038
P07,trial_35_L_unaffected,3,012,32.063559679776795,54.80890883632873,30.0176460811022
P07,trial_35_L_unaffected,3,013,32.573122382195166,45.638976867108006,25.581050812976112
P07,trial_35_L_unaffected,3,014,44.83488640602241,51.09140241455827,22.00642256841112
P07,trial_35_L_unaffected,3,023,30.50673906108643,47.56308250340466,27.902868032370503
P07,trial_35_L_unaffected,3,024,38.121954364595055,48.94378956699376,24.35115894093337
P07,trial_35_L_unaffected,3,034,37.20328355368385,41.731666857917475,25.904376396725667
P07,trial_35_L_unaffected,3,123,37.29097758448581,48.10217365828372,24.98904645905355
P07,trial_35_L_unaffected,3,124,46.01266919294209,50.46416689725624,22.495113751638872
P07,trial_35_L_unaffected,3,134,43.241593347486166,46.6848556865732,24.596776253820614
P07,trial_35_L_unaffected,3,234,49.96801269949691,48.74225207161216,24.600420898931382
P07,trial_35_L_unaffected,4,0123,32.04191033434097,48.38338809884414,25.5234958765872
P07,trial_35_L_unaffected,4,0124,38.831609366614344,50.53409473545131,22.49578156758269
P07,trial_35_L_unaffected,4,0134,38.182188688608505,45.47435603172606,23.749959416204536
P07,trial_35_L_unaffected,4,0234,37.24533482974062,46.183767653700606,24.61770306221194
P07,trial_35_L_unaffected,4,1234,43.670800731035854,47.81485489351313,23.400404418332283
P07,trial_35_L_unaffected,5,01234,37.481620734352646,47.37576606128406,23.20812115203718
P07,trial_36_L_unaffected,2,01,35.02208927460052,61.81861465590923,29.714239768396695
P07,trial_36_L_unaffected,2,02,31.51673858087155,54.333912692590964,31.26289161258251
P07,trial_36_L_unaffected,2,03,32.30811921021192,44.81359501644795,27.06862721431034
P07,trial_36_L_unaffected,2,04,71.96026703658241,45.73671039828136,34.87827431686955
P07,trial_36_L_unaffected,2,12,37.17411609809647,54.53523815913809,30.0323139498277
P07,trial_36_L_unaffected,2,13,39.27413984809654,49.920415830819536,23.770537588466983
P07,trial_36_L_unaffected,2,14,51.797749963269126,53.54141151261703,23.94680108534263
P07,trial_36_L_unaffected,2,23,50.895969042388195,65.63853893296319,32.250374640489234
P07,trial_36_L_unaffected,2,24,53.301235175907536,53.73770911023556,24.97018801019483
P07,trial_36_L_unaffected,2,34,51.38837217659295,52.97616750123911,26.893334366414884
P07,trial_36_L_unaffected,3,012,33.43523131249669,56.42492472710356,29.190535439452717
P07,trial_36_L_unaffected,3,013,33.330779614348735,48.22637864266782,23.27636202042716
P07,trial_36_L_unaffected,3,014,45.30316050083547,51.79428460889561,21.11841933435662
P07,trial_36_L_unaffected,3,023,32.01094747078366,50.190650223287484,26.05936177695691
P07,trial_36_L_unaffected,3,024,39.989944374161944,50.32811118399683,24.022070917950504
P07,trial_36_L_unaffected,3,034,38.5678452798305,44.280735519326434,24.661397679542283
P07,trial_36_L_unaffected,3,123,38.844897362954924,51.73086193920157,22.781711290485656
P07,trial_36_L_unaffected,3,124,47.951374397522265,52.55707344336884,22.963906465123348
P07,trial_36_L_unaffected,3,134,44.77717039290877,50.165404378000204,23.26586041723509
P07,trial_36_L_unaffected,3,234,51.437274008744964,52.4859785620994,24.165591602795736
P07,trial_36_L_unaffected,4,0123,33.42770524995621,50.934301256911745,23.605269668006365
P07,trial_36_L_unaffected,4,0124,40.409393123102916,52.12519047271638,22.00308035824333
P07,trial_36_L_unaffected,4,0134,39.37674462357593,47.925353963496065,22.056350468792104
P07,trial_36_L_unaffected,4,0234,39.02455460375696,48.798168422150766,23.358384243145434
P07,trial_36_L_unaffected,4,1234,45.42660774212337,51.055663940363026,22.53514309946977
P07,trial_36_L_unaffected,5,01234,39.09453085420207,49.88949685131678,21.77631924706605
P07,trial_37_L_unaffected,2,01,36.45488494798139,62.06979218540793,30.47572011830627
P07,trial_37_L_unaffected,2,02,32.368805359248235,54.630687496701505,30.52812779212465
P07,trial_37_L_unaffected,2,03,32.42132677210454,42.88147430531983,28.781257944835616
P07,trial_37_L_unaffected,2,04,70.99971188932938,46.87268991390885,33.13781259469114
P07,trial_37_L_unaffected,2,12,38.21381095794984,54.81792990958921,29.045933209614113
P07,trial_37_L_unaffected,2,13,39.458765107734656,48.33638824203995,25.164616605947884
P07,trial_37_L_unaffected,2,14,51.359380932735085,54.46940936183532,22.9103244479651
P07,trial_37_L_unaffected,2,23,51.845593241681826,69.11265378584089,33.00694196582334
P07,trial_37_L_unaffected,2,24,52.58694080034882,54.94767717747892,23.571069682739193
P07,trial_37_L_unaffected,2,34,50.879393095243266,49.91778517711042,28.069529635376625
P07,trial_37_L_unaffected,3,012,34.401250472395006,56.529897047715416,28.3436151763216
P07,trial_37_L_unaffected,3,013,33.58288973076318,46.9520747843764,24.404208150986587
P07,trial_37_L_unaffected,3,014,44.99317444351187,52.609092371995686,20.49270031814457
P07,trial_37_L_unaffected,3,023,32.1903170288683,49.598633703901584,27.218911405967393
P07,trial_37_L_unaffected,3,024,39.458772893779134,50.8721401262806,23.419365377236332
P07,trial_37_L_unaffected,3,034,37.99240330753033,41.89480662928003,25.443871318249535
P07,trial_37_L_unaffected,3,123,38.98249543444242,51.411653296767646,23.818680730969803
P07,trial_37_L_unaffected,3,124,47.375391565018035,53.410647091506334,21.880892319193308
P07,trial_37_L_unaffected,3,134,44.1506112978275,48.326965977756245,23.825545580540375
P07,trial_37_L_unaffected,3,234,50.91651995524359,51.497313469518566,24.402966915927962
P07,trial_37_L_unaffected,4,0123,33.70170373390646,50.37066775816906,24.35964839888798
P07,trial_37_L_unaffected,4,0124,40.03217166513669,52.67586142344027,21.496170766541255
P07,trial_37_L_unaffected,4,0134,38.898428226246615,46.5807540628892,22.62758113242839
P07,trial_37_L_unaffected,4,0234,38.51014794352359,47.84711765128217,24.01904346980452
P07,trial_37_L_unaffected,4,1234,44.85838941401437,50.26996103541628,22.660818140037033
P07,trial_37_L_unaffected,5,01234,38.66223696043313,49.24582108869815,22.26697098839053
P07,trial_38_L_unaffected,2,01,33.97911381709763,59.02495175668926,28.78345523173893
P07,trial_38_L_unaffected,2,02,29.075841670633572,50.90077477393396,30.372606057813673
P07,trial_38_L_unaffected,2,03,31.428804641032734,41.21810512656784,28.556768180432552
P07,trial_38_L_unaffected,2,04,72.30204722711478,46.077799175999814,35.700101249132324
P07,trial_38_L_unaffected,2,12,36.25997142554153,50.60164898496679,31.667616336040233
P07,trial_38_L_unaffected,2,13,38.60107333433567,45.00883415895845,26.188439384334625
P07,trial_38_L_unaffected,2,14,50.12196352491844,50.48983869430275,23.876304082747968
P07,trial_38_L_unaffected,2,23,49.76998973195329,60.144658513079854,31.384826301419324
P07,trial_38_L_unaffected,2,24,51.35954121589298,50.417182872698376,24.238154687149045
P07,trial_38_L_unaffected,2,34,49.64101028566994,48.47626883894795,25.745267804277354
P07,trial_38_L_unaffected,3,012,32.14452910062133,53.6405616917135,29.059769011740272
P07,trial_38_L_unaffected,3,013,32.688583580905885,44.645492219533196,24.34416577257436
P07,trial_38_L_unaffected,3,014,44.09361267201494,49.81746376354156,20.376611516319834
P07,trial_38_L_unaffected,3,023,30.637293852132007,46.51241842556288,26.267045224699167
P07,trial_38_L_unaffected,3,024,38.16801341016801,47.82390571234174,23.170678967332524
P07,trial_38_L_unaffected,3,034,37.1667487726187,40.90260888561824,24.40729786885965
P07,trial_38_L_unaffected,3,123,37.810153039558344,47.06291016966362,25.298768140804885
P07,trial_38_L_unaffected,3,124,46.21267196666929,49.17428429039011,22.817580854803737
P07,trial_38_L_unaffected,3,134,43.492535029128184,45.492256446973535,23.46035834705527
P07,trial_38_L_unaffected,3,234,49.938929733156016,48.06093358108202,23.577821624693236
P07,trial_38_L_unaffected,4,0123,32.296947252129115,47.223457281833454,24.270920435063157
P07,trial_38_L_unaffected,4,0124,38.82957660412974,49.30267831133567,21.42239541657159
P07,trial_38_L_unaffected,4,0134,38.190393843480315,44.361236416201244,22.181968397299848
P07,trial_38_L_unaffected,4,0234,37.284456953152066,45.194569077498784,23.01832280532959
P07,trial_38_L_unaffected,4,1234,43.993152129669944,46.64782244217921,22.76357746222315
P07,trial_38_L_unaffected,5,01234,37.62217076047684,46.22667797372747,21.818800446214297
P07,trial_39_L_unaffected,2,01,32.93441289499754,60.24222731018459,29.21432886898889
P07,trial_39_L_unaffected,2,02,27.917080600708463,51.27476074578287,29.460688887965176
P07,trial_39_L_unaffected,2,03,28.4452722651849,41.24877240486883,29.317668135717774
P07,trial_39_L_unaffected,2,04,72.45591016197767,49.214563629589215,36.06090157943579
P07,trial_39_L_unaffected,2,12,35.502191186345705,51.44060548151741,29.761603024989032
P07,trial_39_L_unaffected,2,13,36.40319356486369,44.282366967504096,27.340496468260405
P07,trial_39_L_unaffected,2,14,49.66468263662742,52.11738908589214,24.37645758144971
P07,trial_39_L_unaffected,2,23,48.85240326476783,61.850686540426274,34.65173360728375
P07,trial_39_L_unaffected,2,24,51.895550346635304,50.355642718771875,23.925942043452025
P07,trial_39_L_unaffected,2,34,49.824542941300585,48.18484565214454,28.045911354418756
P07,trial_39_L_unaffected,3,012,30.77384439491321,54.53624630011319,27.724477496812714
P07,trial_39_L_unaffected,3,013,30.407794435772946,44.71843302722487,24.560147496223266
P07,trial_39_L_unaffected,3,014,43.61742401525081,51.565889575618115,20.989436642648222
P07,trial_39_L_unaffected,3,023,28.47788811538944,46.41492732247666,26.258943574060527
P07,trial_39_L_unaffected,3,024,37.2915745907142,48.363972698607284,23.318994146278907
P07,trial_39_L_unaffected,3,034,35.071594792158535,41.01516231195944,26.03738223715487
P07,trial_39_L_unaffected,3,123,35.82733499449528,46.35744543892681,25.086829580272642
P07,trial_39_L_unaffected,3,124,45.214355033511794,49.74123541416395,22.004559194451435
P07,trial_39_L_unaffected,3,134,41.72421216555707,45.159189356462115,24.583207771526823
P07,trial_39_L_unaffected,3,234,49.938525951472606,47.15973336306069,24.30747396354649
P07,trial_39_L_unaffected,4,0123,30.207618502202525,47.18654307790296,23.64077411879361
P07,trial_39_L_unaffected,4,0124,37.61247632272738,50.08021071997086,20.79484915373722
P07,trial_39_L_unaffected,4,0134,36.33985008938057,44.599806733309805,22.893121731925024
P07,trial_39_L_unaffected,4,0234,35.854026475946974,45.01685462699758,23.640313651412473
P07,trial_39_L_unaffected,4,1234,42.50107298159822,46.18007844850524,22.90266048324037
P07,trial_39_L_unaffected,5,01234,35.89903269096911,46.243182219131974,21.772936845857455
P07,trial_3_L_unaffected,2,01,34.02574833691207,60.66332178277473,26.616085596643458
P07,trial_3_L_unaffected,2,02,27.14074367319095,52.07590015889185,25.263692111625883
P07,trial_3_L_unaffected,2,03,28.997042894317207,39.07904554627298,25.02767555915973
P07,trial_3_L_unaffected,2,04,75.7342182323697,49.64058001785977,35.266650438473626
P07,trial_3_L_unaffected,2,12,36.76833059303789,51.5014316271181,24.79847874728843
P07,trial_3_L_unaffected,2,13,38.27131294192321,42.34741959941701,22.273437734969878
P07,trial_3_L_unaffected,2,14,50.201897145070554,52.445792039472174,19.457910771548846
P07,trial_3_L_unaffected,2,23,45.09730579749478,57.244010103834604,30.480683390102055
P07,trial_3_L_unaffected,2,24,51.59381125176748,52.83633400926718,21.395343617152985
P07,trial_3_L_unaffected,2,34,52.128690410548465,47.42884691295515,23.14681258173042
P07,trial_3_L_unaffected,3,012,31.922293030831838,55.2530792602898,23.616860595769488
P07,trial_3_L_unaffected,3,013,31.51460620919543,43.01142535333263,18.66244076258511
P07,trial_3_L_unaffected,3,014,43.411588547480484,51.52998795678023,15.768230608138428
P07,trial_3_L_unaffected,3,023,28.59113193851893,45.77483929831042,20.95814240396065
P07,trial_3_L_unaffected,3,024,37.52022137516107,50.18647259685974,19.02362998087417
P07,trial_3_L_unaffected,3,034,36.210694774533565,40.57876186544368,21.303249059481836
P07,trial_3_L_unaffected,3,123,37.93316346281826,45.45658277463227,20.439587384745586
P07,trial_3_L_unaffected,3,124,46.74974835336103,51.30210778222478,18.91869293977827
P07,trial_3_L_unaffected,3,134,43.456985236219595,45.309013476863974,20.09994539817426
P07,trial_3_L_unaffected,3,234,50.21457540655888,48.75177334612698,21.111245943891976
P07,trial_3_L_unaffected,4,0123,31.39809581434403,46.61700746768681,18.131805976739475
P07,trial_3_L_unaffected,4,0124,38.727445508774345,51.24510251445433,16.40664915911803
P07,trial_3_L_unaffected,4,0134,37.33929737200963,44.09791097016441,17.653869366240112
P07,trial_3_L_unaffected,4,0234,36.34173393933782,45.70909067887485,18.884532278442116
P07,trial_3_L_unaffected,4,1234,44.08639551204308,47.20696028025089,19.13383873964422
P07,trial_3_L_unaffected,5,01234,37.084766994743696,46.65019699335894,16.90362466298312
P07,trial_40_L_unaffected,2,01,33.46534179977057,65.09247249258694,31.373380201648185
P07,trial_40_L_unaffected,2,02,27.45072485204756,53.49851666344337,31.75436204530738
P07,trial_40_L_unaffected,2,03,29.35468887017335,41.30717818673362,29.600405929240992
P07,trial_40_L_unaffected,2,04,74.09196209778219,50.29862146400334,35.12911926600611
P07,trial_40_L_unaffected,2,12,35.33343740000596,51.56700152719227,28.639058238121702
P07,trial_40_L_unaffected,2,13,37.55630248463533,44.47738051467865,27.32647195625176
P07,trial_40_L_unaffected,2,14,50.31977613134274,53.454028113636085,23.74684509208669
P07,trial_40_L_unaffected,2,23,48.091067871907754,55.960974126083634,38.04969644743351
P07,trial_40_L_unaffected,2,24,51.81415562480667,51.05575642852208,24.83205253842184
P07,trial_40_L_unaffected,2,34,51.51053286021602,47.7571031943474,29.30182492136446
P07,trial_40_L_unaffected,3,012,30.49723394402702,56.53327808173744,29.17431874476884
P07,trial_40_L_unaffected,3,013,31.015654289480917,45.87607342620014,24.66103653370463
P07,trial_40_L_unaffected,3,014,43.87059604271352,53.38552687482544,20.84483128414385
P07,trial_40_L_unaffected,3,023,28.75786555653905,47.0784291461274,27.839714183147564
P07,trial_40_L_unaffected,3,024,37.43296485009797,49.292065587023174,24.35787069955643
P07,trial_40_L_unaffected,3,034,36.24117606576434,41.28278730757833,26.608266779058194
P07,trial_40_L_unaffected,3,123,36.56093941554778,46.48378947699869,25.250640297865584
P07,trial_40_L_unaffected,3,124,45.87574267518836,50.64315208558086,22.359360902967758
P07,trial_40_L_unaffected,3,134,43.004438381593914,46.199120059598734,25.10663865340221
P07,trial_40_L_unaffected,3,234,50.62241493621072,47.96611677075793,25.452282889666094
P07,trial_40_L_unaffected,4,0123,30.63068611387181,48.38697732788506,24.581121897577365
P07,trial_40_L_unaffected,4,0124,38.00154137679765,51.49531021407467,21.505599470165677
P07,trial_40_L_unaffected,4,0134,37.168612130697596,45.75301418890433,23.142608515260612
P07,trial_40_L_unaffected,4,0234,36.482905558062875,45.75747112376199,24.731050653866692
P07,trial_40_L_unaffected,4,1234,43.47957114196338,47.13187142250215,23.586168994883945
P07,trial_40_L_unaffected,5,01234,36.61711291590778,47.37366574070082,22.530051545216438
P07,trial_41_L_unaffected,2,01,38.6725306816689,57.824928881026615,24.96744200969253
P07,trial_41_L_unaffected,2,02,34.70388951654419,53.17809316554994,27.530480631385508
P07,trial_41_L_unaffected,2,03,34.498292606852544,43.65396154080862,30.68755948242081
P07,trial_41_L_unaffected,2,04,67.55597347553201,51.02540682455188,33.67723235407833
P07,trial_41_L_unaffected,2,12,38.129397140915685,53.75050841820092,29.56379050224647
P07,trial_41_L_unaffected,2,13,39.86988001141609,47.12110272216193,30.21075101886077
P07,trial_41_L_unaffected,2,14,51.332440536290584,53.692063864289224,25.022867585920967
P07,trial_41_L_unaffected,2,23,53.856499144886676,62.41010961391366,40.35967425851533
P07,trial_41_L_unaffected,2,24,52.70700887899628,54.296652840643496,24.595783872819226
P07,trial_41_L_unaffected,2,34,50.67449378367017,51.08449120218913,31.953726548868733
P07,trial_41_L_unaffected,3,012,35.71256472671506,54.911070239453146,26.093825951095656
P07,trial_41_L_unaffected,3,013,35.746334273368696,46.4499080021539,26.291402565465873
P07,trial_41_L_unaffected,3,014,46.26517071798651,52.41288510688812,22.4143223058082
P07,trial_41_L_unaffected,3,023,35.308505111841775,49.26720682754371,27.49906009714526
P07,trial_41_L_unaffected,3,024,41.552174737673575,51.081018599015714,23.653471279334166
P07,trial_41_L_unaffected,3,034,39.42639060531536,43.86877062527397,28.46103574182289
P07,trial_41_L_unaffected,3,123,39.411862023409384,49.781280379834975,27.93296560349001
P07,trial_41_L_unaffected,3,124,47.61126474792664,52.68162167869332,23.525377071093686
P07,trial_41_L_unaffected,3,134,44.85497988333004,48.249721039891334,27.28878839221029
P07,trial_41_L_unaffected,3,234,51.40447635826324,51.53997174156517,26.86171579752519
P07,trial_41_L_unaffected,4,0123,35.71427806429264,49.486290275847686,25.32812586622123
P07,trial_41_L_unaffected,4,0124,41.627302732157396,52.081448051253865,22.22940845734115
P07,trial_41_L_unaffected,4,0134,40.54220668793514,46.917677354207385,25.447421967214094
P07,trial_41_L_unaffected,4,0234,40.63730500839873,48.357641057510826,25.704930192897095
P07,trial_41_L_unaffected,4,1234,45.559819237999676,49.83524564062779,25.501989776847093
P07,trial_41_L_unaffected,5,01234,40.43080300699976,49.048135325602416,24.241126371957037
P07,trial_42_L_unaffected,2,01,35.854720851309594,59.67338545043851,28.720879871657054
P07,trial_42_L_unaffected,2,02,31.694695004146503,52.92327738807145,29.157365673341044
P07,trial_42_L_unaffected,2,03,32.67343724463347,42.253511694955805,28.604887669239456
P07,trial_42_L_unaffected,2,04,72.19527807517606,49.416295020419135,33.002722517795654
P07,trial_42_L_unaffected,2,12,37.79071190347081,51.86005334719749,28.8238612449935
P07,trial_42_L_unaffected,2,13,39.44464720603879,45.433737216766154,26.884604634814096
P07,trial_42_L_unaffected,2,14,51.72351021697165,52.518420377795536,24.44856509095914
P07,trial_42_L_unaffected,2,23,51.05523970772858,59.493848454550054,35.766391374973054
P07,trial_42_L_unaffected,2,24,52.43805611378377,52.53593294466164,24.41781138753067
P07,trial_42_L_unaffected,2,34,51.03305781926968,48.444737757293815,27.285580728114844
P07,trial_42_L_unaffected,3,012,33.57659673727075,54.844083722117524,27.320702205520405
P07,trial_42_L_unaffected,3,013,34.15666308996874,45.42024804798167,24.55272352549435
P07,trial_42_L_unaffected,3,014,46.018758316134765,51.72420673175772,21.49905356422015
P07,trial_42_L_unaffected,3,023,32.59327536140212,48.12644151157482,26.662535998393864
P07,trial_42_L_unaffected,3,024,39.89341406867186,49.92713456279021,23.45594110911018
P07,trial_42_L_unaffected,3,034,38.36428497348858,42.069373002168625,25.53286080867307
P07,trial_42_L_unaffected,3,123,38.46222456576193,48.044104784088276,25.142325453001934
P07,trial_42_L_unaffected,3,124,47.16835531580161,51.24765044688693,22.64846052320535
P07,trial_42_L_unaffected,3,134,44.25057318480972,46.681268297553764,24.6407520110959
P07,trial_42_L_unaffected,3,234,51.00619825355534,49.68007447751496,24.624188464948766
P07,trial_42_L_unaffected,4,0123,33.78571088201985,48.5107573329108,24.088778024072013
P07,trial_42_L_unaffected,4,0124,40.30366636129804,51.17732249499907,21.511535029854496
P07,trial_42_L_unaffected,4,0134,39.46559769563475,45.60836808995951,23.124830593382626
P07,trial_42_L_unaffected,4,0234,38.89946456746047,46.889778893320134,23.92497274882838
P07,trial_42_L_unaffected,4,1234,44.698593051638284,48.28099617776637,23.374651986686285
P07,trial_42_L_unaffected,5,01234,38.93656953792968,47.79433316281755,22.394162548323227
P07,trial_43_R_affected,2,01,40.07134628225602,59.11311485029775,30.923508344537524
P07,trial_43_R_affected,2,02,38.66547642361774,55.662904675312525,23.26173487932931
P07,trial_43_R_affected,2,03,35.17384639820046,52.06525433558627,19.723018739559535
P07,trial_43_R_affected,2,04,62.383258631176346,44.05955600163687,27.010663026982268
P07,trial_43_R_affected,2,12,55.42465888065081,67.0677732638943,45.83914282132407
P07,trial_43_R_affected,2,13,42.40648336839496,56.51947359536512,32.57825791250232
P07,trial_43_R_affected,2,14,43.23430861643355,49.669666768061134,28.670231303632946
P07,trial_43_R_affected,2,23,33.768732836688315,54.09679379893905,25.538012584734766
P07,trial_43_R_affected,2,24,28.5818095789051,55.31405943049002,19.902834502052038
P07,trial_43_R_affected,2,34,30.099979533498495,60.139300835664024,18.940804069714844
P07,trial_43_R_affected,3,012,41.51480271456325,57.491606045631066,27.36764608357116
P07,trial_43_R_affected,3,013,38.246903639765996,54.50225036552593,25.26051920426735
P07,trial_43_R_affected,3,014,42.623692746029455,49.46656215776123,26.972351699721973
P07,trial_43_R_affected,3,023,36.25341283648604,53.468045961850905,20.01345619661959
P07,trial_43_R_affected,3,024,31.118933573412257,52.44546731446075,18.84311854604049
P07,trial_43_R_affected,3,034,30.425523579559318,52.51672313103484,16.49810238536741
P07,trial_43_R_affected,3,123,43.16324228792398,57.13090928002843,32.01452642796754
P07,trial_43_R_affected,3,124,35.02097345424546,53.81413135240845,24.047270023425764
P07,trial_43_R_affected,3,134,33.62388946181188,53.10211452974518,23.024550265946193
P07,trial_43_R_affected,3,234,28.752316100444055,56.74477675264139,17.839315752926705
P07,trial_43_R_affected,4,0123,39.219642378940925,55.113868654728265,24.780158484872995
P07,trial_43_R_affected,4,0124,35.339141557657115,52.80907094593145,22.583105723065348
P07,trial_43_R_affected,4,0134,34.50780935223855,52.06109424654475,21.751231027430148
P07,trial_43_R_affected,4,0234,30.340157869979567,53.466894068663265,16.663246868099783
P07,trial_43_R_affected,4,1234,32.93810574531487,54.47681707067967,21.926114417797752
P07,trial_43_R_affected,5,01234,33.81610247274545,53.37170399699566,20.776636847034084
P07,trial_44_R_affected,2,01,37.924935051681494,51.048583272169196,27.709366711461403
P07,trial_44_R_affected,2,02,38.656358824433084,59.11974206844248,22.881521080718937
P07,trial_44_R_affected,2,03,38.25452191116299,52.281976685373984,21.8920810634542
P07,trial_44_R_affected,2,04,77.80326587815603,43.42782687069069,32.82952922401403
P07,trial_44_R_affected,2,12,50.99957791026955,68.4282544747768,45.858428750506974
P07,trial_44_R_affected,2,13,41.703141539258404,53.003934380643514,32.28498153318326
P07,trial_44_R_affected,2,14,47.863271188240645,43.79724730503503,28.81802451902568
P07,trial_44_R_affected,2,23,34.544254944443935,56.42025198867677,32.1998233471244
P07,trial_44_R_affected,2,24,32.83084164923746,56.29594519633632,22.28654814855769
P07,trial_44_R_affected,2,34,37.30067296855944,58.68852057634365,18.569248114109076
P07,trial_44_R_affected,3,012,40.07419325674308,57.90834467627647,25.194914485979854
P07,trial_44_R_affected,3,013,38.87154920014572,51.86791632370335,25.30177375040238
P07,trial_44_R_affected,3,014,47.37544995662542,44.63261560270009,26.72950486323134
P07,trial_44_R_affected,3,023,38.0709014517362,55.183147414105285,21.674948334287258
P07,trial_44_R_affected,3,024,32.30041643972098,53.73786895547449,20.378079734140112
P07,trial_44_R_affected,3,034,34.27395161379966,52.11742232633506,18.503610889113887
P07,trial_44_R_affected,3,123,41.848071721707946,55.98653153866093,31.738456809109337
P07,trial_44_R_affected,3,124,35.96987485114802,51.75886865894361,22.906808358567588
P07,trial_44_R_affected,3,134,35.79558190270262,49.85495383992071,22.664200261096326
P07,trial_44_R_affected,3,234,33.894556421041,57.07933927568558,19.650253798901858
P07,trial_44_R_affected,4,0123,39.36999250824329,54.70151961418895,24.742426832539643
P07,trial_44_R_affected,4,0124,35.6896929718414,51.462494158195014,21.84781865713912
P07,trial_44_R_affected,4,0134,36.70300237729906,49.40619084781004,22.012627334452798
P07,trial_44_R_affected,4,0234,32.323002960498734,54.12299169414134,18.620737919332765
P07,trial_44_R_affected,4,1234,34.069522255793714,52.92382467799714,21.760822742017552
P07,trial_44_R_affected,5,01234,34.699839006982224,52.27557444625533,21.037056257340353
P07,trial_45_R_affected,2,01,42.17024493172333,50.96540190787415,31.050282104838406
P07,trial_45_R_affected,2,02,41.17308971837901,57.43387909488665,24.86601682554539
P07,trial_45_R_affected,2,03,39.85279237916797,50.95123734926608,23.832386290847737
P07,trial_45_R_affected,2,04,78.93232926177926,44.9289551711216,34.88412597151621
P07,trial_45_R_affected,2,12,53.32434233060471,65.92021123930203,50.22898951933099
P07,trial_45_R_affected,2,13,43.02981872019076,52.16712033942949,33.63445175877367
P07,trial_45_R_affected,2,14,49.57332179591306,44.381374406965584,30.983499765935004
P07,trial_45_R_affected,2,23,33.03115212871871,55.23068378156022,29.779336569906818
P07,trial_45_R_affected,2,24,32.91046202651563,55.748367079253185,21.48793365923416
P07,trial_45_R_affected,2,34,38.17743191290782,58.316750681536035,20.085068882690322
P07,trial_45_R_affected,3,012,42.78489447632027,56.251136984880645,27.4657552129347
P07,trial_45_R_affected,3,013,40.854522950323116,50.76158627094477,27.52962009435658
P07,trial_45_R_affected,3,014,49.39852569708967,45.05267282465455,28.881338249349785
P07,trial_45_R_affected,3,023,39.60826381545119,53.76660999459158,22.86726901178571
P07,trial_45_R_affected,3,024,34.07149775871063,53.400885547752715,20.79441047478317
P07,trial_45_R_affected,3,034,35.39401781585633,51.588833652098614,19.299235531953144
P07,trial_45_R_affected,3,123,42.981159077281276,54.98779365620827,32.39834018993903
P07,trial_45_R_affected,3,124,36.79269832955018,51.81810922741522,23.69250127181626
P07,trial_45_R_affected,3,134,36.17181889369991,49.502724697956644,24.15640542004802
P07,trial_45_R_affected,3,234,33.3995409055076,56.26075483566223,19.681395783129677
P07,trial_45_R_affected,4,0123,41.16315981538803,53.38349960899237,26.30462733478655
P07,trial_45_R_affected,4,0124,37.43604470395285,51.2266554577462,22.982731980868103
P07,trial_45_R_affected,4,0134,38.00248687809264,48.943107577403296,23.66810084600658
P07,trial_45_R_affected,4,0234,33.3687325400372,53.33236901831924,19.147592573746003
P07,trial_45_R_affected,4,1234,34.161139319488484,52.415145006770516,22.480653475119833
P07,trial_45_R_affected,5,01234,35.864101703991,51.61692131826597,22.098634320663272
P07,trial_46_R_affected,2,01,42.378174545514014,48.37112687194878,34.05088060913902
P07,trial_46_R_affected,2,02,40.09658208728796,59.65567899102864,27.215818637298575
P07,trial_46_R_affected,2,03,39.28173002260909,52.587858797677455,25.25154253896871
P07,trial_46_R_affected,2,04,72.0607148196932,45.20393206426057,35.21772913533226
P07,trial_46_R_affected,2,12,52.18685379385365,66.69902602488841,47.55530252970371
P07,trial_46_R_affected,2,13,44.28260023358479,50.90925735545172,35.944565230783894
P07,trial_46_R_affected,2,14,49.04955051306442,42.138322146340265,33.458665046544176
P07,trial_46_R_affected,2,23,36.274621613345715,56.040893438171814,34.34910846202977
P07,trial_46_R_affected,2,24,34.89406520917596,54.9920956197556,25.06935010437661
P07,trial_46_R_affected,2,34,40.31560937315597,56.212982046026184,21.012226357562383
P07,trial_46_R_affected,3,012,42.00123330686479,56.90593906540413,29.988639338493
P07,trial_46_R_affected,3,013,40.829077985845565,50.380688133432834,29.53997124635857
P07,trial_46_R_affected,3,014,48.77992624341147,43.387273582948644,31.727782663133482
P07,trial_46_R_affected,3,023,39.67361111636915,55.413521875056794,25.17586868081887
P07,trial_46_R_affected,3,024,34.886496252532915,53.696249643596346,24.240264867849284
P07,trial_46_R_affected,3,034,35.63889552584399,51.77085556540423,21.902970901899618
P07,trial_46_R_affected,3,123,44.322149171786144,54.6378383029202,35.43077730536757
P07,trial_46_R_affected,3,124,38.05213828982865,50.6796366160509,27.27998207112835
P07,trial_46_R_affected,3,134,37.563410592819096,48.01057168563068,27.018499672887465
P07,trial_46_R_affected,3,234,35.753070312493016,55.45572732833756,22.54508410022223
P07,trial_46_R_affected,4,0123,41.27634403980395,53.7756224522381,28.71590981764415
P07,trial_46_R_affected,4,0124,38.15183048586545,50.6890550422961,26.63115084550585
P07,trial_46_R_affected,4,0134,38.44849380497172,48.17184512421569,26.45005073227365
P07,trial_46_R_affected,4,0234,34.617556851911395,53.65675771646179,22.25359881083507
P07,trial_46_R_affected,4,1234,36.06919975425272,51.51440790611383,25.94102896167176
P07,trial_46_R_affected,5,01234,36.868127914784864,51.307682746796125,25.34027271508691
P07,trial_47_R_affected,2,01,41.24889636566006,51.82026619921984,31.594736672176804
P07,trial_47_R_affected,2,02,41.50200914977834,59.75850283629364,25.095532419010514
P07,trial_47_R_affected,2,03,39.80670006131578,51.00785539050103,23.35856945836924
P07,trial_47_R_affected,2,04,74.21037616706552,42.56702684165232,32.273667033321885
P07,trial_47_R_affected,2,12,53.6042173389102,67.9180286275245,49.0576056519798
P07,trial_47_R_affected,2,13,44.341308874321015,51.88263031907252,34.25254179395491
P07,trial_47_R_affected,2,14,47.4973253231637,43.62305038887158,30.58425779077652
P07,trial_47_R_affected,2,23,35.952612536808644,57.11324282934515,29.23505193598335
P07,trial_47_R_affected,2,24,33.55370511103716,56.26157774750609,21.193903571927997
P07,trial_47_R_affected,2,34,38.117883777421916,57.481578855413986,19.66738339037165
P07,trial_47_R_affected,3,012,43.11568919030406,58.140171348844255,28.148133099959804
P07,trial_47_R_affected,3,013,41.296738738898604,50.84064429288461,27.626578297588114
P07,trial_47_R_affected,3,014,47.40976730889655,44.44759915470419,28.9769884461241
P07,trial_47_R_affected,3,023,40.23966764120531,54.92608246811995,22.658429563397018
P07,trial_47_R_affected,3,024,35.101754260378456,53.98463550148147,20.755947271341924
P07,trial_47_R_affected,3,034,35.51722033525669,50.93341275628507,19.415556462926354
P07,trial_47_R_affected,3,123,44.58345186667108,55.76494954704603,33.058743487294215
P07,trial_47_R_affected,3,124,37.682357069920904,52.28773088471792,24.20094385485945
P07,trial_47_R_affected,3,134,36.81205534099568,49.12899157259772,24.597616904424232
P07,trial_47_R_affected,3,234,33.78456881462803,56.55005694590056,18.885436597809008
P07,trial_47_R_affected,4,0123,41.93017110784952,54.32566153130484,26.466474085252166
P07,trial_47_R_affected,4,0124,38.09136265057774,51.83510795094275,23.559371075741428
P07,trial_47_R_affected,4,0134,38.19815372464267,48.63173310919085,23.92557261244539
P07,trial_47_R_affected,4,0234,34.352719300811785,53.71898728050848,18.935087826536442
P07,trial_47_R_affected,4,1234,35.53617971028944,52.777031978372285,22.787445242315414
P07,trial_47_R_affected,5,01234,36.8195587409716,52.029141677898814,22.33399519273501
P07,trial_48_R_affected,2,01,41.02195807897329,54.73581436980913,33.98805213098813
P07,trial_48_R_affected,2,02,40.71071033101996,63.4754062072118,26.336038937106736
P07,trial_48_R_affected,2,03,38.46926161761792,52.916090723049564,21.20364870714667
P07,trial_48_R_affected,2,04,68.20230867954541,43.40287270238788,27.695404035187426
P07,trial_48_R_affected,2,12,53.47478359554979,74.8943834683272,52.77477076173439
P07,trial_48_R_affected,2,13,44.25060552374577,55.35858181509447,39.23130986354331
P07,trial_48_R_affected,2,14,46.547489676721476,44.92490799270264,30.609437830298578
P07,trial_48_R_affected,2,23,37.05466624865535,60.69686522727333,33.56773098551799
P07,trial_48_R_affected,2,24,33.23474977567557,58.29548927966924,21.603378172453652
P07,trial_48_R_affected,2,34,36.51748058622703,57.57929367848978,15.075707934241745
P07,trial_48_R_affected,3,012,42.65814585829368,61.991634913185685,31.075100304682397
P07,trial_48_R_affected,3,013,40.53188114439221,53.26623793008364,28.134062080596436
P07,trial_48_R_affected,3,014,46.124665783636274,45.57241446307094,28.85024642561422
P07,trial_48_R_affected,3,023,39.825449962456524,57.780468841464405,21.561475010499237
P07,trial_48_R_affected,3,024,34.16785743778704,55.87350931394626,21.012891985487958
P07,trial_48_R_affected,3,034,34.29620024716108,51.768796984161895,16.295163769447317
P07,trial_48_R_affected,3,123,45.0888513059948,59.73248762335336,38.593746485437045
P07,trial_48_R_affected,3,124,37.8010679662686,54.274617320925685,25.943439332543303
P07,trial_48_R_affected,3,134,36.5163890327144,50.705839023398056,24.042144910743808
P07,trial_48_R_affected,3,234,33.992150309507274,58.35920280986106,17.324201431103933
P07,trial_48_R_affected,4,0123,41.66488171826591,57.41187810954941,27.938540043495326
P07,trial_48_R_affected,4,0124,37.68130340917965,53.767275560477906,24.89509193401524
P07,trial_48_R_affected,4,0134,37.31044361379532,50.090147723421836,22.8031988130278
P07,trial_48_R_affected,4,0234,34.05167170328745,55.55413951064694,17.081482218147
P07,trial_48_R_affected,4,1234,35.97302398536297,54.8984704448097,23.386544170887134
P07,trial_48_R_affected,5,01234,36.59945666104434,54.06688771437536,22.324643603425883
P07,trial_49_R_affected,2,01,43.20968466975573,50.93019497276751,32.26305185987056
P07,trial_49_R_affected,2,02,40.56405367819212,57.71233071315625,23.762776799548202
P07,trial_49_R_affected,2,03,39.483835759250475,52.454774091336034,21.770184672127584
P07,trial_49_R_affected,2,04,70.77912409023871,43.46968965034588,30.381890917854207
P07,trial_49_R_affected,2,12,53.798342814944114,63.59912630464958,47.00105286624994
P07,trial_49_R_affected,2,13,44.94138635568093,53.22272905606032,36.87325453645096
P07,trial_49_R_affected,2,14,48.29230695476687,43.73911075554051,29.756399402390045
P07,trial_49_R_affected,2,23,35.90607871367343,56.239196271492375,27.975660632587765
P07,trial_49_R_affected,2,24,32.77640506229348,55.10504901685799,19.25155381368014
P07,trial_49_R_affected,2,34,38.202191746432725,57.74901403493265,17.05280093273711
P07,trial_49_R_affected,3,012,42.69992919591232,56.232841136350494,28.570440172382693
P07,trial_49_R_affected,3,013,41.29522006311505,51.87876135234059,27.504061296709168
P07,trial_49_R_affected,3,014,48.54279732969544,44.57988206959059,28.37077455855457
P07,trial_49_R_affected,3,023,39.83622843062482,54.84309291370142,21.351890385000864
P07,trial_49_R_affected,3,024,34.297567943097384,53.18875141360762,19.33720685702991
P07,trial_49_R_affected,3,034,34.90869135323744,52.026060808828234,17.39670099488614
P07,trial_49_R_affected,3,123,45.0423797865501,55.53828690667099,35.89641233597231
P07,trial_49_R_affected,3,124,37.18027955795774,51.31307773194224,24.096025045473517
P07,trial_49_R_affected,3,134,36.30723477322633,49.888901647496255,23.16313883195829
P07,trial_49_R_affected,3,234,33.40494488972686,56.23898561116808,15.914110297979247
P07,trial_49_R_affected,4,0123,41.73976540995712,54.20107731821354,26.89987305628263
P07,trial_49_R_affected,4,0124,37.86191747836505,51.02582508803363,23.638385194442165
P07,trial_49_R_affected,4,0134,37.9253263133866,49.46926154836378,22.655582018734023
P07,trial_49_R_affected,4,0234,33.71054535932814,53.79441375411593,16.956948136391404
P07,trial_49_R_affected,4,1234,34.83136361836072,52.681908238430594,22.008166953715605
P07,trial_49_R_affected,5,01234,36.367980060153194,52.065645247625895,21.68879158332791
P07,trial_4_L_unaffected,2,01,33.396805438943225,60.53709765665577,28.522255255687057
P07,trial_4_L_unaffected,2,02,28.65271381519547,53.49819559286174,27.545000201143786
P07,trial_4_L_unaffected,2,03,30.29119155168782,41.526179492231265,27.036331178439376
P07,trial_4_L_unaffected,2,04,74.86198443091152,48.846396403018204,33.28029483530563
P07,trial_4_L_unaffected,2,12,36.302167567366816,52.39607747630836,25.979690112837353
P07,trial_4_L_unaffected,2,13,37.753036703962465,44.547811214899184,25.299427348442453
P07,trial_4_L_unaffected,2,14,50.61771967597045,52.696429658589615,21.247446501846344
P07,trial_4_L_unaffected,2,23,45.12087183684991,64.022831908863,37.105719263857615
P07,trial_4_L_unaffected,2,24,52.2110673724209,54.60310421896358,22.900907804686405
P07,trial_4_L_unaffected,2,34,51.52330134296773,49.31716611130794,24.493087782119666
P07,trial_4_L_unaffected,3,012,31.955324799599776,55.36861733827641,24.812525275550442
P07,trial_4_L_unaffected,3,013,31.65751799423888,44.7819322286239,21.721512736129785
P07,trial_4_L_unaffected,3,014,43.902740547184045,51.72945061468731,17.590869779271515
P07,trial_4_L_unaffected,3,023,29.765141474392152,47.9842554703109,24.394503708299222
P07,trial_4_L_unaffected,3,024,38.63104040227598,51.07822903894914,20.975922180224348
P07,trial_4_L_unaffected,3,034,37.23842579066329,41.93628302299327,23.08670520161123
P07,trial_4_L_unaffected,3,123,37.67400746922949,47.98036022442523,23.468378218288237
P07,trial_4_L_unaffected,3,124,47.267643823924,52.450989480109946,20.31975321779478
P07,trial_4_L_unaffected,3,134,43.81111653061736,46.60062140576909,22.346488348414024
P07,trial_4_L_unaffected,3,234,50.5420461538518,50.73391200154253,23.002235653960692
P07,trial_4_L_unaffected,4,0123,31.79829221837615,48.36704034376988,21.213070238290626
P07,trial_4_L_unaffected,4,0124,39.354913351504685,51.93771307141064,18.29694870798966
P07,trial_4_L_unaffected,4,0134,37.979386022033935,45.3024275456496,20.120808366642006
P07,trial_4_L_unaffected,4,0234,37.38890442961291,47.3583461470151,21.473471905636057
P07,trial_4_L_unaffected,4,1234,44.53727025801237,48.89518589557582,21.19332137918493
P07,trial_4_L_unaffected,5,01234,37.776132886632354,48.06771044930757,19.42086826122498
P07,trial_50_R_affected,2,01,44.9570760089973,48.55259414328137,33.60758522042004
P07,trial_50_R_affected,2,02,40.50690914561819,56.848289726201806,24.88217403081534
P07,trial_50_R_affected,2,03,39.78768635318643,50.95022798281778,23.66821807960015
P07,trial_50_R_affected,2,04,73.164460034234,43.4916440546368,32.065601442262675
P07,trial_50_R_affected,2,12,55.150154523856166,62.142237255802044,48.50221375282428
P07,trial_50_R_affected,2,13,46.678715986194796,51.56252469710057,37.71204767824596
P07,trial_50_R_affected,2,14,50.376425730166105,43.0293253038889,30.843884873405045
P07,trial_50_R_affected,2,23,37.50388110176896,54.78402393726379,28.705522865823337
P07,trial_50_R_affected,2,24,32.88539557870941,54.454451130469636,20.155243456330947
P07,trial_50_R_affected,2,34,39.472846068091435,55.851221452550405,18.927407678358815
P07,trial_50_R_affected,3,012,43.29667430396226,54.756519192939656,29.50886678371005
P07,trial_50_R_affected,3,013,42.31830888589112,50.18536707284715,29.041627783391323
P07,trial_50_R_affected,3,014,50.8673822118834,43.64627411752676,30.07345386009876
P07,trial_50_R_affected,3,023,40.075580209320584,53.65392001390178,23.472638532050112
P07,trial_50_R_affected,3,024,34.92549715619275,52.705158653404744,20.736924803032817
P07,trial_50_R_affected,3,034,34.940781717523556,50.5931463635089,19.54505278090855
P07,trial_50_R_affected,3,123,46.54876247965967,53.968166871630594,36.822302466056975
P07,trial_50_R_affected,3,124,38.207119319769056,50.45111502565364,25.38843215349307
P07,trial_50_R_affected,3,134,36.945828108810595,48.62543962778397,25.047432852280945
P07,trial_50_R_affected,3,234,33.28662189675818,54.906488514584225,17.957664875946424
P07,trial_50_R_affected,4,0123,42.50599085974591,52.751438675094604,28.51322827319322
P07,trial_50_R_affected,4,0124,38.978768597861055,50.164825675111885,24.981587633810943
P07,trial_50_R_affected,4,0134,38.79004626454671,48.15969176335814,24.578035165140797
P07,trial_50_R_affected,4,0234,33.71272409532037,52.72148718188668,19.269788920093237
P07,trial_50_R_affected,4,1234,35.226329161464896,51.45441098812201,23.95525059324736
P07,trial_50_R_affected,5,01234,36.930485580477445,50.89599791418797,23.632773474540258
P07,trial_51_R_affected,2,01,45.12407563596464,52.10225612141825,33.596393945024204
P07,trial_51_R_affected,2,02,43.65427442028396,56.87588021457005,25.792531585203278
P07,trial_51_R_affected,2,03,41.83489118926246,52.80276034016986,24.388121070845994
P07,trial_51_R_affected,2,04,85.92829462425117,46.27822204877197,35.303784204616875
P07,trial_51_R_affected,2,12,57.711101480533124,61.79775345307147,49.57823921441297
P07,trial_51_R_affected,2,13,47.585983953194116,53.00081386822056,38.39789583416592
P07,trial_51_R_affected,2,14,52.864991377310716,44.339033044020944,33.35967725005143
P07,trial_51_R_affected,2,23,37.19045757512465,55.05393360342652,31.9413769812024
P07,trial_51_R_affected,2,24,33.8592725291277,55.87721005952294,21.98179639908189
P07,trial_51_R_affected,2,34,40.21782638719738,60.37043382485537,21.1701565569569
P07,trial_51_R_affected,3,012,46.19439952786987,55.4268362726701,30.21909648992931
P07,trial_51_R_affected,3,013,44.24194080679637,51.94847859954487,29.65754537040137
P07,trial_51_R_affected,3,014,53.37926984738769,45.12913633145172,31.156594892745392
P07,trial_51_R_affected,3,023,42.200579621081395,54.57915888019919,24.605073629641076
P07,trial_51_R_affected,3,024,36.918468696951685,53.40049951820779,22.084903231156318
P07,trial_51_R_affected,3,034,36.391364747850126,53.27125290124892,20.73972801445998
P07,trial_51_R_affected,3,123,47.628320248011406,54.88655232661611,37.62314728096321
P07,trial_51_R_affected,3,124,39.47474775606412,51.446849131807625,26.404335322483107
P07,trial_51_R_affected,3,134,37.400114179691464,50.71704862650837,26.116758453937
P07,trial_51_R_affected,3,234,33.353420219799304,57.34082354023393,19.701313508830086
P07,trial_51_R_affected,4,0123,44.64970014238621,53.796007698410975,29.22441074527935
P07,trial_51_R_affected,4,0124,40.66023586764163,51.026501893624165,25.577050250460115
P07,trial_51_R_affected,4,0134,40.127379039570826,50.09979106901765,25.28546190754231
P07,trial_51_R_affected,4,0234,34.718986476517536,54.32909858400656,20.478397168646143
P07,trial_51_R_affected,4,1234,35.49026821570813,53.06276573350241,24.700998249568947
P07,trial_51_R_affected,5,01234,38.10957252348072,52.287913239117266,24.25210623010481
P07,trial_52_R_affected,2,01,46.50413613477862,48.711247099558385,32.74842557829897
P07,trial_52_R_affected,2,02,43.02964104886517,58.21551772731801,26.11452060578245
P07,trial_52_R_affected,2,03,42.27123747242001,50.36092102735481,23.194485118743845
P07,trial_52_R_affected,2,04,75.38930725158163,43.64892734231136,29.913163432730766
P07,trial_52_R_affected,2,12,55.11271144582347,64.98028584303457,47.828132156806646
P07,trial_52_R_affected,2,13,47.74401808228753,51.14587639088645,36.07213951835823
P07,trial_52_R_affected,2,14,51.12150922513362,43.500194985875176,30.272508031082843
P07,trial_52_R_affected,2,23,38.229788406672206,55.19118925997358,31.356823347698484
P07,trial_52_R_affected,2,24,34.69569038837023,55.45953149884397,20.987878240210634
P07,trial_52_R_affected,2,34,39.69156575045565,55.597012095467406,18.415620416955864
P07,trial_52_R_affected,3,012,45.16766012173787,55.98018394941368,30.011120371828255
P07,trial_52_R_affected,3,013,44.1556868330879,49.75268385639016,28.37623564312608
P07,trial_52_R_affected,3,014,51.61586281219889,44.18492842104502,28.85881405966295
P07,trial_52_R_affected,3,023,42.51377917384287,53.96610050116773,23.404522209764995
P07,trial_52_R_affected,3,024,37.49423135573748,53.536887559445105,21.392949570650085
P07,trial_52_R_affected,3,034,37.646786439800266,50.31051461594255,19.280808172364857
P07,trial_52_R_affected,3,123,47.60849217864037,54.597674316010114,35.446980150954275
P07,trial_52_R_affected,3,124,39.98285964896026,51.43346977229237,25.0240539954454
P07,trial_52_R_affected,3,134,38.8298947419153,48.55126011303292,24.569435863532046
P07,trial_52_R_affected,3,234,34.574180184645556,55.341567829923854,18.20878216040056
P07,trial_52_R_affected,4,0123,44.39391228073007,53.05364280175243,28.019144247000227
P07,trial_52_R_affected,4,0124,40.85852251427621,51.00745130185416,24.761198058936113
P07,trial_52_R_affected,4,0134,40.73044749625355,48.076306516572615,24.088460076321432
P07,trial_52_R_affected,4,0234,36.43382453800348,53.00965945334426,19.209222863066124
P07,trial_52_R_affected,4,1234,37.403401418941165,51.885879320688915,23.37818999607448
P07,trial_52_R_affected,5,01234,39.124162205992,51.232110235044985,23.211661442813977
P07,trial_53_R_affected,2,01,45.756834620198624,49.787195249746205,32.08893379789195
P07,trial_53_R_affected,2,02,41.2172000698446,62.20222622450832,24.608243260786626
P07,trial_53_R_affected,2,03,39.497417282147325,52.11934222067684,22.25185740412433
P07,trial_53_R_affected,2,04,67.6088338111275,43.69871011735313,28.391379683051596
P07,trial_53_R_affected,2,12,55.0016072463995,73.08691105825959,48.34133936191088
P07,trial_53_R_affected,2,13,45.882049700135454,53.65901990723049,36.41274860569762
P07,trial_53_R_affected,2,14,49.02838610171398,43.785478594685074,29.455941985597196
P07,trial_53_R_affected,2,23,37.41805203989735,59.196997704431524,32.246322294012195
P07,trial_53_R_affected,2,24,32.9742070690933,58.73665494226048,20.718415378701103
P07,trial_53_R_affected,2,34,37.418873432310704,58.06533717220781,17.131217192934322
P07,trial_53_R_affected,3,012,43.62452393836401,59.68439714599522,28.666198423365834
P07,trial_53_R_affected,3,013,41.94452228356098,51.59014407105812,27.606038981908945
P07,trial_53_R_affected,3,014,49.04464212115666,44.164347387001015,28.16953567334427
P07,trial_53_R_affected,3,023,40.48172536312798,56.865946421514835,22.254303550413105
P07,trial_53_R_affected,3,024,35.16694633086061,56.01902805344406,20.056969277903463
P07,trial_53_R_affected,3,034,34.84453986989323,51.73063672886558,17.55625822313447
P07,trial_53_R_affected,3,123,46.34171305417123,58.20398476323685,35.79386680945005
P07,trial_53_R_affected,3,124,38.39980053084062,53.37873830130424,24.216048531731126
P07,trial_53_R_affected,3,134,36.959630936430905,49.62358976056772,23.409782801873085
P07,trial_53_R_affected,3,234,33.133684695995335,58.431829292519886,17.548507880365573
P07,trial_53_R_affected,4,0123,42.53073281570815,55.89346888520645,27.025766291344425
P07,trial_53_R_affected,4,0124,38.90369761381506,52.82297705740389,23.569791727768788
P07,trial_53_R_affected,4,0134,38.416070760580695,49.04585130063012,22.857172000067386
P07,trial_53_R_affected,4,0234,34.332329090129754,55.4245314134998,17.70127277359979
P07,trial_53_R_affected,4,1234,35.86821011981217,53.96565365675093,22.41149492306336
P07,trial_53_R_affected,5,01234,37.200841567989634,53.17912067417663,21.937434998454926
P07,trial_54_R_affected,2,01,46.04301642406133,49.88695659956725,34.22927948460057
P07,trial_54_R_affected,2,02,42.01436753835947,60.82763190678791,26.227251502769803
P07,trial_54_R_affected,2,03,41.37866600679151,51.672984385287265,23.207574104231714
P07,trial_54_R_affected,2,04,71.16024430373054,40.744396090337816,29.295471641448835
P07,trial_54_R_affected,2,12,53.355260077464,70.87207774248718,46.74422177295524
P07,trial_54_R_affected,2,13,46.308219938791076,53.234379418679886,37.00915004924052
P07,trial_54_R_affected,2,14,49.83392808574838,42.67677843788695,30.869460861992756
P07,trial_54_R_affected,2,23,38.027957651318886,57.98903708485909,35.93030145893911
P07,trial_54_R_affected,2,24,33.651115405135336,56.965307699800135,22.382498484311643
P07,trial_54_R_affected,2,34,38.035899047115684,57.43496263802854,18.683992327103713
P07,trial_54_R_affected,3,012,44.0527256058202,58.736182378962106,30.286018849780426
P07,trial_54_R_affected,3,013,42.944445834027476,51.23648912772937,28.493118943502324
P07,trial_54_R_affected,3,014,50.24940712864032,43.30500158602504,29.395133545929458
P07,trial_54_R_affected,3,023,41.67330737994546,55.94339461468666,23.257739436885114
P07,trial_54_R_affected,3,024,36.150498243537555,54.48570780733287,21.679158446505806
P07,trial_54_R_affected,3,034,36.7754370754393,50.9979656200962,19.097283734645124
P07,trial_54_R_affected,3,123,46.29472399670095,57.268182939417194,36.35241560862749
P07,trial_54_R_affected,3,124,38.949388723689054,52.12414763874898,26.07909501871837
P07,trial_54_R_affected,3,134,37.9509022596149,49.1600741780035,25.0544019427132
P07,trial_54_R_affected,3,234,33.70048773668456,57.265506496750994,19.502575252967368
P07,trial_54_R_affected,4,0123,43.273814161061864,55.14336956002471,28.069045852771332
P07,trial_54_R_affected,4,0124,39.673797786298536,51.734301001275675,25.540351288940606
P07,trial_54_R_affected,4,0134,39.68737474634452,48.51215852015981,24.272156655004807
P07,trial_54_R_affected,4,0234,35.43915287609435,54.35210623445202,19.110545586006047
P07,trial_54_R_affected,4,1234,36.54331890188537,53.109307435337655,24.203811836539852
P07,trial_54_R_affected,5,01234,38.10174569726769,52.33812369730936,23.554743797208907
P07,trial_55_R_affected,2,01,43.14336742634421,51.01782259667792,32.688021734821405
P07,trial_55_R_affected,2,02,41.206731623907885,61.27308819376251,24.375926068258913
P07,trial_55_R_affected,2,03,39.8750631045447,51.59590409128513,22.572861545405843
P07,trial_55_R_affected,2,04,73.72304181087343,42.02731264789792,28.317191615067987
P07,trial_55_R_affected,2,12,53.780789083784775,71.87150743238962,46.91865050736077
P07,trial_55_R_affected,2,13,45.37334782727488,53.624420888800465,36.83829533954527
P07,trial_55_R_affected,2,14,49.167062484553924,43.11962497637836,28.922708255090694
P07,trial_55_R_affected,2,23,36.51675972323316,58.855529999928365,33.907725738445855
P07,trial_55_R_affected,2,24,33.29527672586936,57.097168248011165,20.00641001182704
P07,trial_55_R_affected,2,34,37.22406410872481,57.218279931115966,17.56559010309626
P07,trial_55_R_affected,3,012,43.20432707239564,59.39293429197506,28.5442048640243
P07,trial_55_R_affected,3,013,41.591765672171654,51.48186565966965,27.60316760738614
P07,trial_55_R_affected,3,014,49.0713295077448,43.855307472441034,27.734853998389696
P07,trial_55_R_affected,3,023,40.6900222209997,56.147064953670146,22.053675122254056
P07,trial_55_R_affected,3,024,34.89158929680269,54.722382356545424,19.586358539833007
P07,trial_55_R_affected,3,034,35.36942523076949,51.022990330420896,17.724288586232806
P07,trial_55_R_affected,3,123,45.7955305997929,57.76739564355511,35.62072096421312
P07,trial_55_R_affected,3,124,38.37903236857195,52.51116263126477,23.936700245479024
P07,trial_55_R_affected,3,134,37.091640660945345,49.41754008731065,23.510109968669507
P07,trial_55_R_affected,3,234,33.365973233023624,57.41489361652127,17.3697622334996
P07,trial_55_R_affected,4,0123,42.388782875457146,55.50298576009813,26.87637559678657
P07,trial_55_R_affected,4,0124,38.49934439814153,52.12659358648834,23.407950431275314
P07,trial_55_R_affected,4,0134,38.386124691661365,48.75522318968803,22.688267450505045
P07,trial_55_R_affected,4,0234,34.41523946134025,54.49051654505473,17.476846141969506
P07,trial_55_R_affected,4,1234,36.02370020099764,53.43378562357869,22.427600008121736
P07,trial_55_R_affected,5,01234,37.078132206896704,52.620944207775516,21.785637111593708
P07,trial_56_R_affected,2,01,42.97385724297465,52.53908512678723,35.55010907958715
P07,trial_56_R_affected,2,02,41.93634931232504,61.61347868651029,25.73519104582302
P07,trial_56_R_affected,2,03,40.087129994938465,52.38537330988897,23.73608739417244
P07,trial_56_R_affected,2,04,73.48487446104895,44.05626336457448,30.936964513350116
P07,trial_56_R_affected,2,12,55.48104364819123,73.67427615982702,48.79818209892499
P07,trial_56_R_affected,2,13,45.393217201237896,54.893040735742396,39.74233136917594
P07,trial_56_R_affected,2,14,48.44056052568955,44.164794506512735,32.23996106218574
P07,trial_56_R_affected,2,23,36.38107476415525,59.04968450701275,35.18709161183157
P07,trial_56_R_affected,2,24,33.1622097996654,57.274929650735814,22.19687817652323
P07,trial_56_R_affected,2,34,36.5366079800551,57.914552216705694,18.503085008958905
P07,trial_56_R_affected,3,012,43.722816415047866,60.148556156823346,30.611741145979654
P07,trial_56_R_affected,3,013,41.500906875272776,52.49579767070132,29.83486162279932
P07,trial_56_R_affected,3,014,48.35917792932359,44.915027985868505,30.546651769830675
P07,trial_56_R_affected,3,023,41.227057995969666,56.6906173797985,23.51244225610393
P07,trial_56_R_affected,3,024,34.77077576116647,55.044721711964826,21.244670873590714
P07,trial_56_R_affected,3,034,35.30337824558974,51.95302842997382,19.456332580955422
P07,trial_56_R_affected,3,123,46.34189384326624,58.937396040398696,38.60225984376554
P07,trial_56_R_affected,3,124,38.154215666985664,53.35002719084626,26.28566289535743
P07,trial_56_R_affected,3,134,36.71944543886022,50.33409594391853,25.98761240462583
P07,trial_56_R_affected,3,234,33.51457859746388,57.72841771960601,19.580860381647362
P07,trial_56_R_affected,4,0123,42.737851408295356,56.33925843057565,29.061424425904516
P07,trial_56_R_affected,4,0124,38.30130287921921,52.8118447697052,25.500308634163947
P07,trial_56_R_affected,4,0134,38.07087084080082,49.705838158902516,24.9583259692207
P07,trial_56_R_affected,4,0234,34.44618341870433,54.98909888437122,19.32447241456037
P07,trial_56_R_affected,4,1234,35.9368439246605,54.20164219992497,24.91768290359573
P07,trial_56_R_affected,5,01234,37.030794189455044,53.35912245727216,23.99217800065444
P07,trial_57_R_affected,2,01,41.23434622903481,52.89209443507846,34.038177291948905
P07,trial_57_R_affected,2,02,41.19346606730275,59.960078352509186,25.988591468806195
P07,trial_57_R_affected,2,03,38.63575769798762,52.212667554185984,23.660481527238435
P07,trial_57_R_affected,2,04,73.47237862315444,46.05031973993271,29.979194148914328
P07,trial_57_R_affected,2,12,54.17362686645578,70.85620733654805,50.014743478191
P07,trial_57_R_affected,2,13,43.19407268645663,55.12423674507159,37.984800397207316
P07,trial_57_R_affected,2,14,46.77738391109142,45.49158241880639,29.753824044018746
P07,trial_57_R_affected,2,23,33.360586987527036,57.75283344512964,34.71513227495053
P07,trial_57_R_affected,2,24,31.406898404605297,57.59268987478004,20.723856870894288
P07,trial_57_R_affected,2,34,35.77876636803233,58.73042205696351,18.02590374136064
P07,trial_57_R_affected,3,012,42.969425823781,58.737257452085515,29.67827376289081
P07,trial_57_R_affected,3,013,40.03207979899485,52.579425762007396,28.92118550725631
P07,trial_57_R_affected,3,014,46.57781486576356,46.139315343807404,28.800644207224497
P07,trial_57_R_affected,3,023,39.81562772724472,55.872939274102414,23.452904371151988
P07,trial_57_R_affected,3,024,33.487792417908715,55.39860258983186,20.476806183686712
P07,trial_57_R_affected,3,034,33.962900937907165,52.71507125135693,18.58325189192262
P07,trial_57_R_affected,3,123,44.19959818123505,58.324549743196364,36.84241803450543
P07,trial_57_R_affected,3,124,36.50448006082337,53.83813007868604,24.06685235337002
P07,trial_57_R_affected,3,134,35.23763463944895,51.09637234866729,23.991473812987163
P07,trial_57_R_affected,3,234,31.970362406684828,57.83216033108835,18.383214864932885
P07,trial_57_R_affected,4,0123,41.35348984770368,55.699596654755716,28.121864184516088
P07,trial_57_R_affected,4,0124,36.86844180863102,53.158506943038276,23.50471474997777
P07,trial_57_R_affected,4,0134,36.54353751481098,50.41701871009834,23.416908794935107
P07,trial_57_R_affected,4,0234,33.04559739823325,55.150969261849156,18.588663567550434
P07,trial_57_R_affected,4,1234,34.28894912446778,54.482855729497096,22.86986942459742
P07,trial_57_R_affected,5,01234,35.53869934003797,53.57190340545278,22.377808690448873
P07,trial_58_R_affected,2,01,44.66209731478328,55.94006177895927,32.714608165903456
P07,trial_58_R_affected,2,02,43.704721989929055,57.16443395792788,25.055214510034055
P07,trial_58_R_affected,2,03,42.12285671436299,51.318439684795536,24.313988779350456
P07,trial_58_R_affected,2,04,82.49387312904607,45.21531515119117,32.38356793409387
P07,trial_58_R_affected,2,12,58.14659160806533,65.91610122464557,51.08275594541406
P07,trial_58_R_affected,2,13,46.46505809152699,54.44844821004526,37.60398839086482
P07,trial_58_R_affected,2,14,51.41705448004097,46.74542725695935,31.980765735587106
P07,trial_58_R_affected,2,23,34.68167233030539,54.87852909127672,33.93784646798298
P07,trial_58_R_affected,2,24,32.94223279148866,56.30966133703418,20.660910451761303
P07,trial_58_R_affected,2,34,37.08514270933324,59.983063369873655,21.57506856072763
P07,trial_58_R_affected,3,012,46.234315392729705,57.20646280380247,29.258999747803117
P07,trial_58_R_affected,3,013,43.978245852104166,52.59294998741273,28.831337106418193
P07,trial_58_R_affected,3,014,51.54619021118529,46.981237914871585,29.731328089377467
P07,trial_58_R_affected,3,023,41.98339931455267,54.00882834361331,23.028996346162288
P07,trial_58_R_affected,3,024,36.453519616240285,53.6190275917951,20.59021292758306
P07,trial_58_R_affected,3,034,37.71186151861814,52.317095652646906,20.083957626258176
P07,trial_58_R_affected,3,123,46.508657107598296,56.43761842853696,36.312170644236474
P07,trial_58_R_affected,3,124,39.12715505385089,53.06428846273102,25.476606423286327
P07,trial_58_R_affected,3,134,38.23926807573658,51.43508092154302,25.531965403489544
P07,trial_58_R_affected,3,234,32.73335771630218,57.267505702812386,18.15276678160121
P07,trial_58_R_affected,4,0123,44.3047912184171,54.47862050717254,27.805040367273406
P07,trial_58_R_affected,4,0124,40.099159762816335,52.27503279599264,24.174802320570233
P07,trial_58_R_affected,4,0134,40.56070511535356,50.53095181678401,24.291369100115276
P07,trial_58_R_affected,4,0234,35.309419701844,53.946015874223136,18.753619835133343
P07,trial_58_R_affected,4,1234,36.217579917566056,53.850925406936604,23.79828093508074
P07,trial_58_R_affected,5,01234,38.40405116984872,52.78549311383944,22.80700278127467
P07,trial_59_R_affected,2,01,45.560087272439766,50.65476391004987,33.19432890104043
P07,trial_59_R_affected,2,02,43.60144876915944,58.2493013713446,25.200913709265922
P07,trial_59_R_affected,2,03,42.270594228933575,52.10245333655676,24.19156364990126
P07,trial_59_R_affected,2,04,80.56791594485593,46.76763464287407,31.034177708793564
P07,trial_59_R_affected,2,12,56.41116500753725,65.91339406406475,51.66506390065184
P07,trial_59_R_affected,2,13,46.30540632353279,53.043700962857024,39.46013517739372
P07,trial_59_R_affected,2,14,51.60221281274043,44.43559458687292,31.065665879566755
P07,trial_59_R_affected,2,23,35.65073270638181,55.54528718929648,33.209504744687166
P07,trial_59_R_affected,2,24,33.68267648155975,56.045732111382435,20.69333570011274
P07,trial_59_R_affected,2,34,37.62786744900623,58.53464768534679,20.086307254599838
P07,trial_59_R_affected,3,012,45.69683166922585,56.431642822607344,29.61677859521722
P07,trial_59_R_affected,3,013,43.72086301108261,51.22324700031443,29.22345829220171
P07,trial_59_R_affected,3,014,51.82712434974203,45.11724051305595,29.299808489047525
P07,trial_59_R_affected,3,023,42.311060998831394,54.82331081123861,23.36872287060802
P07,trial_59_R_affected,3,024,36.865205029355,53.97652370597549,20.578210415817413
P07,trial_59_R_affected,3,034,38.14206348255611,52.48329830346762,19.391462586772
P07,trial_59_R_affected,3,123,46.35191870399301,55.99990405190759,38.61161733043351
P07,trial_59_R_affected,3,124,39.29034034300678,51.922221990537295,25.167305469147255
P07,trial_59_R_affected,3,134,38.59156406586746,50.07313892100226,25.030055144759856
P07,trial_59_R_affected,3,234,33.6225093794725,56.78862845737635,18.47231466397226
P07,trial_59_R_affected,4,0123,44.12657350714788,54.028414670828646,28.5489502439484
P07,trial_59_R_affected,4,0124,40.289894420238625,51.43198704489062,24.22961727466425
P07,trial_59_R_affected,4,0134,40.69530200734875,49.487728892848544,23.962275517163896
P07,trial_59_R_affected,4,0234,35.946239753849525,54.142315904109324,18.703819927539836
P07,trial_59_R_affected,4,1234,36.63182174063573,52.98062039267213,23.845061962808323
P07,trial_59_R_affected,5,01234,38.65354312061439,52.19361706865908,22.94103847923132
P07,trial_5_L_unaffected,2,01,33.80213527580686,57.9284161133611,22.37658589254428
P07,trial_5_L_unaffected,2,02,28.716662783587005,52.4190317212246,22.060368763362934
P07,trial_5_L_unaffected,2,03,28.849597595725665,39.27908051270271,24.5351152495946
P07,trial_5_L_unaffected,2,04,72.31579632717904,48.36438728828587,32.35999017080416
P07,trial_5_L_unaffected,2,12,37.93840688045317,52.56422523491098,23.28262042796602
P07,trial_5_L_unaffected,2,13,38.01749363464857,41.79562760148803,21.6772675988886
P07,trial_5_L_unaffected,2,14,50.494306598668246,51.449349689400094,20.86231171378315
P07,trial_5_L_unaffected,2,23,45.229927948861345,60.89647077525337,30.995726732338785
P07,trial_5_L_unaffected,2,24,53.22891979106378,54.350843435143965,22.068510467490515
P07,trial_5_L_unaffected,2,34,52.38386319775148,45.39506876412017,23.608291078230206
P07,trial_5_L_unaffected,3,012,33.61400292208171,55.10040807300161,19.990801834183763
P07,trial_5_L_unaffected,3,013,31.936448265479974,42.461207375585815,17.6807301687285
P07,trial_5_L_unaffected,3,014,43.513515290415754,50.633203080297655,15.782614630155459
P07,trial_5_L_unaffected,3,023,30.032090788197596,46.55602737030836,19.064063397679607
P07,trial_5_L_unaffected,3,024,39.13411539025532,51.24028775107986,18.425321552733543
P07,trial_5_L_unaffected,3,034,36.600597107001676,40.28791136074876,20.69166031055457
P07,trial_5_L_unaffected,3,123,38.39571960401371,45.89021006166883,19.68782362338748
P07,trial_5_L_unaffected,3,124,47.92463784597583,51.888919618569275,19.157775168365642
P07,trial_5_L_unaffected,3,134,43.752456653686934,44.31267205778089,20.013655621686365
P07,trial_5_L_unaffected,3,234,51.167363180228676,48.90313439595837,21.12101376017692
P07,trial_5_L_unaffected,4,0123,32.512213775027476,46.730374669412946,16.41635825763406
P07,trial_5_L_unaffected,4,0124,39.943079869445405,51.49710366762826,15.532696386040211
P07,trial_5_L_unaffected,4,0134,37.734602380145716,43.47200065965039,17.26709936551826
P07,trial_5_L_unaffected,4,0234,37.63801266860323,46.296272051999615,18.083873283868677
P07,trial_5_L_unaffected,4,1234,44.90190274061759,47.27847501011032,18.820312315012472
P07,trial_5_L_unaffected,5,01234,38.088711139281024,46.77291134712034,16.139448494579153
P07,trial_60_R_affected,2,01,45.239996294130876,50.44306550719601,42.58872975152245
P07,trial_60_R_affected,2,02,44.456252429456406,61.771465359409795,35.134784613633585
P07,trial_60_R_affected,2,03,43.273910080117226,51.779032547211884,34.26529454390947
P07,trial_60_R_affected,2,04,79.8279182757767,44.119681107295484,41.33657896090324
P07,trial_60_R_affected,2,12,55.22524676019455,71.21970649321081,56.93047450354782
P07,trial_60_R_affected,2,13,45.62953625839236,52.94783910716033,46.54512931174833
P07,trial_60_R_affected,2,14,51.44396537343364,43.71792006273225,40.68098842008093
P07,trial_60_R_affected,2,23,36.95307245949265,58.10950592441443,42.904940786823346
P07,trial_60_R_affected,2,24,35.22516165175662,58.03237662256303,31.98801639998009
P07,trial_60_R_affected,2,34,37.00646971163369,59.00701263579209,29.046649154411828
P07,trial_60_R_affected,3,012,45.7623336952347,59.349435701046275,39.570422428065115
P07,trial_60_R_affected,3,013,43.852899074524935,51.273553184982255,39.33998232888601
P07,trial_60_R_affected,3,014,52.00282978831211,44.45088300660873,39.734998154614274
P07,trial_60_R_affected,3,023,43.39852855820418,56.428597125262925,33.78516686512685
P07,trial_60_R_affected,3,024,38.33973868844106,55.76138604010836,31.80170415101676
P07,trial_60_R_affected,3,034,39.313934092126146,52.19112969122433,30.47450985154283
P07,trial_60_R_affected,3,123,46.25240245784112,57.479963544630834,46.01769453764966
P07,trial_60_R_affected,3,124,40.50389990854905,53.254496606111516,36.56552543442633
P07,trial_60_R_affected,3,134,39.215769616301664,49.73075107643803,36.412959112387995
P07,trial_60_R_affected,3,234,34.644167572014744,58.128895209899376,30.185682174416897
P07,trial_60_R_affected,4,0123,44.493617055936205,55.47472605637647,38.5343067178656
P07,trial_60_R_affected,4,0124,41.27571594357935,52.79148485392213,35.66449366496294
P07,trial_60_R_affected,4,0134,41.4144544473906,49.19969032708849,35.68243305107493
P07,trial_60_R_affected,4,0234,37.240496115459244,55.27493604744017,30.423229000903014
P07,trial_60_R_affected,4,1234,37.79399553779136,53.84637235324412,35.43441219496711
P07,trial_60_R_affected,5,01234,39.60698608382663,53.08194689558986,34.62012802496197
P07,trial_61_R_affected,2,01,43.1413520633069,50.591055020617205,33.06041295417666
P07,trial_61_R_affected,2,02,43.43320975502956,62.9852259078981,28.865292319160655
P07,trial_61_R_affected,2,03,41.34609640702953,52.174556389849165,25.935068754249365
P07,trial_61_R_affected,2,04,73.61583615816421,44.124177047483876,34.57248483166804
P07,trial_61_R_affected,2,12,55.42446585568477,74.29786076149344,54.59172350309016
P07,trial_61_R_affected,2,13,45.36280413886679,53.688411699224396,38.70892301726405
P07,trial_61_R_affected,2,14,48.258069599615624,44.47252420153505,32.05794189248011
P07,trial_61_R_affected,2,23,36.310301528187175,59.879559324966145,34.9249040324234
P07,trial_61_R_affected,2,24,34.677599854949335,58.29603265815757,23.78927593165966
P07,trial_61_R_affected,2,34,38.001814985570235,57.20484888112743,18.628877476592788
P07,trial_61_R_affected,3,012,44.639696720096524,60.72612325433731,31.64118152254446
P07,trial_61_R_affected,3,013,42.3625833045179,51.85843351825116,30.470896025047967
P07,trial_61_R_affected,3,014,48.16590231916729,44.91643874452894,30.290100394811155
P07,trial_61_R_affected,3,023,42.41498600605917,57.22558568385306,25.87766851296003
P07,trial_61_R_affected,3,024,36.684709447577,56.05712596724669,23.76057475932057
P07,trial_61_R_affected,3,034,37.18864554706917,51.68487316069665,21.081151504659978
P07,trial_61_R_affected,3,123,46.38190490011644,58.78417911888465,38.50929877467209
P07,trial_61_R_affected,3,124,39.000703228788886,53.99086992372563,26.361309935200584
P07,trial_61_R_affected,3,134,38.05107281884191,49.82786467958815,26.3143060676861
P07,trial_61_R_affected,3,234,35.034673356561996,57.98330976842625,20.307375291249116
P07,trial_61_R_affected,4,0123,43.57852169793399,56.45839129738895,29.970367592398112
P07,trial_61_R_affected,4,0124,39.39548161447067,53.40264519231302,25.793380843766403
P07,trial_61_R_affected,4,0134,39.30020033563478,49.351601619834184,25.798055979957244
P07,trial_61_R_affected,4,0234,36.45913588554396,55.359419100246214,21.26470569909444
P07,trial_61_R_affected,4,1234,37.307557394560135,54.28076821267377,25.11470990570458
P07,trial_61_R_affected,5,01234,38.449530684105845,53.516778044442475,24.69100619713578
P07,trial_62_R_affected,2,01,44.084144053833974,49.56616107525406,32.381717116936024
P07,trial_62_R_affected,2,02,43.53287549384083,59.284848852883684,26.772492288231085
P07,trial_62_R_affected,2,03,42.1296710952264,50.054249865279296,25.138131536757964
P07,trial_62_R_affected,2,04,76.7674427913686,44.5379284927535,30.01815248642538
P07,trial_62_R_affected,2,12,54.42576782778188,67.70564824073794,49.81064862099792
P07,trial_62_R_affected,2,13,45.20901047656207,51.537886081334534,37.903377213579276
P07,trial_62_R_affected,2,14,49.331587317758306,43.92584004291305,30.2719727049946
P07,trial_62_R_affected,2,23,37.14635195576026,56.25887173520037,34.04278520130646
P07,trial_62_R_affected,2,24,34.741787940232825,56.78561651304036,22.12296087872365
P07,trial_62_R_affected,2,34,37.61673995386861,56.94262848226756,18.89854151682828
P07,trial_62_R_affected,3,012,44.66493752345056,57.13617464000385,30.451364343012735
P07,trial_62_R_affected,3,013,42.81445878546558,49.88356460067393,29.672080383096535
P07,trial_62_R_affected,3,014,49.55809703024588,44.30487068410623,28.82438952726158
P07,trial_62_R_affected,3,023,42.499145710497366,54.41194699477559,24.576251187884377
P07,trial_62_R_affected,3,024,37.054099589474866,54.259566341717736,21.846368014575805
P07,trial_62_R_affected,3,034,37.782675202085336,50.66998440500741,20.220174682810644
P07,trial_62_R_affected,3,123,45.77105269629101,55.692614902718724,37.22677910493725
P07,trial_62_R_affected,3,124,39.14852345469912,52.25179015184511,25.56078293756211
P07,trial_62_R_affected,3,134,38.051781433589944,48.894871996332505,25.259973696653933
P07,trial_62_R_affected,3,234,34.52187253013411,56.56829416057129,19.339434062175535
P07,trial_62_R_affected,4,0123,43.54959064070921,53.65799806741832,29.041735421415783
P07,trial_62_R_affected,4,0124,39.688858132905416,51.58252379671928,25.028029603887706
P07,trial_62_R_affected,4,0134,39.79710037513306,48.22315704676426,24.724797191597787
P07,trial_62_R_affected,4,0234,36.370132321472994,53.63230120074786,19.879569333838695
P07,trial_62_R_affected,4,1234,36.9760245141849,52.633768919284144,24.298828339660027
P07,trial_62_R_affected,5,01234,38.428135593174645,51.7255999778571,23.836425382517874
P07,trial_63_R_affected,2,01,40.774241316416706,48.25901541193048,32.18071006634504
P07,trial_63_R_affected,2,02,37.52933711885183,60.50902237309662,22.482691883656333
P07,trial_63_R_affected,2,03,35.76772087517444,52.53817505388731,20.192527481455404
P07,trial_63_R_affected,2,04,61.91539819474339,43.068446596496216,26.02487690668602
P07,trial_63_R_affected,2,12,51.44140273824707,71.42114938978017,48.09385496246908
P07,trial_63_R_affected,2,13,42.47746032940866,54.0852653934408,38.068068587959985
P07,trial_63_R_affected,2,14,44.95455519970196,42.84254212418305,29.046067231881015
P07,trial_63_R_affected,2,23,36.24934528272191,58.170839427388984,31.383629692673935
P07,trial_63_R_affected,2,24,30.13840334313068,56.339767390454284,19.62322209885176
P07,trial_63_R_affected,2,34,35.806957107028865,57.48364684079346,13.45094583775121
P07,trial_63_R_affected,3,012,39.45556629815915,58.23872071401634,27.313868200462164
P07,trial_63_R_affected,3,013,37.62176922302065,51.58965580200252,27.192136267604763
P07,trial_63_R_affected,3,014,44.52783556523135,43.196357218719406,27.902612438169655
P07,trial_63_R_affected,3,023,37.51527744670586,56.1062331608489,19.364708181067037
P07,trial_63_R_affected,3,024,31.532620557889615,54.36660643235065,18.78770726483288
P07,trial_63_R_affected,3,034,31.412781816655173,51.82339936856749,15.183167786469308
P07,trial_63_R_affected,3,123,43.79067354812122,57.588499312852775,36.77985128678596
P07,trial_63_R_affected,3,124,35.13529192577268,51.80230531769738,23.37606647168464
P07,trial_63_R_affected,3,134,33.9492895858237,49.16862791151012,22.513585658959247
P07,trial_63_R_affected,3,234,31.621344818639916,56.92813414259223,14.775104215598677
P07,trial_63_R_affected,4,0123,39.00470640583098,55.229292110196496,25.849354747584364
P07,trial_63_R_affected,4,0124,35.14703592615512,51.4151095096323,22.5623709585391
P07,trial_63_R_affected,4,0134,34.407862559237955,48.731571402563254,21.845757568973607
P07,trial_63_R_affected,4,0234,31.84663247886707,54.530533650641814,14.928822131144427
P07,trial_63_R_affected,4,1234,33.5715881650813,52.951726035977664,21.00514233567363
P07,trial_63_R_affected,5,01234,33.99913490986366,52.3466423924585,20.320395755260947
P07,trial_64_R_affected,2,01,45.534461278581276,48.084447227421386,33.890680972248795
P07,trial_64_R_affected,2,02,44.573454095457244,59.773137132835245,29.374993884807726
P07,trial_64_R_affected,2,03,42.588588167253306,50.230199854806706,27.318186446704438
P07,trial_64_R_affected,2,04,74.23476787739573,44.66479962215139,34.47084981911965
P07,trial_64_R_affected,2,12,55.14975646814426,65.80030312850535,50.805373824117574
P07,trial_64_R_affected,2,13,46.65349083277528,49.82601991615322,38.2098392013397
P07,trial_64_R_affected,2,14,49.56948425514765,42.77442219977016,30.777438459520102
P07,trial_64_R_affected,2,23,38.79739490969756,56.729799046385146,35.989720365066326
P07,trial_64_R_affected,2,24,34.761738613454014,55.869938963322056,23.24408670531018
P07,trial_64_R_affected,2,34,37.92034613199919,55.494411678379585,19.27846651059773
P07,trial_64_R_affected,3,012,45.740137307932514,56.81858943071253,31.60907401453151
P07,trial_64_R_affected,3,013,43.87774115210163,49.19547974731358,31.350327181896514
P07,trial_64_R_affected,3,014,50.35997308295681,43.77853800068975,30.14193101679757
P07,trial_64_R_affected,3,023,43.368108295660285,54.61749453866935,26.862489657576777
P07,trial_64_R_affected,3,024,38.269631316491285,54.304043149589575,24.311059080362497
P07,trial_64_R_affected,3,034,38.0844696191745,50.18892349702349,22.031125558506563
P07,trial_64_R_affected,3,123,47.22559405823081,54.09674684559147,37.12238417835082
P07,trial_64_R_affected,3,124,39.59673791085073,51.463250070194576,25.865709325352412
P07,trial_64_R_affected,3,134,38.544800263210966,47.470118076942455,26.111633383772553
P07,trial_64_R_affected,3,234,34.331592027281005,55.40138267172175,19.964417271755956
P07,trial_64_R_affected,4,0123,44.648706757164874,53.21361835758117,30.35111106490642
P07,trial_64_R_affected,4,0124,40.882950992457644,51.28958944173901,26.068084227728257
P07,trial_64_R_affected,4,0134,40.554588802564716,47.42849218513374,26.30710603063534
P07,trial_64_R_affected,4,0234,37.27410788269311,53.32016335254474,21.92543738364649
P07,trial_64_R_affected,4,1234,37.5116627977958,51.46688284319282,24.71709739530449
P07,trial_64_R_affected,5,01234,39.40443443820071,51.15186639944905,25.094200145847424
P07,trial_65_R_affected,2,01,46.88332573500351,50.372484750174245,31.84371723653529
P07,trial_65_R_affected,2,02,45.24304109949829,57.743456515061126,27.65189944470867
P07,trial_65_R_affected,2,03,44.29200267795719,49.99177825093598,26.04479969837416
P07,trial_65_R_affected,2,04,80.37623988598989,42.875021799775666,33.54439379243719
P07,trial_65_R_affected,2,12,55.2733207894225,64.08351892313026,48.78058871123613
P07,trial_65_R_affected,2,13,46.807372966438784,51.43108488457207,36.576457833831036
P07,trial_65_R_affected,2,14,49.98455066067093,43.060773068370914,30.528446972991144
P07,trial_65_R_affected,2,23,37.44526319290956,56.59879690909804,38.23638201676476
P07,trial_65_R_affected,2,24,33.39559893252606,55.21506913020944,24.689392034246833
P07,trial_65_R_affected,2,34,38.93159782969532,55.96040542664438,21.82933473722427
P07,trial_65_R_affected,3,012,46.557788353368224,56.13037679820053,29.207473844422573
P07,trial_65_R_affected,3,013,44.83615317928043,50.16300402126527,29.101595744156096
P07,trial_65_R_affected,3,014,51.44855716827149,43.784146505503436,29.064554991639007
P07,trial_65_R_affected,3,023,44.344248138213395,53.75457664476215,25.353260981313117
P07,trial_65_R_affected,3,024,37.85871416372384,52.842672277766866,24.45248125492078
P07,trial_65_R_affected,3,034,38.90040450862115,49.621667943249356,22.03549166879609
P07,trial_65_R_affected,3,123,47.06828945400113,54.64590551193164,35.472572161060505
P07,trial_65_R_affected,3,124,38.59989852997278,51.10439178889859,25.64024778012464
P07,trial_65_R_affected,3,134,37.67803862527275,48.59378262261683,25.711780501785217
P07,trial_65_R_affected,3,234,33.34678013281802,55.51389573337093,21.64696992332421
P07,trial_65_R_affected,4,0123,45.33675465127384,53.211332461402726,28.23550723507005
P07,trial_65_R_affected,4,0124,40.495095256206454,50.66116604516544,25.22825782755945
P07,trial_65_R_affected,4,0134,40.78389298806127,47.91931159572415,25.150049117066676
P07,trial_65_R_affected,4,0234,36.8315019069223,52.648899510400184,21.855457379951005
P07,trial_65_R_affected,4,1234,36.11762942082411,51.87384563911592,24.452196950643682
P07,trial_65_R_affected,5,01234,39.03043033487846,51.08023376926314,24.10300348622836
P07,trial_66_R_affected,2,01,42.967458105396865,50.26538037377939,31.61827632855379
P07,trial_66_R_affected,2,02,42.136256549420814,56.79358960192272,24.679937672653626
P07,trial_66_R_affected,2,03,40.86586338679165,49.64137528513997,24.196611249799012
P07,trial_66_R_affected,2,04,76.17244877299889,42.70874293207421,31.091599987665457
P07,trial_66_R_affected,2,12,53.60727583252984,63.53010796399544,44.64406145557673
P07,trial_66_R_affected,2,13,44.70756435226172,51.74785537637986,36.57700464756506
P07,trial_66_R_affected,2,14,48.34247593532171,43.41774658702706,30.025662895333358
P07,trial_66_R_affected,2,23,37.53599231133273,55.25183900372297,36.0111709025391
P07,trial_66_R_affected,2,24,32.98654426547717,54.71967497292542,22.90025950838233
P07,trial_66_R_affected,2,34,39.09093152740662,56.80761938441278,20.948470943410346
P07,trial_66_R_affected,3,012,43.519736873112805,55.44674028578368,27.961321214827027
P07,trial_66_R_affected,3,013,41.55473879011056,49.99003169790706,28.199580216255605
P07,trial_66_R_affected,3,014,48.82672297563845,43.71409023697807,28.93196380477882
P07,trial_66_R_affected,3,023,41.3858754210791,53.053817386025706,23.333416081053148
P07,trial_66_R_affected,3,024,35.57081104219819,52.27117698476073,21.701558690443054
P07,trial_66_R_affected,3,034,36.29993082351505,49.84698118198317,20.22229787350741
P07,trial_66_R_affected,3,123,45.35388387075698,54.51073021297489,35.48824505767116
P07,trial_66_R_affected,3,124,37.48924199619645,50.895797474375584,25.41464203715354
P07,trial_66_R_affected,3,134,36.38368663720015,48.812556086247554,24.882994187159934
P07,trial_66_R_affected,3,234,33.2542674915837,55.36481086732984,19.68050837894866
P07,trial_66_R_affected,4,0123,42.482986932475185,52.75444299366884,27.26686919039116
P07,trial_66_R_affected,4,0124,38.3733453376672,50.237733716604,24.518055728145285
P07,trial_66_R_affected,4,0134,38.25014628330023,47.9090373471608,24.13094567256386
P07,trial_66_R_affected,4,0234,34.773490816946584,52.3085693360951,19.57478162553755
P07,trial_66_R_affected,4,1234,35.1132176953576,51.777856278072505,23.888812134035458
P07,trial_66_R_affected,5,01234,36.8773738109793,50.799695750275255,23.098121403720135
P07,trial_67_R_affected,2,01,42.86665345639002,48.48165896009973,30.21108358862498
P07,trial_67_R_affected,2,02,41.44525478363691,56.12826600996663,24.230743434042896
P07,trial_67_R_affected,2,03,41.22357269596947,51.14026448273955,23.829179838008585
P07,trial_67_R_affected,2,04,77.39778811812647,43.32224044076607,31.657032872151877
P07,trial_67_R_affected,2,12,53.666378558819666,61.811550097739484,44.64871110985151
P07,trial_67_R_affected,2,13,45.26766716781165,51.38087481544637,35.97675433432244
P07,trial_67_R_affected,2,14,49.11564078467126,42.05080705961108,28.775140872401114
P07,trial_67_R_affected,2,23,36.758400115837745,54.470228834229694,35.44451624174384
P07,trial_67_R_affected,2,24,32.619186610051614,53.550497627646514,21.73334232602024
P07,trial_67_R_affected,2,34,38.83654646905764,55.96529069571416,19.754148650778856
P07,trial_67_R_affected,3,012,43.31839576650212,54.132607022735776,26.930466470794485
P07,trial_67_R_affected,3,013,42.14569679328202,50.00828942373372,27.922416666590667
P07,trial_67_R_affected,3,014,49.70750990580038,42.99270809121648,27.73023771827147
P07,trial_67_R_affected,3,023,41.17648371606702,53.37612147177426,23.16510887680158
P07,trial_67_R_affected,3,024,35.0663242467887,51.80955166944457,21.180811416398
P07,trial_67_R_affected,3,034,36.54966789467842,50.646528219705154,19.475782645622704
P07,trial_67_R_affected,3,123,45.35287423282951,53.638426409308714,34.78220788466841
P07,trial_67_R_affected,3,124,37.40897338027879,49.31979256442701,23.6677258097261
P07,trial_67_R_affected,3,134,37.070233253207604,48.13996123997242,24.11535922964407
P07,trial_67_R_affected,3,234,33.2062187957066,54.50746302279156,18.425283418433757
P07,trial_67_R_affected,4,0123,42.57973100416219,52.32542394577643,26.89973671976666
P07,trial_67_R_affected,4,0124,38.3316666498882,49.19878607149749,23.21077316943891
P07,trial_67_R_affected,4,0134,38.91076311890201,47.81200149124267,23.47970951371801
P07,trial_67_R_affected,4,0234,34.608124464679385,52.281114612113576,18.865387805452944
P07,trial_67_R_affected,4,1234,35.282623062513146,50.75325035834697,22.616496139483928
P07,trial_67_R_affected,5,01234,37.03959540992888,50.28456491274881,22.207402282724914
P07,trial_68_R_affected,2,01,43.4942015590453,49.27765927444961,32.89743378483318
P07,trial_68_R_affected,2,02,41.579728338568806,57.09395033906553,28.2183339185729
P07,trial_68_R_affected,2,03,41.3566299139519,49.578391958237475,27.79147877950573
P07,trial_68_R_affected,2,04,75.88742298647114,44.17240024768597,33.90101779715512
P07,trial_68_R_affected,2,12,52.59311039435391,63.942148726941156,46.53496510556252
P07,trial_68_R_affected,2,13,45.5381827703803,50.07825842468523,37.51548672280958
P07,trial_68_R_affected,2,14,50.26163000147364,43.65786746565425,30.104480958796415
P07,trial_68_R_affected,2,23,37.771559880991795,54.49850624528445,40.06585791360831
P07,trial_68_R_affected,2,24,34.06213951658104,54.45930269683936,24.631853904974413
P07,trial_68_R_affected,2,34,37.82133311267688,54.46594932630637,22.750248272441045
P07,trial_68_R_affected,3,012,43.125018275295595,55.38726578220708,30.294394672876983
P07,trial_68_R_affected,3,013,42.47294805483418,49.21417720575402,30.632113102171104
P07,trial_68_R_affected,3,014,50.8023668743813,44.3167558185498,29.559595267882262
P07,trial_68_R_affected,3,023,41.352938298700074,53.02007182545496,26.253984899924273
P07,trial_68_R_affected,3,024,36.5373089810797,52.5096963511002,24.70358913884564
P07,trial_68_R_affected,3,034,37.4691834275836,49.30222536685794,23.547941357562106
P07,trial_68_R_affected,3,123,45.52086217642778,53.295631240761644,36.0807255871721
P07,trial_68_R_affected,3,124,38.931141849391075,50.81267361050374,26.49486233371079
P07,trial_68_R_affected,3,134,38.30086977978693,47.86245700033115,26.651039424521247
P07,trial_68_R_affected,3,234,33.923010046290194,54.2791144713396,21.655471236608406
P07,trial_68_R_affected,4,0123,42.753703049334916,52.280570921261585,29.491939246630977
P07,trial_68_R_affected,4,0124,39.660244681624235,50.36814328079466,26.35813060153944
P07,trial_68_R_affected,4,0134,40.03704338841114,47.4702027472676,26.38523221977076
P07,trial_68_R_affected,4,0234,35.806763672382274,51.92670581721683,22.443832074627633
P07,trial_68_R_affected,4,1234,36.69181453969586,50.987715593376684,25.39186253765981
P07,trial_68_R_affected,5,01234,38.190600520909626,50.40259690744957,25.247615020537186
P07,trial_69_R_affected,2,01,46.10377205947249,51.85720752601299,38.25898265076347
P07,trial_69_R_affected,2,02,42.47923494988374,56.89264458046735,30.820586988783603
P07,trial_69_R_affected,2,03,41.30739483628926,50.91688069564348,29.20233405759874
P07,trial_69_R_affected,2,04,72.83259950351156,47.57837206064764,33.71559348112055
P07,trial_69_R_affected,2,12,55.333073959741654,66.08019993340366,54.42641395594888
P07,trial_69_R_affected,2,13,46.17044026321311,52.113364200230365,42.439633278230176
P07,trial_69_R_affected,2,14,50.932899784250964,45.03389001732016,33.08835702077658
P07,trial_69_R_affected,2,23,36.101862478145456,53.69323891603125,37.934360842845045
P07,trial_69_R_affected,2,24,34.447154117422215,54.49005933482337,24.54761226793466
P07,trial_69_R_affected,2,34,37.3021718275837,54.35599120863006,23.39986977199817
P07,trial_69_R_affected,3,012,44.80896948752996,55.59791451632375,34.479080732940446
P07,trial_69_R_affected,3,013,43.15100969925591,50.587719715338324,34.0059831561823
P07,trial_69_R_affected,3,014,51.48129009771437,45.8687721865655,33.235009500350316
P07,trial_69_R_affected,3,023,41.61390419270858,53.53399864699738,28.156034662558813
P07,trial_69_R_affected,3,024,37.121329211237956,53.27441047651907,25.831677897683868
P07,trial_69_R_affected,3,034,37.719667773171885,50.62119282975396,24.72837690886741
P07,trial_69_R_affected,3,123,46.356806123539116,54.524569901109224,40.76529635557911
P07,trial_69_R_affected,3,124,39.8668692662007,51.56830448569386,29.004162768525557
P07,trial_69_R_affected,3,134,38.910825198673585,48.82199089681606,29.19299964819421
P07,trial_69_R_affected,3,234,34.218320625125195,54.16804223124674,22.372334883081333
P07,trial_69_R_affected,4,0123,43.55281942056522,52.99678244142816,32.77198364747876
P07,trial_69_R_affected,4,0124,40.741981014380734,51.19981133559316,29.008226065582345
P07,trial_69_R_affected,4,0134,40.663429186307056,48.70660282126442,28.9546465973333
P07,trial_69_R_affected,4,0234,36.28299185644906,52.58161944842539,23.851738436078957
P07,trial_69_R_affected,4,1234,37.35876664228777,51.57249484524529,27.79647782972485
P07,trial_69_R_affected,5,01234,38.967319322223275,51.19344197095681,27.687394233722642
P07,trial_6_L_unaffected,2,01,35.34759285926972,59.36301766488009,24.787960907795938
P07,trial_6_L_unaffected,2,02,30.550333781974317,53.581295840299425,25.720834630067888
P07,trial_6_L_unaffected,2,03,31.73715630140273,40.72197217032648,25.741038309222034
P07,trial_6_L_unaffected,2,04,73.2026986145308,49.51066007257558,36.51796338332271
P07,trial_6_L_unaffected,2,12,37.72952555330841,53.39454708100945,25.257926651027738
P07,trial_6_L_unaffected,2,13,39.4903188936798,44.30440344902421,24.930708086259365
P07,trial_6_L_unaffected,2,14,50.66708004550898,53.27091260743692,19.658201994318414
P07,trial_6_L_unaffected,2,23,46.60028892639516,66.08907571883871,39.284071700192065
P07,trial_6_L_unaffected,2,24,52.18308032542341,55.154937867383815,21.997253079511275
P07,trial_6_L_unaffected,2,34,52.14901130960431,50.126944914001804,24.767499388069123
P07,trial_6_L_unaffected,3,012,33.73705075091253,55.384767483098734,22.721181956536935
P07,trial_6_L_unaffected,3,013,33.53128452216757,44.03848636547043,20.616442728107796
P07,trial_6_L_unaffected,3,014,44.29946314949749,51.897531079671595,16.248742861724615
P07,trial_6_L_unaffected,3,023,31.874224520860967,47.78759922116531,23.82501064983537
P07,trial_6_L_unaffected,3,024,39.356765428962056,51.54814221420102,20.148263775720565
P07,trial_6_L_unaffected,3,034,37.94548558247798,41.48830303602565,22.440961641194672
P07,trial_6_L_unaffected,3,123,39.307824847800816,47.95254600746038,23.628509738104427
P07,trial_6_L_unaffected,3,124,47.69515543397376,52.9639871481319,19.017177116623728
P07,trial_6_L_unaffected,3,134,44.45050203184919,46.34484652608819,21.516190158474203
P07,trial_6_L_unaffected,3,234,51.0567057869145,50.794283018148896,22.732367155329957
P07,trial_6_L_unaffected,4,0123,33.730483202644244,48.03896626059858,20.452971623982663
P07,trial_6_L_unaffected,4,0124,40.21551797553262,52.228352365735866,16.91965769406821
P07,trial_6_L_unaffected,4,0134,38.85077862568813,44.85146660538889,19.22145448486816
P07,trial_6_L_unaffected,4,0234,38.58191321881501,47.282055820217664,20.940773043322988
P07,trial_6_L_unaffected,4,1234,45.28548109359632,48.84827886804488,20.564765817255207
P07,trial_6_L_unaffected,5,01234,38.9110372446241,47.91471822682934,18.756161728795796
P07,trial_70_R_affected,2,01,46.76731380628311,47.30829446881287,36.70744301587341
P07,trial_70_R_affected,2,02,44.14618891854912,60.642481341031946,27.668502988548003
P07,trial_70_R_affected,2,03,42.25169943103176,51.31409346301081,28.0844237956065
P07,trial_70_R_affected,2,04,73.47257032639476,45.95254631488263,34.69121845458741
P07,trial_70_R_affected,2,12,55.086984564075614,65.2240964946615,55.23808710929397
P07,trial_70_R_affected,2,13,45.32802678776835,48.44233620640479,40.74775948177108
P07,trial_70_R_affected,2,14,49.96290035951682,42.09097560336131,33.4594587924594
P07,trial_70_R_affected,2,23,35.51688751103383,57.01531351273602,28.736520952862392
P07,trial_70_R_affected,2,24,33.31208452714711,56.69798080710513,22.169820998484884
P07,trial_70_R_affected,2,34,35.67030773998543,55.74473572173278,21.959700418482452
P07,trial_70_R_affected,3,012,45.5610235809837,56.3141733535273,32.658310225620475
P07,trial_70_R_affected,3,013,43.51965018436379,48.51869331965677,32.46474497831157
P07,trial_70_R_affected,3,014,51.31092730975784,43.36530931175136,32.82011574767029
P07,trial_70_R_affected,3,023,42.502156180392916,55.50994978033134,26.60085083032599
P07,trial_70_R_affected,3,024,37.18843809225499,55.159903209557825,23.154527889638885
P07,trial_70_R_affected,3,034,37.61760227238317,51.17206165012636,23.547153962823863
P07,trial_70_R_affected,3,123,45.56794471956593,53.21982921718423,39.48127157995768
P07,trial_70_R_affected,3,124,38.50394967561658,51.18207812606043,27.706958931919136
P07,trial_70_R_affected,3,134,37.67657823186979,47.14794803413799,28.28540020055737
P07,trial_70_R_affected,3,234,32.98472459606394,56.08653498632768,20.828386524502413
P07,trial_70_R_affected,4,0123,43.914306375075356,52.84836060616843,31.511975691405553
P07,trial_70_R_affected,4,0124,40.343689893572716,51.137987812701915,27.624639483326053
P07,trial_70_R_affected,4,0134,40.40131152229235,47.34282363362974,27.96535104649643
P07,trial_70_R_affected,4,0234,36.29191111972433,54.1567346645251,22.480801957656208
P07,trial_70_R_affected,4,1234,36.191084184322,51.351089705734154,26.631046842301185
P07,trial_70_R_affected,5,01234,38.67696072682036,51.16637347158087,26.61990295349673
P07,trial_71_R_affected,2,01,44.22470888843607,49.60747983900268,33.03507160154059
P07,trial_71_R_affected,2,02,42.66881229587323,60.98454008954402,28.30527256593768
P07,trial_71_R_affected,2,03,41.37417360815175,49.897182197640646,26.110520871587525
P07,trial_71_R_affected,2,04,73.03448268210062,44.61588444749991,33.320739686224684
P07,trial_71_R_affected,2,12,54.58725825921161,72.35316400984011,49.49203134032622
P07,trial_71_R_affected,2,13,45.67255104290369,51.11877800082043,36.518488038861754
P07,trial_71_R_affected,2,14,49.1369109245128,43.750886490659525,30.311195500184002
P07,trial_71_R_affected,2,23,36.703472382840445,56.738387416556826,36.806644475154314
P07,trial_71_R_affected,2,24,34.428044801064694,56.270585758936576,24.225184560450128
P07,trial_71_R_affected,2,34,37.9723516187027,54.40698232844939,20.805779798032
P07,trial_71_R_affected,3,012,44.26792957539937,58.8140013555312,30.574309778991886
P07,trial_71_R_affected,3,013,42.58510874324625,49.85314612449969,29.83365751670581
P07,trial_71_R_affected,3,014,49.493007402351104,44.592410676562544,29.34996486071963
P07,trial_71_R_affected,3,023,42.159143422557996,54.99911370566558,25.132235508735548
P07,trial_71_R_affected,3,024,37.17852913742754,54.484114643119746,24.38895121559764
P07,trial_71_R_affected,3,034,37.71298880710718,49.63916777599951,21.964452865618373
P07,trial_71_R_affected,3,123,46.22258081881006,56.02543089518328,35.09851839298848
P07,trial_71_R_affected,3,124,39.45743118072304,52.54846429873231,26.412577154025882
P07,trial_71_R_affected,3,134,38.56686065256616,48.19927443575491,26.33580396742437
P07,trial_71_R_affected,3,234,34.57564458694346,55.53065892753238,20.519297773544128
P07,trial_71_R_affected,4,0123,43.44372174118375,54.23425941549372,28.702938627114076
P07,trial_71_R_affected,4,0124,40.05816861359545,52.13083842197463,26.137248326793678
P07,trial_71_R_affected,4,0134,39.916491880796436,47.88273638121767,25.90232681689951
P07,trial_71_R_affected,4,0234,36.715755405302055,53.31741968725074,21.342892224749296
P07,trial_71_R_affected,4,1234,37.47341156916403,52.33403013784015,24.65413839861442
P07,trial_71_R_affected,5,01234,38.77808914777057,51.7425777770077,24.533061467701767
P07,trial_72_R_affected,2,01,43.50371773560367,49.26645260772824,30.58160984087386
P07,trial_72_R_affected,2,02,44.09629719665173,56.65657628251221,25.212224429735315
P07,trial_72_R_affected,2,03,42.39396184083114,50.95742648691289,26.36170684888693
P07,trial_72_R_affected,2,04,79.07616993107135,45.254594080998025,37.93614347839503
P07,trial_72_R_affected,2,12,55.64706813168868,63.0465545852924,45.78440654549661
P07,trial_72_R_affected,2,13,43.915647408598936,51.550688005212955,36.14609286046815
P07,trial_72_R_affected,2,14,48.21150142602119,44.26476838949888,31.22370640226822
P07,trial_72_R_affected,2,23,33.30549804722278,54.592655354273944,33.52152167134764
P07,trial_72_R_affected,2,24,31.750308333788727,54.57451571578471,23.94905154330198
P07,trial_72_R_affected,2,34,35.70655867026232,57.85987577689118,22.41899246880878
P07,trial_72_R_affected,3,012,45.57326890612632,54.92329970792552,27.55821117389561
P07,trial_72_R_affected,3,013,42.5889229815415,50.44507922424316,29.05558829545156
P07,trial_72_R_affected,3,014,48.83231479782874,44.98750430008196,29.342852138588
P07,trial_72_R_affected,3,023,42.15926790426104,53.55126245777032,25.00530691184019
P07,trial_72_R_affected,3,024,36.054755201763804,52.66707675979268,22.923735904047312
P07,trial_72_R_affected,3,034,38.057659093787066,51.407129998332586,22.880790944551414
P07,trial_72_R_affected,3,123,44.361614300295365,54.129816387342274,34.866373805616355
P07,trial_72_R_affected,3,124,37.489830129000346,51.12978405774853,25.889313637246744
P07,trial_72_R_affected,3,134,37.29015264023645,49.38087143337396,26.808056346155745
P07,trial_72_R_affected,3,234,32.07019803342933,55.45796313809005,22.121920261871594
P07,trial_72_R_affected,4,0123,43.370757638780084,52.870107223692415,27.951932352576446
P07,trial_72_R_affected,4,0124,39.01249163463339,50.626874916537915,24.767277974937056
P07,trial_72_R_affected,4,0134,39.538644033815984,48.85732193479887,25.763412830876142
P07,trial_72_R_affected,4,0234,35.45888958375401,52.929064805868755,21.942298346813818
P07,trial_72_R_affected,4,1234,35.42378605362897,51.965292148975344,25.423878941358783
P07,trial_72_R_affected,5,01234,37.753790166415165,51.27339753504787,24.46343178790161
P07,trial_73_R_affected,2,01,42.39658014874137,51.88372242675261,34.73958140798218
P07,trial_73_R_affected,2,02,41.94670765775194,61.72138045747883,26.851127377216688
P07,trial_73_R_affected,2,03,41.335156890433566,53.94669038190216,26.00966562997039
P07,trial_73_R_affected,2,04,76.81201852264962,45.81901073463638,32.081958999093644
P07,trial_73_R_affected,2,12,52.11768158389936,70.98704352964053,50.549705506332444
P07,trial_73_R_affected,2,13,43.08673998133085,54.83409110781172,39.38643143000735
P07,trial_73_R_affected,2,14,47.42983717302953,44.651212735667286,30.78548111541781
P07,trial_73_R_affected,2,23,35.0151676302851,58.909502067174046,34.78224106382982
P07,trial_73_R_affected,2,24,32.962924732931725,57.70405047660246,20.974218740769007
P07,trial_73_R_affected,2,34,36.906502871726985,57.67824622369809,21.484382186614813
P07,trial_73_R_affected,3,012,42.77515607142211,59.8016944544581,30.46835237008574
P07,trial_73_R_affected,3,013,41.35937125738621,53.08357201420392,30.42211755408618
P07,trial_73_R_affected,3,014,48.03682569265605,45.7562638337332,30.198071928343825
P07,trial_73_R_affected,3,023,41.376956988999055,57.45093848130891,25.11281411307885
P07,trial_73_R_affected,3,024,34.93927232980153,55.82651964367607,22.063709500390225
P07,trial_73_R_affected,3,034,36.91778521786018,52.840093963670384,21.927512714901816
P07,trial_73_R_affected,3,123,43.445030280062696,58.498561626815395,38.4838788651935
P07,trial_73_R_affected,3,124,36.44886756651643,53.24245001624995,25.26684354964187
P07,trial_73_R_affected,3,134,36.19499153248579,50.433987569967705,26.11518222203203
P07,trial_73_R_affected,3,234,33.423187403924146,57.84626015069411,18.6794482166957
P07,trial_73_R_affected,4,0123,41.95814399662053,56.56483572155443,29.500957578653363
P07,trial_73_R_affected,4,0124,37.30001104094307,53.14231211498089,25.069557100067374
P07,trial_73_R_affected,4,0134,38.236376029553746,50.270813947035904,25.663427479829434
P07,trial_73_R_affected,4,0234,35.01217332507798,55.634947563361514,20.592930993226606
P07,trial_73_R_affected,4,1234,34.83558300982341,54.10188077130127,24.511621774720677
P07,trial_73_R_affected,5,01234,36.5750040290282,53.68743134894215,24.24213535879177
P07,trial_74_R_affected,2,01,46.998156644896746,49.764256941996884,30.977524786067796
P07,trial_74_R_affected,2,02,46.765594032836724,58.967691672030135,27.782744221572738
P07,trial_74_R_affected,2,03,45.54688976704671,51.030495916554194,25.641693984478167
P07,trial_74_R_affected,2,04,88.92465109540284,46.947839281730325,37.820578301571416
P07,trial_74_R_affected,2,12,54.08782930180984,67.51115405527139,49.6039051297657
P07,trial_74_R_affected,2,13,43.678281192936915,51.54658072353442,33.7540540792953
P07,trial_74_R_affected,2,14,51.29207654479073,45.34453857324326,28.925505468692972
P07,trial_74_R_affected,2,23,35.26512397098043,57.06761336146162,30.800131730640377
P07,trial_74_R_affected,2,24,35.903931788061165,57.51297645744624,22.80148274882039
P07,trial_74_R_affected,2,34,38.56922606028698,57.12375425217037,20.48208699820896
P07,trial_74_R_affected,3,012,47.00409674197537,57.03124547475443,29.44380966159132
P07,trial_74_R_affected,3,013,44.541796618312716,50.44830990508513,27.9359202583507
P07,trial_74_R_affected,3,014,52.593866650199224,46.32390706435459,27.984768738391026
P07,trial_74_R_affected,3,023,44.3845738277864,54.78933028498474,25.005832021990802
P07,trial_74_R_affected,3,024,38.53639094217126,55.365509771505685,23.418439753374887
P07,trial_74_R_affected,3,034,40.69861050452422,51.77602691803677,21.202518091421155
P07,trial_74_R_affected,3,123,43.62530660454196,55.385173150345146,33.1877170753101
P07,trial_74_R_affected,3,124,38.82457262820546,53.204323348526565,25.131674434686612
P07,trial_74_R_affected,3,134,37.81119437377312,49.65904709615809,24.168053425677932
P07,trial_74_R_affected,3,234,35.002660194125134,57.05543123710891,20.218683549921394
P07,trial_74_R_affected,4,0123,44.649184485876695,53.86839498392911,27.547401626570313
P07,trial_74_R_affected,4,0124,40.47587006204808,52.65869410947001,24.682369816350402
P07,trial_74_R_affected,4,0134,41.3137533079445,49.309372076140946,24.02023966110555
P07,trial_74_R_affected,4,0234,37.13170951363944,54.39372506001161,21.176764373058038
P07,trial_74_R_affected,4,1234,35.85381861379551,53.18720820904692,23.430954375045133
P07,trial_74_R_affected,5,01234,38.765539654395326,52.46939741009158,23.360400849131437
P07,trial_75_R_affected,2,01,42.84109130188457,49.06555173438296,32.02429480280344
P07,trial_75_R_affected,2,02,43.95712491264405,61.640189307086494,27.944792916047348
P07,trial_75_R_affected,2,03,41.91537777722002,50.41139179849503,24.83716863470792
P07,trial_75_R_affected,2,04,77.15625514520782,41.83386389980049,32.02789204557461
P07,trial_75_R_affected,2,12,52.098632544942575,73.16316228604158,50.47925979258959
P07,trial_75_R_affected,2,13,42.00097698903357,52.15356665873802,35.14736769682486
P07,trial_75_R_affected,2,14,47.18665640164288,42.6600662976751,29.987363735647453
P07,trial_75_R_affected,2,23,34.72939693330632,58.521795426023914,34.680191486700124
P07,trial_75_R_affected,2,24,33.78247882458771,57.34221985163667,24.425283229372422
P07,trial_75_R_affected,2,34,37.44114371034848,55.69716617818309,19.764385750437896
P07,trial_75_R_affected,3,012,43.631223004028406,59.39924422434281,29.648546208724433
P07,trial_75_R_affected,3,013,41.154418809799395,50.27128768695249,28.447709701202175
P07,trial_75_R_affected,3,014,48.05510267627598,43.5373185141811,29.003487170325226
P07,trial_75_R_affected,3,023,42.36101214987945,55.71934740823918,24.973787591419008
P07,trial_75_R_affected,3,024,36.05954103000244,55.1375575440913,24.1414779258799
P07,trial_75_R_affected,3,034,37.337699479363586,50.023096295184516,20.78493272309266
P07,trial_75_R_affected,3,123,43.154958379504976,57.33519778048818,34.538831809060746
P07,trial_75_R_affected,3,124,36.56124651415906,52.7062337381025,25.47247054643927
P07,trial_75_R_affected,3,134,35.48437822173399,48.27998524238165,24.722272480360598
P07,trial_75_R_affected,3,234,33.61501821621125,56.70161294489623,20.94788549556616
P07,trial_75_R_affected,4,0123,42.27246828503287,54.97652362031243,27.90220053618536
P07,trial_75_R_affected,4,0124,37.72607324996304,52.31720103905136,25.065819051391244
P07,trial_75_R_affected,4,0134,38.07110055370433,47.84697952738447,24.510628527896458
P07,trial_75_R_affected,4,0234,35.4487842920015,54.09172817644475,21.37512214282484
P07,trial_75_R_affected,4,1234,34.455464053224624,52.85330630814111,23.99074486826171
P07,trial_75_R_affected,5,01234,36.65481199830426,52.18414525067115,23.74097662063242
P07,trial_76_R_affected,2,01,44.51503347553744,48.25241319294339,32.42007603592141
P07,trial_76_R_affected,2,02,44.83084436263492,58.81816071899133,25.568973344742925
P07,trial_76_R_affected,2,03,43.05132356128646,52.77809711519396,23.625936233031833
P07,trial_76_R_affected,2,04,84.27783118256386,45.35155007000912,35.90247029324725
P07,trial_76_R_affected,2,12,53.46385994192804,66.00149432729921,47.89249664103521
P07,trial_76_R_affected,2,13,43.550822633341134,51.999023155702815,35.794356625895006
P07,trial_76_R_affected,2,14,49.25743926398961,42.87167886734917,30.497478564342813
P07,trial_76_R_affected,2,23,34.830129577709066,56.08637222013383,31.97075594281142
P07,trial_76_R_affected,2,24,33.119707359954184,55.801049601309685,23.481675531991936
P07,trial_76_R_affected,2,34,38.44560547104548,58.159083929250436,20.356723692174057
P07,trial_76_R_affected,3,012,45.085099799983055,56.395808950909206,28.723818839588276
P07,trial_76_R_affected,3,013,42.482993989961386,50.98399353005108,27.94559481768871
P07,trial_76_R_affected,3,014,50.237650962178314,44.01104972838412,29.2181706833563
P07,trial_76_R_affected,3,023,43.12676555349458,55.37455484676313,23.29838033627716
P07,trial_76_R_affected,3,024,35.93098383834983,54.120841129912904,22.90452181033419
P07,trial_76_R_affected,3,034,37.29278133200757,52.71516888546611,20.794302439894942
P07,trial_76_R_affected,3,123,44.194612881548686,55.39936079898826,35.03544871898038
P07,trial_76_R_affected,3,124,36.75483076591399,51.44213180451765,25.277168849769062
P07,trial_76_R_affected,3,134,35.590117142867996,49.282763973736465,24.92934193913836
P07,trial_76_R_affected,3,234,33.30266479983524,56.53289784024755,20.428070966363617
P07,trial_76_R_affected,4,0123,43.38706828835112,54.07396544451692,27.299516814924747
P07,trial_76_R_affected,4,0124,38.23378437724891,51.188815652060725,24.611273858531728
P07,trial_76_R_affected,4,0134,38.57601948212323,49.10708190631865,24.334179597520222
P07,trial_76_R_affected,4,0234,34.981602667275794,54.36066960792908,20.545920247780593
P07,trial_76_R_affected,4,1234,34.092528808537956,52.53216369227773,23.821797463665973
P07,trial_76_R_affected,5,01234,36.7552037545948,52.06879995354669,23.298917149179513
P07,trial_77_R_affected,2,01,41.7851384539602,49.92247998167293,37.511593004079415
P07,trial_77_R_affected,2,02,44.02665346580008,59.746455699731065,32.69752713552517
P07,trial_77_R_affected,2,03,41.30838219452454,53.267177501516926,31.095351067014768
P07,trial_77_R_affected,2,04,80.21750143620243,47.781010491339565,41.61197001003737
P07,trial_77_R_affected,2,12,51.03583047502529,66.5342911763972,50.06189031695533
P07,trial_77_R_affected,2,13,40.495571885092275,52.1013667842594,38.79351323513277
P07,trial_77_R_affected,2,14,46.32112710435649,44.79030233589593,35.78358112329577
P07,trial_77_R_affected,2,23,35.33910976841078,56.06392639805238,35.10361157634311
P07,trial_77_R_affected,2,24,34.863136120044494,56.084182593662895,29.74176414614962
P07,trial_77_R_affected,2,34,39.23266730557699,57.35975771057342,27.203660246054987
P07,trial_77_R_affected,3,012,43.48314675948787,56.89927972196408,34.72308206558274
P07,trial_77_R_affected,3,013,40.16405208626227,51.42719434976302,33.87010982407131
P07,trial_77_R_affected,3,014,46.8463688579554,45.91471367134065,34.98772194158385
P07,trial_77_R_affected,3,023,41.92488847441493,56.025262353042564,31.408198640359398
P07,trial_77_R_affected,3,024,36.25138418963469,55.08698556345841,29.832490805772874
P07,trial_77_R_affected,3,034,36.87333302915968,53.0421967909164,28.197547456052483
P07,trial_77_R_affected,3,123,41.82213959185311,55.57614001288181,39.015330546448105
P07,trial_77_R_affected,3,124,36.74309453887684,52.75723297355605,32.20240920824
P07,trial_77_R_affected,3,134,35.27385497038439,49.772961662443024,30.992696108391378
P07,trial_77_R_affected,3,234,34.783536019303874,56.10991258537039,27.475179573044056
P07,trial_77_R_affected,4,0123,41.5686399161855,54.524165072954204,33.87030936826702
P07,trial_77_R_affected,4,0124,37.52976955685412,52.42783962119828,31.366815514173144
P07,trial_77_R_affected,4,0134,37.345414698835874,49.84666723517277,30.790587130038997
P07,trial_77_R_affected,4,0234,35.15285629209882,54.729235466126994,28.442797406033947
P07,trial_77_R_affected,4,1234,34.496166714348355,52.9714738212011,30.778037296468845
P07,trial_77_R_affected,5,01234,36.204443411662254,52.7116585204841,30.48750775381549
P07,trial_78_R_affected,2,01,44.50537708897392,48.81057640811766,31.303508196968977
P07,trial_78_R_affected,2,02,42.28338275117279,59.42605331699366,25.847357974764112
P07,trial_78_R_affected,2,03,40.84608065617634,48.53874400568055,22.83420636708379
P07,trial_78_R_affected,2,04,73.41149762466951,38.24800915546229,27.723043718968903
P07,trial_78_R_affected,2,12,52.42620612224538,67.67796553503293,47.53036359925366
P07,trial_78_R_affected,2,13,42.95051920471921,50.39600862019522,36.58207698388619
P07,trial_78_R_affected,2,14,47.40091617952069,41.92321897247163,28.63649388708053
P07,trial_78_R_affected,2,23,35.23220117644129,56.081467317333725,31.52786200010914
P07,trial_78_R_affected,2,24,33.15345940407371,55.0112837426468,20.187928061870334
P07,trial_78_R_affected,2,34,36.033222811520126,53.844520113052205,16.219338190803498
P07,trial_78_R_affected,3,012,43.400066266307235,57.13522506589228,29.167619422656912
P07,trial_78_R_affected,3,013,41.39889575197207,48.75492004137951,28.069485388815433
P07,trial_78_R_affected,3,014,48.47790519946331,42.32108583806733,27.67902284625094
P07,trial_78_R_affected,3,023,41.17221752453832,53.80663616879519,23.033120155018793
P07,trial_78_R_affected,3,024,35.83738213777083,52.913369545329495,20.751979958373624
P07,trial_78_R_affected,3,034,37.097666013000435,47.92090011129681,17.7796607943743
P07,trial_78_R_affected,3,123,43.75494473808874,54.95420932403114,35.64387986177453
P07,trial_78_R_affected,3,124,37.21454563357508,50.987205607948596,23.545182117820367
P07,trial_78_R_affected,3,134,36.2430027014591,47.00436417963991,22.88079548986324
P07,trial_78_R_affected,3,234,32.838722433556065,54.53986502423068,17.19476987304925
P07,trial_78_R_affected,4,0123,42.08736322746001,53.096534671463566,27.522425390844948
P07,trial_78_R_affected,4,0124,38.33750244253188,50.55253487920348,23.529046341953464
P07,trial_78_R_affected,4,0134,38.60905840498532,46.369931101702065,22.78561145601788
P07,trial_78_R_affected,4,0234,35.15026243253115,52.090424377123,18.301130940914934
P07,trial_78_R_affected,4,1234,35.00280935541326,51.15383206203971,22.091723542197176
P07,trial_78_R_affected,5,01234,37.027259902786135,50.474477231886084,22.072986520004505
P07,trial_79_R_affected,2,01,45.15420570193252,53.41710822972562,32.3704691910602
P07,trial_79_R_affected,2,02,41.816651317055346,60.30507159973431,25.800571846218695
P07,trial_79_R_affected,2,03,40.210478075214105,48.82631426596272,23.537967532939184
P07,trial_79_R_affected,2,04,70.75738330280969,40.1546678453809,27.313402734952742
P07,trial_79_R_affected,2,12,53.27019462715179,73.0972323385275,45.9382628565016
P07,trial_79_R_affected,2,13,43.666224814212484,52.74109175783944,36.1336214928878
P07,trial_79_R_affected,2,14,48.115962990868766,44.07586925184083,28.375974407979527
P07,trial_79_R_affected,2,23,36.012398730342824,56.54533470417606,32.152516447621245
P07,trial_79_R_affected,2,24,34.26243061085244,55.68589719130588,20.79235177072553
P07,trial_79_R_affected,2,34,35.46780025862029,54.13748559562503,16.223249638598446
P07,trial_79_R_affected,3,012,43.264402051358644,59.70539956896698,29.102708518263785
P07,trial_79_R_affected,3,013,41.33148142945822,50.57443085502894,28.303033092263927
P07,trial_79_R_affected,3,014,48.53401174908969,44.596574929877434,27.77185271023849
P07,trial_79_R_affected,3,023,41.057542371941025,54.27381620429659,23.149275110442797
P07,trial_79_R_affected,3,024,35.916862330433204,53.57490591694149,21.14413451340231
P07,trial_79_R_affected,3,034,36.79446589526117,48.40368002416322,18.671527777294752
P07,trial_79_R_affected,3,123,44.47959112346625,57.25660896361103,35.24959344464489
P07,trial_79_R_affected,3,124,38.21093896605558,52.74589892383231,24.168355583981064
P07,trial_79_R_affected,3,134,37.14111040897099,48.43886914159339,23.57712241719778
P07,trial_79_R_affected,3,234,33.92996717934282,55.039395983037906,17.48943404807359
P07,trial_79_R_affected,4,0123,42.141227030326725,54.70358731693377,27.534349099328427
P07,trial_79_R_affected,4,0124,38.66926697166564,52.19213487947176,24.127222884156534
P07,trial_79_R_affected,4,0134,38.77677732655736,47.780138814338535,23.410786822789266
P07,trial_79_R_affected,4,0234,35.57954987847042,52.53955065836625,18.702089302471624
P07,trial_79_R_affected,4,1234,36.14584997080497,52.49484188232491,22.765445378949043
P07,trial_79_R_affected,5,01234,37.47745924785361,51.70130894527529,22.612882805970425
P07,trial_7_L_unaffected,2,01,34.41698087604837,61.06503910726323,27.17752970316754
P07,trial_7_L_unaffected,2,02,28.419036682152967,52.09129809630811,25.81449014599458
P07,trial_7_L_unaffected,2,03,31.13823395794497,41.36128163995432,25.996647297118404
P07,trial_7_L_unaffected,2,04,72.31264678317756,46.79965565667327,33.36820770663131
P07,trial_7_L_unaffected,2,12,37.472067751308366,51.84270271852106,24.95455687766914
P07,trial_7_L_unaffected,2,13,39.45491908419976,45.230134714486965,26.02104939256918
P07,trial_7_L_unaffected,2,14,50.02467808426707,52.73995238247165,21.13871357444372
P07,trial_7_L_unaffected,2,23,46.34657742728467,65.8061312980548,36.34239487186833
P07,trial_7_L_unaffected,2,24,51.0936297658558,53.35438563017443,23.179586123320345
P07,trial_7_L_unaffected,2,34,49.7782618076883,48.26440027491827,26.8025101826057
P07,trial_7_L_unaffected,3,012,32.725051682242466,55.13426126083486,23.864791483051032
P07,trial_7_L_unaffected,3,013,32.777802698968515,45.01278201113355,21.11304682458377
P07,trial_7_L_unaffected,3,014,43.370209179710265,51.659290270896335,17.50620377764295
P07,trial_7_L_unaffected,3,023,30.425919044794068,47.43107666686982,22.988965236177023
P07,trial_7_L_unaffected,3,024,38.09875485675721,50.08615461714637,20.7010091030851
P07,trial_7_L_unaffected,3,034,37.13312990461973,41.2713457106403,23.378911948455354
P07,trial_7_L_unaffected,3,123,39.095149507324464,48.14505683230277,24.261667133505497
P07,trial_7_L_unaffected,3,124,46.891242288046094,51.839326420594666,20.682899362026525
P07,trial_7_L_unaffected,3,134,43.87484596509236,46.370037957889615,23.08627345147218
P07,trial_7_L_unaffected,3,234,49.64869558078816,49.56267395482975,24.21304918176173
P07,trial_7_L_unaffected,4,0123,32.731289033292754,48.140243265499805,20.55255437650108
P07,trial_7_L_unaffected,4,0124,39.228745315141005,51.45895424215259,18.403356886110004
P07,trial_7_L_unaffected,4,0134,38.18035382207899,45.12176562834307,20.37113565645771
P07,trial_7_L_unaffected,4,0234,37.225224728792966,46.51066898346202,21.536228347711877
P07,trial_7_L_unaffected,4,1234,44.53267732281071,48.33659329993279,22.108327267515364
P07,trial_7_L_unaffected,5,01234,37.94845158649628,47.60994776293724,19.788867432425103
P07,trial_80_R_affected,2,01,42.118647722536174,53.8657265495352,32.53276939984436
P07,trial_80_R_affected,2,02,40.811794569386294,57.627321160230466,24.442467014899208
P07,trial_80_R_affected,2,03,38.989191436500576,51.030450171389866,23.76630453780128
P07,trial_80_R_affected,2,04,77.05821271355245,45.28162715135427,32.12386671920983
P07,trial_80_R_affected,2,12,54.441625944922414,67.55471413950792,46.25066860637177
P07,trial_80_R_affected,2,13,42.39819149144074,53.431854547120615,35.23591697435777
P07,trial_80_R_affected,2,14,49.09915355400116,46.27635678874914,29.461021296326557
P07,trial_80_R_affected,2,23,31.33884524576,54.95586014401237,27.688111089118877
P07,trial_80_R_affected,2,24,32.46977991736167,55.54084869004047,20.344579708641536
P07,trial_80_R_affected,2,34,34.01683114651455,56.91600850568562,19.149453547091035
P07,trial_80_R_affected,3,012,42.277093133734745,57.153166683154716,27.851896501215002
P07,trial_80_R_affected,3,013,39.95219159944267,51.68529396599285,27.538020973422853
P07,trial_80_R_affected,3,014,49.19954381580923,46.660945969125535,28.854233939237687
P07,trial_80_R_affected,3,023,39.26314244127428,54.07433501510816,22.517016407122416
P07,trial_80_R_affected,3,024,34.920334996530514,53.603386583110066,20.421938159641268
P07,trial_80_R_affected,3,034,36.045873413514485,51.47113686857402,19.323710363327432
P07,trial_80_R_affected,3,123,43.05771107424774,56.19493377020449,33.87498268856568
P07,trial_80_R_affected,3,124,37.5795972268827,53.06739552118138,24.199414558553062
P07,trial_80_R_affected,3,134,36.60883474664708,50.38036681725698,23.946208649490725
P07,trial_80_R_affected,3,234,31.791629994280473,55.7368302049638,18.040846583184376
P07,trial_80_R_affected,4,0123,40.728917356323954,54.180825441391505,26.518135512606612
P07,trial_80_R_affected,4,0124,38.04773673103902,52.25261383057418,23.63201955889831
P07,trial_80_R_affected,4,0134,38.203431932298855,49.82740753300823,23.46238486289528
P07,trial_80_R_affected,4,0234,34.018317745214794,53.441375663954524,18.776534125650944
P07,trial_80_R_affected,4,1234,34.881379750989964,53.19268466178577,22.650090372694372
P07,trial_80_R_affected,5,01234,36.35442799257188,52.379380706426076,22.263485035597096
P07,trial_81_R_affected,2,01,47.2212411430107,48.13714460285512,35.64876723222533
P07,trial_81_R_affected,2,02,43.57412885143455,56.229978457861854,26.568403784261495
P07,trial_81_R_affected,2,03,43.20107251149693,48.32649711467415,25.15497115634325
P07,trial_81_R_affected,2,04,81.29744597279407,42.22109497408597,31.922721670861016
P07,trial_81_R_affected,2,12,54.53665306321594,62.08590333518282,49.222413624542305
P07,trial_81_R_affected,2,13,45.95854898379579,49.20299782479272,39.291574780828626
P07,trial_81_R_affected,2,14,52.50790009297919,42.498331457212984,31.970665101323974
P07,trial_81_R_affected,2,23,36.67705600903796,53.489745964052915,33.01565009560884
P07,trial_81_R_affected,2,24,35.94002103109331,53.605130198200776,22.006868363699866
P07,trial_81_R_affected,2,34,38.993726321997855,53.420700035327386,19.660480931281814
P07,trial_81_R_affected,3,012,44.956309951947354,54.32418699188277,30.18816268256986
P07,trial_81_R_affected,3,013,43.835067750864724,48.035037802568695,29.655367269707764
P07,trial_81_R_affected,3,014,53.34613849269868,43.18911398437241,31.269977204625526
P07,trial_81_R_affected,3,023,42.98987399046701,52.06011701664875,24.66847522828778
P07,trial_81_R_affected,3,024,38.693537992014164,51.909135344013606,22.654360593129272
P07,trial_81_R_affected,3,034,39.88231648941493,48.400451120158834,21.273333767792153
P07,trial_81_R_affected,3,123,46.037974116858074,52.564245324898465,38.3459681809329
P07,trial_81_R_affected,3,124,40.491686204061196,49.9273242785319,26.293140740090095
P07,trial_81_R_affected,3,134,39.489795863062454,46.783235663740555,26.21546297177347
P07,trial_81_R_affected,3,234,35.03327069511957,53.27015858863892,19.201382711092137
P07,trial_81_R_affected,4,0123,44.04585238991496,51.29049409199923,29.027505804532225
P07,trial_81_R_affected,4,0124,41.3712723385783,49.565524597141874,25.86972890074214
P07,trial_81_R_affected,4,0134,41.69240785451028,46.395623175044996,25.494280327241785
P07,trial_81_R_affected,4,0234,37.52292775861586,51.163006821034166,20.790140596145893
P07,trial_81_R_affected,4,1234,37.645851880524646,50.06745177313014,25.11660205222966
P07,trial_81_R_affected,5,01234,39.563195392007636,49.5217719420319,24.518199630318044
P07,trial_82_R_affected,2,01,46.994213212720524,48.034134768756346,34.83142786260645
P07,trial_82_R_affected,2,02,46.16413417020623,58.29571801525409,27.525210433036072
P07,trial_82_R_affected,2,03,44.610062891726045,51.661858624464315,27.453624025378293
P07,trial_82_R_affected,2,04,89.3755931690725,47.440333550995554,36.726160355637006
P07,trial_82_R_affected,2,12,55.11687719041468,63.62717544183746,50.80145983994055
P07,trial_82_R_affected,2,13,43.57126671431619,50.95452219645106,40.59563987718034
P07,trial_82_R_affected,2,14,50.416728083071625,44.33545872306089,31.64882947587532
P07,trial_82_R_affected,2,23,33.102135248308194,55.623582600133126,30.530079568906668
P07,trial_82_R_affected,2,24,32.40509803505049,56.03185179666039,21.6662501582908
P07,trial_82_R_affected,2,34,37.28511808112453,58.16199916154559,20.38041360075148
P07,trial_82_R_affected,3,012,46.911708941382834,55.566339120591365,31.849610727215573
P07,trial_82_R_affected,3,013,43.78175514240987,50.12699768726915,32.10321455640865
P07,trial_82_R_affected,3,014,52.365878489141906,45.28903105482211,31.372647726603898
P07,trial_82_R_affected,3,023,43.72040820724162,54.57865632671704,26.204424368361753
P07,trial_82_R_affected,3,024,37.0638910339761,54.62726046417606,22.71138867884422
P07,trial_82_R_affected,3,034,39.14950568172014,52.80437958680784,21.461502824331614
P07,trial_82_R_affected,3,123,43.833042185173866,54.39382115965945,39.29292229064955
P07,trial_82_R_affected,3,124,37.0026047288256,51.976838606519095,26.077347113209356
P07,trial_82_R_affected,3,134,35.87870749538917,49.51628978047552,26.41307928811483
P07,trial_82_R_affected,3,234,31.705599109379165,56.339135855802716,19.565018497717528
P07,trial_82_R_affected,4,0123,44.22645129757636,53.22882412906398,31.126429832462012
P07,trial_82_R_affected,4,0124,39.4453601504967,51.653905455520054,26.3342060356789
P07,trial_82_R_affected,4,0134,39.99177338870994,49.27745758438507,26.481897729255802
P07,trial_82_R_affected,4,0234,35.271444725964905,54.282239002341576,21.16704158424412
P07,trial_82_R_affected,4,1234,33.58510945920943,52.55732906963218,25.10483638698182
P07,trial_82_R_affected,5,01234,37.3756832175127,52.04031011329814,25.296805775290185
P07,trial_83_R_affected,2,01,47.89652599881752,46.402484135376106,33.0831849647701
P07,trial_83_R_affected,2,02,44.74474423602231,56.740221597867134,25.260187644865287
P07,trial_83_R_affected,2,03,43.975850783504015,50.31890051588521,24.203504517418132
P07,trial_83_R_affected,2,04,80.47450959229747,43.49231184077724,34.43043600613941
P07,trial_83_R_affected,2,12,53.34655745756318,62.51503682625617,45.08385922764046
P07,trial_83_R_affected,2,13,44.13450749528265,49.73865508574775,35.61085949555117
P07,trial_83_R_affected,2,14,49.80479731653774,42.56182879857492,29.225971612648483
P07,trial_83_R_affected,2,23,34.847945751167536,53.894441671296185,28.98581405421518
P07,trial_83_R_affected,2,24,33.440278207315636,53.776697327688254,20.44621900619496
P07,trial_83_R_affected,2,34,37.648672709450814,54.35875702069748,18.26717918951487
P07,trial_83_R_affected,3,012,45.61440542594265,54.12006847334353,28.007196552675765
P07,trial_83_R_affected,3,013,43.48859887197092,48.924924056776966,27.827435096279583
P07,trial_83_R_affected,3,014,51.66819272851361,43.421705994458435,28.784722401600888
P07,trial_83_R_affected,3,023,43.52168702701408,53.26451618816425,23.745839377515928
P07,trial_83_R_affected,3,024,37.80028713864642,52.61865605176574,21.47208329310273
P07,trial_83_R_affected,3,034,39.34987183297481,50.23592297303664,20.28478040178977
P07,trial_83_R_affected,3,123,44.55106598897154,52.98184595276141,34.38669787810644
P07,trial_83_R_affected,3,124,38.239698958561895,50.22152864658442,24.394315143689102
P07,trial_83_R_affected,3,134,37.20454136407345,47.59218787089355,24.252236309815363
P07,trial_83_R_affected,3,234,33.145885283443974,53.75908456011286,18.23369344917728
P07,trial_83_R_affected,4,0123,43.93204370753662,51.96438420216766,27.12040329224013
P07,trial_83_R_affected,4,0124,40.19860224498796,49.94369134512122,24.11988062728872
P07,trial_83_R_affected,4,0134,40.40809417248139,47.477463318247686,23.920880966720404
P07,trial_83_R_affected,4,0234,36.64957985147527,52.28335499991317,19.978706196106295
P07,trial_83_R_affected,4,1234,35.545434737704625,50.678827570290004,23.118292213244448
P07,trial_83_R_affected,5,01234,38.41886862029547,50.34532155752422,22.988671606965205
P07,trial_8_L_unaffected,2,01,34.82985473865079,66.3290577775275,28.978105810608227
P07,trial_8_L_unaffected,2,02,28.434631841752022,54.153884796297554,27.940682103251916
P07,trial_8_L_unaffected,2,03,31.054723763589337,40.61874829890563,27.239917610527872
P07,trial_8_L_unaffected,2,04,78.90708247484436,48.81694973536053,36.60491594350286
P07,trial_8_L_unaffected,2,12,37.42707075832078,52.8950828503407,25.227197071691748
P07,trial_8_L_unaffected,2,13,39.86976045491945,45.33230016000716,26.237087257213343
P07,trial_8_L_unaffected,2,14,51.81919581576609,55.04842891030784,22.657563820840924
P07,trial_8_L_unaffected,2,23,47.16330210607274,62.40103218630239,37.020691020491135
P07,trial_8_L_unaffected,2,24,52.6226466324153,54.45068301165333,23.33549702701586
P07,trial_8_L_unaffected,2,34,52.34590484302884,47.0830244708829,25.537479488574682
P07,trial_8_L_unaffected,3,012,32.55712765210923,57.23641199093452,25.19682375547629
P07,trial_8_L_unaffected,3,013,32.938755315585084,45.675973060988426,22.61978746846001
P07,trial_8_L_unaffected,3,014,45.094822296365564,54.0692496310454,18.80791145097865
P07,trial_8_L_unaffected,3,023,30.251669314688662,47.67897717089851,24.816456054574466
P07,trial_8_L_unaffected,3,024,38.76478099790202,50.86718668769447,21.361463346793908
P07,trial_8_L_unaffected,3,034,37.81042023456053,40.816299742010074,23.71220771946868
P07,trial_8_L_unaffected,3,123,39.25206430996102,48.54414981008464,23.96195054535871
P07,trial_8_L_unaffected,3,124,47.95077182648564,53.14084196441072,21.27399862766152
P07,trial_8_L_unaffected,3,134,44.63459177397425,46.98146862046829,23.645775365229763
P07,trial_8_L_unaffected,3,234,51.335582984276606,49.95178243905176,23.904065190507403
P07,trial_8_L_unaffected,4,0123,32.72515802007076,49.0226662313712,21.89532138690886
P07,trial_8_L_unaffected,4,0124,39.892884899963896,52.994366898503905,19.036855792455853
P07,trial_8_L_unaffected,4,0134,38.731405691598624,45.9041864008588,21.339140000722864
P07,trial_8_L_unaffected,4,0234,37.718046152920834,46.72624957202299,22.01592006786823
P07,trial_8_L_unaffected,4,1234,45.28527402491151,48.9791206603751,22.375610248752203
P07,trial_8_L_unaffected,5,01234,38.356548103144796,48.41689205063067,20.45127711935338
P07,trial_9_L_unaffected,2,01,34.52131655678967,61.286481010078724,25.862270804623993
P07,trial_9_L_unaffected,2,02,29.701767345431985,53.97484501086341,25.013632527630232
P07,trial_9_L_unaffected,2,03,30.496640787434654,39.773476440937635,27.36502205785799
P07,trial_9_L_unaffected,2,04,74.35144458530694,45.491963939757206,32.41735978583541
P07,trial_9_L_unaffected,2,12,37.87595083198181,55.22075367514165,23.65590937302783
P07,trial_9_L_unaffected,2,13,39.30456966145845,45.8988027956091,25.930003708056
P07,trial_9_L_unaffected,2,14,50.91930641602526,53.20442437035567,21.397085004930027
P07,trial_9_L_unaffected,2,23,45.835821295461045,68.0808124732926,39.068399000059195
P07,trial_9_L_unaffected,2,24,50.72896096042428,55.34877495121,21.718934238940093
P07,trial_9_L_unaffected,2,34,49.70922804065328,46.33720153693711,25.173150071229994
P07,trial_9_L_unaffected,3,012,33.20632205366773,56.463169147074915,22.22639081525562
P07,trial_9_L_unaffected,3,013,32.93991776226711,44.790481370472726,22.269313290673708
P07,trial_9_L_unaffected,3,014,44.74472363966529,51.582469829174386,18.002032936787103
P07,trial_9_L_unaffected,3,023,30.87404225288574,47.76212389788918,24.023795889120244
P07,trial_9_L_unaffected,3,024,38.306516179108876,50.89500021881276,19.92207736693041
P07,trial_9_L_unaffected,3,034,36.41390945899277,39.371812708575966,23.613121223183438
P07,trial_9_L_unaffected,3,123,38.862057227359784,50.16420503722648,23.41911664055018
P07,trial_9_L_unaffected,3,124,46.755888678804624,53.26583570845795,19.588054979052718
P07,trial_9_L_unaffected,3,134,43.20744129121974,45.84344654280876,22.88829026394822
P07,trial_9_L_unaffected,3,234,49.15119495228766,50.11840233524933,22.858755550571757
P07,trial_9_L_unaffected,4,0123,33.0773592271063,48.918941901069715,20.990542984411164
P07,trial_9_L_unaffected,4,0124,39.52365397178927,52.367744249218205,17.589772885994734
P07,trial_9_L_unaffected,4,0134,38.01841108404019,44.483553030978484,20.95301674162427
P07,trial_9_L_unaffected,4,0234,37.04299220258282,46.4838947243952,21.356420998557287
P07,trial_9_L_unaffected,4,1234,43.882464046280774,48.95822320368139,21.21099083751032
P07,trial_9_L_unaffected,5,01234,37.813881944505226,47.94045255541364,19.648052016160264
P08,trial_10_R_unaffected,2,01,50.018535736925195,82.96605480847293,31.124590826583358
P08,trial_10_R_unaffected,2,02,45.11584662972513,65.38010282879198,27.789613442829395
P08,trial_10_R_unaffected,2,03,44.42713321578207,54.90790476386228,28.05478726811542
P08,trial_10_R_unaffected,2,04,44.12300130362095,55.40188553246139,33.24987428476572
P08,trial_10_R_unaffected,2,12,49.51032407861317,75.9888570469794,41.88182125834631
P08,trial_10_R_unaffected,2,13,46.77812353553697,55.82491842274452,37.21483954135837
P08,trial_10_R_unaffected,2,14,40.5298968453937,48.97392216867609,33.77557072317582
P08,trial_10_R_unaffected,2,23,40.26699397324963,52.558103551620896,33.43777645948315
P08,trial_10_R_unaffected,2,24,25.007296860194177,56.09120332427657,34.06052431295471
P08,trial_10_R_unaffected,2,34,30.00657016247028,63.395187427353896,38.682530694778094
P08,trial_10_R_unaffected,3,012,46.202484297717305,69.67622830846484,29.588189147757376
P08,trial_10_R_unaffected,3,013,45.41215862296262,57.869750752048944,30.108403173395637
P08,trial_10_R_unaffected,3,014,40.11338893306614,50.099645218857155,30.397172086737864
P08,trial_10_R_unaffected,3,023,44.16183603896599,56.80076113819131,27.29615760717879
P08,trial_10_R_unaffected,3,024,33.055247479561096,51.473408306411514,24.66306704371999
P08,trial_10_R_unaffected,3,034,34.27185847154292,51.572312139176056,24.605052325909398
P08,trial_10_R_unaffected,3,123,46.15316922830525,57.085290295369795,36.84072841377768
P08,trial_10_R_unaffected,3,124,33.81559588962982,53.258799291072414,32.007430596024356
P08,trial_10_R_unaffected,3,134,34.37551127194179,52.4811289176841,31.8802865392987
P08,trial_10_R_unaffected,3,234,26.812291956994745,58.41506261714848,33.81614193485113
P08,trial_10_R_unaffected,4,0123,45.13063633306547,59.079791364745915,29.777077985248148
P08,trial_10_R_unaffected,4,0124,36.446968626141235,53.63387622168275,27.412269025756952
P08,trial_10_R_unaffected,4,0134,37.377464433246764,51.51173744692877,28.02309170955558
P08,trial_10_R_unaffected,4,0234,34.04777995529038,53.043524363361804,24.083594394102484
P08,trial_10_R_unaffected,4,1234,33.66038123231527,54.1439577210414,31.263755726849897
P08,trial_10_R_unaffected,5,01234,36.838741212898945,53.508362636843,27.108653478676697
P08,trial_11_R_unaffected,2,01,51.65216185705472,78.5500495817972,31.99929385104246
P08,trial_11_R_unaffected,2,02,47.06572779764683,60.67763016611423,28.326010314640413
P08,trial_11_R_unaffected,2,03,46.4120782161491,53.30015036467428,29.760991213685607
P08,trial_11_R_unaffected,2,04,46.55447045980563,51.91627554206825,35.31054335946082
P08,trial_11_R_unaffected,2,12,51.315572101456794,75.13449344657728,39.811445829873676
P08,trial_11_R_unaffected,2,13,47.730586471989625,57.50994066410833,37.09332423758899
P08,trial_11_R_unaffected,2,14,43.75641471466761,51.20477191911704,36.11393841460466
P08,trial_11_R_unaffected,2,23,41.353329991639754,51.231943862116566,33.68997763535005
P08,trial_11_R_unaffected,2,24,28.78799142942168,56.38528416599867,37.66917196002041
P08,trial_11_R_unaffected,2,34,32.19253329915517,66.27498707451213,46.922235498540545
P08,trial_11_R_unaffected,3,012,47.81648438972586,65.98904951380129,29.816910028199107
P08,trial_11_R_unaffected,3,013,46.8869934160985,57.4181609094782,30.93165163540588
P08,trial_11_R_unaffected,3,014,42.350631354641315,51.321043828430675,31.665108177134204
P08,trial_11_R_unaffected,3,023,45.878699130316036,54.350649090583445,28.317470797736465
P08,trial_11_R_unaffected,3,024,35.407610365401496,50.53362879532055,27.11740621092367
P08,trial_11_R_unaffected,3,034,36.540727223159024,51.83156121384491,27.955217173888524
P08,trial_11_R_unaffected,3,123,47.31877573110823,57.789081525129646,36.234355644443944
P08,trial_11_R_unaffected,3,124,36.733498795839054,53.92419580833638,34.305836747382884
P08,trial_11_R_unaffected,3,134,36.696082238963726,54.33547651605494,34.60923553403882
P08,trial_11_R_unaffected,3,234,30.185532265255954,59.54944259433074,38.77592072304706
P08,trial_11_R_unaffected,4,0123,46.56100300588819,57.698713022345004,30.277731178848523
P08,trial_11_R_unaffected,4,0124,38.5762331578269,53.25211165259408,29.128003902113708
P08,trial_11_R_unaffected,4,0134,39.33785871258521,52.43747397888179,29.993930891023293
P08,trial_11_R_unaffected,4,0234,36.24153794726874,52.67768716202952,27.067751471270938
P08,trial_11_R_unaffected,4,1234,36.15256571299213,55.152804712422274,33.660869020998035
P08,trial_11_R_unaffected,5,01234,38.79124747402187,53.56011903912193,28.993799548083214
P08,trial_12_R_unaffected,2,01,49.89110683772004,80.37995513126899,31.851724477830558
P08,trial_12_R_unaffected,2,02,46.27152499357397,63.09407646107776,28.89189045795762
P08,trial_12_R_unaffected,2,03,45.56168199844675,56.08780222584449,29.43480604476696
P08,trial_12_R_unaffected,2,04,46.0386681902481,57.0584164487767,36.28233964163945
P08,trial_12_R_unaffected,2,12,53.07451150380986,73.2428377724038,42.90422733015618
P08,trial_12_R_unaffected,2,13,49.0730142208073,57.06579512163334,38.09943749057331
P08,trial_12_R_unaffected,2,14,44.47536483393686,51.68989592298308,37.054374239653285
P08,trial_12_R_unaffected,2,23,42.35097579261981,51.48407231399529,34.29232727327258
P08,trial_12_R_unaffected,2,24,29.06104431248261,56.843036796882615,38.25935834316841
P08,trial_12_R_unaffected,2,34,33.34870195060841,66.85207680958469,47.658015050580346
P08,trial_12_R_unaffected,3,012,47.236437701649,67.58499966283593,30.513854562533062
P08,trial_12_R_unaffected,3,013,46.85845848880821,58.373406633013154,30.988330786574647
P08,trial_12_R_unaffected,3,014,43.14800991198283,52.79541350675253,32.254732389531576
P08,trial_12_R_unaffected,3,023,45.35867983310101,56.477702477462465,28.05982442668993
P08,trial_12_R_unaffected,3,024,35.6205069736603,52.65900886134224,26.776883578482693
P08,trial_12_R_unaffected,3,034,36.25146964992854,54.62494057165197,27.125214153296525
P08,trial_12_R_unaffected,3,123,48.843803855763326,57.37281309652121,37.41901414673706
P08,trial_12_R_unaffected,3,124,37.15240078996428,54.42639866367358,35.16887034193479
P08,trial_12_R_unaffected,3,134,37.09629749730449,54.478191310416776,35.367660343576
P08,trial_12_R_unaffected,3,234,30.67528701551436,59.869838470272576,39.1162772267827
P08,trial_12_R_unaffected,4,0123,46.66082281556661,58.73848276945745,30.439047384637714
P08,trial_12_R_unaffected,4,0124,39.004630683314296,54.59287608673495,29.368647529584536
P08,trial_12_R_unaffected,4,0134,39.63409081641303,53.65448616572397,29.945770365387666
P08,trial_12_R_unaffected,4,0234,36.35698008074622,54.4978518684321,26.303306120315067
P08,trial_12_R_unaffected,4,1234,36.61408358795556,55.398828146850754,34.32919394626897
P08,trial_12_R_unaffected,5,01234,39.142251470445615,54.66481004716626,28.917586458506616
P08,trial_13_R_unaffected,2,01,54.93745283000884,81.11158297844354,31.74569393057029
P08,trial_13_R_unaffected,2,02,47.76088935479459,66.86365731034589,28.372690619417156
P08,trial_13_R_unaffected,2,03,46.49204921778498,55.36606630383021,28.167948151406268
P08,trial_13_R_unaffected,2,04,43.12646560465437,54.777400002014204,35.45745481151385
P08,trial_13_R_unaffected,2,12,51.88314214201867,75.12535937520148,42.23635688465581
P08,trial_13_R_unaffected,2,13,48.89061849515411,53.87336600150479,37.69234131192212
P08,trial_13_R_unaffected,2,14,42.48911938280405,48.46482362667251,33.59660135144322
P08,trial_13_R_unaffected,2,23,44.18930863301116,53.00535442790474,35.364469055312426
P08,trial_13_R_unaffected,2,24,31.848353181899846,55.98907723073474,33.427196826091084
P08,trial_13_R_unaffected,2,34,37.18851077553522,61.929096222072616,36.94641371016029
P08,trial_13_R_unaffected,3,012,48.79991898716322,70.19646724834453,30.497769021759474
P08,trial_13_R_unaffected,3,013,47.46993216872483,57.0186543241545,30.638826299931914
P08,trial_13_R_unaffected,3,014,41.24119655924131,49.60315153910658,31.174090033667287
P08,trial_13_R_unaffected,3,023,46.743679890623504,57.393645576650655,27.359418867710467
P08,trial_13_R_unaffected,3,024,35.77224203701447,52.0228796622697,25.955394265846962
P08,trial_13_R_unaffected,3,034,36.965514610971205,51.526999658626934,26.109011369303957
P08,trial_13_R_unaffected,3,123,48.83535795160666,55.6627918775857,37.324463263913216
P08,trial_13_R_unaffected,3,124,38.025605278782976,52.97041711233166,32.046468602179246
P08,trial_13_R_unaffected,3,134,38.58866026718605,51.21908202788549,31.77903916714403
P08,trial_13_R_unaffected,3,234,34.27170174783116,57.75486572995692,33.08028210247091
P08,trial_13_R_unaffected,4,0123,47.44113034665169,58.82509275387829,30.25082490333953
P08,trial_13_R_unaffected,4,0124,38.972078905617785,53.58529780715902,28.494761560534567
P08,trial_13_R_unaffected,4,0134,39.78330057370887,50.84873837598298,28.84655044968387
P08,trial_13_R_unaffected,4,0234,37.36684934100131,53.101312072622704,25.182191533852667
P08,trial_13_R_unaffected,4,1234,38.45993855515773,53.32534231177503,31.168635195021572
P08,trial_13_R_unaffected,5,01234,39.748949445011924,53.12484691053361,27.916159926364077
P08,trial_14_R_unaffected,2,01,52.04709195024404,78.79271018283497,31.364600959780724
P08,trial_14_R_unaffected,2,02,46.98430318415861,64.45058284323271,28.495817407833187
P08,trial_14_R_unaffected,2,03,45.08121413791621,55.77977537571118,28.30427504788211
P08,trial_14_R_unaffected,2,04,45.069733872204665,57.91661565124279,35.626055922741855
P08,trial_14_R_unaffected,2,12,51.56335213530138,74.05375027003214,41.29146781260925
P08,trial_14_R_unaffected,2,13,47.350552476171536,54.4408554835461,36.77521080113344
P08,trial_14_R_unaffected,2,14,42.200766443086124,49.97922424202122,35.19674064379405
P08,trial_14_R_unaffected,2,23,42.599516170344366,51.446183173509795,33.56311955879234
P08,trial_14_R_unaffected,2,24,28.99119730054225,56.234318171670566,36.99491851594616
P08,trial_14_R_unaffected,2,34,34.145671930390826,63.63954910380027,44.44159645788398
P08,trial_14_R_unaffected,3,012,47.565064022975704,67.84468930577444,30.246175045920374
P08,trial_14_R_unaffected,3,013,45.99611221639304,57.066937214211094,30.367105555004326
P08,trial_14_R_unaffected,3,014,41.76861503431206,51.17686769573859,31.62822692397437
P08,trial_14_R_unaffected,3,023,45.53448978485919,56.69073665982495,27.398761843062946
P08,trial_14_R_unaffected,3,024,35.381305512652965,52.20821213982834,26.28531660042549
P08,trial_14_R_unaffected,3,034,35.67130083322798,53.01420230768334,26.52496505281517
P08,trial_14_R_unaffected,3,123,47.686618153557994,55.60535182487672,36.19403050531174
P08,trial_14_R_unaffected,3,124,36.208948993815476,53.20471650490499,33.84809235304878
P08,trial_14_R_unaffected,3,134,36.072612504639444,51.96690512441214,33.393876493620134
P08,trial_14_R_unaffected,3,234,31.059844782869398,58.42022572835167,37.47812790554701
P08,trial_14_R_unaffected,4,0123,46.223553539042754,58.13925092657527,29.95338785999763
P08,trial_14_R_unaffected,4,0124,38.38849436288172,53.55544039658926,28.788284339804914
P08,trial_14_R_unaffected,4,0134,38.586782562942496,51.73989188865236,29.076910717857512
P08,trial_14_R_unaffected,4,0234,36.18342516697346,53.525570612775844,25.723868385377532
P08,trial_14_R_unaffected,4,1234,36.09879275361162,53.659667986304115,32.82702492806512
P08,trial_14_R_unaffected,5,01234,38.559021573355,53.3406394265354,28.186246242420403
P08,trial_15_R_unaffected,2,01,52.35935287071096,82.16726706045975,33.39617103460812
P08,trial_15_R_unaffected,2,02,45.43309938062258,65.47873507919118,30.115745134331924
P08,trial_15_R_unaffected,2,03,44.79024144314938,57.94935335248347,29.75202910848993
P08,trial_15_R_unaffected,2,04,43.29304338916976,62.04431673505085,37.23544712589842
P08,trial_15_R_unaffected,2,12,52.68322880683092,73.41405197755886,43.97900621262195
P08,trial_15_R_unaffected,2,13,48.778381005726274,54.98667313440704,38.391425679140184
P08,trial_15_R_unaffected,2,14,43.42009360370631,49.74258442405121,34.59429446867572
P08,trial_15_R_unaffected,2,23,42.479783974596444,51.297551915284366,32.85450616125205
P08,trial_15_R_unaffected,2,24,29.74290091618119,56.175619541513356,33.99554521153858
P08,trial_15_R_unaffected,2,34,33.75876871415942,63.3561252522226,40.715840716137414
P08,trial_15_R_unaffected,3,012,46.98132034371055,68.55719193044342,32.11808451245347
P08,trial_15_R_unaffected,3,013,46.45076713102647,58.15869753460196,32.05986630587097
P08,trial_15_R_unaffected,3,014,42.42742514118021,52.035448782801886,32.38433857787012
P08,trial_15_R_unaffected,3,023,44.87744272509862,58.12494150796621,29.11037872673145
P08,trial_15_R_unaffected,3,024,35.275602010227466,53.34409032242105,26.828268544042388
P08,trial_15_R_unaffected,3,034,36.096353896920256,54.89857422788064,26.41481877573248
P08,trial_15_R_unaffected,3,123,48.52487679552232,55.98894626931811,37.967910021812095
P08,trial_15_R_unaffected,3,124,37.37257408234747,53.18314379622828,32.951320052485016
P08,trial_15_R_unaffected,3,134,37.81125233911765,52.32031638405778,32.861195809292546
P08,trial_15_R_unaffected,3,234,31.596458494081688,58.28713254364467,34.59377893440209
P08,trial_15_R_unaffected,4,0123,46.221645953213006,58.87141339321374,31.789147846590655
P08,trial_15_R_unaffected,4,0124,38.8558040057688,54.11190507194548,29.425348027643107
P08,trial_15_R_unaffected,4,0134,39.587546467053656,52.70580756910183,29.666935369646627
P08,trial_15_R_unaffected,4,0234,36.37909676702691,54.558948898635066,26.05378987970443
P08,trial_15_R_unaffected,4,1234,37.29171978171153,53.81237923673205,32.274216101585296
P08,trial_15_R_unaffected,5,01234,39.17740950091882,53.9611745397201,28.918146920188384
P08,trial_16_R_unaffected,2,01,50.25256353172462,83.14727273161206,32.91727310065954
P08,trial_16_R_unaffected,2,02,43.86438212785335,67.21317837067632,29.896762212760724
P08,trial_16_R_unaffected,2,03,43.02984410891565,58.75026062607101,29.515830869708097
P08,trial_16_R_unaffected,2,04,38.266929284303096,59.96247934465499,39.068831729428574
P08,trial_16_R_unaffected,2,12,51.946111415431524,73.74137101223118,41.684822946474675
P08,trial_16_R_unaffected,2,13,47.63697588147194,53.60406827619392,38.25838923559807
P08,trial_16_R_unaffected,2,14,42.33191958475072,47.500488916705585,35.685734267867815
P08,trial_16_R_unaffected,2,23,42.14956891983297,50.24960777600733,33.480828315490484
P08,trial_16_R_unaffected,2,24,32.29935982155394,53.30096718724564,36.27273269383972
P08,trial_16_R_unaffected,2,34,36.02725150157452,58.99729538985935,40.979414497242566
P08,trial_16_R_unaffected,3,012,45.22866543661824,69.93617273527455,31.61467017124048
P08,trial_16_R_unaffected,3,013,44.770915097713086,58.22742775006685,31.916484352418273
P08,trial_16_R_unaffected,3,014,40.81705137706871,50.539265075605485,32.66246815087867
P08,trial_16_R_unaffected,3,023,43.50970411456428,59.015442606737786,29.18109844629527
P08,trial_16_R_unaffected,3,024,35.25431301098737,52.06553813492572,28.298146497038775
P08,trial_16_R_unaffected,3,034,36.10727985086589,53.41588420263573,27.924790285214943
P08,trial_16_R_unaffected,3,123,47.811701694356486,54.99776451855582,37.866299681465804
P08,trial_16_R_unaffected,3,124,38.069385900972065,51.330299814665956,34.47557138015719
P08,trial_16_R_unaffected,3,134,38.57443376438167,49.99994185081181,34.08159085002698
P08,trial_16_R_unaffected,3,234,34.15459944269993,55.37046986338905,36.28012854334306
P08,trial_16_R_unaffected,4,0123,44.793663888695704,59.31496447426278,31.699623069297058
P08,trial_16_R_unaffected,4,0124,38.408660131703535,53.16386208659772,30.327104143263146
P08,trial_16_R_unaffected,4,0134,39.09693669616647,51.421558553501924,30.53952843653499
P08,trial_16_R_unaffected,4,0234,36.71365083390818,53.34785309196923,27.592118695596515
P08,trial_16_R_unaffected,4,1234,38.362635248878675,51.84449551076837,33.69145384651642
P08,trial_16_R_unaffected,5,01234,39.026845226317256,52.950293405582045,29.930440618155586
P08,trial_17_R_unaffected,2,01,50.01274809116999,81.86562926657108,30.514256850056928
P08,trial_17_R_unaffected,2,02,44.65913377304302,66.66860944253087,28.97257281633451
P08,trial_17_R_unaffected,2,03,42.947736428457816,57.5079514710499,28.53863635793209
P08,trial_17_R_unaffected,2,04,38.73248698687858,55.66930612508986,37.590058801809434
P08,trial_17_R_unaffected,2,12,49.287946778645,72.14813210396596,37.47676974105489
P08,trial_17_R_unaffected,2,13,46.05291855385819,53.275343990547526,35.29426549320776
P08,trial_17_R_unaffected,2,14,41.68620546760885,46.682811462962924,32.99086449720636
P08,trial_17_R_unaffected,2,23,43.1832951292702,52.04811507403122,33.068041621196755
P08,trial_17_R_unaffected,2,24,33.5508552646959,53.884183705404936,35.14677988020095
P08,trial_17_R_unaffected,2,34,36.58583257651679,60.03187376847915,38.351722203889096
P08,trial_17_R_unaffected,3,012,45.43964054029319,69.29043240733425,29.880913392282878
P08,trial_17_R_unaffected,3,013,44.08440684506647,57.39000447470632,29.753761011051893
P08,trial_17_R_unaffected,3,014,39.71673346195354,49.0284898636333,30.489858247522815
P08,trial_17_R_unaffected,3,023,43.90670358665032,58.2176255589301,28.410945797922817
P08,trial_17_R_unaffected,3,024,35.50516685509814,51.524385888874654,27.630235126104374
P08,trial_17_R_unaffected,3,034,35.70134037616186,52.47041707195374,27.156303176718456
P08,trial_17_R_unaffected,3,123,46.68140393886324,54.69546398742714,35.45508057193749
P08,trial_17_R_unaffected,3,124,38.16323945658508,51.12344380502363,32.4831255891455
P08,trial_17_R_unaffected,3,134,37.98440818757549,50.024945234194085,31.327965156535978
P08,trial_17_R_unaffected,3,234,35.07715179083433,55.986572091610874,34.637023330954165
P08,trial_17_R_unaffected,4,0123,44.54560420913654,58.63205864461646,29.98734197178845
P08,trial_17_R_unaffected,4,0124,38.14089579559998,52.60147753638172,28.86030842696515
P08,trial_17_R_unaffected,4,0134,38.29381580029291,50.756454524245115,28.62975810630772
P08,trial_17_R_unaffected,4,0234,36.75194863434285,52.96104881757349,26.835673957853384
P08,trial_17_R_unaffected,4,1234,38.28738703551912,51.89887916282038,31.49107114030779
P08,trial_17_R_unaffected,5,01234,38.67413942200257,52.53283108515891,28.374929565781564
P08,trial_18_R_unaffected,2,01,53.03859210927302,80.84012904385838,30.000152005904024
P08,trial_18_R_unaffected,2,02,45.233617783428826,65.77414266893156,28.269359156586823
P08,trial_18_R_unaffected,2,03,44.09067249747476,57.5307352696259,27.378913853027093
P08,trial_18_R_unaffected,2,04,39.47792608454137,57.43448189962683,36.00639606495919
P08,trial_18_R_unaffected,2,12,50.943244943220115,73.62509061418437,38.96189066705122
P08,trial_18_R_unaffected,2,13,47.46668766763126,53.73261754808601,36.21340459886477
P08,trial_18_R_unaffected,2,14,42.0990997495344,48.316843600745926,34.523466233913844
P08,trial_18_R_unaffected,2,23,42.986179302235286,51.08923010791714,33.1845656757837
P08,trial_18_R_unaffected,2,24,31.75326120121666,54.58271816630734,36.129204695481064
P08,trial_18_R_unaffected,2,34,35.77170281073025,61.02700963569879,40.89404675513308
P08,trial_18_R_unaffected,3,012,46.52838632039585,68.71927388406012,29.465303089562187
P08,trial_18_R_unaffected,3,013,45.42807855837544,57.68598027717733,29.657116979862085
P08,trial_18_R_unaffected,3,014,40.31547127392983,50.47283491137662,31.081687680144167
P08,trial_18_R_unaffected,3,023,44.51639105188509,57.95047588356965,27.331988549720194
P08,trial_18_R_unaffected,3,024,34.933364437808194,52.06031154626656,27.125898384084557
P08,trial_18_R_unaffected,3,034,35.75779007433956,53.311563453315166,26.141210131884844
P08,trial_18_R_unaffected,3,123,47.578127182622715,55.072897177817495,35.92334902604656
P08,trial_18_R_unaffected,3,124,37.74953028856105,52.06438928347446,33.04690769745117
P08,trial_18_R_unaffected,3,134,38.0592434543589,50.903866883144396,32.134707201663396
P08,trial_18_R_unaffected,3,234,33.627879057893765,56.62000138418925,35.721839483490974
P08,trial_18_R_unaffected,4,0123,45.41917145092296,58.70253795880622,29.605764619326404
P08,trial_18_R_unaffected,4,0124,38.14748788837191,53.236829740721994,28.72948001434267
P08,trial_18_R_unaffected,4,0134,38.705838838066285,51.58890395370272,28.57563616456362
P08,trial_18_R_unaffected,4,0234,36.422585871355324,53.41750419043286,26.036902661124532
P08,trial_18_R_unaffected,4,1234,37.95659935571468,52.61804610337681,31.91045392425175
P08,trial_18_R_unaffected,5,01234,38.755676559303375,53.09865030293967,28.061777300544833
P08,trial_19_R_unaffected,2,01,53.35086920916675,80.21508321766696,30.656898468917273
P08,trial_19_R_unaffected,2,02,47.11333724100771,65.9382234071339,29.01817878213706
P08,trial_19_R_unaffected,2,03,44.98640341844319,59.104218421036805,27.977998799354776
P08,trial_19_R_unaffected,2,04,41.94899937694678,60.52550890506294,36.6370616886092
P08,trial_19_R_unaffected,2,12,52.60069251088774,72.46763632502507,39.62602675649753
P08,trial_19_R_unaffected,2,13,47.664457465397106,54.93835571695028,35.84043489833386
P08,trial_19_R_unaffected,2,14,42.09804212266037,50.13313132987052,35.206493109718735
P08,trial_19_R_unaffected,2,23,42.296366999312916,51.33327735894336,31.696684252090332
P08,trial_19_R_unaffected,2,24,30.665989841624025,55.72890034900321,38.208586686401915
P08,trial_19_R_unaffected,2,34,34.62267497539331,63.58654199981611,44.87655265030054
P08,trial_19_R_unaffected,3,012,48.242231067824,68.32392779980668,29.99191088930808
P08,trial_19_R_unaffected,3,013,46.221775594743136,58.50216940473278,30.09097666341997
P08,trial_19_R_unaffected,3,014,40.6016582094254,52.542856418973166,31.710135242509125
P08,trial_19_R_unaffected,3,023,45.46914494315521,58.841595379280065,27.965718530340343
P08,trial_19_R_unaffected,3,024,35.055247645065165,54.02799146614298,28.097736184701464
P08,trial_19_R_unaffected,3,034,35.397786569561354,56.153093715449366,27.58032570139827
P08,trial_19_R_unaffected,3,123,47.970162792393516,55.9698766588325,35.700666252499786
P08,trial_19_R_unaffected,3,124,37.36243956606236,53.62264406660894,34.44576333107614
P08,trial_19_R_unaffected,3,134,37.16356651776953,52.71025397707853,33.36742044629746
P08,trial_19_R_unaffected,3,234,32.40537940575313,58.05684153685597,38.04548889278625
P08,trial_19_R_unaffected,4,0123,46.44258348651141,59.18790656046767,30.047635252848327
P08,trial_19_R_unaffected,4,0124,38.39268266853417,54.817649946917264,29.592246709105364
P08,trial_19_R_unaffected,4,0134,38.57200602213903,53.597607725124604,29.46668600305267
P08,trial_19_R_unaffected,4,0234,36.17716585117203,55.42511601295475,27.200266426189152
P08,trial_19_R_unaffected,4,1234,37.2260694090389,54.15200044516074,33.160095902234
P08,trial_19_R_unaffected,5,01234,38.73840987691066,54.72520251299676,28.95065701196217
P08,trial_1_R_unaffected,2,01,111.58632659190039,79.186008036325,21.739054549775084
P08,trial_1_R_unaffected,2,02,103.13295109964737,60.07748591133653,23.436854729726477
P08,trial_1_R_unaffected,2,03,103.43486659702289,55.13399623546227,21.413069018690855
P08,trial_1_R_unaffected,2,04,115.39866197304158,57.37241308559765,28.213951375973636
P08,trial_1_R_unaffected,2,12,108.54366781783808,75.00387451516686,40.60685115146924
P08,trial_1_R_unaffected,2,13,108.66692143230783,55.919522356005004,29.781688035325114
P08,trial_1_R_unaffected,2,14,115.96118842819067,48.91656088076584,26.439509730065705
P08,trial_1_R_unaffected,2,23,101.08010258715777,48.84777827896509,22.7499459151286
P08,trial_1_R_unaffected,2,24,96.24743176279803,56.1187402447255,30.852835733437377
P08,trial_1_R_unaffected,2,34,91.40078073856411,64.62753165420366,40.40091236756562
P08,trial_1_R_unaffected,3,012,105.59963864519617,64.24773974640334,23.826749133911708
P08,trial_1_R_unaffected,3,013,106.0832394681601,55.66408020530554,22.54533581132445
P08,trial_1_R_unaffected,3,014,112.41433672150289,50.78377204289397,21.911197140362386
P08,trial_1_R_unaffected,3,023,103.23136717796993,54.150520305088335,21.288853596988268
P08,trial_1_R_unaffected,3,024,99.76680802784284,51.68823227297374,18.922591450699034
P08,trial_1_R_unaffected,3,034,98.99865911956263,54.83834721998744,18.115120654945102
P08,trial_1_R_unaffected,3,123,107.03205703715311,55.85302610122746,30.484826296352377
P08,trial_1_R_unaffected,3,124,104.45637479087249,53.174052768024765,25.83662597068123
P08,trial_1_R_unaffected,3,134,103.16071552352906,52.73487312427862,25.720986539943695
P08,trial_1_R_unaffected,3,234,93.90156800363103,58.13079189152339,31.970403845439854
P08,trial_1_R_unaffected,4,0123,105.2101906835885,55.66822773634806,23.308636843691065
P08,trial_1_R_unaffected,4,0124,104.13966575719688,52.7033098120678,20.347832346531835
P08,trial_1_R_unaffected,4,0134,104.03402479023607,52.04335244642467,20.438025612090257
P08,trial_1_R_unaffected,4,0234,98.5761557355306,53.11560259953445,18.69046890370234
P08,trial_1_R_unaffected,4,1234,101.0738894028175,53.72078720626474,25.59804989681877
P08,trial_1_R_unaffected,5,01234,102.21786985707593,52.62032156064324,20.449910399746738
P08,trial_20_R_unaffected,2,01,49.81092728734958,80.7396580542049,31.911653891316995
P08,trial_20_R_unaffected,2,02,46.03610914348367,65.04563805342892,28.94360770423824
P08,trial_20_R_unaffected,2,03,44.24404453712339,59.48406753446226,28.628837403732227
P08,trial_20_R_unaffected,2,04,43.1518811165517,61.131655846813054,37.98273490351222
P08,trial_20_R_unaffected,2,12,52.761641152215006,67.73449996030483,40.584155056683144
P08,trial_20_R_unaffected,2,13,47.62953005074691,54.0882001387168,36.536329772207466
P08,trial_20_R_unaffected,2,14,42.652877170178186,49.82993439302684,36.23315926623506
P08,trial_20_R_unaffected,2,23,42.39215501666424,50.63911938887149,31.17558730629831
P08,trial_20_R_unaffected,2,24,30.430933230151748,55.240778416273656,39.00162385301567
P08,trial_20_R_unaffected,2,34,34.42124212361276,63.325103899162116,46.800095718059296
P08,trial_20_R_unaffected,3,012,47.00337494414898,67.13374561644483,30.08762540450882
P08,trial_20_R_unaffected,3,013,45.4062670455216,58.17622137731764,30.453018024132565
P08,trial_20_R_unaffected,3,014,41.20351686683529,52.37821811962435,32.385911339876436
P08,trial_20_R_unaffected,3,023,44.91324152373555,58.77079491119981,28.17097983716717
P08,trial_20_R_unaffected,3,024,35.394508062997865,53.813051167072395,28.10603532920066
P08,trial_20_R_unaffected,3,034,35.53174597200101,56.47189969713147,28.151086515190286
P08,trial_20_R_unaffected,3,123,48.175981001812005,54.575890173762055,36.282352888833174
P08,trial_20_R_unaffected,3,124,37.2220313441204,52.94870279129226,34.89972663215342
P08,trial_20_R_unaffected,3,134,36.84431530867782,52.31076769648612,34.00934373108751
P08,trial_20_R_unaffected,3,234,32.23588709211025,57.753622793238044,39.04027521998255
P08,trial_20_R_unaffected,4,0123,45.89741183845141,58.47737268055545,30.215273611903168
P08,trial_20_R_unaffected,4,0124,38.4701040152074,54.29000679508387,29.776855363901397
P08,trial_20_R_unaffected,4,0134,38.52699943236657,53.386995336833444,29.837952575296594
P08,trial_20_R_unaffected,4,0234,36.33909617059025,55.34938041122819,27.380895563961182
P08,trial_20_R_unaffected,4,1234,37.00498996629298,53.565272328233625,33.61100750777217
P08,trial_20_R_unaffected,5,01234,38.7167346709923,54.28681572550154,29.134411559977412
P08,trial_21_R_unaffected,2,01,49.33890810802356,84.4232926462531,32.42645978863048
P08,trial_21_R_unaffected,2,02,45.009026816699645,68.13043025840902,30.399176830602368
P08,trial_21_R_unaffected,2,03,42.97152408620628,61.51899318552222,29.718297626132248
P08,trial_21_R_unaffected,2,04,41.32405854436765,60.23897584270432,37.820450779982764
P08,trial_21_R_unaffected,2,12,53.46420952309581,71.20707308358892,41.55361330329332
P08,trial_21_R_unaffected,2,13,48.58604568333444,54.772940120617015,37.84858340260167
P08,trial_21_R_unaffected,2,14,44.02611035257446,48.617038023092405,36.48371796028216
P08,trial_21_R_unaffected,2,23,43.85127820338302,50.301009175807685,32.861690798325874
P08,trial_21_R_unaffected,2,24,32.56547267793145,55.166135516444875,39.56602955461753
P08,trial_21_R_unaffected,2,34,36.30246783815176,63.827446858548356,45.89821214550849
P08,trial_21_R_unaffected,3,012,46.7108632741188,70.0956085730365,31.824761071764243
P08,trial_21_R_unaffected,3,013,45.243025353022546,59.634710671381725,32.0091201678241
P08,trial_21_R_unaffected,3,014,42.00333519155907,51.65170768813254,33.05683099202323
P08,trial_21_R_unaffected,3,023,44.042281721010404,60.81370123554254,29.5730375568189
P08,trial_21_R_unaffected,3,024,36.03961495089329,54.1873221741049,29.94272066667918
P08,trial_21_R_unaffected,3,034,35.44665115432041,56.92494119822598,29.12272578922389
P08,trial_21_R_unaffected,3,123,48.98737687026293,55.57860162145805,37.64540200440067
P08,trial_21_R_unaffected,3,124,39.08774041240964,52.53674226667361,35.660166647096986
P08,trial_21_R_unaffected,3,134,38.18410434890106,52.07538335460494,34.49953715219058
P08,trial_21_R_unaffected,3,234,33.90603490745224,57.87181565609133,39.42825249131585
P08,trial_21_R_unaffected,4,0123,45.73769869554239,60.241043193714766,31.89700211994508
P08,trial_21_R_unaffected,4,0124,39.491167066583344,54.51885282343636,31.283049034077305
P08,trial_21_R_unaffected,4,0134,39.043983761422474,53.54681738484637,30.966956353338706
P08,trial_21_R_unaffected,4,0234,36.69488191187938,55.929439238523834,29.055527398644752
P08,trial_21_R_unaffected,4,1234,38.44396745025844,53.500999201931855,34.50526119097453
P08,trial_21_R_unaffected,5,01234,39.38766240537989,54.70659975459334,30.64683287462968
P08,trial_22_R_unaffected,2,01,52.34481058033724,77.1401935240923,32.8784580669452
P08,trial_22_R_unaffected,2,02,46.727458624340976,66.51374875514426,29.26042415499009
P08,trial_22_R_unaffected,2,03,45.07659113967712,55.656337257971856,28.51734280145071
P08,trial_22_R_unaffected,2,04,41.11234550841178,54.02905863984458,36.055780781736495
P08,trial_22_R_unaffected,2,12,51.02764109227584,72.1371671382294,40.40878332968589
P08,trial_22_R_unaffected,2,13,47.946714383153875,51.72629559669224,36.82303384814709
P08,trial_22_R_unaffected,2,14,42.46480974515818,46.220946898809956,35.14400141070756
P08,trial_22_R_unaffected,2,23,44.9340942795761,51.6099763245701,34.00759746110717
P08,trial_22_R_unaffected,2,24,33.89798208888299,55.370617160903336,35.814872968925656
P08,trial_22_R_unaffected,2,34,38.078222775356245,60.3325835503237,40.185130587540314
P08,trial_22_R_unaffected,3,012,47.735210234348244,68.43286178253673,30.6623722670639
P08,trial_22_R_unaffected,3,013,46.04694431597956,55.89103443547026,30.782422093904216
P08,trial_22_R_unaffected,3,014,39.93747970491188,48.01961986600089,32.57192039617732
P08,trial_22_R_unaffected,3,023,45.86677237010086,57.63965869621145,28.513202127363577
P08,trial_22_R_unaffected,3,024,35.87163676164346,52.22716606041473,27.84147390524548
P08,trial_22_R_unaffected,3,034,36.405380114427686,51.480165492092425,27.19688864449561
P08,trial_22_R_unaffected,3,123,48.33145938491787,53.93468655343983,36.8735886167814
P08,trial_22_R_unaffected,3,124,38.97772018939873,51.44488709568179,33.452350553045925
P08,trial_22_R_unaffected,3,134,38.88172786020996,49.22027717844679,32.86540027453983
P08,trial_22_R_unaffected,3,234,35.94103572556574,56.886370415185624,35.6651260705292
P08,trial_22_R_unaffected,4,0123,46.4878197705682,57.97076435391445,30.69697767722986
P08,trial_22_R_unaffected,4,0124,38.831118044181096,52.57354024906219,29.778484384595384
P08,trial_22_R_unaffected,4,0134,39.094425090459765,49.73198808123534,29.731692373274434
P08,trial_22_R_unaffected,4,0234,37.46890333912928,53.07126462959418,27.115872463193433
P08,trial_22_R_unaffected,4,1234,39.192487109174564,51.83834889233082,32.575309866581954
P08,trial_22_R_unaffected,5,01234,39.57667011852388,52.25891139284268,29.17547995274318
P08,trial_23_R_unaffected,2,01,48.34885363871313,66.09734576512918,32.07849405123745
P08,trial_23_R_unaffected,2,02,46.68357892486342,58.35890143251317,29.639340658717597
P08,trial_23_R_unaffected,2,03,46.88834236073912,57.504062549688534,32.05775734688947
P08,trial_23_R_unaffected,2,04,56.46960349263257,66.11099172201895,35.530995810263065
P08,trial_23_R_unaffected,2,12,51.01229545819924,65.04299834278471,43.84288850811001
P08,trial_23_R_unaffected,2,13,47.58204737871286,55.12855904294773,39.517739609453166
P08,trial_23_R_unaffected,2,14,46.687278301120806,50.61387602428091,36.52719634828399
P08,trial_23_R_unaffected,2,23,41.56738882556923,48.906198169307764,32.563017288157965
P08,trial_23_R_unaffected,2,24,28.631580077255162,59.84095354345712,37.93921783779082
P08,trial_23_R_unaffected,2,34,32.603743441980896,74.17437141046541,49.36672533453883
P08,trial_23_R_unaffected,3,012,46.72401428184079,59.681897640222765,31.56604230348317
P08,trial_23_R_unaffected,3,013,46.388375436416936,55.82013447858895,32.95655266818481
P08,trial_23_R_unaffected,3,014,45.02174247858199,51.82428266354287,31.87783185305509
P08,trial_23_R_unaffected,3,023,46.13241955381425,55.58678906778413,29.983815932205623
P08,trial_23_R_unaffected,3,024,36.516726624456176,55.20120501522578,26.915321883332755
P08,trial_23_R_unaffected,3,034,37.51875866299474,60.066971969816045,28.98088876543399
P08,trial_23_R_unaffected,3,123,47.305987574146265,54.85391940185136,38.61746095898886
P08,trial_23_R_unaffected,3,124,36.644931656067996,54.163205698040755,34.55744818343155
P08,trial_23_R_unaffected,3,134,36.441356584836754,55.54594533970773,35.43529838008331
P08,trial_23_R_unaffected,3,234,29.542654400473534,63.50042508869953,39.723142255929005
P08,trial_23_R_unaffected,4,0123,46.29837821570388,55.576394905050904,32.25860628402581
P08,trial_23_R_unaffected,4,0124,39.009982308419495,53.590192009188456,29.36226662773326
P08,trial_23_R_unaffected,4,0134,39.809092871077574,54.63794888509621,30.82606895595327
P08,trial_23_R_unaffected,4,0234,36.72730971324896,57.33867116080811,27.572712142206214
P08,trial_23_R_unaffected,4,1234,35.418492472331934,56.062627041071295,34.335529278080735
P08,trial_23_R_unaffected,5,01234,38.842965058898585,54.89519176339591,29.70002231022435
P08,trial_24_R_unaffected,2,01,52.01717884355928,79.6596926911411,32.57399278609217
P08,trial_24_R_unaffected,2,02,45.40770989590351,65.69709142887038,29.29514126914758
P08,trial_24_R_unaffected,2,03,44.53714942610159,58.020427083357646,29.845034200314796
P08,trial_24_R_unaffected,2,04,40.596035087054744,58.44188375828574,38.230175326789144
P08,trial_24_R_unaffected,2,12,51.25915786160895,70.74586766681452,42.21516697430878
P08,trial_24_R_unaffected,2,13,48.48905343419827,53.698024187525576,38.64431059079563
P08,trial_24_R_unaffected,2,14,44.248546135388324,47.73582632116595,36.17039393375928
P08,trial_24_R_unaffected,2,23,43.813117478401324,51.76592967858871,34.241950098697025
P08,trial_24_R_unaffected,2,24,33.609570732464235,55.21606439545847,34.56725129613893
P08,trial_24_R_unaffected,2,34,36.852110068417396,61.4352368038495,39.53650328222046
P08,trial_24_R_unaffected,3,012,46.52905040938146,68.0220273852305,31.26286539945081
P08,trial_24_R_unaffected,3,013,45.79127311812887,57.25137675308805,31.967850343585294
P08,trial_24_R_unaffected,3,014,41.56169686050291,49.98587321651374,33.18197291020924
P08,trial_24_R_unaffected,3,023,44.96788606599116,58.16691937373982,29.083805884886388
P08,trial_24_R_unaffected,3,024,35.97950505233152,52.81673109476411,28.03598245435346
P08,trial_24_R_unaffected,3,034,36.64665759543159,54.06861036849777,27.576484309463037
P08,trial_24_R_unaffected,3,123,48.40994702757844,54.73705019454922,38.271229379518836
P08,trial_24_R_unaffected,3,124,39.072324966731166,51.76897367052846,33.88033282415915
P08,trial_24_R_unaffected,3,134,39.366453802881374,50.788979133167985,33.802488125498485
P08,trial_24_R_unaffected,3,234,35.155328338409966,57.118240127936346,34.60768582923603
P08,trial_24_R_unaffected,4,0123,45.84298823430826,58.28696650592319,31.6966943358702
P08,trial_24_R_unaffected,4,0124,39.08673317563509,53.04561915422919,30.261365799145715
P08,trial_24_R_unaffected,4,0134,39.66360344797207,51.49389136036022,30.547675156755663
P08,trial_24_R_unaffected,4,0234,37.37101446881522,53.93976488754849,27.085439205482913
P08,trial_24_R_unaffected,4,1234,39.03767650596787,52.51964497027784,33.091682026389066
P08,trial_24_R_unaffected,5,01234,39.61189943393494,53.00088500236025,29.739586903706684
P08,trial_25_R_unaffected,2,01,48.66473398886355,79.69885996712904,32.524464305546935
P08,trial_25_R_unaffected,2,02,45.62512153784664,66.54029876849545,28.896487867431027
P08,trial_25_R_unaffected,2,03,44.44451576073355,61.96287847927568,30.32411021698255
P08,trial_25_R_unaffected,2,04,44.61418820985612,65.94633526982003,36.49893015337454
P08,trial_25_R_unaffected,2,12,50.426444602665995,69.91579096281824,42.412499682890534
P08,trial_25_R_unaffected,2,13,46.6843147879389,54.84934733712092,38.19059083781542
P08,trial_25_R_unaffected,2,14,42.98356200120195,49.55936597919493,37.63263974686749
P08,trial_25_R_unaffected,2,23,42.328475428499246,51.91500255708186,33.91800349160479
P08,trial_25_R_unaffected,2,24,29.725264952472315,57.01017612181747,39.27069980551233
P08,trial_25_R_unaffected,2,34,34.206580798618994,66.09038683289278,47.75916048383618
P08,trial_25_R_unaffected,3,012,46.022426168615866,67.91595705161178,30.548626376956797
P08,trial_25_R_unaffected,3,013,44.985634041242406,59.35122389156661,31.047453978116984
P08,trial_25_R_unaffected,3,014,41.245167512882816,52.770870274663984,32.671964903071554
P08,trial_25_R_unaffected,3,023,44.64545155068675,60.6008071888832,28.25550713404516
P08,trial_25_R_unaffected,3,024,35.34212624204146,55.83885470321778,27.137534168406603
P08,trial_25_R_unaffected,3,034,35.97090085038485,59.01196340914293,27.83647538808457
P08,trial_25_R_unaffected,3,123,46.913774042948766,55.403407289291216,37.48942909332757
P08,trial_25_R_unaffected,3,124,36.38021612878628,53.089018177549086,35.97851198292004
P08,trial_25_R_unaffected,3,134,36.4929583697405,52.57173541992294,35.82356828609894
P08,trial_25_R_unaffected,3,234,31.55013897361584,59.6174385558501,39.953520788640304
P08,trial_25_R_unaffected,4,0123,45.197969088799816,59.72649182803387,30.483753714801196
P08,trial_25_R_unaffected,4,0124,37.94196683130266,55.019556119675585,29.845003757817278
P08,trial_25_R_unaffected,4,0134,38.40650556217348,54.34512020691476,30.34498538159929
P08,trial_25_R_unaffected,4,0234,36.29522802988478,57.255412268077905,26.63959275447599
P08,trial_25_R_unaffected,4,1234,36.26368689943202,54.0157631442424,34.99464433810173
P08,trial_25_R_unaffected,5,01234,38.2997187656381,55.290846177344164,29.306447770433234
P08,trial_26_R_unaffected,2,01,49.46448215175579,77.87225688015529,32.48083525060807
P08,trial_26_R_unaffected,2,02,45.13487291301029,66.18672463492815,29.60352634975299
P08,trial_26_R_unaffected,2,03,43.836077892324305,60.16692605740141,28.931504244179838
P08,trial_26_R_unaffected,2,04,42.65655029234095,61.98791463583725,37.256486744405464
P08,trial_26_R_unaffected,2,12,49.91831702666026,72.85555994119599,43.814346768829154
P08,trial_26_R_unaffected,2,13,46.815197440527974,54.586038998641065,38.567180215542834
P08,trial_26_R_unaffected,2,14,43.03265565303868,49.06220556470066,38.63167170690872
P08,trial_26_R_unaffected,2,23,42.831467726266474,51.71410359399644,34.47124843121846
P08,trial_26_R_unaffected,2,24,30.764538924468972,55.44895345104769,39.61373164883874
P08,trial_26_R_unaffected,2,34,34.7547176183992,63.783268364265254,46.922209914368004
P08,trial_26_R_unaffected,3,012,45.50933186538826,68.73966904538297,31.362786533761987
P08,trial_26_R_unaffected,3,013,44.65135518923214,58.8776393379725,31.225575259408902
P08,trial_26_R_unaffected,3,014,41.336575423057894,51.0753481069726,33.30489119840453
P08,trial_26_R_unaffected,3,023,44.3558738072645,59.378584702746856,28.31113521967425
P08,trial_26_R_unaffected,3,024,35.25774798656762,53.05347192630665,27.997795991808495
P08,trial_26_R_unaffected,3,034,35.49858462257856,55.81522417721449,27.519529519494714
P08,trial_26_R_unaffected,3,123,47.17290199212082,55.43526024274836,38.14601094385897
P08,trial_26_R_unaffected,3,124,36.95253317655852,52.03883842470511,36.79831928346442
P08,trial_26_R_unaffected,3,134,36.78475440972782,51.58978257044062,36.322415312812275
P08,trial_26_R_unaffected,3,234,32.22055397758037,58.18194150231873,39.961745528147084
P08,trial_26_R_unaffected,4,0123,44.917472374730536,59.640960546211524,31.083260962472497
P08,trial_26_R_unaffected,4,0124,38.04430910674974,53.42422876987554,30.715054204493793
P08,trial_26_R_unaffected,4,0134,38.309951381123554,52.707853677780705,30.75091532429598
P08,trial_26_R_unaffected,4,0234,36.158530488192824,54.88690717146985,27.232180993447866
P08,trial_26_R_unaffected,4,1234,36.68216384788903,53.07864084475476,35.66207924464486
P08,trial_26_R_unaffected,5,01234,38.28132826824272,53.886071873958706,30.035370500101987
P08,trial_27_R_unaffected,2,01,49.10308702424937,80.50190679929507,31.200133061840823
P08,trial_27_R_unaffected,2,02,45.448731248099,67.13610230515101,29.715941293341192
P08,trial_27_R_unaffected,2,03,44.009000061852255,61.65670171003781,30.5766507564492
P08,trial_27_R_unaffected,2,04,42.99886897391207,66.43066141970391,39.292690967972945
P08,trial_27_R_unaffected,2,12,49.19041277351091,73.8553584954986,40.07331877756946
P08,trial_27_R_unaffected,2,13,45.640688173199734,55.05846491703106,36.525159507476744
P08,trial_27_R_unaffected,2,14,41.78756271850262,48.87935132629812,35.54372737663557
P08,trial_27_R_unaffected,2,23,41.60275566009122,51.496463849922534,34.8973026477247
P08,trial_27_R_unaffected,2,24,30.436611765148147,55.160253129925636,37.50405666616201
P08,trial_27_R_unaffected,2,34,33.59719119720421,63.115990366918915,43.78122122396638
P08,trial_27_R_unaffected,3,012,45.67351397432093,69.26802821780946,30.40026605704258
P08,trial_27_R_unaffected,3,013,44.48006698574314,59.66999863351626,30.75571717202219
P08,trial_27_R_unaffected,3,014,40.41899707060919,52.63403529524305,31.90064759231427
P08,trial_27_R_unaffected,3,023,44.5040233890959,60.35102602048395,28.841709578498538
P08,trial_27_R_unaffected,3,024,35.30422563981156,54.44902419534465,27.24850370908339
P08,trial_27_R_unaffected,3,034,35.67407684980667,57.65127938165242,27.724903778117966
P08,trial_27_R_unaffected,3,123,46.03947994911459,55.96066955299288,35.99562431138664
P08,trial_27_R_unaffected,3,124,36.505640898659806,51.986862220196386,33.96963969434657
P08,trial_27_R_unaffected,3,134,36.39668993048372,51.57859519127744,33.45876494426031
P08,trial_27_R_unaffected,3,234,31.861549101312956,57.56234639626928,37.575211476088825
P08,trial_27_R_unaffected,4,0123,44.80226659962546,60.14421089806041,30.34498255596725
P08,trial_27_R_unaffected,4,0124,37.784887569892575,54.26139112438882,29.061587364412556
P08,trial_27_R_unaffected,4,0134,38.114493015254354,53.7275670864924,29.57662612017604
P08,trial_27_R_unaffected,4,0234,36.20695004927425,55.80376460399497,26.49257163935397
P08,trial_27_R_unaffected,4,1234,36.36985525406117,52.925048092524854,32.971969439256505
P08,trial_27_R_unaffected,5,01234,38.154746586582206,54.48096921954938,28.59667348437624
P08,trial_28_R_unaffected,2,01,48.153651662390196,84.40598651720647,34.43860820383567
P08,trial_28_R_unaffected,2,02,44.03683111224631,66.9865436689223,31.6633322556015
P08,trial_28_R_unaffected,2,03,44.963741954187675,61.12457324271044,31.03590178675045
P08,trial_28_R_unaffected,2,04,47.50261313055946,67.42003659673094,40.85934572655921
P08,trial_28_R_unaffected,2,12,52.279516183504455,70.76011499866303,44.37609216369519
P08,trial_28_R_unaffected,2,13,49.728038917267675,54.369635894090344,40.33601900213363
P08,trial_28_R_unaffected,2,14,45.698680091500535,49.28931040950029,38.64235646347095
P08,trial_28_R_unaffected,2,23,43.48094230358964,50.91347050948557,36.04181048236574
P08,trial_28_R_unaffected,2,24,31.336561938432155,54.88414493079363,38.648496370108724
P08,trial_28_R_unaffected,2,34,35.29038670697594,63.44387444334056,43.2562704543281
P08,trial_28_R_unaffected,3,012,45.42008307329771,70.01319543799583,33.54925415869403
P08,trial_28_R_unaffected,3,013,46.226598182026166,59.41332153880685,33.37135480510714
P08,trial_28_R_unaffected,3,014,44.288966005636944,52.15812124960696,34.75303051639401
P08,trial_28_R_unaffected,3,023,44.50096407724934,59.66835148528741,30.479382110481033
P08,trial_28_R_unaffected,3,024,36.66407614195569,53.445316892561074,29.639586632863374
P08,trial_28_R_unaffected,3,034,38.00792045992002,57.18924669441803,28.507798355107898
P08,trial_28_R_unaffected,3,123,49.12878292919378,54.813055201896624,40.03024684530381
P08,trial_28_R_unaffected,3,124,38.60955153115718,52.01316781621706,37.03644447829262
P08,trial_28_R_unaffected,3,134,39.35746885978529,51.959461098847086,36.07321326118541
P08,trial_28_R_unaffected,3,234,32.90752400734329,57.52437502665288,38.21888211642127
P08,trial_28_R_unaffected,4,0123,45.85642039307846,59.68859346600222,33.30100745851699
P08,trial_28_R_unaffected,4,0124,39.84961367043527,53.812412084065976,32.15256140221373
P08,trial_28_R_unaffected,4,0134,40.93570951640366,53.31599209253845,31.9040723930286
P08,trial_28_R_unaffected,4,0234,37.65392052409335,55.05183016724151,28.310252285870906
P08,trial_28_R_unaffected,4,1234,38.378561749273544,52.991549368504565,35.75421075912888
P08,trial_28_R_unaffected,5,01234,40.1314610263379,53.984443598751575,31.302690060460794
P08,trial_29_R_unaffected,2,01,51.23665732552692,78.58889970222695,32.040884942535364
P08,trial_29_R_unaffected,2,02,47.575872882332355,63.06085849765621,29.36906151002548
P08,trial_29_R_unaffected,2,03,46.53864964823248,55.769536990476546,29.470769344995794
P08,trial_29_R_unaffected,2,04,47.683613831096096,58.00128694982218,37.691448520301186
P08,trial_29_R_unaffected,2,12,51.123466468600775,71.71306882380372,41.153992290259026
P08,trial_29_R_unaffected,2,13,48.22792864957873,54.44011226360789,38.62969008688093
P08,trial_29_R_unaffected,2,14,44.129346247804584,50.14950542948994,38.37053302376486
P08,trial_29_R_unaffected,2,23,43.26689187949718,52.33869370303086,35.9842479796831
P08,trial_29_R_unaffected,2,24,30.468977518430112,55.74236190174094,40.912602467489506
P08,trial_29_R_unaffected,2,34,34.41747974046442,64.00721078366972,45.20689334996148
P08,trial_29_R_unaffected,3,012,47.85441164545669,67.00451515130517,30.78631433819786
P08,trial_29_R_unaffected,3,013,47.120321735112704,57.20757717560175,31.557094409996104
P08,trial_29_R_unaffected,3,014,42.79122669020729,51.29926664997809,33.5468826803309
P08,trial_29_R_unaffected,3,023,46.522007254233095,56.11400372677274,28.862068521602144
P08,trial_29_R_unaffected,3,024,36.663941740930355,52.054431620873444,28.420355004354143
P08,trial_29_R_unaffected,3,034,37.45660444278245,53.59145801647976,26.853574203570798
P08,trial_29_R_unaffected,3,123,48.163753022308235,55.09776614297895,38.23165678072409
P08,trial_29_R_unaffected,3,124,37.479232020347446,52.64894838648448,36.5147120482888
P08,trial_29_R_unaffected,3,134,37.73714117135317,52.13076169064213,35.47094262798182
P08,trial_29_R_unaffected,3,234,32.08012544152253,58.09791530562615,40.70472057532052
P08,trial_29_R_unaffected,4,0123,47.043549359835964,57.79454634574694,31.29888298331508
P08,trial_29_R_unaffected,4,0124,39.34177653277481,53.251307520030345,30.495678367656623
P08,trial_29_R_unaffected,4,0134,40.09544446958898,52.04867856417896,30.458241363909394
P08,trial_29_R_unaffected,4,0234,37.49949967340942,53.46401603244675,27.43433223538717
P08,trial_29_R_unaffected,4,1234,37.29563083455625,53.34245290592079,35.445874219869225
P08,trial_29_R_unaffected,5,01234,39.71763140685224,53.20897240201313,29.906982630209907
P08,trial_2_R_unaffected,2,01,43.23576164664674,92.38482110932462,29.606304701888554
P08,trial_2_R_unaffected,2,02,41.57926537130899,77.87645140935328,27.203619332957313
P08,trial_2_R_unaffected,2,03,38.34944780806951,57.32370313056563,26.019259638415
P08,trial_2_R_unaffected,2,04,38.877557180991595,54.29164844473308,34.53407705644243
P08,trial_2_R_unaffected,2,12,50.36110621780481,89.10280692371913,41.613032344977604
P08,trial_2_R_unaffected,2,13,45.21860837807012,56.4715289355037,33.93840483631428
P08,trial_2_R_unaffected,2,14,40.522027354374785,51.09444770801793,32.07676099953683
P08,trial_2_R_unaffected,2,23,41.311906699170514,55.691914334384975,30.07061367498647
P08,trial_2_R_unaffected,2,24,30.55764534637096,59.19395298990033,32.44353830160615
P08,trial_2_R_unaffected,2,34,30.83065214141712,57.605428207047204,38.01472366092589
P08,trial_2_R_unaffected,3,012,42.50367432753274,81.36970191070732,28.753157644750317
P08,trial_2_R_unaffected,3,013,40.79603642451752,59.90772651885375,28.20714984874166
P08,trial_2_R_unaffected,3,014,39.1898138083525,52.34358216914869,29.511959269324038
P08,trial_2_R_unaffected,3,023,40.552567858599296,63.164569652259495,25.161101370752508
P08,trial_2_R_unaffected,3,024,33.89549816802583,56.28754586899927,24.921496455889812
P08,trial_2_R_unaffected,3,034,32.62876264128982,50.930584554234656,25.097745856961428
P08,trial_2_R_unaffected,3,123,46.3607911665421,60.77514211751527,33.10393021363866
P08,trial_2_R_unaffected,3,124,36.66310192110798,57.94618891466308,30.156854759999455
P08,trial_2_R_unaffected,3,134,35.352357226415826,52.47347155580475,30.361596837441404
P08,trial_2_R_unaffected,3,234,31.08605739593296,58.420985308795,32.31494908689465
P08,trial_2_R_unaffected,4,0123,42.04523113617944,64.62676677381815,27.672613155552412
P08,trial_2_R_unaffected,4,0124,36.99714380389984,58.83791225087299,26.749184044579742
P08,trial_2_R_unaffected,4,0134,36.140390076408245,52.25460911705094,27.384564480760364
P08,trial_2_R_unaffected,4,0234,34.26694257208857,55.49676040141877,24.090340975837556
P08,trial_2_R_unaffected,4,1234,35.99930649501513,56.36952234392013,29.428583059601646
P08,trial_2_R_unaffected,5,01234,36.76733822344319,56.52209145252284,26.260531713554787
P08,trial_30_R_unaffected,2,01,48.110235127160486,84.56126090122382,33.81675921317971
P08,trial_30_R_unaffected,2,02,46.10170153852891,66.9485124049511,31.241836133745615
P08,trial_30_R_unaffected,2,03,45.896713753822056,62.79393738689793,32.30946833852813
P08,trial_30_R_unaffected,2,04,48.57082131896272,68.41177862367657,38.924114493020014
P08,trial_30_R_unaffected,2,12,51.677091889319186,70.32273172389135,43.459958925303084
P08,trial_30_R_unaffected,2,13,48.320962186843424,55.24952159335816,40.73555265682915
P08,trial_30_R_unaffected,2,14,43.71505604568461,49.879282587190424,37.51823940437947
P08,trial_30_R_unaffected,2,23,43.06001348209759,51.261262917811216,36.435474872016805
P08,trial_30_R_unaffected,2,24,30.231835437544614,56.22459508120761,37.428257909005154
P08,trial_30_R_unaffected,2,34,34.80450318684857,64.63882605040811,42.710992826205484
P08,trial_30_R_unaffected,3,012,46.61124841226242,68.94455373231118,32.59298465268462
P08,trial_30_R_unaffected,3,013,46.36887211768485,60.00972676312619,33.39399979193801
P08,trial_30_R_unaffected,3,014,42.38290236352101,53.46813446865029,33.30521084122883
P08,trial_30_R_unaffected,3,023,45.79450441929538,60.909449803372404,30.915922775366113
P08,trial_30_R_unaffected,3,024,36.339903575666405,55.29707110796924,28.10846711895036
P08,trial_30_R_unaffected,3,034,37.436235693081905,59.04883697453311,27.913871732448364
P08,trial_30_R_unaffected,3,123,48.28322455368999,55.681745937623994,40.338809497252235
P08,trial_30_R_unaffected,3,124,37.21006150066004,52.9341797424299,35.802787327100496
P08,trial_30_R_unaffected,3,134,37.6003259459683,52.55453078120635,35.198623343256635
P08,trial_30_R_unaffected,3,234,32.05933746117041,58.71955282309322,37.20508344456083
P08,trial_30_R_unaffected,4,0123,46.4310695177179,60.00061842901,33.10359334371517
P08,trial_30_R_unaffected,4,0124,38.88079950178173,54.953415972657865,30.75944179486505
P08,trial_30_R_unaffected,4,0134,39.768833235638745,54.4716371794094,30.97607118397328
P08,trial_30_R_unaffected,4,0234,37.340010052876565,56.806829690711794,27.1289365972226
P08,trial_30_R_unaffected,4,1234,37.1611122153743,53.79399890648131,34.7214987382544
P08,trial_30_R_unaffected,5,01234,39.42073557433704,55.09832870701037,30.24650495345746
P08,trial_31_R_unaffected,2,01,51.131877755338984,81.83937239396553,31.22643660664957
P08,trial_31_R_unaffected,2,02,46.2800632724934,63.84774353999639,29.442553873869883
P08,trial_31_R_unaffected,2,03,45.76174146283471,59.86548112591635,29.854245494802775
P08,trial_31_R_unaffected,2,04,45.71334368282645,64.04625402543441,37.81938562492594
P08,trial_31_R_unaffected,2,12,49.87356751133141,70.23835127433719,40.22593343416772
P08,trial_31_R_unaffected,2,13,46.80604260502137,55.62608020261921,38.10959427865764
P08,trial_31_R_unaffected,2,14,42.55910376483131,50.9963458130167,37.474951651493264
P08,trial_31_R_unaffected,2,23,41.848302740863595,52.01706723232743,35.55176256168165
P08,trial_31_R_unaffected,2,24,28.87192302601892,55.605299502464284,39.85823641943228
P08,trial_31_R_unaffected,2,34,33.45582422946485,64.87573722399931,45.35385006073524
P08,trial_31_R_unaffected,3,012,46.57207263742789,67.38034669118673,30.12415069859604
P08,trial_31_R_unaffected,3,013,45.885899494822965,59.478437827601155,31.095422136910727
P08,trial_31_R_unaffected,3,014,41.228103441486965,53.45079799507701,32.381183411903194
P08,trial_31_R_unaffected,3,023,45.43990009748926,58.25642135485523,28.907570607211667
P08,trial_31_R_unaffected,3,024,35.294968363734945,53.37067316565052,27.75989989548703
P08,trial_31_R_unaffected,3,034,36.490491983625745,56.956190266537284,26.812155346581058
P08,trial_31_R_unaffected,3,123,46.68988024760621,55.42038009446212,37.51396994965893
P08,trial_31_R_unaffected,3,124,35.89359352601331,52.928646000933036,35.67120676854459
P08,trial_31_R_unaffected,3,134,36.364131624438976,53.25999866528409,34.70928714342612
P08,trial_31_R_unaffected,3,234,30.66987153144615,58.32585215928605,39.676128840243265
P08,trial_31_R_unaffected,4,0123,45.695038448699,58.99241644488374,30.75415755832292
P08,trial_31_R_unaffected,4,0124,37.85369198823727,54.238008726256474,29.581526267695594
P08,trial_31_R_unaffected,4,0134,38.7352410991396,54.1728144841438,29.678803933639493
P08,trial_31_R_unaffected,4,0234,36.34657273600733,55.13536631310934,26.75939883369762
P08,trial_31_R_unaffected,4,1234,35.85480973575947,53.86248082216927,34.45145421111646
P08,trial_31_R_unaffected,5,01234,38.34629200830206,54.45662508185495,29.03242428739085
P08,trial_32_R_unaffected,2,01,50.54958434600718,80.98146142445876,30.85066244754334
P08,trial_32_R_unaffected,2,02,45.33783582502534,63.764455560068505,27.982089289566428
P08,trial_32_R_unaffected,2,03,44.22549825000094,59.101871198953404,29.211814533343873
P08,trial_32_R_unaffected,2,04,43.955591639144515,62.66360769175985,37.866784998169955
P08,trial_32_R_unaffected,2,12,49.52781411672361,70.1342824178785,39.30228684583782
P08,trial_32_R_unaffected,2,13,46.08716492527886,55.339179095300935,38.277449331607194
P08,trial_32_R_unaffected,2,14,41.54428077201258,50.7004248118478,35.92990145400182
P08,trial_32_R_unaffected,2,23,41.45698927424278,52.11722421139497,35.972549959701354
P08,trial_32_R_unaffected,2,24,28.782739769426524,55.2377239116176,36.74765049215694
P08,trial_32_R_unaffected,2,34,34.2436281582678,63.6133345714933,42.08216266911089
P08,trial_32_R_unaffected,3,012,45.88499278484369,66.86150619302526,29.221763713054436
P08,trial_32_R_unaffected,3,013,44.673232488008544,58.573471594684015,30.693786114732394
P08,trial_32_R_unaffected,3,014,40.21205562266643,52.61527636778768,31.534021692498165
P08,trial_32_R_unaffected,3,023,44.39482013992353,57.89321094042438,27.826087970533443
P08,trial_32_R_unaffected,3,024,34.08958837832342,52.963993162202016,26.154907098983475
P08,trial_32_R_unaffected,3,034,35.04231012099744,55.926001937135624,26.545369021221273
P08,trial_32_R_unaffected,3,123,46.274800303941724,55.4796068382855,37.45084151566568
P08,trial_32_R_unaffected,3,124,35.269204867957924,52.961045383631124,34.1564339215393
P08,trial_32_R_unaffected,3,134,35.72314014906478,52.86952068651212,33.85492503753083
P08,trial_32_R_unaffected,3,234,30.990145521814593,57.78246408516375,36.53335796695168
P08,trial_32_R_unaffected,4,0123,44.80225712811064,58.435885257606955,30.064644832357796
P08,trial_32_R_unaffected,4,0124,36.86400951442567,53.85748192580823,28.565090854336685
P08,trial_32_R_unaffected,4,0134,37.565930933839645,53.449388787116284,29.221599452700925
P08,trial_32_R_unaffected,4,0234,35.28783180619354,54.59401809130085,25.36368766781149
P08,trial_32_R_unaffected,4,1234,35.4059201777605,53.704171118596136,33.12452742232761
P08,trial_32_R_unaffected,5,01234,37.37518518254653,54.00185826466041,28.139937667413857
P08,trial_33_R_unaffected,2,01,49.516053613219825,82.13691931874253,28.563787041434736
P08,trial_33_R_unaffected,2,02,45.97485806426863,62.56364012835642,28.182691624001382
P08,trial_33_R_unaffected,2,03,44.10522863159055,58.49195537621895,28.234511546965653
P08,trial_33_R_unaffected,2,04,47.294260449407304,60.30162867794292,36.393075236311255
P08,trial_33_R_unaffected,2,12,49.3955423223158,74.82803345441724,38.82691846713862
P08,trial_33_R_unaffected,2,13,45.08064573940104,56.72148173898919,36.805632408013075
P08,trial_33_R_unaffected,2,14,41.6715202588116,51.62612809620147,37.51629696764698
P08,trial_33_R_unaffected,2,23,40.118777206923625,50.34153750193607,35.81314827915414
P08,trial_33_R_unaffected,2,24,26.215630498726043,55.36853263626832,43.0845847789896
P08,trial_33_R_unaffected,2,34,29.90040143292759,65.04718036348352,50.35876480483572
P08,trial_33_R_unaffected,3,012,46.050133619507335,66.8575310403872,28.22895259822606
P08,trial_33_R_unaffected,3,013,44.353386190717,59.24661972997669,29.167273938779196
P08,trial_33_R_unaffected,3,014,41.03265578651634,53.574533167091374,31.378312397637885
P08,trial_33_R_unaffected,3,023,44.41530641999646,57.16989445475247,27.57421677150075
P08,trial_33_R_unaffected,3,024,34.515325732649735,52.24466237352925,27.973072138972466
P08,trial_33_R_unaffected,3,034,34.74635355703828,55.71071475552279,27.03155177478813
P08,trial_33_R_unaffected,3,123,45.51082488674439,56.649238665441004,36.51624837277958
P08,trial_33_R_unaffected,3,124,34.28012475735081,53.029974742919435,36.64364958763373
P08,trial_33_R_unaffected,3,134,34.032054301906605,53.405353729039156,35.52654017338011
P08,trial_33_R_unaffected,3,234,27.787103422517205,58.251648812038084,42.91123524802227
P08,trial_33_R_unaffected,4,0123,44.659566991648504,58.725502492560274,29.152860559265473
P08,trial_33_R_unaffected,4,0124,37.12815664089165,53.796102814283465,29.129947113549264
P08,trial_33_R_unaffected,4,0134,37.2547743215309,53.87424118403117,29.041941732715962
P08,trial_33_R_unaffected,4,0234,34.989160480306545,54.21136171401151,26.94378570467876
P08,trial_33_R_unaffected,4,1234,33.87966033551374,53.93011375785453,35.394121351069266
P08,trial_33_R_unaffected,5,01234,37.10905239322546,54.058202212466966,28.598976984912333
P08,trial_34_R_unaffected,2,01,50.774398840329866,80.29706666973541,30.761695205376242
P08,trial_34_R_unaffected,2,02,46.17902635117139,63.736811303032944,28.652991418069284
P08,trial_34_R_unaffected,2,03,44.922685861292244,57.87916088519443,30.01760848017864
P08,trial_34_R_unaffected,2,04,48.63392932254072,61.402004704971816,39.75992037749451
P08,trial_34_R_unaffected,2,12,50.57822764156119,74.2305797611274,41.649929799977386
P08,trial_34_R_unaffected,2,13,46.857155183659245,55.717279999629895,38.96315813393342
P08,trial_34_R_unaffected,2,14,43.596175292550114,50.49959161907973,36.391182928868446
P08,trial_34_R_unaffected,2,23,41.36768655952703,52.27234574647365,35.87091276833511
P08,trial_34_R_unaffected,2,24,29.01256355014626,55.83448398105092,38.00293046718027
P08,trial_34_R_unaffected,2,34,33.70524679441477,64.07448358351579,40.87510453247023
P08,trial_34_R_unaffected,3,012,46.65707057034017,67.64751920568223,29.809019970832896
P08,trial_34_R_unaffected,3,013,45.59453629747227,58.31879596522137,31.279021762597566
P08,trial_34_R_unaffected,3,014,42.047453006694575,52.18084378678145,31.853065430521976
P08,trial_34_R_unaffected,3,023,45.09571955816266,57.24477059141871,28.565423410054642
P08,trial_34_R_unaffected,3,024,35.16128755667584,52.641799391070464,26.788215732451036
P08,trial_34_R_unaffected,3,034,35.88285181251628,55.18673571676425,26.644147099687235
P08,trial_34_R_unaffected,3,123,46.96589707058868,56.197866649121536,38.22396670462778
P08,trial_34_R_unaffected,3,124,36.27561740050482,53.19221450796197,34.25534435088242
P08,trial_34_R_unaffected,3,134,36.4024439978288,52.7304760748359,33.60569772266175
P08,trial_34_R_unaffected,3,234,30.556218543706414,58.237877625034905,37.32427391029305
P08,trial_34_R_unaffected,4,0123,45.640441320136496,58.597863606030714,30.756364564883228
P08,trial_34_R_unaffected,4,0124,37.99582157010606,53.82437681316201,28.649464462297605
P08,trial_34_R_unaffected,4,0134,38.65630084591747,53.02340612750735,29.313684447665857
P08,trial_34_R_unaffected,4,0234,35.90050163378503,54.20402758289616,25.784830775106816
P08,trial_34_R_unaffected,4,1234,35.885569511682355,53.85384283192402,33.254598904048024
P08,trial_34_R_unaffected,5,01234,38.22717140971826,53.87326297840498,28.32691491116519
P08,trial_35_R_unaffected,2,01,48.57657293940141,80.81714963871731,30.500125143625233
P08,trial_35_R_unaffected,2,02,44.757890115572565,64.57813309366935,28.182111927496553
P08,trial_35_R_unaffected,2,03,42.90856553543536,58.12345862715402,28.1833605864481
P08,trial_35_R_unaffected,2,04,42.054254170234515,59.64534400545354,36.12350060169436
P08,trial_35_R_unaffected,2,12,49.14848290765979,72.15774112786247,40.06352351055969
P08,trial_35_R_unaffected,2,13,45.22025671273692,54.51264954906264,36.91140336332895
P08,trial_35_R_unaffected,2,14,40.75215439899436,49.9097220561111,36.68988488068165
P08,trial_35_R_unaffected,2,23,41.28998705790415,51.545443717766425,33.35019682655022
P08,trial_35_R_unaffected,2,24,29.996954214963043,54.68700333176573,38.487847303303276
P08,trial_35_R_unaffected,2,34,35.408388112312146,60.71822289161011,42.97277283352851
P08,trial_35_R_unaffected,3,012,44.96233858245462,67.66391603421064,28.884637262438883
P08,trial_35_R_unaffected,3,013,43.62684072731881,58.014750554087925,29.87718158608184
P08,trial_35_R_unaffected,3,014,38.91430674036213,51.803285034712296,32.02645004724412
P08,trial_35_R_unaffected,3,023,43.71354413708571,57.94360530898047,27.447517551557027
P08,trial_35_R_unaffected,3,024,34.01298961690092,52.69854397532652,27.455700000814517
P08,trial_35_R_unaffected,3,034,34.29620407261673,54.256179264874746,26.55753705092282
P08,trial_35_R_unaffected,3,123,45.87886238432003,55.322438009514144,36.21931115641572
P08,trial_35_R_unaffected,3,124,35.45658262589511,52.82019720368181,34.76873541298637
P08,trial_35_R_unaffected,3,134,35.35675697177246,51.60084180139666,33.604276719772905
P08,trial_35_R_unaffected,3,234,31.9062251155865,56.59329740489586,37.91253229980167
P08,trial_35_R_unaffected,4,0123,44.108621438673694,58.5650101749909,29.501719194250384
P08,trial_35_R_unaffected,4,0124,36.46507857091864,53.79263356722211,29.079061575180894
P08,trial_35_R_unaffected,4,0134,36.8031665777634,52.43624736598936,29.006617002242578
P08,trial_35_R_unaffected,4,0234,35.11523207091491,53.887788637430646,26.11131673006854
P08,trial_35_R_unaffected,4,1234,35.48785927535822,53.05676134039463,33.27884678547669
P08,trial_35_R_unaffected,5,01234,37.0075372872769,53.55744142824354,28.271587292488444
P08,trial_36_R_unaffected,2,01,50.172042338104795,80.70416791427934,30.688236475053024
P08,trial_36_R_unaffected,2,02,45.92097866630681,64.96166623365535,28.355805193013488
P08,trial_36_R_unaffected,2,03,43.86580496982909,59.582030544097826,28.198582910055325
P08,trial_36_R_unaffected,2,04,46.81084618673899,62.48713070280636,36.61334313494115
P08,trial_36_R_unaffected,2,12,48.65043182077406,72.97185149906988,39.73992809176546
P08,trial_36_R_unaffected,2,13,44.56622866768237,55.37018278097992,37.30263025019318
P08,trial_36_R_unaffected,2,14,40.45996835528731,50.340018032379135,36.839771726646674
P08,trial_36_R_unaffected,2,23,40.59106770912129,52.548737117437064,34.3521992145551
P08,trial_36_R_unaffected,2,24,28.506598123613557,55.42619167976208,39.2728192607852
P08,trial_36_R_unaffected,2,34,34.13223626182131,62.744978051772755,44.34443993046398
P08,trial_36_R_unaffected,3,012,45.76907378967592,67.95745986771294,29.304944367108778
P08,trial_36_R_unaffected,3,013,43.771285280029836,58.915031066430906,30.31212188965821
P08,trial_36_R_unaffected,3,014,39.16938786502974,52.33484309982153,32.145377298941334
P08,trial_36_R_unaffected,3,023,44.51297348266935,58.67431277015081,27.732244647000893
P08,trial_36_R_unaffected,3,024,33.895718680392584,53.2044452729919,27.315846263938166
P08,trial_36_R_unaffected,3,034,34.48991738915907,55.72617456329289,26.51551362339084
P08,trial_36_R_unaffected,3,123,45.26807102171059,55.95660352815255,36.56447558161159
P08,trial_36_R_unaffected,3,124,34.36875053023212,53.01475778792939,35.141968347199935
P08,trial_36_R_unaffected,3,134,34.40735097455712,52.308603838611425,34.09106754390351
P08,trial_36_R_unaffected,3,234,30.519810772795623,57.743346991841705,38.77554699097267
P08,trial_36_R_unaffected,4,0123,44.3558467551081,59.17845905566919,29.962321334927264
P08,trial_36_R_unaffected,4,0124,36.11417694202273,54.0095449043743,29.23079221392191
P08,trial_36_R_unaffected,4,0134,36.50345502010372,53.23168981163842,29.294627088724955
P08,trial_36_R_unaffected,4,0234,34.898902138961475,54.68985373432875,26.25269586550827
P08,trial_36_R_unaffected,4,1234,34.43189818627822,53.58153950737634,33.78454064522255
P08,trial_36_R_unaffected,5,01234,36.602866892472875,54.096900960743675,28.581170181350142
P08,trial_37_R_unaffected,2,01,51.22041802052543,80.38393472309738,31.29201893556747
P08,trial_37_R_unaffected,2,02,47.22102966253337,63.9085260984263,29.551755216179707
P08,trial_37_R_unaffected,2,03,45.26384323481148,56.74178661028055,28.961040568437056
P08,trial_37_R_unaffected,2,04,46.32112464936954,57.784317808308494,37.71320522831296
P08,trial_37_R_unaffected,2,12,47.19643345099676,72.12558431402871,39.20214615204082
P08,trial_37_R_unaffected,2,13,44.052148806158336,53.74118963900367,37.15282230046691
P08,trial_37_R_unaffected,2,14,40.45759749458738,48.514447945426085,36.233897883392025
P08,trial_37_R_unaffected,2,23,40.562977855650665,54.059744611642756,35.977529191720514
P08,trial_37_R_unaffected,2,24,28.68711245638818,56.08986127179816,38.286869026147436
P08,trial_37_R_unaffected,2,34,34.31872767697414,62.91201073739255,42.6104831260662
P08,trial_37_R_unaffected,3,012,46.494631671680324,66.92293837227236,29.891009611653008
P08,trial_37_R_unaffected,3,013,44.424355869003314,57.05707513528277,30.86999498361879
P08,trial_37_R_unaffected,3,014,39.44677918220575,49.82699723537878,32.25853031627506
P08,trial_37_R_unaffected,3,023,45.48356156132385,57.130017982887665,28.752729833033392
P08,trial_37_R_unaffected,3,024,34.646158101103396,52.08364540069656,27.17524375618011
P08,trial_37_R_unaffected,3,034,35.55145729788572,53.18338244908391,26.428001381250894
P08,trial_37_R_unaffected,3,123,44.59508858341857,54.78373331039738,36.60487129142066
P08,trial_37_R_unaffected,3,124,34.27630990271836,52.26567005436993,34.46210641060629
P08,trial_37_R_unaffected,3,134,34.60130056857136,51.24289989937986,33.74514308167175
P08,trial_37_R_unaffected,3,234,31.069231162452184,58.206210317816776,37.87740594433486
P08,trial_37_R_unaffected,4,0123,44.80632578349892,57.784400097390225,30.528810706748594
P08,trial_37_R_unaffected,4,0124,36.54334913230094,52.759058070845576,29.15358060183447
P08,trial_37_R_unaffected,4,0134,37.12782802569117,51.28834527457311,29.379916981495935
P08,trial_37_R_unaffected,4,0234,35.70691434038226,53.56335686440843,26.245792478244642
P08,trial_37_R_unaffected,4,1234,34.53764646907709,52.96294423760221,33.33896594792554
P08,trial_37_R_unaffected,5,01234,37.0953553019234,52.85748313486716,28.587745877161254
P08,trial_38_R_unaffected,2,01,50.063811936046804,79.08379861686059,30.645157687856656
P08,trial_38_R_unaffected,2,02,45.63356231321781,62.75625648254762,27.710478305083168
P08,trial_38_R_unaffected,2,03,43.963723810592676,56.69998922071217,29.068255078210044
P08,trial_38_R_unaffected,2,04,47.181657122312544,55.14221416841093,37.49935983399911
P08,trial_38_R_unaffected,2,12,48.51051404849178,74.24109823397654,39.898619543774615
P08,trial_38_R_unaffected,2,13,44.926191044273075,55.425879729785564,38.40085646935496
P08,trial_38_R_unaffected,2,14,41.454405049548406,48.93004454395422,36.28912203411174
P08,trial_38_R_unaffected,2,23,39.912288479567344,53.1164192184007,37.26498304599196
P08,trial_38_R_unaffected,2,24,29.143125127921866,54.983379586268654,37.7984112468138
P08,trial_38_R_unaffected,2,34,34.24879947296646,62.30076340516249,40.89614166939848
P08,trial_38_R_unaffected,3,012,45.8726009981718,66.65565652170041,29.040326212629655
P08,trial_38_R_unaffected,3,013,44.29497960151337,57.559484503579945,30.621718417557243
P08,trial_38_R_unaffected,3,014,40.57803449782242,49.951635446956665,32.043819443004665
P08,trial_38_R_unaffected,3,023,44.266170422708434,56.45335351356027,27.841250864579617
P08,trial_38_R_unaffected,3,024,34.86065044374023,50.92458291747661,26.228687085319976
P08,trial_38_R_unaffected,3,034,35.581831398078506,52.66556121043981,26.20644488162964
P08,trial_38_R_unaffected,3,123,45.079983920345214,56.07169705892436,37.854435129862495
P08,trial_38_R_unaffected,3,124,35.18670773401387,51.987099314272626,34.37653401059952
P08,trial_38_R_unaffected,3,134,35.451021330231924,51.49981083557777,33.876048528496
P08,trial_38_R_unaffected,3,234,31.059985562575058,57.407328209639445,37.64855707331487
P08,trial_38_R_unaffected,4,0123,44.469340790719144,57.924106170060234,30.122805484194934
P08,trial_38_R_unaffected,4,0124,37.200632125593984,52.359411305296774,28.535746161698714
P08,trial_38_R_unaffected,4,0134,37.70810795042797,51.46215957687727,29.10876341930902
P08,trial_38_R_unaffected,4,0234,35.652480591732875,52.78283091402461,25.574155519920204
P08,trial_38_R_unaffected,4,1234,35.13119051874675,52.86930047416647,33.65319365037796
P08,trial_38_R_unaffected,5,01234,37.470692029980654,52.66593623644514,28.205749700915995
P08,trial_39_R_unaffected,2,01,47.55961833657509,80.30489179480107,31.033748367516548
P08,trial_39_R_unaffected,2,02,44.79749363326646,67.07357669268114,27.97736337909508
P08,trial_39_R_unaffected,2,03,43.17704797942878,58.43279491537037,27.667896668533864
P08,trial_39_R_unaffected,2,04,40.14177390417109,56.524205167185066,37.92928743690185
P08,trial_39_R_unaffected,2,12,47.64972400984182,73.74152302855025,41.8924418626842
P08,trial_39_R_unaffected,2,13,44.20315537182644,53.802666576383615,36.6223426648838
P08,trial_39_R_unaffected,2,14,38.89452124387965,47.05141877316144,36.06820865578216
P08,trial_39_R_unaffected,2,23,41.46401003466202,52.58201735047622,32.40986810038959
P08,trial_39_R_unaffected,2,24,32.361629290703405,54.22650895299831,36.72172262116846
P08,trial_39_R_unaffected,2,34,37.584198047635574,58.7634583809588,40.98601579134558
P08,trial_39_R_unaffected,3,012,44.56975256218188,69.91006503267536,29.019799170224516
P08,trial_39_R_unaffected,3,013,43.061288966313406,58.621513108109816,29.904971189381868
P08,trial_39_R_unaffected,3,014,37.091538138694155,49.35748223175256,32.66954247417384
P08,trial_39_R_unaffected,3,023,43.91411688912897,59.262538296039565,27.354332283425418
P08,trial_39_R_unaffected,3,024,34.604302444036065,51.89073689681756,26.727880904317498
P08,trial_39_R_unaffected,3,034,35.49335912774311,52.21797709120992,26.646994411638207
P08,trial_39_R_unaffected,3,123,44.90738991798763,55.147733051895855,36.33310586903659
P08,trial_39_R_unaffected,3,124,35.7472191227881,50.89656392563942,34.269927390354674
P08,trial_39_R_unaffected,3,134,36.11161939971298,49.490970269936625,33.68745292254756
P08,trial_39_R_unaffected,3,234,34.726490886307495,55.845690755869626,36.81293480521801
P08,trial_39_R_unaffected,4,0123,43.716747116458855,59.91030359282801,29.549719549116908
P08,trial_39_R_unaffected,4,0124,36.261355805643674,52.81603033486814,28.951353731451388
P08,trial_39_R_unaffected,4,0134,36.84638975923751,50.872863088439274,29.461577901910484
P08,trial_39_R_unaffected,4,0234,36.257880066093534,53.101605347104716,26.133387659865004
P08,trial_39_R_unaffected,4,1234,36.572079155971004,51.52378219849504,33.32490878399462
P08,trial_39_R_unaffected,5,01234,37.37889268350307,52.773776567722614,28.53178462808337
P08,trial_3_R_unaffected,2,01,47.66292589366629,87.64777035892858,30.700805297608067
P08,trial_3_R_unaffected,2,02,41.59036788026563,72.38719727332592,26.909116001610133
P08,trial_3_R_unaffected,2,03,39.172240832999165,56.01716909421021,25.6998900087619
P08,trial_3_R_unaffected,2,04,38.446884792705184,54.750169306747225,32.267691792313315
P08,trial_3_R_unaffected,2,12,50.325822133661376,82.3602646626993,46.83962362301018
P08,trial_3_R_unaffected,2,13,45.7521418763326,56.56669514124038,36.43343017588151
P08,trial_3_R_unaffected,2,14,41.293035482164,51.3278774177795,32.96761272057211
P08,trial_3_R_unaffected,2,23,39.833390324405784,54.131771248099774,30.9515384578792
P08,trial_3_R_unaffected,2,24,28.202312629134703,58.06720956120906,32.29677822481069
P08,trial_3_R_unaffected,2,34,29.41978648461006,59.73330877190555,40.03574148541582
P08,trial_3_R_unaffected,3,012,43.40994492212997,76.1217521675184,29.169459753717437
P08,trial_3_R_unaffected,3,013,41.97534079326501,58.38262909382138,28.69269467711804
P08,trial_3_R_unaffected,3,014,39.69620866087516,52.5788865222437,29.665269162430892
P08,trial_3_R_unaffected,3,023,40.70228658771016,59.989541914659135,24.723438134289783
P08,trial_3_R_unaffected,3,024,32.10589064823006,54.98047146154774,23.64235538790498
P08,trial_3_R_unaffected,3,034,31.716505316794976,51.71312481519336,24.3980302933563
P08,trial_3_R_unaffected,3,123,46.060974844779345,59.0581320934875,35.68307205036713
P08,trial_3_R_unaffected,3,124,35.81078564500742,56.72690145326847,30.930289039627215
P08,trial_3_R_unaffected,3,134,35.19371709388472,52.848533832764524,31.46273549078822
P08,trial_3_R_unaffected,3,234,29.124309089461924,58.184863562864834,32.948090022950524
P08,trial_3_R_unaffected,4,0123,42.51093813634304,61.657457003165014,28.04221046863924
P08,trial_3_R_unaffected,4,0124,36.18283396883785,57.37649003942424,26.637088524431572
P08,trial_3_R_unaffected,4,0134,36.033144990594025,52.33427874175533,27.52441921476726
P08,trial_3_R_unaffected,4,0234,32.90538911243695,54.65791040761429,23.336660389147273
P08,trial_3_R_unaffected,4,1234,35.16850623273063,55.6714769308583,30.384954470636934
P08,trial_3_R_unaffected,5,01234,36.10146180023012,55.46208900125677,26.313438366544204
P08,trial_40_R_unaffected,2,01,50.279902038332324,83.86837731467321,32.389435055285674
P08,trial_40_R_unaffected,2,02,46.65879888386239,66.17737877588876,30.13364054797288
P08,trial_40_R_unaffected,2,03,45.28045970166766,59.52500275951263,30.389708357416527
P08,trial_40_R_unaffected,2,04,47.61292136408882,60.192396145742194,39.5296509093805
P08,trial_40_R_unaffected,2,12,48.99540762987183,75.72123803389016,42.42625494920079
P08,trial_40_R_unaffected,2,13,45.613881097694275,55.61363285683294,39.73851054775214
P08,trial_40_R_unaffected,2,14,41.42675777389345,49.535833626781475,37.73459233884132
P08,trial_40_R_unaffected,2,23,41.6560698503975,52.4357119973737,36.25041624030298
P08,trial_40_R_unaffected,2,24,31.592051047258554,55.021420325803945,38.56506049002942
P08,trial_40_R_unaffected,2,34,36.97535823949536,61.754611383593215,42.08201590274881
P08,trial_40_R_unaffected,3,012,46.529962513585886,69.69161394113328,30.933379224124604
P08,trial_40_R_unaffected,3,013,45.15897976478734,59.35872120996269,31.914336429217354
P08,trial_40_R_unaffected,3,014,40.394731392603084,51.542675170081864,33.6741957426586
P08,trial_40_R_unaffected,3,023,45.63004521693497,58.981402547748715,29.74683707788778
P08,trial_40_R_unaffected,3,024,36.28036666666369,52.22781647736459,28.180240766310487
P08,trial_40_R_unaffected,3,034,37.14336036910335,54.351466740255,27.145557611609814
P08,trial_40_R_unaffected,3,123,45.941316788033625,56.4244191689332,39.30309201161675
P08,trial_40_R_unaffected,3,124,36.509001525421795,51.887605415556074,35.8811353356969
P08,trial_40_R_unaffected,3,134,36.76675086200004,51.36599207171726,35.1781783990243
P08,trial_40_R_unaffected,3,234,33.47187219191197,57.23067995161814,38.44890658253498
P08,trial_40_R_unaffected,4,0123,45.46877758557279,59.786851975738706,31.778760818601995
P08,trial_40_R_unaffected,4,0124,38.05794929789799,53.29760453275611,30.278346873726615
P08,trial_40_R_unaffected,4,0134,38.637105641473894,52.41934895661925,30.46401847817239
P08,trial_40_R_unaffected,4,0234,37.316346663489966,53.829568985203636,27.23798206257039
P08,trial_40_R_unaffected,4,1234,36.70968345978756,52.69515584887297,35.05738366850648
P08,trial_40_R_unaffected,5,01234,38.672412214476616,53.43192287005654,29.875287444503147
P08,trial_41_R_unaffected,2,01,50.261074170763344,80.68381510621816,31.095844587821524
P08,trial_41_R_unaffected,2,02,47.644102476893956,61.61983425806272,29.12980466278386
P08,trial_41_R_unaffected,2,03,45.630992429943994,56.59107254873416,30.342314151438796
P08,trial_41_R_unaffected,2,04,48.68073388301469,56.918715046178576,37.93957112103235
P08,trial_41_R_unaffected,2,12,50.08335960895999,73.38260224353837,41.675483014501594
P08,trial_41_R_unaffected,2,13,45.876419159113084,55.78259929192235,39.86033499605992
P08,trial_41_R_unaffected,2,14,43.013688447632546,50.67727093431648,39.71728549742051
P08,trial_41_R_unaffected,2,23,40.839052704514216,50.52482025655455,37.371796749760065
P08,trial_41_R_unaffected,2,24,28.735933987942214,56.68086026568847,43.42582898015748
P08,trial_41_R_unaffected,2,34,33.1097600413881,67.57817141608572,49.70829892470353
P08,trial_41_R_unaffected,3,012,47.26255035742048,65.98372659144802,29.538818983383173
P08,trial_41_R_unaffected,3,013,45.54969979835285,57.860083894075416,31.380596092302348
P08,trial_41_R_unaffected,3,014,41.03899897899207,51.36565780696603,33.17804082130897
P08,trial_41_R_unaffected,3,023,45.88400503909526,55.97278522478592,29.422192840756058
P08,trial_41_R_unaffected,3,024,35.52397251752351,51.802756801851345,27.576650267661726
P08,trial_41_R_unaffected,3,034,36.026399513878694,54.69800281153259,27.034314371529238
P08,trial_41_R_unaffected,3,123,46.23396504529682,55.77297053510777,39.100901326071124
P08,trial_41_R_unaffected,3,124,35.69122619745765,53.34091489782723,37.87694571566364
P08,trial_41_R_unaffected,3,134,35.37173110592364,53.48881177338762,36.79983792558661
P08,trial_41_R_unaffected,3,234,30.290542913764394,59.92280269281183,43.381872698631696
P08,trial_41_R_unaffected,4,0123,45.86961616512936,57.64215365657182,31.018310387952802
P08,trial_41_R_unaffected,4,0124,37.76966260666525,53.08698366614822,29.741390138648143
P08,trial_41_R_unaffected,4,0134,38.19000594187383,52.79702070461567,30.16389578809088
P08,trial_41_R_unaffected,4,0234,36.21315556632953,54.016693611302124,26.979596626839488
P08,trial_41_R_unaffected,4,1234,35.207835109147624,54.4211681682835,36.67374739774701
P08,trial_41_R_unaffected,5,01234,38.07430903114785,53.56795521732236,29.45158253965652
P08,trial_42_R_unaffected,2,01,50.46780386377308,85.11942880972686,32.77017391047552
P08,trial_42_R_unaffected,2,02,45.43073896812858,65.68211266167337,30.632334381610058
P08,trial_42_R_unaffected,2,03,44.57959732242839,59.85035102523546,32.356813844568784
P08,trial_42_R_unaffected,2,04,44.219427803127324,60.29290989598031,38.82193988020107
P08,trial_42_R_unaffected,2,12,50.95024218012371,73.09591078623902,42.13112456510293
P08,trial_42_R_unaffected,2,13,47.44377035346468,55.49820757768546,41.00902678502891
P08,trial_42_R_unaffected,2,14,42.547815410404105,49.96104983295002,37.583112565001
P08,trial_42_R_unaffected,2,23,43.59654803024441,49.605311088907946,37.879309113722584
P08,trial_42_R_unaffected,2,24,31.8981034274861,55.327959857715875,37.871162513370805
P08,trial_42_R_unaffected,2,34,36.63185214069774,63.830024341125615,42.644816987720795
P08,trial_42_R_unaffected,3,012,46.341431717652846,69.31832651012284,31.16931633257736
P08,trial_42_R_unaffected,3,013,45.355399789952145,59.54661535052688,32.991900822046325
P08,trial_42_R_unaffected,3,014,40.55886451600075,51.88175538611313,33.29536020816672
P08,trial_42_R_unaffected,3,023,45.15133391447708,58.87356411440158,31.246572827569146
P08,trial_42_R_unaffected,3,024,35.72370081682176,52.54873009224504,28.16112673696323
P08,trial_42_R_unaffected,3,034,36.63085963016788,55.38266328590168,28.42259075643018
P08,trial_42_R_unaffected,3,123,47.71936430263036,55.74074222103948,40.40897003258322
P08,trial_42_R_unaffected,3,124,37.7862811656858,52.425176233076684,35.7951889662374
P08,trial_42_R_unaffected,3,134,38.072473121127494,52.15014056127239,35.65804260918538
P08,trial_42_R_unaffected,3,234,33.7618168497604,57.702420782206964,37.93636875922771
P08,trial_42_R_unaffected,4,0123,45.68641615649324,59.5697100465293,32.71045647632216
P08,trial_42_R_unaffected,4,0124,38.3597653179327,53.594980376997185,30.296748575817624
P08,trial_42_R_unaffected,4,0134,38.991526004551304,52.98274609656603,31.02299654276486
P08,trial_42_R_unaffected,4,0234,37.10291550978051,54.28918005624149,27.6749299898908
P08,trial_42_R_unaffected,4,1234,37.976528897107414,53.157743807265376,35.220360680565676
P08,trial_42_R_unaffected,5,01234,39.09190333522154,53.735911979891725,30.273264099794115
P08,trial_43_R_unaffected,2,01,51.81117298112212,81.39649131211408,30.231870631761005
P08,trial_43_R_unaffected,2,02,45.67327683869807,64.14222617100653,27.859114400804863
P08,trial_43_R_unaffected,2,03,44.683598122825885,56.69454625107099,28.98565594391688
P08,trial_43_R_unaffected,2,04,41.42781547884621,54.059337485507164,37.518467187420775
P08,trial_43_R_unaffected,2,12,49.98021979202716,74.08059957015314,39.50894332245947
P08,trial_43_R_unaffected,2,13,46.651375815966595,54.994298991680814,38.004725505757406
P08,trial_43_R_unaffected,2,14,41.19119729159775,48.30138774439586,35.83380264653946
P08,trial_43_R_unaffected,2,23,43.06797171894293,49.3542858904182,34.777772252294085
P08,trial_43_R_unaffected,2,24,31.849630358033913,54.457627862491584,36.74693716427844
P08,trial_43_R_unaffected,2,34,36.48182900885401,62.43620766950317,41.66413809228532
P08,trial_43_R_unaffected,3,012,46.33151013171396,67.88848163182936,29.260667562478478
P08,trial_43_R_unaffected,3,013,45.21990459018476,57.65146333529184,30.542431757644092
P08,trial_43_R_unaffected,3,014,39.73334544671252,49.38381471794027,32.007636992983514
P08,trial_43_R_unaffected,3,023,45.20683170314168,56.925862743163414,28.382887265841937
P08,trial_43_R_unaffected,3,024,35.429760825791966,50.564023846234264,27.059847275934093
P08,trial_43_R_unaffected,3,034,36.54271085761215,52.16029164265062,26.722119750873322
P08,trial_43_R_unaffected,3,123,46.938859258478125,55.61065382449948,37.57766227901935
P08,trial_43_R_unaffected,3,124,37.32274249601238,51.40758020210421,34.22006737324286
P08,trial_43_R_unaffected,3,134,37.85279074918106,50.7490782562644,34.00471534124563
P08,trial_43_R_unaffected,3,234,34.02801962567635,56.86468927731524,36.726810524240655
P08,trial_43_R_unaffected,4,0123,45.44180509794977,58.24471524165478,30.410971180220585
P08,trial_43_R_unaffected,4,0124,38.0121027910648,51.99212928391217,29.073952188897238
P08,trial_43_R_unaffected,4,0134,38.73187542130398,50.87091376069325,29.523645589523248
P08,trial_43_R_unaffected,4,0234,37.10005456908043,52.453893544180445,26.40260827979514
P08,trial_43_R_unaffected,4,1234,37.87948641345457,52.21115166308197,33.54061262238906
P08,trial_43_R_unaffected,5,01234,38.91397751947385,52.25140800199402,28.82043437692911
P08,trial_44_R_unaffected,2,01,49.13297122551977,84.89138457172015,31.72900556957176
P08,trial_44_R_unaffected,2,02,46.448484875903596,65.11314727924193,29.116779966803463
P08,trial_44_R_unaffected,2,03,45.42496499303277,58.38392980419832,30.305374968101845
P08,trial_44_R_unaffected,2,04,46.42603226867118,59.36363515101988,38.2841571707368
P08,trial_44_R_unaffected,2,12,50.03409210736638,75.24566963273371,40.187219136490775
P08,trial_44_R_unaffected,2,13,46.41396087095595,56.019684942263,37.7380346310948
P08,trial_44_R_unaffected,2,14,42.12568624653371,50.42314194935836,37.237528584746066
P08,trial_44_R_unaffected,2,23,42.62100767190428,49.79493497836968,34.11041967567816
P08,trial_44_R_unaffected,2,24,31.320915833590075,55.43105902063845,39.23111361920305
P08,trial_44_R_unaffected,2,34,35.87214072191297,64.6961588369532,45.19695820024385
P08,trial_44_R_unaffected,3,012,46.601691613775586,69.27281535463219,30.05452175744464
P08,trial_44_R_unaffected,3,013,45.56921490940844,59.296035333082024,31.24303420831761
P08,trial_44_R_unaffected,3,014,40.80692226484906,52.4151304848231,33.00762503889719
P08,trial_44_R_unaffected,3,023,45.70284986012544,57.94304680048661,29.341445046189296
P08,trial_44_R_unaffected,3,024,36.59799256317011,52.406991657475004,28.027842632295734
P08,trial_44_R_unaffected,3,034,37.38999238586045,54.93464915577537,27.82648221629451
P08,trial_44_R_unaffected,3,123,46.687799752706475,56.32134112678977,37.36045245003874
P08,trial_44_R_unaffected,3,124,37.18885129431858,52.96321698150884,35.52409705234446
P08,trial_44_R_unaffected,3,134,37.110892932371634,52.80807008005314,34.950622090015436
P08,trial_44_R_unaffected,3,234,33.02019800102261,58.08853630134437,39.306778304920385
P08,trial_44_R_unaffected,4,0123,45.84814781850119,59.40174165488864,30.953369454236924
P08,trial_44_R_unaffected,4,0124,38.64719535679386,53.9812984084566,29.866258506743005
P08,trial_44_R_unaffected,4,0134,39.139650019537385,53.203088281470734,30.286324408722233
P08,trial_44_R_unaffected,4,0234,37.57111597615651,54.14504197572434,27.37382561247954
P08,trial_44_R_unaffected,4,1234,37.11881740172311,53.740272396978064,34.572996774468585
P08,trial_44_R_unaffected,5,01234,39.18845281541536,54.00499721718573,29.515953513576644
P08,trial_45_R_unaffected,2,01,47.24782296022789,83.61174549056591,31.950825322573646
P08,trial_45_R_unaffected,2,02,44.96949586793675,63.670574467512054,29.332922440322726
P08,trial_45_R_unaffected,2,03,44.15032251554668,58.477455322585485,29.89269220849646
P08,trial_45_R_unaffected,2,04,47.456402108944886,61.60025860255037,40.340845168656294
P08,trial_45_R_unaffected,2,12,49.553898861153826,72.21050167143669,40.63754184137306
P08,trial_45_R_unaffected,2,13,46.14944010323652,55.70414590806277,37.841140056630344
P08,trial_45_R_unaffected,2,14,43.027534401164424,50.43764952246391,38.09515974888498
P08,trial_45_R_unaffected,2,23,41.05395522866338,48.47818949574829,33.584598235039984
P08,trial_45_R_unaffected,2,24,30.345070670561498,55.470230553902326,39.47444646926158
P08,trial_45_R_unaffected,2,34,34.6100462195176,64.88907982390556,46.26081677023776
P08,trial_45_R_unaffected,3,012,45.39106716451041,67.51861266150445,30.3743909284682
P08,trial_45_R_unaffected,3,013,44.598387922583115,58.45242398846471,31.143964124766633
P08,trial_45_R_unaffected,3,014,40.77755833734913,52.26966755637216,33.52151323963923
P08,trial_45_R_unaffected,3,023,44.3097560296813,57.36665470212452,29.489476284586377
P08,trial_45_R_unaffected,3,024,35.262921291366624,52.31044558499935,28.23253546492974
P08,trial_45_R_unaffected,3,034,36.08892450964074,55.44350553147725,27.409928951286748
P08,trial_45_R_unaffected,3,123,46.18276109511949,55.64307536582173,37.693300011727885
P08,trial_45_R_unaffected,3,124,36.58938282795345,52.92001877832339,35.95601172404502
P08,trial_45_R_unaffected,3,134,36.46161090181475,52.89991317701407,34.97592390108136
P08,trial_45_R_unaffected,3,234,31.72417757125114,57.999357311899075,39.55522156714522
P08,trial_45_R_unaffected,4,0123,44.81155349488743,58.29361967571796,31.18334932612107
P08,trial_45_R_unaffected,4,0124,37.6389679428652,53.43468498238427,30.09206275240725
P08,trial_45_R_unaffected,4,0134,38.283501000148775,53.0424384868876,30.129667177812827
P08,trial_45_R_unaffected,4,0234,36.10799588031778,53.99833693297362,27.39800043980204
P08,trial_45_R_unaffected,4,1234,36.13829954417073,53.63474866317263,34.747558749283435
P08,trial_45_R_unaffected,5,01234,38.05296445952615,53.533148255554174,29.560203554188767
P08,trial_46_R_unaffected,2,01,48.569901668547224,83.52814227804767,32.63666280278286
P08,trial_46_R_unaffected,2,02,45.5166367139892,63.45252802973762,30.888827347154024
P08,trial_46_R_unaffected,2,03,44.85935357325326,62.05999670851156,32.50910772367517
P08,trial_46_R_unaffected,2,04,50.668465996812344,67.7904089474252,39.182910227767955
P08,trial_46_R_unaffected,2,12,49.77122161778881,72.34326956796933,41.21258844934451
P08,trial_46_R_unaffected,2,13,46.08418036000196,57.23082794297203,38.99236701179573
P08,trial_46_R_unaffected,2,14,43.89115211253929,51.06154188450747,37.07017345053417
P08,trial_46_R_unaffected,2,23,40.355197994986476,48.8402565436603,33.747571131442314
P08,trial_46_R_unaffected,2,24,28.919761669239097,55.57620636652329,38.588112799802914
P08,trial_46_R_unaffected,2,34,33.0021960752285,65.96040544131553,46.369639457673216
P08,trial_46_R_unaffected,3,012,45.96449086203698,66.26705270013812,31.407292915289226
P08,trial_46_R_unaffected,3,013,45.043146568416,59.519074036083,32.465617945454035
P08,trial_46_R_unaffected,3,014,42.37816336010866,54.108403158297094,32.36331848045827
P08,trial_46_R_unaffected,3,023,44.68593203084323,59.01187444255883,30.959174051375403
P08,trial_46_R_unaffected,3,024,35.400749145817336,54.276411952702304,27.82489843716929
P08,trial_46_R_unaffected,3,034,36.24063467180535,59.46167729740796,27.960444839388778
P08,trial_46_R_unaffected,3,123,45.9688962009529,56.762464657105056,38.528440594258264
P08,trial_46_R_unaffected,3,124,36.2102133108441,53.436470097153304,35.43997986822018
P08,trial_46_R_unaffected,3,134,36.1001331621761,54.01179179975543,35.2390793523804
P08,trial_46_R_unaffected,3,234,30.165576185351462,58.61174860494219,39.14156662815685
P08,trial_46_R_unaffected,4,0123,45.09527156577493,58.676363801367685,32.21194168800922
P08,trial_46_R_unaffected,4,0124,38.0524298331227,54.375009375605124,29.846836218480227
P08,trial_46_R_unaffected,4,0134,38.65076485905156,55.124286772434104,30.48078349765554
P08,trial_46_R_unaffected,4,0234,35.92503365767949,56.24179967551347,27.391885053607222
P08,trial_46_R_unaffected,4,1234,35.4544222537616,54.471866418472075,34.7560596659629
P08,trial_46_R_unaffected,5,01234,38.09434434335683,54.892028420755786,29.76854990059271
P08,trial_47_R_unaffected,2,01,49.45142536469254,78.09637633104799,32.08426845079697
P08,trial_47_R_unaffected,2,02,48.137597452265034,59.21161015266945,31.524922427898197
P08,trial_47_R_unaffected,2,03,47.55881522337564,56.3481687215519,33.38188197901901
P08,trial_47_R_unaffected,2,04,56.85628926502809,60.873383981622815,35.344040333107515
P08,trial_47_R_unaffected,2,12,50.23915061886758,73.62745535271188,39.466653276953735
P08,trial_47_R_unaffected,2,13,46.54904702972618,57.80171036006165,39.5079284408624
P08,trial_47_R_unaffected,2,14,44.75965086345828,51.64843397627198,36.73968927287835
P08,trial_47_R_unaffected,2,23,39.58121956280689,48.20746992950439,37.843903544714266
P08,trial_47_R_unaffected,2,24,27.567610722118634,56.5297697671428,40.77357391495727
P08,trial_47_R_unaffected,2,34,30.788014454419802,67.56448745031285,47.14269950994815
P08,trial_47_R_unaffected,3,012,47.6019023459848,63.608360675099284,31.804704025152503
P08,trial_47_R_unaffected,3,013,46.694376721041245,57.2818548243291,33.31203769066587
P08,trial_47_R_unaffected,3,014,43.77552737772306,52.70640628148454,32.10942691064771
P08,trial_47_R_unaffected,3,023,46.77466760737845,54.83064615689714,32.34379672314171
P08,trial_47_R_unaffected,3,024,36.43141994294826,52.19837822742827,29.151725609019238
P08,trial_47_R_unaffected,3,034,37.75720418991798,55.87161763981856,28.80735589200305
P08,trial_47_R_unaffected,3,123,46.33215145396901,57.312746650372986,39.18436210964829
P08,trial_47_R_unaffected,3,124,35.66717340308375,54.190551033899126,36.016623666177246
P08,trial_47_R_unaffected,3,134,35.624336389736094,54.713748319568104,35.613556254870716
P08,trial_47_R_unaffected,3,234,28.690190152310773,59.59926275475696,41.28619834144043
P08,trial_47_R_unaffected,4,0123,46.605116421360364,56.67254187780217,33.243667167128166
P08,trial_47_R_unaffected,4,0124,38.67844842389074,53.5078283842007,30.528762530420348
P08,trial_47_R_unaffected,4,0134,39.63979983897496,53.730444804462955,31.080061373232017
P08,trial_47_R_unaffected,4,0234,36.69999281677051,54.16300915111275,29.077986944284305
P08,trial_47_R_unaffected,4,1234,34.75520169664773,55.13781835075107,35.703781435318426
P08,trial_47_R_unaffected,5,01234,38.703378898463384,53.88985678344532,30.82653669432
P08,trial_48_R_unaffected,2,01,50.118550371416106,84.26529224240375,31.116774433311935
P08,trial_48_R_unaffected,2,02,45.728978159349104,62.24186675197585,28.97422422427946
P08,trial_48_R_unaffected,2,03,43.41107329690305,56.51204765337074,29.6455403987371
P08,trial_48_R_unaffected,2,04,44.76894876792442,56.17412515442041,35.2622431739951
P08,trial_48_R_unaffected,2,12,49.92740405569594,74.3771095998332,38.50299027211379
P08,trial_48_R_unaffected,2,13,45.298168040660585,56.650593707981145,38.59791836083445
P08,trial_48_R_unaffected,2,14,42.14982681124273,50.437269267008276,36.883490268007385
P08,trial_48_R_unaffected,2,23,39.816699664733825,48.60465932242079,35.64749981889884
P08,trial_48_R_unaffected,2,24,28.971633316165576,54.271045134544394,39.56678361475466
P08,trial_48_R_unaffected,2,34,31.903562499247812,62.20560421532424,43.97766404610814
P08,trial_48_R_unaffected,3,012,46.07521165281856,66.95690189142923,29.94471120085942
P08,trial_48_R_unaffected,3,013,44.15884950151421,58.11772326568399,31.405803123782817
P08,trial_48_R_unaffected,3,014,41.03351368717879,51.66063738759211,32.19223290751374
P08,trial_48_R_unaffected,3,023,44.033935115689054,56.141381130524515,29.464910811328696
P08,trial_48_R_unaffected,3,024,34.88550615128682,50.903702385322,28.504597124200977
P08,trial_48_R_unaffected,3,034,34.91079284009419,52.92900713586445,26.82026398015532
P08,trial_48_R_unaffected,3,123,45.74189550147807,56.75734485736709,37.96971281581982
P08,trial_48_R_unaffected,3,124,35.87115178329357,53.131947069848714,35.437463980309765
P08,trial_48_R_unaffected,3,134,35.61911112701158,52.52510717364502,34.54457059519855
P08,trial_48_R_unaffected,3,234,30.294120494493082,56.64520750048275,39.41175631332516
P08,trial_48_R_unaffected,4,0123,44.52825263426997,57.95972888077595,31.27616417314723
P08,trial_48_R_unaffected,4,0124,37.70738906221421,53.04864326134616,29.996913797700582
P08,trial_48_R_unaffected,4,0134,37.77042104403228,52.259016844033766,29.931072695271155
P08,trial_48_R_unaffected,4,0234,35.402933087362825,52.56427057612156,27.656893776238025
P08,trial_48_R_unaffected,4,1234,35.46846159182869,53.516923493472255,34.64518692474051
P08,trial_48_R_unaffected,5,01234,37.675013401060454,52.98871240092736,29.70711892243972
P08,trial_4_R_unaffected,2,01,46.68766744904431,85.18847628842137,32.0795196647481
P08,trial_4_R_unaffected,2,02,41.09029966711218,67.39404320310001,28.732703387878562
P08,trial_4_R_unaffected,2,03,40.358657676389214,57.38166900417657,27.883763260149752
P08,trial_4_R_unaffected,2,04,42.737025528249866,59.721604925671606,32.815690947031996
P08,trial_4_R_unaffected,2,12,50.350245385651164,77.27533388628041,45.355723082578976
P08,trial_4_R_unaffected,2,13,46.24998793505848,58.11503526109131,38.13031924049599
P08,trial_4_R_unaffected,2,14,41.96462320222878,51.653413310678594,35.90723312225881
P08,trial_4_R_unaffected,2,23,38.47573662307851,52.0351150006838,31.383167250295916
P08,trial_4_R_unaffected,2,24,25.63013721673098,57.20445264822879,33.71467917952988
P08,trial_4_R_unaffected,2,34,27.584576046180985,64.27718592438329,41.034670156217445
P08,trial_4_R_unaffected,3,012,43.32081929681134,71.86688384785238,30.677068912599367
P08,trial_4_R_unaffected,3,013,42.78706757609104,59.99416878688181,30.575721628032884
P08,trial_4_R_unaffected,3,014,40.67706568519815,53.104522021472505,31.68455278875488
P08,trial_4_R_unaffected,3,023,40.61750007614967,58.741148447372524,27.40336424299454
P08,trial_4_R_unaffected,3,024,31.84098511422235,53.36277404053062,25.080066942496707
P08,trial_4_R_unaffected,3,034,32.201837970694285,53.90559013936233,25.100130610827048
P08,trial_4_R_unaffected,3,123,45.72079114669013,59.079913178663304,37.783774579210665
P08,trial_4_R_unaffected,3,124,34.788840528251086,55.018713788484774,33.17140608248533
P08,trial_4_R_unaffected,3,134,34.61557783779348,54.445816887502964,33.516419955410974
P08,trial_4_R_unaffected,3,234,26.445303190519482,59.16940813905636,34.12763650501951
P08,trial_4_R_unaffected,4,0123,42.65052534732534,61.069409283798755,30.281211465811044
P08,trial_4_R_unaffected,4,0124,36.02967319570703,55.641965976887846,28.29676250578283
P08,trial_4_R_unaffected,4,0134,36.41952622769266,53.761471471829296,29.073892143791785
P08,trial_4_R_unaffected,4,0234,32.396022096676404,54.58119517605437,24.67043844153238
P08,trial_4_R_unaffected,4,1234,33.91325194862085,55.67072805486583,32.42019067779565
P08,trial_4_R_unaffected,5,01234,35.85138700912302,55.27002689978758,28.011289105149768
P08,trial_50_L_affected,2,01,33.15625876492995,56.763046784330164,26.560712940370816
P08,trial_50_L_affected,2,02,28.673261810445922,48.97848533377658,31.089509428743415
P08,trial_50_L_affected,2,03,41.44520451590052,44.655797948297916,25.1018141337612
P08,trial_50_L_affected,2,04,62.653647464247925,31.759672515315188,28.128581062482088
P08,trial_50_L_affected,2,12,42.32534253448039,46.69643509158807,43.19430622653543
P08,trial_50_L_affected,2,13,49.77045188371545,50.79475626554299,35.535376166169804
P08,trial_50_L_affected,2,14,50.11745906535106,42.84065985464758,30.874560118166954
P08,trial_50_L_affected,2,23,57.48088017784717,84.62922075452636,41.31160978174439
P08,trial_50_L_affected,2,24,52.795168276523306,58.32205154063277,28.76526363499831
P08,trial_50_L_affected,2,34,56.303102437265736,68.83882850642004,32.64989008473694
P08,trial_50_L_affected,3,012,31.02070874868478,50.40951762829906,30.30626745344139
P08,trial_50_L_affected,3,013,37.56807958107452,45.544442664210415,25.53822162776138
P08,trial_50_L_affected,3,014,40.726344390692454,34.835663957731015,24.949055830094434
P08,trial_50_L_affected,3,023,37.12419130701371,47.14643585248826,25.728025266721072
P08,trial_50_L_affected,3,024,39.54290009308068,41.1133690141301,23.44780579730952
P08,trial_50_L_affected,3,034,45.545334536834744,42.51035626224437,25.142140401299294
P08,trial_50_L_affected,3,123,48.79669816780704,50.6829850417501,34.99226403753709
P08,trial_50_L_affected,3,124,49.45095685842901,48.24436763429185,30.039042154697498
P08,trial_50_L_affected,3,134,50.85560866896555,51.05844625880918,30.50350105267623
P08,trial_50_L_affected,3,234,53.991733588284916,62.320141552451425,29.45923244004339
P08,trial_50_L_affected,4,0123,37.21160117762154,47.08645545735348,26.423586491253552
P08,trial_50_L_affected,4,0124,39.48285073985307,42.18347208527039,24.603814838688738
P08,trial_50_L_affected,4,0134,42.94636393311299,42.56385742235114,25.506579262032243
P08,trial_50_L_affected,4,0234,42.4050644373368,45.97790968522392,24.23755572397235
P08,trial_50_L_affected,4,1234,50.56083930495544,52.25466293231719,30.10394790670359
P08,trial_50_L_affected,5,01234,42.130546866540236,45.257134714420424,25.33028239291112
P08,trial_51_L_affected,2,01,34.87468990138765,60.21654091979205,28.540367271141857
P08,trial_51_L_affected,2,02,28.45576299571379,50.19737051946481,32.08708233075574
P08,trial_51_L_affected,2,03,41.3349651660562,44.12864316349727,26.598617264493868
P08,trial_51_L_affected,2,04,61.979211071339876,39.55279247107852,37.55687610699203
P08,trial_51_L_affected,2,12,45.10107714746777,48.00297072056707,43.24345404341619
P08,trial_51_L_affected,2,13,49.94629390540396,48.780337917849174,37.46793841609943
P08,trial_51_L_affected,2,14,48.367699453099334,46.04348543742339,31.789552894575664
P08,trial_51_L_affected,2,23,53.97401580691695,82.10991936651799,40.64619976327061
P08,trial_51_L_affected,2,24,50.084952849372115,61.63662140330915,30.9177701211623
P08,trial_51_L_affected,2,34,55.3790066494366,67.80443077418391,33.10532103327566
P08,trial_51_L_affected,3,012,30.938862968961757,52.31653590469551,30.70798178672576
P08,trial_51_L_affected,3,013,37.165494489730015,44.9395839902454,25.32620739294804
P08,trial_51_L_affected,3,014,38.836746395001356,36.90555342958055,25.23995804388243
P08,trial_51_L_affected,3,023,36.726814189985475,46.799099621584645,26.424127557054316
P08,trial_51_L_affected,3,024,38.26463062792481,41.80244842739761,23.97606115569607
P08,trial_51_L_affected,3,034,44.77239706712208,41.15150300208347,26.238207962908856
P08,trial_51_L_affected,3,123,49.27525934497687,49.57467838059374,37.13412945510763
P08,trial_51_L_affected,3,124,48.16279734983856,50.51487396103406,31.47310188871405
P08,trial_51_L_affected,3,134,49.37038705132409,50.8841703829907,32.02324832568676
P08,trial_51_L_affected,3,234,51.54357161034761,64.11882349807075,31.706728225964184
P08,trial_51_L_affected,4,0123,36.96699738151559,47.0175502251321,26.59023202237601
P08,trial_51_L_affected,4,0124,38.33192922309463,43.39492883775809,24.606211154000796
P08,trial_51_L_affected,4,0134,41.555700018852434,41.949778719302806,25.938846517291736
P08,trial_51_L_affected,4,0234,41.11559287963389,45.40129839838037,24.79260947484319
P08,trial_51_L_affected,4,1234,49.13804670099035,52.88247148789979,32.03799888341199
P08,trial_51_L_affected,5,01234,40.9479012336384,45.14687596757368,25.74547970158692
P08,trial_52_L_affected,2,01,32.412032893964735,58.43226870080157,28.719708537764078
P08,trial_52_L_affected,2,02,27.945956998321975,50.70950605362654,31.5266570157879
P08,trial_52_L_affected,2,03,40.03661243875704,42.43695855889555,26.308155942775553
P08,trial_52_L_affected,2,04,61.54149002492827,39.28731621077851,34.03623256784965
P08,trial_52_L_affected,2,12,45.09234727951835,48.39293541441132,44.588461985106576
P08,trial_52_L_affected,2,13,48.6205177866597,46.66970366538226,37.53020715119717
P08,trial_52_L_affected,2,14,47.31945467799998,43.77319977528222,31.68708007183999
P08,trial_52_L_affected,2,23,51.48490804920435,89.07485007217979,41.626325720522665
P08,trial_52_L_affected,2,24,49.36617657727475,64.60895601158074,31.813391716125047
P08,trial_52_L_affected,2,34,54.98807762474661,69.12824515191342,33.40663909021074
P08,trial_52_L_affected,3,012,29.798852316145947,52.178227637581806,31.307237632264947
P08,trial_52_L_affected,3,013,35.52809836942824,43.4004684683,25.869270885703394
P08,trial_52_L_affected,3,014,37.22469306790809,35.346269100597105,25.461191491355507
P08,trial_52_L_affected,3,023,35.91538796993171,46.19573849804997,26.487204185568785
P08,trial_52_L_affected,3,024,37.12240941314431,42.34395167787415,23.520632692333695
P08,trial_52_L_affected,3,034,42.9307588407625,39.86928266703787,25.396689142786872
P08,trial_52_L_affected,3,123,48.10533032273055,48.41604101588475,37.48585317660397
P08,trial_52_L_affected,3,124,47.37286623275689,50.20178375489868,31.122038514710454
P08,trial_52_L_affected,3,134,48.14740156157043,49.343790594549915,31.11945791883317
P08,trial_52_L_affected,3,234,50.47066138738554,66.58683175748705,32.36794705562176
P08,trial_52_L_affected,4,0123,35.78455701889002,46.20938538810636,27.31980942955721
P08,trial_52_L_affected,4,0124,37.08795931022955,42.807609215556155,24.571188368188665
P08,trial_52_L_affected,4,0134,39.910248515990745,40.34553747699834,25.48952228710326
P08,trial_52_L_affected,4,0234,39.66208524902318,45.38011639440677,24.528290881410108
P08,trial_52_L_affected,4,1234,47.995311498272024,52.58847588152494,31.58897231837027
P08,trial_52_L_affected,5,01234,39.54547869994702,44.39630431752124,25.641618446569055
P08,trial_53_L_affected,2,01,33.1553557217394,58.88281989450474,28.861920165279603
P08,trial_53_L_affected,2,02,28.47049802023598,51.15940470374731,32.93285723609453
P08,trial_53_L_affected,2,03,40.35420097761704,41.770282289901054,28.913106707983143
P08,trial_53_L_affected,2,04,61.7262106076635,38.57315936601061,36.33226631720771
P08,trial_53_L_affected,2,12,46.30330330623543,48.90603465807406,45.427879441330056
P08,trial_53_L_affected,2,13,48.89417708249068,47.364841137704744,38.49868054539709
P08,trial_53_L_affected,2,14,47.48187504688986,45.57661664606956,33.82895369341716
P08,trial_53_L_affected,2,23,51.03557813818666,88.19985313068203,43.9731194409254
P08,trial_53_L_affected,2,24,50.20429354217698,65.8393811637541,33.35042886616511
P08,trial_53_L_affected,2,34,54.73522222056434,69.84357178998319,34.330210725996494
P08,trial_53_L_affected,3,012,30.486414561922018,52.64919307084497,32.597215493686214
P08,trial_53_L_affected,3,013,35.9467019072356,43.63235733950236,27.198886463667023
P08,trial_53_L_affected,3,014,37.0872218799553,36.31467776573782,27.359221804491906
P08,trial_53_L_affected,3,023,36.32564540203109,46.30077548343835,27.84737822478732
P08,trial_53_L_affected,3,024,37.43603960438943,43.38906746165829,25.78123782209868
P08,trial_53_L_affected,3,034,43.02273906723806,39.43161531460378,28.39459026418711
P08,trial_53_L_affected,3,123,48.71234610483503,49.22429165814429,38.08956805068417
P08,trial_53_L_affected,3,124,47.857486621279904,51.62275357244092,33.237506992069385
P08,trial_53_L_affected,3,134,48.327661042675935,50.28649422720317,33.77415283348097
P08,trial_53_L_affected,3,234,51.16568216318754,67.53985130852818,33.65707530282329
P08,trial_53_L_affected,4,0123,36.33028097100085,46.55279524962541,28.280159025619096
P08,trial_53_L_affected,4,0124,37.37355477718327,43.86051535121756,26.713536667765016
P08,trial_53_L_affected,4,0134,40.02619780849127,40.790788119828946,28.04469243041672
P08,trial_53_L_affected,4,0234,40.00121533615143,45.91292204830616,26.49234360213792
P08,trial_53_L_affected,4,1234,48.45873094734843,53.60774216916007,33.608240109174616
P08,trial_53_L_affected,5,01234,39.87742604941381,45.07610298948188,27.566645493813244
P08,trial_54_L_affected,2,01,33.07253894472589,55.913589884995524,30.251533593257644
P08,trial_54_L_affected,2,02,28.544745478812413,49.64285742090053,32.70817949722845
P08,trial_54_L_affected,2,03,40.15842557993538,43.034436963651785,28.939230994941695
P08,trial_54_L_affected,2,04,57.26469716939756,40.27819687415971,35.55148105254153
P08,trial_54_L_affected,2,12,46.20629799212949,47.502858889416096,45.968422895990486
P08,trial_54_L_affected,2,13,49.374317425101815,47.91779638501333,37.61725450249506
P08,trial_54_L_affected,2,14,46.88314383641643,44.95996764866792,33.400332296033014
P08,trial_54_L_affected,2,23,51.32877475467499,93.80945206261465,48.162500093758595
P08,trial_54_L_affected,2,24,48.88430904124884,66.03787991300483,33.57374872898933
P08,trial_54_L_affected,2,34,53.13753133049542,72.80403078399657,33.24204481085367
P08,trial_54_L_affected,3,012,31.048428165347506,50.6853343703521,32.115708891805916
P08,trial_54_L_affected,3,013,36.50607270287199,43.210115712112916,27.185645793659173
P08,trial_54_L_affected,3,014,37.307320483661265,34.81934727504481,27.33360897733534
P08,trial_54_L_affected,3,023,36.22438008658257,45.89853018711324,27.09032081543781
P08,trial_54_L_affected,3,024,37.21332126626932,42.03325551066661,24.75739424111341
P08,trial_54_L_affected,3,034,42.682956984546465,40.8624937895342,27.892664839325974
P08,trial_54_L_affected,3,123,48.926191741500695,49.190992772144284,36.73386965952651
P08,trial_54_L_affected,3,124,47.20283993389432,50.940205697462005,31.43783073010306
P08,trial_54_L_affected,3,134,48.11115267893962,51.33590595547327,32.22019298071914
P08,trial_54_L_affected,3,234,49.965401377437885,68.95895139106362,33.43355442754884
P08,trial_54_L_affected,4,0123,36.714027496379295,45.67895399793941,27.457953759415716
P08,trial_54_L_affected,4,0124,37.551930141953655,42.10902725881292,25.225311663984257
P08,trial_54_L_affected,4,0134,40.2547334875411,40.72052629169294,27.29570817817461
P08,trial_54_L_affected,4,0234,39.84800100337166,45.77672784459496,25.37427455238043
P08,trial_54_L_affected,4,1234,48.063399287340175,54.13912687616748,31.757262225607892
P08,trial_54_L_affected,5,01234,40.031254199599054,44.48115436317839,26.140636581497347
P08,trial_55_L_affected,2,01,34.36461496657187,60.23806233894577,31.111947342350543
P08,trial_55_L_affected,2,02,27.93752830591625,47.63748951739533,33.712708477297646
P08,trial_55_L_affected,2,03,40.54522389488219,42.45944399049572,28.812151565273524
P08,trial_55_L_affected,2,04,60.923645080874365,36.75778901439948,33.797428055758544
P08,trial_55_L_affected,2,12,45.23543840694944,45.63482218830849,47.554604636676025
P08,trial_55_L_affected,2,13,49.942106193163596,48.95001351388459,39.844745162005005
P08,trial_55_L_affected,2,14,47.21662286947521,46.02583080393695,32.76525652984302
P08,trial_55_L_affected,2,23,52.68817479300569,93.86723245037828,46.17051408008208
P08,trial_55_L_affected,2,24,48.784286779151614,62.535178378231535,32.86348777312393
P08,trial_55_L_affected,2,34,53.22425455659265,71.34063591119894,33.44437125878994
P08,trial_55_L_affected,3,012,30.341496657024464,50.683925576031584,33.12670544082206
P08,trial_55_L_affected,3,013,36.34228001964171,44.199474926989666,27.787791171285303
P08,trial_55_L_affected,3,014,37.5731300823979,35.69729422997265,25.91832507323926
P08,trial_55_L_affected,3,023,36.26564807324529,44.681617807673526,28.40788449150938
P08,trial_55_L_affected,3,024,37.55232160955985,39.74048132061951,24.96655207910731
P08,trial_55_L_affected,3,034,43.64080079137166,39.94834632576907,27.1817732847076
P08,trial_55_L_affected,3,123,49.20031974245191,48.6419167181082,39.56938563600583
P08,trial_55_L_affected,3,124,47.35651864523995,49.97499771423875,32.76218697853766
P08,trial_55_L_affected,3,134,48.79607463322664,52.012303204239466,32.82492436303638
P08,trial_55_L_affected,3,234,50.18996448632483,66.16967413381354,33.26996033922312
P08,trial_55_L_affected,4,0123,36.43157678470199,45.52446432310305,28.892510673658695
P08,trial_55_L_affected,4,0124,37.56371363989408,41.66043811453842,25.865246113882417
P08,trial_55_L_affected,4,0134,40.69351408268284,41.280691122524075,27.191922969158544
P08,trial_55_L_affected,4,0234,40.342356213128106,44.214183337471326,25.8479016338162
P08,trial_55_L_affected,4,1234,48.531121084636176,53.37335205170725,33.15364058215758
P08,trial_55_L_affected,5,01234,40.27393847855441,44.07044589769544,27.063508377426267
P08,trial_56_L_affected,2,01,33.33036436672024,58.25410936422127,34.197881489010484
P08,trial_56_L_affected,2,02,28.264109901223325,48.2132880249294,34.056851668326075
P08,trial_56_L_affected,2,03,40.96967317077507,43.726286274721424,29.018780863750585
P08,trial_56_L_affected,2,04,60.52938255905854,37.436542641286394,36.457602309312485
P08,trial_56_L_affected,2,12,44.41330245112621,46.87172611356401,43.211853761633904
P08,trial_56_L_affected,2,13,49.40728500008071,49.097084115697974,38.43797209818496
P08,trial_56_L_affected,2,14,47.6158718793022,46.82527553197406,33.439026809861126
P08,trial_56_L_affected,2,23,53.70062911603707,85.64270082680393,41.438957562872815
P08,trial_56_L_affected,2,24,49.34225975247738,63.1494094886654,31.96370647845922
P08,trial_56_L_affected,2,34,53.22993038143345,70.78665395924205,35.58320246090531
P08,trial_56_L_affected,3,012,30.544947612808958,50.583582926975794,33.46985487580653
P08,trial_56_L_affected,3,013,36.842572900289916,44.243371719244536,27.219814753566656
P08,trial_56_L_affected,3,014,38.73012758044661,35.93715273890816,27.03079805971455
P08,trial_56_L_affected,3,023,36.46307844525692,45.669161556080155,27.847044999287984
P08,trial_56_L_affected,3,024,38.23417622757494,40.95489444006666,24.734474786849244
P08,trial_56_L_affected,3,034,44.261780137432,40.89966031797014,27.977507249272808
P08,trial_56_L_affected,3,123,48.6538162486854,49.310392138180156,37.32075001888613
P08,trial_56_L_affected,3,124,47.249196289574854,51.00055438401486,31.222833715702585
P08,trial_56_L_affected,3,134,48.53398708362081,52.33680120555355,32.30467467994407
P08,trial_56_L_affected,3,234,50.55390592482056,66.20160588480654,33.11395510672689
P08,trial_56_L_affected,4,0123,36.67901480754919,45.97881579184638,27.87912318643531
P08,trial_56_L_affected,4,0124,38.097515386181726,42.44933016064606,25.44531601299939
P08,trial_56_L_affected,4,0134,41.19950479148999,41.80100884345227,27.036401075567642
P08,trial_56_L_affected,4,0234,40.793191169122665,45.12870624788192,25.728328567685416
P08,trial_56_L_affected,4,1234,48.290132978485026,53.97013278779828,31.82723580130839
P08,trial_56_L_affected,5,01234,40.59436045518675,44.794579247523096,26.341197080164104
P08,trial_57_L_affected,2,01,34.59930413243492,54.747939471328635,32.794387025738665
P08,trial_57_L_affected,2,02,29.494578432614823,47.24075763275581,33.303249152872745
P08,trial_57_L_affected,2,03,40.837942104052814,42.18591912478652,29.543125185079898
P08,trial_57_L_affected,2,04,56.037016530483776,37.4360665807678,38.62869479644644
P08,trial_57_L_affected,2,12,46.424873823227465,45.90009020012615,43.94846396830769
P08,trial_57_L_affected,2,13,50.04867340702375,46.961348683366396,37.79519692068957
P08,trial_57_L_affected,2,14,47.18715840249747,45.30532926264817,33.568947055385166
P08,trial_57_L_affected,2,23,52.20649226627024,85.33570984180805,39.55781897158507
P08,trial_57_L_affected,2,24,48.9919760246514,64.10626422147641,30.772637298160106
P08,trial_57_L_affected,2,34,52.63859103700663,69.66690116251311,33.38457185493855
P08,trial_57_L_affected,3,012,32.27416261999987,48.83794586703209,32.743166544482506
P08,trial_57_L_affected,3,013,37.68823612421977,41.76636119739108,27.19863154869123
P08,trial_57_L_affected,3,014,38.30877722861265,33.9865709967353,28.507495663280114
P08,trial_57_L_affected,3,023,37.03107518537717,44.10077046783159,27.64841649433093
P08,trial_57_L_affected,3,024,38.10104468954224,40.39379284943692,24.820588174270192
P08,trial_57_L_affected,3,034,43.51391409574397,39.270565162674394,28.275747324489984
P08,trial_57_L_affected,3,123,49.54970684691853,47.93527422123493,36.828763084673696
P08,trial_57_L_affected,3,124,47.42467151626456,50.52360137969993,31.16285719483109
P08,trial_57_L_affected,3,134,48.418833272178055,50.620039840976396,32.49526012207564
P08,trial_57_L_affected,3,234,50.14995317267638,66.46472076067954,31.511506660896387
P08,trial_57_L_affected,4,0123,37.771595008453886,44.00490666917103,27.683108868579964
P08,trial_57_L_affected,4,0124,38.45154256920976,41.10609905157135,25.859071269315088
P08,trial_57_L_affected,4,0134,41.148130843085916,39.64519085099329,27.5292150809792
P08,trial_57_L_affected,4,0234,40.73941868402798,43.86900684247552,25.452490838761534
P08,trial_57_L_affected,4,1234,48.404000729384016,53.10706612001239,31.578644300739878
P08,trial_57_L_affected,5,01234,40.90130138851141,43.1565905835771,26.394248907303297
P08,trial_58_L_affected,2,01,33.68789631636966,58.31976757674532,29.41270028996471
P08,trial_58_L_affected,2,02,27.742943784183005,47.50958239577242,32.52751998623426
P08,trial_58_L_affected,2,03,40.7209093885457,43.37990068206099,29.52485303486721
P08,trial_58_L_affected,2,04,59.64444866791559,36.09159189657435,38.876254915305694
P08,trial_58_L_affected,2,12,44.06960721045691,45.4905245411013,45.92926719723595
P08,trial_58_L_affected,2,13,50.03185095179988,48.401517205425364,39.75778112915111
P08,trial_58_L_affected,2,14,47.909863752454356,45.50243638294071,35.44075564982016
P08,trial_58_L_affected,2,23,53.863911242016094,90.45875211008078,41.931145728519354
P08,trial_58_L_affected,2,24,49.20057352916031,60.91587162576356,32.49560676774062
P08,trial_58_L_affected,2,34,54.19606093372878,69.88774018324875,35.27031168787855
P08,trial_58_L_affected,3,012,30.520373340000237,50.006563700656635,31.63784840281821
P08,trial_58_L_affected,3,013,37.072573923257096,43.988670075093296,27.602812603925493
P08,trial_58_L_affected,3,014,38.49166019277907,35.407918194032675,28.313073498598282
P08,trial_58_L_affected,3,023,36.19255506008491,44.68269024692365,27.692592967622446
P08,trial_58_L_affected,3,024,37.5291336394711,39.65407759807377,25.215609045047376
P08,trial_58_L_affected,3,034,43.8962247893714,40.7416021317127,28.85015708209764
P08,trial_58_L_affected,3,123,48.8961924156292,48.12124542034538,38.74877877503746
P08,trial_58_L_affected,3,124,47.31040844122786,49.08847979085699,33.647777795666094
P08,trial_58_L_affected,3,134,49.066818688088,51.07237176943398,34.566510960741006
P08,trial_58_L_affected,3,234,50.77599415567139,64.27074243660383,33.48464867746639
P08,trial_58_L_affected,4,0123,36.686450776948774,45.181165647437616,28.03535058514167
P08,trial_58_L_affected,4,0124,37.787013631193275,41.25538776627183,26.353451499551117
P08,trial_58_L_affected,4,0134,41.223997114842255,41.14288283846601,28.440182650879617
P08,trial_58_L_affected,4,0234,40.494471294135806,44.00719380472845,26.290423605680584
P08,trial_58_L_affected,4,1234,48.550225915347326,52.25295580791088,33.96212133682468
P08,trial_58_L_affected,5,01234,40.50920577177961,43.651567255426855,27.52007972238263
P08,trial_59_L_affected,2,01,33.352756390805716,56.076029043534966,32.22920069787708
P08,trial_59_L_affected,2,02,28.078901644616046,46.86000540798513,33.810777845599404
P08,trial_59_L_affected,2,03,41.30004820444787,43.832366658072,28.530407999520058
P08,trial_59_L_affected,2,04,59.64221409712689,33.67310264086768,35.943059454817416
P08,trial_59_L_affected,2,12,42.750049296399055,44.59055680735314,44.6598584014809
P08,trial_59_L_affected,2,13,49.589683937842345,49.03088437204056,38.76062908828512
P08,trial_59_L_affected,2,14,46.28361834848233,43.38512156802247,32.97075525575514
P08,trial_59_L_affected,2,23,54.369573773581166,86.62568730673273,41.588243240458056
P08,trial_59_L_affected,2,24,48.524015570188055,59.58231249036852,32.108787253569346
P08,trial_59_L_affected,2,34,53.90977320383292,69.27605697144809,35.541078346501756
P08,trial_59_L_affected,3,012,30.017314129830776,48.55723483503867,32.92607377353402
P08,trial_59_L_affected,3,013,36.85003137566369,43.49942557420428,26.71284353695464
P08,trial_59_L_affected,3,014,37.6249221017912,33.17368157101883,25.853420003803663
P08,trial_59_L_affected,3,023,36.77682878913112,45.05152723163885,28.14755644380718
P08,trial_59_L_affected,3,024,37.4085209073053,38.98798443695274,24.739441494133636
P08,trial_59_L_affected,3,034,44.117843753937166,40.45249731838103,27.421676859839284
P08,trial_59_L_affected,3,123,48.59962808918307,48.65656738351144,38.08370512929379
P08,trial_59_L_affected,3,124,46.172638790368005,48.058411934715195,31.915126145505806
P08,trial_59_L_affected,3,134,48.26100039600965,50.629470647210155,32.44971733183712
P08,trial_59_L_affected,3,234,50.54805983606083,63.371706199645445,33.23339815488733
P08,trial_59_L_affected,4,0123,36.58235945577327,44.86626735101995,28.035684558901306
P08,trial_59_L_affected,4,0124,37.135291970332254,40.148238796271556,25.47591723783064
P08,trial_59_L_affected,4,0134,40.82122355637437,40.44674368660973,26.55092680096219
P08,trial_59_L_affected,4,0234,40.60902113058117,43.808922722358766,25.84253081098521
P08,trial_59_L_affected,4,1234,47.91979987383758,51.89384640658481,32.451291906850024
P08,trial_59_L_affected,5,01234,40.17296314193258,43.180926207422985,26.52781655308986
P08,trial_5_R_unaffected,2,01,50.32702347705247,78.52223281435221,33.1220460392222
P08,trial_5_R_unaffected,2,02,44.098063063032384,64.4054678751031,28.78593566792595
P08,trial_5_R_unaffected,2,03,43.24015102996809,55.43509256260253,28.71056635802602
P08,trial_5_R_unaffected,2,04,44.94879413340516,59.867074630749194,34.958977235856665
P08,trial_5_R_unaffected,2,12,49.09480431929557,76.59465699450884,46.49922962370877
P08,trial_5_R_unaffected,2,13,45.623787598720035,56.467442816648294,38.282910428644115
P08,trial_5_R_unaffected,2,14,41.46624196606646,50.87263101020119,35.804774042989564
P08,trial_5_R_unaffected,2,23,38.62644292221584,52.04982615845303,32.32322089446057
P08,trial_5_R_unaffected,2,24,25.477574573256714,57.63451609672537,34.53862942695477
P08,trial_5_R_unaffected,2,34,27.680040000320368,64.35169787426796,43.3942132234462
P08,trial_5_R_unaffected,3,012,45.63241904872572,67.63980306689173,30.28906529790401
P08,trial_5_R_unaffected,3,013,44.48732281730804,57.15563435512775,30.69598531120096
P08,trial_5_R_unaffected,3,014,41.17340141366542,52.41398920845167,32.24359892518412
P08,trial_5_R_unaffected,3,023,43.11053293085303,56.73583663566371,28.114392406222112
P08,trial_5_R_unaffected,3,024,33.06879465780832,53.64124888453858,25.66081354594567
P08,trial_5_R_unaffected,3,034,33.90637215644495,53.83823092237181,26.07465813749676
P08,trial_5_R_unaffected,3,123,45.036890705826515,57.83001110837181,38.09109399198545
P08,trial_5_R_unaffected,3,124,34.33185508929237,54.61982818029899,33.32027058008695
P08,trial_5_R_unaffected,3,134,34.50598911649776,53.4526339594346,33.67571050970572
P08,trial_5_R_unaffected,3,234,26.548571351046878,59.34467112799025,35.36459162459172
P08,trial_5_R_unaffected,4,0123,44.238849841867086,58.39512851344507,30.335086513480835
P08,trial_5_R_unaffected,4,0124,36.735038680310204,54.746577027267165,28.517377478127347
P08,trial_5_R_unaffected,4,0134,37.34528988048313,52.73864100852038,29.309432514274558
P08,trial_5_R_unaffected,4,0234,33.68758505779451,54.46323750027566,25.486597149161526
P08,trial_5_R_unaffected,4,1234,33.72190287732873,55.081733158753984,32.77151250044632
P08,trial_5_R_unaffected,5,01234,36.67396881405615,54.345457603746674,28.324085280352833
P08,trial_60_L_affected,2,01,31.134399339099783,59.72380228401677,34.63845993779429
P08,trial_60_L_affected,2,02,27.47386837931167,48.94572234934909,35.211689413225045
P08,trial_60_L_affected,2,03,41.28055836080756,43.28952297170486,30.01745869381112
P08,trial_60_L_affected,2,04,63.74878119726694,36.01580344460792,40.125562893228974
P08,trial_60_L_affected,2,12,43.01874700112445,46.10397846167738,42.98079699941169
P08,trial_60_L_affected,2,13,48.48940624823314,48.58834756667795,37.22255038139542
P08,trial_60_L_affected,2,14,46.94365127331572,44.19142411741255,33.470643652332384
P08,trial_60_L_affected,2,23,52.922738055702446,81.94382024627511,41.07704568261219
P08,trial_60_L_affected,2,24,49.16705939570943,61.095239595594805,33.17765900424386
P08,trial_60_L_affected,2,34,52.70141570252387,69.1964902722585,35.26133458874177
P08,trial_60_L_affected,3,012,28.303054195996754,50.83333861311555,34.509400198577026
P08,trial_60_L_affected,3,013,35.181147495020504,44.09025296549661,28.04220476607187
P08,trial_60_L_affected,3,014,37.60023093074547,34.73580891640368,27.24192913221161
P08,trial_60_L_affected,3,023,36.25774626808558,45.75007676969027,29.84267169309578
P08,trial_60_L_affected,3,024,38.38079680972794,40.539844709870444,26.456621611419074
P08,trial_60_L_affected,3,034,44.77424539499459,39.84472791970565,28.647421594595748
P08,trial_60_L_affected,3,123,47.82146310447274,49.02702804699411,37.034916992082245
P08,trial_60_L_affected,3,124,47.028999267556046,49.20520595706295,32.23541339420964
P08,trial_60_L_affected,3,134,48.344991760286064,50.449012893372526,32.48809494085416
P08,trial_60_L_affected,3,234,50.18606692541059,64.21286419401594,33.786383808472635
P08,trial_60_L_affected,4,0123,35.25284038951726,45.931436108497955,29.3585288509723
P08,trial_60_L_affected,4,0124,37.3363227877426,41.80148774464675,26.700745760646114
P08,trial_60_L_affected,4,0134,40.626936011512214,40.76545234123182,27.588480576529292
P08,trial_60_L_affected,4,0234,40.8187720521933,44.400976737293426,27.147127393129256
P08,trial_60_L_affected,4,1234,48.12115029362608,52.35022103644935,32.60571886316881
P08,trial_60_L_affected,5,01234,40.019880945654855,44.00402174491585,27.51116596668412
P08,trial_61_L_affected,2,01,33.00128417801679,60.495261810478794,35.69953050058394
P08,trial_61_L_affected,2,02,25.517105066506172,48.13217710078101,34.314249365518364
P08,trial_61_L_affected,2,03,42.05066793706702,44.04695535164197,29.583962623812088
P08,trial_61_L_affected,2,04,63.816248273829636,34.75669456803493,34.235713123232024
P08,trial_61_L_affected,2,12,42.136839728431944,45.207807690064726,39.010206810797236
P08,trial_61_L_affected,2,13,50.30720046365472,48.550438639457504,37.24147478277083
P08,trial_61_L_affected,2,14,49.59204728429455,43.26417159137364,31.892827287244003
P08,trial_61_L_affected,2,23,56.68813496411919,79.31957093464271,44.03737367491573
P08,trial_61_L_affected,2,24,50.93118183918669,57.71389034854854,31.057990053432682
P08,trial_61_L_affected,2,34,54.9944017489002,66.40610774624686,34.90224467622842
P08,trial_61_L_affected,3,012,27.585957272078343,50.62984005067432,33.47668694179658
P08,trial_61_L_affected,3,013,35.958781131902555,44.82619221449332,27.070729733199638
P08,trial_61_L_affected,3,014,39.025071894302556,35.25563492615787,24.94189051044223
P08,trial_61_L_affected,3,023,35.679939837389384,45.52500322074625,28.595058449397456
P08,trial_61_L_affected,3,024,38.07218616662097,39.88066840345081,23.468634742471927
P08,trial_61_L_affected,3,034,45.79110174007952,40.577416714429475,27.285362270017863
P08,trial_61_L_affected,3,123,48.84269698981248,48.28578173015036,35.947370697728445
P08,trial_61_L_affected,3,124,48.40419091052309,47.39323633200885,30.255315175527077
P08,trial_61_L_affected,3,134,50.32071287750793,49.604110903216835,31.97894008301902
P08,trial_61_L_affected,3,234,52.2731463418012,61.229923398433506,33.15076879088919
P08,trial_61_L_affected,4,0123,35.19593374101952,45.94294814481849,27.849819452181666
P08,trial_61_L_affected,4,0124,37.67792568493048,41.42493904803705,24.200502111052884
P08,trial_61_L_affected,4,0134,41.832407450705254,41.25288954687752,26.22908232329821
P08,trial_61_L_affected,4,0234,41.12342704730116,44.029655842588426,25.29281497311427
P08,trial_61_L_affected,4,1234,49.63099062132884,50.83277549357245,31.6525478039286
P08,trial_61_L_affected,5,01234,40.64058047475568,43.794851528957,25.754792503326318
P08,trial_62_L_affected,2,01,33.813239793852034,59.24612633038918,32.638998160622435
P08,trial_62_L_affected,2,02,27.772570360866368,49.87502889559594,33.10579240300269
P08,trial_62_L_affected,2,03,41.24825336124045,43.128124076018416,28.801154271607786
P08,trial_62_L_affected,2,04,62.15404985575935,39.7938071630949,37.02830486935453
P08,trial_62_L_affected,2,12,44.8981432419325,47.14781580015145,40.5607833807951
P08,trial_62_L_affected,2,13,49.3411792108092,46.191958899720085,37.7291787258584
P08,trial_62_L_affected,2,14,48.67389182752185,45.41384168429542,33.40959635201871
P08,trial_62_L_affected,2,23,53.88284221190593,76.47686682616879,38.951953024130326
P08,trial_62_L_affected,2,24,49.92776100004188,62.89575088214708,30.98086440041372
P08,trial_62_L_affected,2,34,53.53094972498725,67.83099233993167,34.38682926222226
P08,trial_62_L_affected,3,012,29.54630776796421,51.51671537495441,32.22423151171967
P08,trial_62_L_affected,3,013,36.02366721910714,43.243458198958486,26.97532597938153
P08,trial_62_L_affected,3,014,38.83747622713431,35.89916087910424,27.188869152421532
P08,trial_62_L_affected,3,023,36.18826032773283,45.84061514932042,27.96884714181146
P08,trial_62_L_affected,3,024,38.75671466902275,42.23373421955171,24.772040267137307
P08,trial_62_L_affected,3,034,44.88376504434443,39.79693401302156,27.72307838801906
P08,trial_62_L_affected,3,123,48.701518509628094,47.3819890976104,36.69889062374071
P08,trial_62_L_affected,3,124,48.362453004626616,50.39998693426561,31.302851730396153
P08,trial_62_L_affected,3,134,49.28877563648932,49.66975451026285,32.62919899586452
P08,trial_62_L_affected,3,234,50.65849390751135,64.80930704270813,32.44590413893478
P08,trial_62_L_affected,4,0123,35.92798969188187,45.66713348032798,27.662925777258113
P08,trial_62_L_affected,4,0124,38.36545080358801,42.955265479403636,25.418712261612665
P08,trial_62_L_affected,4,0134,41.33644850121084,40.4972045952177,27.157384796616718
P08,trial_62_L_affected,4,0234,40.928541227255074,44.88901226523785,25.758381322225897
P08,trial_62_L_affected,4,1234,48.968450626654196,52.264901037523636,32.082732807852366
P08,trial_62_L_affected,5,01234,40.65909910409732,44.20042738912904,26.413566021948586
P08,trial_63_L_affected,2,01,34.234369102072435,54.93757166289324,30.970043872505023
P08,trial_63_L_affected,2,02,26.836292094556473,46.82302563046761,31.390484200546016
P08,trial_63_L_affected,2,03,40.497397915274675,42.95807220815642,26.174997081241337
P08,trial_63_L_affected,2,04,60.80196811134436,34.716979131850465,33.766013617872375
P08,trial_63_L_affected,2,12,43.65201514173129,45.14042478737474,40.26281656959749
P08,trial_63_L_affected,2,13,50.13492012300838,48.13316899688964,36.486179683338875
P08,trial_63_L_affected,2,14,48.57159633543902,43.476162261969364,31.9754572165863
P08,trial_63_L_affected,2,23,55.02417470801257,81.82507055345519,37.34553581697662
P08,trial_63_L_affected,2,24,50.16900998984887,59.79299879515005,29.562704935391615
P08,trial_63_L_affected,2,34,53.74048564932885,67.97145705436589,34.044396708333785
P08,trial_63_L_affected,3,012,29.60019663467286,48.34094662768861,30.552038725454253
P08,trial_63_L_affected,3,013,36.42909621854685,42.76262576628974,24.361707914204406
P08,trial_63_L_affected,3,014,38.89796394885682,33.38111216666324,25.53285902455211
P08,trial_63_L_affected,3,023,35.61956392872766,45.01687007320469,25.418014511465046
P08,trial_63_L_affected,3,024,38.25149459472273,39.797814612767525,22.880334298170503
P08,trial_63_L_affected,3,034,44.72482337729662,40.23169248827781,26.16672198128162
P08,trial_63_L_affected,3,123,49.14654719711211,48.39558691085817,35.21802441668325
P08,trial_63_L_affected,3,124,48.097681971727994,48.35788899153193,29.674906104067894
P08,trial_63_L_affected,3,134,49.70561278929125,49.98623976844289,30.737379595022002
P08,trial_63_L_affected,3,234,51.37741701479501,63.158148462289006,30.725633435805474
P08,trial_63_L_affected,4,0123,36.039850298999724,44.676523712065936,25.18515081481896
P08,trial_63_L_affected,4,0124,38.16564374027601,40.52738846389596,23.7798733257095
P08,trial_63_L_affected,4,0134,41.58798483003927,40.164010134676126,25.16964677038328
P08,trial_63_L_affected,4,0234,41.00534398125667,44.19775422222886,23.81447641462251
P08,trial_63_L_affected,4,1234,49.29874183291749,51.695957434515186,30.083108096026805
P08,trial_63_L_affected,5,01234,40.830357930336106,43.28645046863367,24.450963158815142
P08,trial_64_L_affected,2,01,33.17332031062284,60.41084081625546,35.973085047499985
P08,trial_64_L_affected,2,02,26.84331792307085,47.94331786012708,33.13725073334836
P08,trial_64_L_affected,2,03,41.1180031268703,43.29568983746948,31.295485888198318
P08,trial_64_L_affected,2,04,58.700958552277676,35.942428516337564,38.79764464950689
P08,trial_64_L_affected,2,12,42.070352405917234,46.179380312690974,38.48893228613703
P08,trial_64_L_affected,2,13,49.81704774687775,48.57439045259053,38.345775457894945
P08,trial_64_L_affected,2,14,49.6542067558932,48.20262519122107,33.4316247271456
P08,trial_64_L_affected,2,23,57.910369111132965,74.7833977468479,46.174367781908764
P08,trial_64_L_affected,2,24,50.86562187771642,60.25282633514736,32.100094742656935
P08,trial_64_L_affected,2,34,56.1483169988439,68.91397224438174,36.955758540160936
P08,trial_64_L_affected,3,012,29.628007760037466,50.715201888856065,33.01086436656474
P08,trial_64_L_affected,3,013,37.10817226790084,44.54869971504977,28.716676259257678
P08,trial_64_L_affected,3,014,39.48090122817381,38.229005680862514,27.71415092491965
P08,trial_64_L_affected,3,023,36.559901624827695,45.53784078592765,29.218967491854237
P08,trial_64_L_affected,3,024,38.21665482120261,41.24872113022192,25.91745099307349
P08,trial_64_L_affected,3,034,44.730284584005055,41.51832890252805,30.207648724463173
P08,trial_64_L_affected,3,123,48.428900532926235,48.41861097879488,36.87134252578461
P08,trial_64_L_affected,3,124,48.38330517165065,50.55690091243806,31.56395352419137
P08,trial_64_L_affected,3,134,50.166095522980136,51.98850568221511,33.31807237253139
P08,trial_64_L_affected,3,234,52.5479241040537,63.25593098620857,34.08228121874541
P08,trial_64_L_affected,4,0123,36.48292219373936,45.76216702923969,28.866514125773666
P08,trial_64_L_affected,4,0124,38.37815439324775,43.35832885246385,26.499208267285454
P08,trial_64_L_affected,4,0134,41.96734824878825,42.69407279201473,28.490719432412916
P08,trial_64_L_affected,4,0234,41.330092848423504,44.88644752032859,27.56011912506059
P08,trial_64_L_affected,4,1234,49.49932418785466,52.81234651665524,32.714630209829195
P08,trial_64_L_affected,5,01234,41.10301130099135,44.982841658750615,27.693681548030685
P08,trial_65_L_affected,2,01,34.56353770034267,56.55275085517131,28.064158537796086
P08,trial_65_L_affected,2,02,30.588240314219643,49.410541013399765,30.169837596980067
P08,trial_65_L_affected,2,03,41.74851998976862,43.430303840553066,26.49725071760423
P08,trial_65_L_affected,2,04,53.08927243587325,34.87839335703225,33.25658674966693
P08,trial_65_L_affected,2,12,43.806310896697134,48.47373911742818,38.626955999855426
P08,trial_65_L_affected,2,13,49.87585149872014,48.17922725491151,38.70856365221285
P08,trial_65_L_affected,2,14,45.93365522591399,44.88927931708287,31.107370045558177
P08,trial_65_L_affected,2,23,55.18053748212893,76.62846303611822,40.17447437724372
P08,trial_65_L_affected,2,24,47.96882487459832,62.426173920015664,29.07232410787728
P08,trial_65_L_affected,2,34,51.83518361067366,69.40225517011488,35.514189629408165
P08,trial_65_L_affected,3,012,32.744663586950026,50.927215333146684,29.043365512960417
P08,trial_65_L_affected,3,013,38.51349924847007,43.93997437915257,25.36357356866015
P08,trial_65_L_affected,3,014,38.146510789108675,35.60613165158516,24.66182750212243
P08,trial_65_L_affected,3,023,38.38759810390593,46.337221535308494,25.946511293368772
P08,trial_65_L_affected,3,024,38.343666260264435,42.25255164825319,23.070769967923827
P08,trial_65_L_affected,3,034,44.076206274912565,40.72434033289122,26.17780152423453
P08,trial_65_L_affected,3,123,49.13179325663941,49.41538984556455,36.98878183196868
P08,trial_65_L_affected,3,124,46.449621085113236,50.78825181418422,29.28733789319898
P08,trial_65_L_affected,3,134,48.173592497949855,50.692797652567705,31.518850548703945
P08,trial_65_L_affected,3,234,49.639633569476,64.91289138095064,31.596904479516766
P08,trial_65_L_affected,4,0123,38.495966399555016,46.35682666636103,25.924176110345797
P08,trial_65_L_affected,4,0124,38.49344067313672,43.239654110865516,23.613176700711833
P08,trial_65_L_affected,4,0134,41.59827013868753,41.442848096519846,25.48432115242014
P08,trial_65_L_affected,4,0234,41.45352256817929,45.59722686041094,24.68343839912703
P08,trial_65_L_affected,4,1234,48.05309643791207,53.155477315365275,30.887599636388053
P08,trial_65_L_affected,5,01234,41.296076246698,45.0390216286326,25.109574565008025
P08,trial_66_L_affected,2,01,32.657109429184466,57.102200246802695,29.46686889293878
P08,trial_66_L_affected,2,02,28.071263885369238,47.88903061217356,31.425436936870256
P08,trial_66_L_affected,2,03,41.668811294649196,44.89397789881036,26.862729338148043
P08,trial_66_L_affected,2,04,54.95085529876197,33.17504869171413,35.59987772888155
P08,trial_66_L_affected,2,12,42.201687122805616,46.41344537622975,38.40739732066227
P08,trial_66_L_affected,2,13,50.16236031269398,49.87084729199616,36.79993184448846
P08,trial_66_L_affected,2,14,46.55746074804303,46.261486794975774,31.526794832344134
P08,trial_66_L_affected,2,23,57.31444191341157,76.42140585942145,40.176614991283316
P08,trial_66_L_affected,2,24,48.8399993000979,58.86139161046436,29.83763389477071
P08,trial_66_L_affected,2,34,53.447968609816314,68.64135767448307,34.64351274885975
P08,trial_66_L_affected,3,012,30.172788864917887,49.79567413445715,30.41728052039804
P08,trial_66_L_affected,3,013,37.55465091429885,45.33858109890831,25.34709656842512
P08,trial_66_L_affected,3,014,37.68347162814492,37.0987359593514,24.976241935604044
P08,trial_66_L_affected,3,023,37.28915229863481,46.45056391250776,26.548843761454098
P08,trial_66_L_affected,3,024,37.56085310455666,41.2355792240785,23.38653425231137
P08,trial_66_L_affected,3,034,44.49038619843279,42.248898133814286,26.56841908598305
P08,trial_66_L_affected,3,123,48.936278427347474,49.558294953580614,35.55660844278291
P08,trial_66_L_affected,3,124,46.453078676961994,49.625379280736084,29.51959514937529
P08,trial_66_L_affected,3,134,48.80660981714436,51.77102908697986,31.256839362464596
P08,trial_66_L_affected,3,234,50.79828470699071,62.36277387116991,31.578579690243338
P08,trial_66_L_affected,4,0123,37.133405752031294,46.54136565600805,26.18299061900075
P08,trial_66_L_affected,4,0124,37.45989149909078,42.930593391224,23.941987890277765
P08,trial_66_L_affected,4,0134,41.429221663772175,43.00729394047114,25.61564238618325
P08,trial_66_L_affected,4,0234,41.14609423665147,45.46605949352259,24.904412943403184
P08,trial_66_L_affected,4,1234,48.374633840531274,52.59199435301877,30.62992593774977
P08,trial_66_L_affected,5,01234,40.74064601971614,45.28566604929716,25.18059367050279
P08,trial_67_L_affected,2,01,32.40794777749603,57.169270433633955,29.84727447156757
P08,trial_67_L_affected,2,02,28.610417010610874,48.65072722322523,33.61592496474458
P08,trial_67_L_affected,2,03,42.00609385867588,43.22019807844714,29.09456870683441
P08,trial_67_L_affected,2,04,56.367635091791854,30.750062206512574,35.552170962939975
P08,trial_67_L_affected,2,12,43.16639815731727,47.182982031405416,42.95329850941442
P08,trial_67_L_affected,2,13,50.291900632137406,48.238137843532584,38.57279180673813
P08,trial_67_L_affected,2,14,46.82520473758557,42.77941597681501,32.85493270962304
P08,trial_67_L_affected,2,23,56.66901819635717,78.46507221847982,41.53841802647521
P08,trial_67_L_affected,2,24,48.754958577972985,59.02861855348269,30.13680333581581
P08,trial_67_L_affected,2,34,53.43167199416691,67.06410231761092,34.64298847221093
P08,trial_67_L_affected,3,012,30.29193195360399,50.41612551138354,32.751868127405885
P08,trial_67_L_affected,3,013,37.59192414610758,43.924991186065164,27.603355320377183
P08,trial_67_L_affected,3,014,37.89302437140274,34.41450568765771,26.019851286175548
P08,trial_67_L_affected,3,023,37.5344934537404,45.61189319007749,28.776748657256203
P08,trial_67_L_affected,3,024,37.575914906793784,40.60304953662047,24.35024836813489
P08,trial_67_L_affected,3,034,44.388660760332925,39.54343736446997,26.822806182655388
P08,trial_67_L_affected,3,123,49.34566115229658,49.01368622539836,37.75667697182007
P08,trial_67_L_affected,3,124,46.79236113417185,48.473464113069255,31.435135456661236
P08,trial_67_L_affected,3,134,48.682525623949445,49.4054288230391,32.68287348179688
P08,trial_67_L_affected,3,234,50.456880941554786,61.81584742401739,31.520172859283015
P08,trial_67_L_affected,4,0123,37.31334331377838,45.859492804503496,28.703962955667475
P08,trial_67_L_affected,4,0124,37.611381728837614,41.9669744635229,25.541578795489738
P08,trial_67_L_affected,4,0134,41.348644586668414,40.66969732504208,27.035139426013803
P08,trial_67_L_affected,4,0234,40.91104003728359,44.11918589736209,25.364385760947993
P08,trial_67_L_affected,4,1234,48.38257291515073,51.35834421047131,32.20258808824067
P08,trial_67_L_affected,5,01234,40.69570196845522,43.93040388410964,26.639497799386767
P08,trial_68_L_affected,2,01,31.301462604462344,57.11081327127586,38.7469724132913
P08,trial_68_L_affected,2,02,26.276386110025122,47.50930775176713,37.211165241334896
P08,trial_68_L_affected,2,03,41.819697485440685,42.82189610281852,33.59952447268796
P08,trial_68_L_affected,2,04,61.73457773553924,33.81755659174488,37.22086516340507
P08,trial_68_L_affected,2,12,42.12393810903384,46.749878038212074,38.702378968663076
P08,trial_68_L_affected,2,13,49.580995784855915,47.44332339175583,38.33631757360335
P08,trial_68_L_affected,2,14,48.17989682180427,44.87272872532346,31.97190437614288
P08,trial_68_L_affected,2,23,57.461846761459896,76.56551192596142,42.94981799097945
P08,trial_68_L_affected,2,24,49.56361050771658,57.88124324171554,30.647739867011495
P08,trial_68_L_affected,2,34,54.60627736880703,65.79492697355379,35.64127478948821
P08,trial_68_L_affected,3,012,27.88493822546941,49.82625120503644,36.09507849360874
P08,trial_68_L_affected,3,013,36.0703148234138,43.28061624040495,30.705283874665028
P08,trial_68_L_affected,3,014,37.97690387735804,36.21907705435142,26.496180099892932
P08,trial_68_L_affected,3,023,36.15843201058838,44.49537227984196,32.610698420007196
P08,trial_68_L_affected,3,024,37.333901495470826,40.3475013611345,26.178691532182864
P08,trial_68_L_affected,3,034,44.76366451557397,40.093894479901586,30.236517981776355
P08,trial_68_L_affected,3,123,48.403673126638346,47.78509861382273,37.073415945656066
P08,trial_68_L_affected,3,124,47.35277384151436,48.48936955318529,30.525617133644467
P08,trial_68_L_affected,3,134,49.12206047546731,49.68355051087176,32.59177451094154
P08,trial_68_L_affected,3,234,51.27471380456482,60.880645263065695,32.71243954299632
P08,trial_68_L_affected,4,0123,35.53407980737513,44.94475825074554,31.339770764351776
P08,trial_68_L_affected,4,0124,37.033224036689646,42.112818603094226,26.444740639879907
P08,trial_68_L_affected,4,0134,41.01559460972665,41.10185354404261,28.603893603205197
P08,trial_68_L_affected,4,0234,40.449090585660954,43.775974545386106,28.277466399281458
P08,trial_68_L_affected,4,1234,48.617616727346956,50.988991575686434,32.05567920473858
P08,trial_68_L_affected,5,01234,40.037837605407056,43.737841396618656,28.199170474780978
P08,trial_69_L_affected,2,01,33.18770638242862,55.4982076281724,31.24421464728453
P08,trial_69_L_affected,2,02,29.35447956255675,48.7732773063145,32.44721879293364
P08,trial_69_L_affected,2,03,40.67172715130052,43.00951115588546,29.691494167313863
P08,trial_69_L_affected,2,04,52.99088553400533,33.77572340436151,39.50381471002571
P08,trial_69_L_affected,2,12,44.529481782304906,49.05023064131714,39.394209659220934
P08,trial_69_L_affected,2,13,49.839287567285744,47.88096148806915,37.438102157527254
P08,trial_69_L_affected,2,14,46.939564649815274,46.21782234051273,31.96571056827672
P08,trial_69_L_affected,2,23,56.425194381743324,77.08792327431642,43.29900973334077
P08,trial_69_L_affected,2,24,49.122651232591885,59.7912532971135,30.55309846489733
P08,trial_69_L_affected,2,34,53.96441053818176,63.937601328572406,32.78630709982816
P08,trial_69_L_affected,3,012,31.738937402330652,50.5184529507165,31.125770794233656
P08,trial_69_L_affected,3,013,37.86726525735835,43.69642677593421,28.258545826144317
P08,trial_69_L_affected,3,014,37.93528027635346,37.5677507428549,27.020879998660607
P08,trial_69_L_affected,3,023,37.33386203693926,45.724930710667536,28.99100985326818
P08,trial_69_L_affected,3,024,37.76220268474831,42.50855262143065,25.416177592615195
P08,trial_69_L_affected,3,034,43.53234281316213,40.63989295073567,27.882616181028677
P08,trial_69_L_affected,3,123,49.05661589612025,49.09482984159072,36.10273703739925
P08,trial_69_L_affected,3,124,47.00727619448895,50.272859480215885,30.423770521918488
P08,trial_69_L_affected,3,134,48.334450757705866,49.9663693682474,31.660328907137202
P08,trial_69_L_affected,3,234,50.66994136167217,61.55746028320308,31.22839142695832
P08,trial_69_L_affected,4,0123,37.77916846872143,46.00127619028274,28.485836104148447
P08,trial_69_L_affected,4,0124,38.08781733599628,43.877810475789516,25.64274396899056
P08,trial_69_L_affected,4,0134,41.14974404434255,41.911779719484485,27.44801689175894
P08,trial_69_L_affected,4,0234,40.875519885630666,45.15718738051644,26.453260359333544
P08,trial_69_L_affected,4,1234,48.21705088533175,51.9677198924491,31.099190679800195
P08,trial_69_L_affected,5,01234,40.828395087603134,45.0324159435215,26.847445681622396
P08,trial_6_R_unaffected,2,01,49.79393655914424,78.651203035175,32.09651209072832
P08,trial_6_R_unaffected,2,02,45.3960606153964,61.62767451097545,28.665510370030407
P08,trial_6_R_unaffected,2,03,45.5763881645968,52.322939037709006,28.816794153733248
P08,trial_6_R_unaffected,2,04,47.96224419890349,53.76962380334193,35.5508620312175
P08,trial_6_R_unaffected,2,12,49.19181168389848,74.21289518474971,40.84532169863844
P08,trial_6_R_unaffected,2,13,47.55207353335628,56.085355879238364,37.12749589587911
P08,trial_6_R_unaffected,2,14,42.213708952386085,49.70980118120384,35.20629096452293
P08,trial_6_R_unaffected,2,23,41.57128271156366,50.91515465470199,34.39516450181447
P08,trial_6_R_unaffected,2,24,26.960827205247675,56.17228183560046,35.63345921274954
P08,trial_6_R_unaffected,2,34,30.48012144708373,63.83089835112053,41.7881016801715
P08,trial_6_R_unaffected,3,012,46.29512639307953,66.19658934282764,29.79484220617044
P08,trial_6_R_unaffected,3,013,46.09994149852719,56.33083280690402,30.274370163772605
P08,trial_6_R_unaffected,3,014,42.1277261852036,50.105858205513584,31.70676739403104
P08,trial_6_R_unaffected,3,023,45.068737228278685,54.245423546467535,27.97926296200427
P08,trial_6_R_unaffected,3,024,35.0606358577597,50.43764607784977,25.79210339860545
P08,trial_6_R_unaffected,3,034,36.36219812717254,50.496269952199086,25.00758826917458
P08,trial_6_R_unaffected,3,123,46.74094537767366,56.9073143105588,36.766998932678185
P08,trial_6_R_unaffected,3,124,35.29563843620966,53.19995833514202,33.048275380027675
P08,trial_6_R_unaffected,3,134,35.96830828462271,53.00748076503565,32.80333381563644
P08,trial_6_R_unaffected,3,234,28.36025271762745,58.46899540477816,35.74364943858829
P08,trial_6_R_unaffected,4,0123,45.7284703413171,57.15136804170269,29.897116728698595
P08,trial_6_R_unaffected,4,0124,37.99118169521756,52.7133326880822,28.199282730230234
P08,trial_6_R_unaffected,4,0134,38.99499868404875,51.13220351464293,28.443703031681338
P08,trial_6_R_unaffected,4,0234,35.83628889184538,52.01824960428034,24.981610336588314
P08,trial_6_R_unaffected,4,1234,35.12053421999018,54.20464959644496,32.24187542140237
P08,trial_6_R_unaffected,5,01234,38.2813339520628,52.7333760436982,27.65215876891586
P08,trial_70_L_affected,2,01,32.61527278044036,52.703267870225055,15.4292938079165
P08,trial_70_L_affected,2,02,34.81822001400232,45.01226361410353,24.168063912763664
P08,trial_70_L_affected,2,03,37.04172185448014,34.665211197782384,19.678854509451046
P08,trial_70_L_affected,2,04,23.187952781325563,7.407050269225921,12.485558452213002
P08,trial_70_L_affected,2,12,44.29302989744192,43.765636933585355,39.565448131538645
P08,trial_70_L_affected,2,13,42.79548300707427,40.7768201054772,31.71094477937777
P08,trial_70_L_affected,2,14,27.233679962623807,32.518181011651386,24.368724879073458
P08,trial_70_L_affected,2,23,45.17232165527073,48.44914245900217,33.04764588506821
P08,trial_70_L_affected,2,24,35.49872515641292,57.784369419730474,28.560232341980974
P08,trial_70_L_affected,2,34,47.595072110775035,75.10023476927248,27.70462906968178
P08,trial_70_L_affected,3,012,36.458831970541446,46.394106554826855,23.278287148877332
P08,trial_70_L_affected,3,013,36.889822512877195,38.587538351507675,21.316598858716496
P08,trial_70_L_affected,3,014,25.672891970603764,27.359684877157843,17.036732934170022
P08,trial_70_L_affected,3,023,38.802737193334806,40.26215320506657,24.396591718958515
P08,trial_70_L_affected,3,024,29.515082407083405,37.649052557905264,21.410377436959216
P08,trial_70_L_affected,3,034,32.94502637218159,32.74919305712848,19.55847903926361
P08,trial_70_L_affected,3,123,44.46396648205866,43.01282730123827,34.21942739754503
P08,trial_70_L_affected,3,124,33.6287571222114,43.888555451417574,27.903011713012297
P08,trial_70_L_affected,3,134,35.0732508281932,44.011740364083586,26.45685086991901
P08,trial_70_L_affected,3,234,40.658407822165856,61.826807840073585,27.452714497130007
P08,trial_70_L_affected,4,0123,38.947035910443425,41.30583548826191,24.75074064594915
P08,trial_70_L_affected,4,0124,30.824592651263263,37.800481416879386,21.236104208132
P08,trial_70_L_affected,4,0134,32.01506758705095,34.64812149678872,20.473483263477718
P08,trial_70_L_affected,4,0234,34.55520802132109,40.21169545923462,22.708057558836714
P08,trial_70_L_affected,4,1234,37.175674017609545,47.32884395732614,28.269880552459266
P08,trial_70_L_affected,5,01234,34.37349247791844,39.415162366866106,23.038835801511148
P08,trial_71_L_affected,2,01,35.85093199985837,58.431392768561174,26.99045000424302
P08,trial_71_L_affected,2,02,30.182026460187288,44.970340282372014,27.046932473718947
P08,trial_71_L_affected,2,03,40.714330271717145,45.13828441799822,24.642255264616832
P08,trial_71_L_affected,2,04,52.685895037892955,40.16234105127962,35.36795157323466
P08,trial_71_L_affected,2,12,40.33212221487125,43.75033806073525,39.704347131367435
P08,trial_71_L_affected,2,13,47.08013780182542,48.0179294611477,35.929349641888976
P08,trial_71_L_affected,2,14,44.19480266160583,48.82855370029928,28.57175031614745
P08,trial_71_L_affected,2,23,55.827137331803094,57.49399712909148,40.6336825321006
P08,trial_71_L_affected,2,24,46.7657520793744,51.74753706235614,26.562718565885646
P08,trial_71_L_affected,2,34,52.8078209419661,66.1613656525298,28.076039110898535
P08,trial_71_L_affected,3,012,32.31767440937643,47.860208970824196,25.371733068395354
P08,trial_71_L_affected,3,013,37.7830087440656,45.24022116650745,23.171285310494245
P08,trial_71_L_affected,3,014,36.98243886872884,41.547160615326,23.555155903353935
P08,trial_71_L_affected,3,023,36.98478341558623,44.82520824435874,23.774769007631075
P08,trial_71_L_affected,3,024,36.40881141901432,40.39963244161939,21.024300365645967
P08,trial_71_L_affected,3,034,42.23909502996884,43.12765421317662,23.434057059445916
P08,trial_71_L_affected,3,123,45.94564739124582,46.137436036095586,35.16767839201072
P08,trial_71_L_affected,3,124,44.03313040199181,47.88255418669972,26.551597808632895
P08,trial_71_L_affected,3,134,46.011741816125316,50.979667441510685,28.658938701109527
P08,trial_71_L_affected,3,234,49.08380605792093,55.49759147099116,27.383977981767856
P08,trial_71_L_affected,4,0123,37.09436942377176,44.993192786724016,23.32351913765079
P08,trial_71_L_affected,4,0124,36.668140025174296,43.056844288298734,20.805406171452354
P08,trial_71_L_affected,4,0134,39.85372179007949,44.056388774855925,23.09811945367307
P08,trial_71_L_affected,4,0234,39.464708606100345,43.84069261598624,22.12343562238296
P08,trial_71_L_affected,4,1234,45.695461862443835,49.49885499943861,27.94246997178313
P08,trial_71_L_affected,5,01234,39.25619942806196,44.36186565617466,22.325530573620732
P08,trial_72_L_affected,2,01,37.39454510456306,54.370627715383435,23.78906430843529
P08,trial_72_L_affected,2,02,31.09844007815772,44.355794818103995,26.120480473043617
P08,trial_72_L_affected,2,03,41.28163388848534,45.37537566617897,25.927221258281502
P08,trial_72_L_affected,2,04,47.27776351318673,36.78418804688966,35.03098541481576
P08,trial_72_L_affected,2,12,40.257986883524715,44.7445406611285,37.155805334528615
P08,trial_72_L_affected,2,13,49.56820315840814,49.07112676656358,35.15129606811249
P08,trial_72_L_affected,2,14,43.26174256817641,46.48703026775646,28.187009451216426
P08,trial_72_L_affected,2,23,60.14623736005603,59.76296244447008,41.79524720671882
P08,trial_72_L_affected,2,24,45.58257380402475,53.374024000338856,27.78318097954723
P08,trial_72_L_affected,2,34,52.61151656312938,67.60509005649214,29.890362801969363
P08,trial_72_L_affected,3,012,33.926047588694395,46.741851482633386,25.435121187941427
P08,trial_72_L_affected,3,013,39.90618184723073,44.85165567687387,24.225785398667547
P08,trial_72_L_affected,3,014,36.8709870918197,37.81471723412096,23.09101518626912
P08,trial_72_L_affected,3,023,38.14566519375297,44.69705323051674,24.319521007453723
P08,trial_72_L_affected,3,024,35.664965738867814,39.248370904571985,21.033982866709874
P08,trial_72_L_affected,3,034,41.8745749976942,43.05370193911313,23.82277783437971
P08,trial_72_L_affected,3,123,48.04996684876328,47.39674571280037,34.50147602349949
P08,trial_72_L_affected,3,124,43.3242052031558,47.696149855462856,26.50771443794595
P08,trial_72_L_affected,3,134,46.42009303838782,51.30713116578233,27.969184287651725
P08,trial_72_L_affected,3,234,48.58477053929268,57.69698460124806,28.663536788482602
P08,trial_72_L_affected,4,0123,38.94403704430965,44.807773538323055,24.32967267503319
P08,trial_72_L_affected,4,0124,36.75075728463561,41.47489386846184,21.067459580731434
P08,trial_72_L_affected,4,0134,40.514980346214685,43.148503734226324,23.400604993303016
P08,trial_72_L_affected,4,0234,39.477583033207125,43.85243489111508,22.638056331268753
P08,trial_72_L_affected,4,1234,45.877945046798736,50.44865680896562,27.835707384520497
P08,trial_72_L_affected,5,01234,39.85969983031181,43.984852203725666,22.929786565419406
P08,trial_73_L_affected,2,01,35.38201174035199,52.33734081710113,28.142210043906807
P08,trial_73_L_affected,2,02,30.440016071877107,45.645437945874626,28.805246722546503
P08,trial_73_L_affected,2,03,41.84321116379228,44.8559499425066,26.497063247990344
P08,trial_73_L_affected,2,04,49.765320237158086,35.16722118400701,36.63549185923236
P08,trial_73_L_affected,2,12,41.97358157721003,45.96781055350501,41.33583953370627
P08,trial_73_L_affected,2,13,50.39453337831129,49.16511523767076,37.40558009605196
P08,trial_73_L_affected,2,14,43.47626578101433,47.52666168298099,30.139168756925066
P08,trial_73_L_affected,2,23,58.591368721632456,73.42861690606445,40.62177193962092
P08,trial_73_L_affected,2,24,45.45500922113301,58.446912704196166,25.97424206465892
P08,trial_73_L_affected,2,34,50.93744968777053,68.25228806755102,30.39367117565425
P08,trial_73_L_affected,3,012,33.0979130538045,47.291202631907545,29.025603475551595
P08,trial_73_L_affected,3,013,39.57425438010611,44.18524500229998,26.144075427639365
P08,trial_73_L_affected,3,014,37.2154056729371,36.9286219728402,25.125794165522624
P08,trial_73_L_affected,3,023,37.99005120071093,45.32157651111078,24.875537276220474
P08,trial_73_L_affected,3,024,36.42319751185758,40.4551481953305,20.965909412940565
P08,trial_73_L_affected,3,034,43.17462069255423,42.58084925080051,24.254865363103306
P08,trial_73_L_affected,3,123,49.17891056910653,48.57716910727825,36.34063851274537
P08,trial_73_L_affected,3,124,43.860590891123145,49.65736574878888,27.25669271573919
P08,trial_73_L_affected,3,134,46.530751879931785,52.06140839925866,29.46256111954327
P08,trial_73_L_affected,3,234,47.93711959645148,62.079528399316395,27.480054403759567
P08,trial_73_L_affected,4,0123,38.794831708405724,45.11636584241031,26.022092937512383
P08,trial_73_L_affected,4,0124,37.12059076280931,41.88568931626531,22.547541576111932
P08,trial_73_L_affected,4,0134,40.8974984446424,42.6992941451815,24.90957097299488
P08,trial_73_L_affected,4,0234,39.99875152935856,44.93005294463386,22.257229355144993
P08,trial_73_L_affected,4,1234,46.22494585091303,52.447588188279205,28.434549385185647
P08,trial_73_L_affected,5,01234,40.22132605291434,44.51762095835314,23.80637346331369
P08,trial_74_L_affected,2,01,34.579815943044515,56.625832141031474,30.04885746277696
P08,trial_74_L_affected,2,02,28.76738131634925,48.1568734480646,30.164887447956676
P08,trial_74_L_affected,2,03,41.43739787790646,44.3967803960814,29.134765142430783
P08,trial_74_L_affected,2,04,52.69333446338879,36.696264062313176,36.49756432038769
P08,trial_74_L_affected,2,12,43.56630231985257,47.539318433291,37.69566908311549
P08,trial_74_L_affected,2,13,50.24536054822422,48.61498982454484,38.02704758276085
P08,trial_74_L_affected,2,14,45.2810185531837,47.80722855812575,32.2755474674501
P08,trial_74_L_affected,2,23,57.074964013921615,75.2206483061306,42.96319750583467
P08,trial_74_L_affected,2,24,47.30153704289379,60.342110870888966,27.08899730146716
P08,trial_74_L_affected,2,34,53.273301203330114,66.56261933056574,32.17381318782109
P08,trial_74_L_affected,3,012,31.545152582830656,50.16417006601386,29.846307131041144
P08,trial_74_L_affected,3,013,38.05397463835785,44.619261218933964,27.216072129660887
P08,trial_74_L_affected,3,014,37.10670910223383,37.930668319302136,25.99244838089849
P08,trial_74_L_affected,3,023,36.71631067305132,45.6647755929072,26.32553692842797
P08,trial_74_L_affected,3,024,36.49916018491053,41.76359625335086,21.233544597583315
P08,trial_74_L_affected,3,034,43.51206179288884,41.75265998983561,26.734806086339187
P08,trial_74_L_affected,3,123,49.0579765139823,48.78939615989122,35.987066530437545
P08,trial_74_L_affected,3,124,45.28301602763318,50.701018638134165,28.080393189163466
P08,trial_74_L_affected,3,134,47.21428670366236,51.51874183244254,31.044798744373978
P08,trial_74_L_affected,3,234,49.26537769275786,62.873576486169576,29.36917423726605
P08,trial_74_L_affected,4,0123,37.39456755148447,46.02637705845058,26.519453482943
P08,trial_74_L_affected,4,0124,36.98015010886644,43.466646146792634,22.840674410921174
P08,trial_74_L_affected,4,0134,40.4942907563965,42.69715572211353,26.381919208933443
P08,trial_74_L_affected,4,0234,39.77069541763045,45.10804264465155,23.216551432611517
P08,trial_74_L_affected,4,1234,46.90501208013624,52.76505478159233,29.602192776329424
P08,trial_74_L_affected,5,01234,39.816614358074986,45.113675057789315,24.604439642834013
P08,trial_75_L_affected,2,01,33.869500168084976,54.66221462119516,31.765842161608536
P08,trial_75_L_affected,2,02,27.851340745721362,47.1427963604069,32.7810775832196
P08,trial_75_L_affected,2,03,38.82144359161112,42.98264200441445,29.539845488141683
P08,trial_75_L_affected,2,04,50.96975951031995,37.07906928208066,47.5869808077092
P08,trial_75_L_affected,2,12,43.67435225464429,47.34559695219305,38.35880144007928
P08,trial_75_L_affected,2,13,48.02185941891908,47.96741786142533,35.395856359877406
P08,trial_75_L_affected,2,14,45.007231296365084,48.19523296055982,31.716769812808096
P08,trial_75_L_affected,2,23,52.49972912765515,73.85388702540654,41.71261490416018
P08,trial_75_L_affected,2,24,46.461409186565795,61.333644648479954,28.275937492998217
P08,trial_75_L_affected,2,34,49.79890577596867,66.72567556904542,32.70743589497397
P08,trial_75_L_affected,3,012,30.995061271924303,49.1137664620399,31.425791810713022
P08,trial_75_L_affected,3,013,36.40974203268346,43.501757636771266,26.441612553881914
P08,trial_75_L_affected,3,014,36.65485574258313,37.90843464696179,26.378163213011305
P08,trial_75_L_affected,3,023,35.17439609730589,44.7092084857557,27.604304675195618
P08,trial_75_L_affected,3,024,36.05676340448454,41.895644663345365,23.6497460282982
P08,trial_75_L_affected,3,034,41.500190030399075,41.031673025128214,27.67346141709177
P08,trial_75_L_affected,3,123,47.088757016236464,48.35580915728878,34.04699716684188
P08,trial_75_L_affected,3,124,44.97120903324743,51.13750751507125,29.194684327837734
P08,trial_75_L_affected,3,134,46.29613365943148,51.49368397552712,31.27529650522327
P08,trial_75_L_affected,3,234,47.7501694321606,63.57165468521514,29.936516893935657
P08,trial_75_L_affected,4,0123,36.114599172167885,45.14615924522698,26.71335262650702
P08,trial_75_L_affected,4,0124,36.64685801976964,43.29390968885657,24.16644235823877
P08,trial_75_L_affected,4,0134,39.49590886173271,42.1853693237804,26.30157433282517
P08,trial_75_L_affected,4,0234,38.75935170056529,44.92281505515519,24.56144139781556
P08,trial_75_L_affected,4,1234,46.07735399807094,52.974525552004565,30.07908232933086
P08,trial_75_L_affected,5,01234,39.047912261278405,44.796705000816324,25.1389641891131
P08,trial_76_L_affected,2,01,33.33386699591623,57.429669021966916,32.17673248882839
P08,trial_76_L_affected,2,02,28.70801717744594,47.327984883268996,32.14121944454676
P08,trial_76_L_affected,2,03,41.28661726960018,42.57199188888774,29.21780164296494
P08,trial_76_L_affected,2,04,53.918215852153025,33.92608426678043,41.35120298660066
P08,trial_76_L_affected,2,12,43.56265042813506,45.52742496706793,40.99704818550095
P08,trial_76_L_affected,2,13,50.29196336742786,48.03740468596722,38.822175673626596
P08,trial_76_L_affected,2,14,45.85279694398218,45.19682956327648,31.64334969904932
P08,trial_76_L_affected,2,23,56.50572129639251,82.21472970017857,43.90841609251429
P08,trial_76_L_affected,2,24,48.096194128886,56.649498858519635,27.900110571159555
P08,trial_76_L_affected,2,34,52.93970884958043,61.90950077682411,31.786265190027354
P08,trial_76_L_affected,3,012,31.058288457826674,49.83269829081331,31.518468705461686
P08,trial_76_L_affected,3,013,37.76627497961523,43.923316293412704,27.19509300758895
P08,trial_76_L_affected,3,014,37.5879436804123,36.20263320353183,25.27617173244879
P08,trial_76_L_affected,3,023,36.76249291541087,44.81635602433701,26.738366880044662
P08,trial_76_L_affected,3,024,37.40500994571112,39.94084693370864,22.023772929583497
P08,trial_76_L_affected,3,034,44.08315027074909,39.812578233403904,26.494452243481117
P08,trial_76_L_affected,3,123,49.255922899637,48.208901791074624,37.28558587241017
P08,trial_76_L_affected,3,124,45.795059365822,48.13344486585228,29.906033040203138
P08,trial_76_L_affected,3,134,47.865081860250996,49.36385526227066,32.585647007713455
P08,trial_76_L_affected,3,234,49.72701600703852,59.16128299832351,29.55899381956699
P08,trial_76_L_affected,4,0123,37.28764726461487,45.406548035429054,27.05003716096212
P08,trial_76_L_affected,4,0124,37.37984040751829,41.8655952999073,23.577427002805383
P08,trial_76_L_affected,4,0134,40.93605559950874,41.18294970776929,26.38089388624505
P08,trial_76_L_affected,4,0234,40.51814040097873,43.50467682313209,23.622845958096622
P08,trial_76_L_affected,4,1234,47.52486332237494,50.563558979813045,31.416513066616098
P08,trial_76_L_affected,5,01234,40.307847353746176,43.70595465132196,25.194479648852724
P08,trial_77_L_affected,2,01,32.97483672796229,55.624022254345114,30.485021800443317
P08,trial_77_L_affected,2,02,28.133121595906687,47.35657012705333,32.17130330376212
P08,trial_77_L_affected,2,03,39.46406065290226,42.407772356024374,27.71325109416615
P08,trial_77_L_affected,2,04,51.688083352186396,32.91640399472677,36.16382685102936
P08,trial_77_L_affected,2,12,44.34777585711536,45.74331363932888,41.52627624417169
P08,trial_77_L_affected,2,13,48.54419600728818,46.294964895053376,36.05925001090948
P08,trial_77_L_affected,2,14,43.816684950928256,44.620778069461615,30.2237489341885
P08,trial_77_L_affected,2,23,51.4464712587288,78.24251454813007,39.940255126121464
P08,trial_77_L_affected,2,24,46.733833519910476,58.619902661724595,28.434180529754876
P08,trial_77_L_affected,2,34,51.43196442963324,63.00504268772998,31.603919646384476
P08,trial_77_L_affected,3,012,30.76704051851829,49.343707442382794,31.435528563297048
P08,trial_77_L_affected,3,013,36.07842488019972,42.87731381645964,25.85623545251992
P08,trial_77_L_affected,3,014,35.62086228979581,35.63074689841397,24.021688899945957
P08,trial_77_L_affected,3,023,35.51203625729161,44.650254536412255,26.543897183179503
P08,trial_77_L_affected,3,024,35.8918744587794,40.423332642110545,21.752966012016135
P08,trial_77_L_affected,3,034,41.94587272203298,39.42491143359885,24.887850951033453
P08,trial_77_L_affected,3,123,48.04277352777355,47.086406803866936,35.499735756882465
P08,trial_77_L_affected,3,124,44.41398064473416,48.48068256897825,29.056704608127205
P08,trial_77_L_affected,3,134,45.52838528902162,48.770552323724395,30.096053812236875
P08,trial_77_L_affected,3,234,48.03024861018073,60.78337199008174,29.023448713086534
P08,trial_77_L_affected,4,0123,36.175934279678415,44.78708319323705,26.623685075498237
P08,trial_77_L_affected,4,0124,35.97149350555741,41.90494364864029,23.056454530471807
P08,trial_77_L_affected,4,0134,38.79856226396424,40.55346567928009,24.733158371189912
P08,trial_77_L_affected,4,0234,38.76716580798042,43.69050851822944,22.835527170230204
P08,trial_77_L_affected,4,1234,45.686345362666735,50.59582408855608,29.663216449245112
P08,trial_77_L_affected,5,01234,38.60749730127648,43.49198425791431,24.175123668616248
P08,trial_78_L_affected,2,01,33.296677230569806,55.956067794469625,32.027143924880335
P08,trial_78_L_affected,2,02,28.7260189415467,48.592527088289096,33.30120495790536
P08,trial_78_L_affected,2,03,39.481667732733605,43.727379692198355,27.398393366053273
P08,trial_78_L_affected,2,04,51.92904824080256,33.49526982661703,35.624537995308685
P08,trial_78_L_affected,2,12,44.893819577906356,47.1722817007854,40.850773673335745
P08,trial_78_L_affected,2,13,48.1076909646113,47.5572253894285,34.9045349795394
P08,trial_78_L_affected,2,14,43.99857787439846,44.403591763968876,28.979659512182014
P08,trial_78_L_affected,2,23,51.888772702242065,84.04562429654159,40.630155550199895
P08,trial_78_L_affected,2,24,47.63647594202372,59.22710307323183,27.679988765972105
P08,trial_78_L_affected,2,34,53.00778399503685,62.29529827583612,29.337850461185354
P08,trial_78_L_affected,3,012,31.040509019223517,50.34857554328285,32.36570714064869
P08,trial_78_L_affected,3,013,36.03826067563356,43.92485569798872,25.477193862912696
P08,trial_78_L_affected,3,014,35.22746821439284,36.18871998423133,23.39545891594705
P08,trial_78_L_affected,3,023,35.92964736579737,45.89286374718112,26.544614044119893
P08,trial_78_L_affected,3,024,35.81835550494527,41.413999695434036,22.25169174220166
P08,trial_78_L_affected,3,034,41.52999497206656,40.502680355929414,24.758799252389075
P08,trial_78_L_affected,3,123,47.8414340046664,48.61544507533731,34.642553798084165
P08,trial_78_L_affected,3,124,45.03359518870401,48.770576133101265,28.654770536395386
P08,trial_78_L_affected,3,134,45.607282266952744,49.091875161874505,29.5479846780642
P08,trial_78_L_affected,3,234,48.87100081983323,61.40322032633935,27.96865096887686
P08,trial_78_L_affected,4,0123,36.32804086178336,45.93533611683794,26.5310326188296
P08,trial_78_L_affected,4,0124,35.97136482884903,42.726218321569746,23.33758311391181
P08,trial_78_L_affected,4,0134,38.533887087025626,41.408145042344266,24.443285096274877
P08,trial_78_L_affected,4,0234,38.67538373161906,44.72188463423087,22.682442950042464
P08,trial_78_L_affected,4,1234,45.99888387043115,51.21371342434254,29.223773326046324
P08,trial_78_L_affected,5,01234,38.55329352287044,44.433780857477835,24.034460210728028
P08,trial_79_L_affected,2,01,32.26345814961191,55.2040899832183,29.39539142774804
P08,trial_79_L_affected,2,02,28.996629956050445,49.39442194369236,31.907706703679473
P08,trial_79_L_affected,2,03,40.703220341726606,43.41022058715104,27.727462551322343
P08,trial_79_L_affected,2,04,52.24616771246219,35.135537039931705,39.124397660438454
P08,trial_79_L_affected,2,12,44.45974271017806,48.47825617067668,40.33805240004342
P08,trial_79_L_affected,2,13,49.23319371833663,47.85947188179994,35.669225746953856
P08,trial_79_L_affected,2,14,45.61548099871645,46.01266763707518,30.494884995041833
P08,trial_79_L_affected,2,23,53.502353080491055,82.51910062850784,44.03164424371967
P08,trial_79_L_affected,2,24,48.92563509630676,61.18707664152124,29.130959165588077
P08,trial_79_L_affected,2,34,52.0617592280168,64.34884360713971,31.40047174036823
P08,trial_79_L_affected,3,012,31.069384291805168,50.76600138379791,31.05079761319585
P08,trial_79_L_affected,3,013,36.99847020214072,44.074973292809965,25.777773092268205
P08,trial_79_L_affected,3,014,36.72906721684147,37.14034553062845,24.393301981230945
P08,trial_79_L_affected,3,023,36.76941567103031,46.26336248617026,26.276332166241467
P08,trial_79_L_affected,3,024,37.24420012563821,42.77616393607169,21.996944671091285
P08,trial_79_L_affected,3,034,42.93666697386845,41.385699250127324,25.5410230796274
P08,trial_79_L_affected,3,123,48.700908838475364,49.19171982762538,34.97684383505676
P08,trial_79_L_affected,3,124,46.421853325711915,50.46230648426807,29.18446877515851
P08,trial_79_L_affected,3,134,47.31343513811534,50.356094476300676,30.734607439260657
P08,trial_79_L_affected,3,234,49.813199236406255,63.121923966093995,30.073380258023583
P08,trial_79_L_affected,4,0123,37.05558149136653,46.3637055961747,26.401173772346585
P08,trial_79_L_affected,4,0124,37.32772131749723,43.77745175916094,23.190822456165
P08,trial_79_L_affected,4,0134,40.210875913413105,42.22298402491341,25.251606760756978
P08,trial_79_L_affected,4,0234,40.08887435559794,45.831706993047504,23.086910988016296
P08,trial_79_L_affected,4,1234,47.52331480113956,52.58161616839249,30.17856201571003
P08,trial_79_L_affected,5,01234,40.01224674619285,45.383132874719095,24.391369902143012
P08,trial_7_R_unaffected,2,01,45.38305718548286,87.07531236050714,31.737595384595632
P08,trial_7_R_unaffected,2,02,41.77878869363076,65.81485793770176,28.08687453370123
P08,trial_7_R_unaffected,2,03,41.9731034554562,57.47803579929288,28.35371370389589
P08,trial_7_R_unaffected,2,04,47.39030108838475,58.54308990897741,36.00773887007742
P08,trial_7_R_unaffected,2,12,49.61890248294842,73.26803280331846,40.17162959148541
P08,trial_7_R_unaffected,2,13,46.3461232448194,56.07946128414473,37.59492708371512
P08,trial_7_R_unaffected,2,14,42.00181753267894,49.50113425834977,34.25519714600983
P08,trial_7_R_unaffected,2,23,39.086307617322824,49.96589466170421,32.75668077919456
P08,trial_7_R_unaffected,2,24,25.197021306881574,54.91539977597113,34.844513345831245
P08,trial_7_R_unaffected,2,34,29.000487036223525,62.724256038069775,40.190723737569456
P08,trial_7_R_unaffected,3,012,43.414021734527005,70.20562089575509,30.01362788601701
P08,trial_7_R_unaffected,3,013,43.33631675598944,59.47247019889106,30.256618559849244
P08,trial_7_R_unaffected,3,014,40.57012060141401,52.162429448085256,30.661606015393982
P08,trial_7_R_unaffected,3,023,41.68702033034956,58.0204283015285,27.76556617262527
P08,trial_7_R_unaffected,3,024,32.41051724237204,52.20504350353745,25.43076088992156
P08,trial_7_R_unaffected,3,034,33.516612534896744,53.691106030248044,24.245782290070906
P08,trial_7_R_unaffected,3,123,45.59765627671649,56.491508240123885,37.18064610899667
P08,trial_7_R_unaffected,3,124,34.17898064987063,52.788664457462744,32.48248383293276
P08,trial_7_R_unaffected,3,134,34.48045598328702,52.769033551941895,31.897420894541007
P08,trial_7_R_unaffected,3,234,26.419208240038824,57.37692795364932,34.62628935302972
P08,trial_7_R_unaffected,4,0123,43.14103914859983,59.76005705358017,30.167391722129167
P08,trial_7_R_unaffected,4,0124,35.93915591698955,54.23838402420856,27.88149513997173
P08,trial_7_R_unaffected,4,0134,36.81900225288592,52.989068967125604,27.86071746018935
P08,trial_7_R_unaffected,4,0234,33.08250502742957,53.81861113179992,24.368720837302956
P08,trial_7_R_unaffected,4,1234,33.46464599139889,53.74840398634606,31.62866640591048
P08,trial_7_R_unaffected,5,01234,36.04217369932395,54.08914909222588,27.323294309549144
P08,trial_80_L_affected,2,01,32.449175261562004,56.309533517666374,28.545580999732177
P08,trial_80_L_affected,2,02,28.002492821159986,47.26088871020879,30.254794683906773
P08,trial_80_L_affected,2,03,40.10906434740982,43.80951077597648,24.740913607924817
P08,trial_80_L_affected,2,04,50.25112106782558,34.244115655419,31.348939555734198
P08,trial_80_L_affected,2,12,42.89004784117683,45.849830027490164,39.37926461846265
P08,trial_80_L_affected,2,13,48.56703870477697,47.904508815031804,35.29864877356812
P08,trial_80_L_affected,2,14,44.027576887622075,45.0756804857269,27.210602877787924
P08,trial_80_L_affected,2,23,55.23406891193016,72.2226201232517,37.01424555436745
P08,trial_80_L_affected,2,24,48.107182246003184,57.43741282060659,24.71378067114545
P08,trial_80_L_affected,2,34,52.62967396610512,64.33508935856193,28.725771634464895
P08,trial_80_L_affected,3,012,30.07676862150331,49.265540596147964,29.602566664110636
P08,trial_80_L_affected,3,013,36.196548129863714,44.12347423286799,24.083432649290344
P08,trial_80_L_affected,3,014,35.36504764163675,36.285719328209794,20.970046688968743
P08,trial_80_L_affected,3,023,36.01458653336526,45.623437676929775,24.81240970611179
P08,trial_80_L_affected,3,024,36.26928760032687,40.37008420630418,19.37247338384378
P08,trial_80_L_affected,3,034,42.57528640387448,40.52853417528061,22.116231771676564
P08,trial_80_L_affected,3,123,47.92507156105001,48.10701735555344,34.48518698566281
P08,trial_80_L_affected,3,124,44.78641540366572,48.61039671122512,26.16478031069016
P08,trial_80_L_affected,3,134,46.186363785168034,49.71668301122169,28.058960339864125
P08,trial_80_L_affected,3,234,49.679846680150526,60.246460537138006,26.354336222385566
P08,trial_80_L_affected,4,0123,36.139292169385335,45.633029978626894,25.138289654674793
P08,trial_80_L_affected,4,0124,35.954542483665136,42.15817126220773,20.79479520714054
P08,trial_80_L_affected,4,0134,39.120353137602514,41.548320750078275,22.48864159523698
P08,trial_80_L_affected,4,0234,39.498930998904854,44.122742899156016,20.83595055269488
P08,trial_80_L_affected,4,1234,46.38363575711099,51.011735574550514,27.581621093915196
P08,trial_80_L_affected,5,01234,38.93489243554802,44.11115126486178,22.275917805743877
P08,trial_81_L_affected,2,01,33.832736717091876,56.5842310492055,30.565914127544097
P08,trial_81_L_affected,2,02,28.16802351682691,46.78802194932622,30.694213165309936
P08,trial_81_L_affected,2,03,40.819002644468014,44.74834676394471,25.979927613288208
P08,trial_81_L_affected,2,04,49.64177490712969,33.460832411622306,36.13691638098589
P08,trial_81_L_affected,2,12,41.94608913001602,45.264934714969044,38.35379015372222
P08,trial_81_L_affected,2,13,49.35699913456836,48.06416314660965,35.70735789198123
P08,trial_81_L_affected,2,14,43.65117279572015,45.7061877667297,28.78622935213078
P08,trial_81_L_affected,2,23,57.69672075376747,67.94598615528929,38.45528633962246
P08,trial_81_L_affected,2,24,46.67679599030961,56.83002362710319,25.878246743337755
P08,trial_81_L_affected,2,34,51.43630088850193,64.76515199807446,30.122114366054703
P08,trial_81_L_affected,3,012,30.661766629344,48.92256382418753,29.88604667467276
P08,trial_81_L_affected,3,013,37.167286521299786,44.649616030524975,24.770700402682408
P08,trial_81_L_affected,3,014,35.59945508648145,37.2858370363859,22.903425243357205
P08,trial_81_L_affected,3,023,36.54686556486009,45.95115434957086,25.39703461503054
P08,trial_81_L_affected,3,024,35.375768870264665,40.60981820884804,20.630815137623586
P08,trial_81_L_affected,3,034,42.330667416412,41.5767430012317,23.296317648797647
P08,trial_81_L_affected,3,123,48.53828118172846,47.94355257321823,34.8291379655242
P08,trial_81_L_affected,3,124,43.904621443831985,48.56072565613239,26.93017327628014
P08,trial_81_L_affected,3,134,45.93474579441644,50.03344294340694,28.76750516090884
P08,trial_81_L_affected,3,234,48.91981613801662,59.88348192753387,27.15508357640094
P08,trial_81_L_affected,4,0123,36.847008532998274,45.79492764604648,25.42161029027047
P08,trial_81_L_affected,4,0124,35.63176952734035,42.50579115516374,21.545150671315326
P08,trial_81_L_affected,4,0134,39.26167910827306,42.3621764511299,23.382258149782594
P08,trial_81_L_affected,4,0234,39.0798409629713,44.61943858165639,21.449053712264337
P08,trial_81_L_affected,4,1234,46.01761410969473,50.93512992054096,28.07131232380127
P08,trial_81_L_affected,5,01234,38.86665379655419,44.50800106966588,22.710922994852712
P08,trial_82_L_affected,2,01,33.6934684803452,57.09885406069463,32.53119375784549
P08,trial_82_L_affected,2,02,29.277160252029564,46.72549674117953,32.100071329572465
P08,trial_82_L_affected,2,03,40.775917656070405,44.39710533444694,28.69959601926681
P08,trial_82_L_affected,2,04,50.86063738966525,34.90356649453548,40.85314226291464
P08,trial_82_L_affected,2,12,42.98323741547997,45.484735948439955,39.388236901028485
P08,trial_82_L_affected,2,13,48.99347145362537,49.04596222207046,37.01804993588508
P08,trial_82_L_affected,2,14,44.535948339688815,48.00525931709345,32.41072028681119
P08,trial_82_L_affected,2,23,54.91846491164514,74.80731597252166,40.48988551715928
P08,trial_82_L_affected,2,24,47.1835844799557,58.77771516451484,29.81184918781441
P08,trial_82_L_affected,2,34,51.4344123407678,66.27326845429188,34.97512128982657
P08,trial_82_L_affected,3,012,31.56697736334116,49.27814492347236,30.92092104361061
P08,trial_82_L_affected,3,013,37.45874235566051,45.106773683935636,26.442511594601964
P08,trial_82_L_affected,3,014,36.74802851634755,38.74077703305793,26.896444782593687
P08,trial_82_L_affected,3,023,36.87286358517007,45.423954457481734,26.721344350670243
P08,trial_82_L_affected,3,024,36.85756029827044,41.11726170639514,23.4891597575161
P08,trial_82_L_affected,3,034,42.91051714562873,41.96604822449123,27.242893553281963
P08,trial_82_L_affected,3,123,48.23472505113122,48.500899279311305,36.05554873525301
P08,trial_82_L_affected,3,124,45.032565127094706,49.885450432782854,30.104077393295373
P08,trial_82_L_affected,3,134,46.45282352724566,51.54382428476048,31.7659882154205
P08,trial_82_L_affected,3,234,48.81273769120389,61.7617903128081,31.516911347577683
P08,trial_82_L_affected,4,0123,37.2500057259891,45.87778069087098,26.43320382777538
P08,trial_82_L_affected,4,0124,37.00573718175401,43.195872245859476,24.220726367664508
P08,trial_82_L_affected,4,0134,40.04413885846101,43.23082260598961,26.360735571844643
P08,trial_82_L_affected,4,0234,39.88420415503114,44.96048054515885,24.48546843924904
P08,trial_82_L_affected,4,1234,46.529655276465455,52.183924326630596,31.11674964450485
P08,trial_82_L_affected,5,01234,39.72395790070302,45.07217071187776,25.242635997676764
P08,trial_83_L_affected,2,01,32.51279803681928,55.69047169396654,32.27737194313177
P08,trial_83_L_affected,2,02,27.756241019753258,45.918512269520086,33.493508765482844
P08,trial_83_L_affected,2,03,40.869207575703776,42.76823852339207,29.468640213127898
P08,trial_83_L_affected,2,04,51.160131663905496,34.48402675908652,37.48611829788043
P08,trial_83_L_affected,2,12,43.229344128152846,44.32409572075895,40.76653222180279
P08,trial_83_L_affected,2,13,49.98664974450752,47.18660362871486,37.67719736887576
P08,trial_83_L_affected,2,14,44.94238680011941,46.77820629050954,30.67193167702594
P08,trial_83_L_affected,2,23,56.567308532115085,75.37500617424956,41.802662852625225
P08,trial_83_L_affected,2,24,48.28265862466713,58.04106028586965,27.942165641740985
P08,trial_83_L_affected,2,34,53.020340118537966,64.43596195216111,32.86002253496232
P08,trial_83_L_affected,3,012,30.143512475580412,48.324776971294945,32.23979172940217
P08,trial_83_L_affected,3,013,37.05255514206673,43.58500706910931,27.464197655597797
P08,trial_83_L_affected,3,014,36.557888856070925,37.297000082784315,25.297123846265137
P08,trial_83_L_affected,3,023,36.206611786181966,44.289471809922865,28.14262934673124
P08,trial_83_L_affected,3,024,36.55322553252941,39.912373917992646,22.885850474437234
P08,trial_83_L_affected,3,034,43.503978331781894,40.641899032747496,26.496911257716768
P08,trial_83_L_affected,3,123,49.07807579187043,46.83138931317737,36.781220410709025
P08,trial_83_L_affected,3,124,44.99491324362568,48.734395972042044,28.70483465136386
P08,trial_83_L_affected,3,134,46.75889734527963,50.06249178246277,31.000939159377275
P08,trial_83_L_affected,3,234,49.99854075358386,60.966294067789065,29.659206757725357
P08,trial_83_L_affected,4,0123,36.672925179751914,44.64326972917756,27.836546261067767
P08,trial_83_L_affected,4,0124,36.38752420552522,41.80409247405688,23.80624937794379
P08,trial_83_L_affected,4,0134,39.89374700609392,41.65668923040327,26.10938735056597
P08,trial_83_L_affected,4,0234,39.951709439896646,43.810886579424896,24.276934824579858
P08,trial_83_L_affected,4,1234,46.779156890515715,50.97933013667793,30.121861349669775
P08,trial_83_L_affected,5,01234,39.454294869246596,43.719423172094004,25.299893235175464
P08,trial_84_L_affected,2,01,32.69475317612851,55.73732613488134,38.39140032931896
P08,trial_84_L_affected,2,02,27.66493659482812,46.70146219886307,35.832794042194266
P08,trial_84_L_affected,2,03,42.74485982393423,43.75634761631962,32.21787996983542
P08,trial_84_L_affected,2,04,54.673132810694355,34.26984022100608,40.447336844458285
P08,trial_84_L_affected,2,12,43.327518308238425,45.417645892332146,39.99706811860796
P08,trial_84_L_affected,2,13,50.72314614767155,46.776599673742055,38.824120825917134
P08,trial_84_L_affected,2,14,45.1452317531464,43.803641129600116,30.971782037502365
P08,trial_84_L_affected,2,23,57.18679477719161,75.08643487291951,42.91759870843735
P08,trial_84_L_affected,2,24,47.494485153007496,56.966472952293415,27.625538842529654
P08,trial_84_L_affected,2,34,51.724995299366185,63.280170189615305,31.531104562910933
P08,trial_84_L_affected,3,012,29.575151232783337,48.9046755285221,34.59626704022295
P08,trial_84_L_affected,3,013,37.35500808994156,43.51985326807969,28.827645066934092
P08,trial_84_L_affected,3,014,36.77689264332116,35.355019097165346,25.611207909709925
P08,trial_84_L_affected,3,023,36.79559053623652,44.63010658246279,30.386106804691057
P08,trial_84_L_affected,3,024,37.09546977090225,39.44453282376427,23.62798732327436
P08,trial_84_L_affected,3,034,45.006219303270576,40.444280429606785,27.694797691395713
P08,trial_84_L_affected,3,123,49.627804461416886,46.71374864646598,37.86635215995158
P08,trial_84_L_affected,3,124,45.229780423779346,47.221589090949394,28.98467995965338
P08,trial_84_L_affected,3,134,47.34244174710016,48.50696001122208,31.02889425942838
P08,trial_84_L_affected,3,234,49.15958254852586,59.85306195358723,29.251789668346824
P08,trial_84_L_affected,4,0123,36.73021526429524,44.721328828134716,29.24647983783752
P08,trial_84_L_affected,4,0124,36.64363637688962,40.98587797112732,24.30151021899174
P08,trial_84_L_affected,4,0134,40.6652068346718,40.75146101471268,26.31281325735695
P08,trial_84_L_affected,4,0234,40.36192513166375,43.43838682263921,25.05503923759398
P08,trial_84_L_affected,4,1234,47.116076776244626,49.829079003628955,30.468053961975972
P08,trial_84_L_affected,5,01234,39.839960414909086,43.09779557386895,25.68099450493201
P08,trial_85_L_affected,2,01,33.15819141885721,54.37180290721139,33.24468846931927
P08,trial_85_L_affected,2,02,30.015801471256875,47.21583139839462,33.79564910775192
P08,trial_85_L_affected,2,03,41.130128236777324,43.03432683883375,29.82032506755136
P08,trial_85_L_affected,2,04,50.741881770164014,34.208165283535784,40.186888858012075
P08,trial_85_L_affected,2,12,44.76978479393596,46.62448608898077,41.70634712401065
P08,trial_85_L_affected,2,13,49.6832949286013,47.334754445596246,38.10299837725894
P08,trial_85_L_affected,2,14,44.591955749605624,45.57610096913294,31.610681635220587
P08,trial_85_L_affected,2,23,54.537992165519576,77.56052879000947,39.415327394758094
P08,trial_85_L_affected,2,24,47.70609570055147,60.148824952529104,27.916312263930102
P08,trial_85_L_affected,2,34,52.131389219257244,66.9119676146817,32.506528637058736
P08,trial_85_L_affected,3,012,31.93887453352612,49.05278044673715,32.758339580441636
P08,trial_85_L_affected,3,013,37.8956957607999,43.657227930781225,27.865117927187224
P08,trial_85_L_affected,3,014,36.73139258435285,36.59768128342539,27.022027000696937
P08,trial_85_L_affected,3,023,37.35903634682619,45.06377405150568,28.148325832628064
P08,trial_85_L_affected,3,024,37.153686062137844,41.16744018584532,23.988850374013577
P08,trial_85_L_affected,3,034,42.952492587009836,41.050997177232524,27.22940865519462
P08,trial_85_L_affected,3,123,49.11517141823587,47.74701741708988,37.17291154966257
P08,trial_85_L_affected,3,124,45.33149458854489,49.17007390959583,29.991002317915992
P08,trial_85_L_affected,3,134,46.47418951492188,49.98474039687758,31.563948247186374
P08,trial_85_L_affected,3,234,49.086102292428954,62.98316452447885,28.991551547139334
P08,trial_85_L_affected,4,0123,37.80828189450418,45.23366926639341,28.071580000958015
P08,trial_85_L_affected,4,0124,37.21536103296091,42.33231124977867,25.105489736504236
P08,trial_85_L_affected,4,0134,40.094106992509396,41.67636423235745,26.89189847061562
P08,trial_85_L_affected,4,0234,40.06671248033955,44.90300377791655,24.56396353020108
P08,trial_85_L_affected,4,1234,46.70104219216629,51.57063554519334,30.75331173010844
P08,trial_85_L_affected,5,01234,39.92159318788376,44.303760269517035,25.894833258234026
P08,trial_86_L_affected,2,01,34.74037596695662,56.78111618001922,31.7647320171183
P08,trial_86_L_affected,2,02,31.037769902652435,47.441571881971846,32.936011349559806
P08,trial_86_L_affected,2,03,42.242501160297635,43.31108068181773,29.828549999136794
P08,trial_86_L_affected,2,04,48.28378016347981,37.77464495910355,45.33333869890397
P08,trial_86_L_affected,2,12,42.8086720489584,47.25027380919797,40.568226142476156
P08,trial_86_L_affected,2,13,49.82949046007352,47.661610460968234,39.17943755934378
P08,trial_86_L_affected,2,14,44.20995754720595,49.365610166517214,32.018479727686156
P08,trial_86_L_affected,2,23,56.26627500868722,74.49944551974554,44.430484812415045
P08,trial_86_L_affected,2,24,46.22418418804723,59.889092329380546,29.300420894201114
P08,trial_86_L_affected,2,34,50.360389001336905,66.29917303987824,33.8216359869901
P08,trial_86_L_affected,3,012,33.247849647815904,50.069537935173614,31.438641074514685
P08,trial_86_L_affected,3,013,39.42013542646709,44.2829652130064,28.173679568489668
P08,trial_86_L_affected,3,014,37.605318305620074,39.57456271022977,27.11052617810059
P08,trial_86_L_affected,3,023,38.43314182888345,45.01915388301537,27.864462890493986
P08,trial_86_L_affected,3,024,37.49567972338558,41.82739804765157,24.626331756386463
P08,trial_86_L_affected,3,034,43.72131136691272,41.82444842856135,28.08004827503827
P08,trial_86_L_affected,3,123,48.81257442319693,47.76328042830079,38.058924319312
P08,trial_86_L_affected,3,124,44.579395534144915,50.74608591741613,30.13579842189149
P08,trial_86_L_affected,3,134,46.61096554872946,51.12850272037143,32.21003591396304
P08,trial_86_L_affected,3,234,48.041504083883716,62.19852228839288,31.304105010962665
P08,trial_86_L_affected,4,0123,38.886420294070625,45.576946978669056,28.07023267246803
P08,trial_86_L_affected,4,0124,37.80002342965389,43.79705774914087,25.280098523808697
P08,trial_86_L_affected,4,0134,41.14213195427071,42.903085046069194,27.39828401499388
P08,trial_86_L_affected,4,0234,40.672264237467644,45.061993634336716,25.700009222488443
P08,trial_86_L_affected,4,1234,46.44021150834265,52.092240861654815,31.595215998466198
P08,trial_86_L_affected,5,01234,40.62877680957807,45.00872203034797,26.54164460716125
P08,trial_87_L_affected,2,01,32.84734549846068,55.00959065956313,33.19496227327876
P08,trial_87_L_affected,2,02,29.18580029202823,45.90391657331572,33.86150045880811
P08,trial_87_L_affected,2,03,41.6799007102808,42.986023120789866,29.138445101316723
P08,trial_87_L_affected,2,04,50.186999958953265,31.91634629694229,34.733028093807846
P08,trial_87_L_affected,2,12,42.83214768823332,45.55080967925892,40.350096540316365
P08,trial_87_L_affected,2,13,49.52960902142106,47.283253458396175,38.799191598351754
P08,trial_87_L_affected,2,14,43.66825712729737,45.36922595213508,29.365889264016708
P08,trial_87_L_affected,2,23,56.63869068334702,73.32730756130393,44.405042272854885
P08,trial_87_L_affected,2,24,46.269344279591415,58.526571870819765,28.14190343570468
P08,trial_87_L_affected,2,34,51.471703253237074,65.12091032270817,33.27185450655461
P08,trial_87_L_affected,3,012,30.900406540620796,48.22588678061389,32.80411186417368
P08,trial_87_L_affected,3,013,37.68275680525042,43.32007245041118,27.722395431942072
P08,trial_87_L_affected,3,014,36.38123837968419,35.984776034301184,24.501592865636507
P08,trial_87_L_affected,3,023,37.42685448835496,44.429629824703945,28.708651781505324
P08,trial_87_L_affected,3,024,36.596077831445626,39.956923186732745,23.50094820626016
P08,trial_87_L_affected,3,034,43.59995531501868,40.17197496332177,26.14207026747617
P08,trial_87_L_affected,3,123,48.66369656387202,47.359080775425895,37.71228539199077
P08,trial_87_L_affected,3,124,44.017639011025906,48.53117287150676,28.884959970860866
P08,trial_87_L_affected,3,134,46.03559263274847,49.61218335419862,30.85564907501978
P08,trial_87_L_affected,3,234,48.467538836110045,61.28196076792454,30.01383280171929
P08,trial_87_L_affected,4,0123,37.37783054165698,44.66026269501902,28.47423200320874
P08,trial_87_L_affected,4,0124,36.4223574312936,41.637581375000885,24.35159768937602
P08,trial_87_L_affected,4,0134,40.002901095658764,41.165900986838714,25.908381544648865
P08,trial_87_L_affected,4,0234,40.05269831574144,43.82252909075945,24.69555548312078
P08,trial_87_L_affected,4,1234,46.011821330243116,50.89655234802908,30.520107638184868
P08,trial_87_L_affected,5,01234,39.53823293892421,43.61863546674019,25.632532482650575
P08,trial_88_L_affected,2,01,34.525275260116935,54.22084406466939,27.17010245896575
P08,trial_88_L_affected,2,02,31.51091437411812,48.08820849102168,30.923851875805084
P08,trial_88_L_affected,2,03,40.97001004210811,44.886702128672255,26.392099023538236
P08,trial_88_L_affected,2,04,46.29755451297712,33.782775891065015,34.863498013580255
P08,trial_88_L_affected,2,12,42.80747557535486,46.353751506927814,39.52288640184442
P08,trial_88_L_affected,2,13,48.5491279235031,48.08328882982538,35.56772093910979
P08,trial_88_L_affected,2,14,42.73751425948032,42.160089572400324,27.712223175690035
P08,trial_88_L_affected,2,23,54.88779597980429,75.63921180797627,42.69218820203369
P08,trial_88_L_affected,2,24,47.78380813180322,56.82560726171722,27.25015158498618
P08,trial_88_L_affected,2,34,52.753025284718355,64.32537352126587,29.527510015076718
P08,trial_88_L_affected,3,012,33.351572919214284,49.19384881436475,29.566118050685482
P08,trial_88_L_affected,3,013,38.296259698578226,44.342186378686975,24.751233803642112
P08,trial_88_L_affected,3,014,36.04193587314687,34.99991518045896,22.658305146329422
P08,trial_88_L_affected,3,023,38.13868962315083,46.6672344412545,26.15359924829123
P08,trial_88_L_affected,3,024,36.83970511553338,41.02766813701935,22.02215613323052
P08,trial_88_L_affected,3,034,42.264443716327634,42.00821631805646,24.366110593410685
P08,trial_88_L_affected,3,123,48.11381097864881,48.717669722154604,35.300765308682095
P08,trial_88_L_affected,3,124,44.18941720476137,47.424534298041614,27.919347351070023
P08,trial_88_L_affected,3,134,45.473330601066564,48.768429781021425,28.98936768332334
P08,trial_88_L_affected,3,234,49.60533590040431,59.98333703617528,28.103959194094507
P08,trial_88_L_affected,4,0123,38.382219423940654,46.082598908046386,25.883181805100218
P08,trial_88_L_affected,4,0124,36.90711139705184,41.933720250912614,22.659304029832658
P08,trial_88_L_affected,4,0134,39.62767082861248,41.600939693205575,23.93148666163256
P08,trial_88_L_affected,4,0234,40.077073375141794,45.19444638460796,22.95220554171619
P08,trial_88_L_affected,4,1234,46.002695873147886,50.48153935680758,29.021356534603097
P08,trial_88_L_affected,5,01234,39.7171414948519,44.375406381194416,23.81831653089581
P08,trial_89_L_affected,2,01,33.64000617150429,54.51740366902898,30.107290761318907
P08,trial_89_L_affected,2,02,30.790201293356347,47.338730086975495,31.257131185121267
P08,trial_89_L_affected,2,03,41.471330171228765,44.36381466913378,27.08596413969725
P08,trial_89_L_affected,2,04,50.61748330258616,33.332020898803364,36.657309224421546
P08,trial_89_L_affected,2,12,43.04439917797951,46.97689983237522,38.938820653340905
P08,trial_89_L_affected,2,13,48.96449317425353,48.274535222684754,36.50866319008337
P08,trial_89_L_affected,2,14,44.40225419727775,45.46403107131591,29.309563306891505
P08,trial_89_L_affected,2,23,55.07613708276461,73.61179870411357,39.49033629164079
P08,trial_89_L_affected,2,24,47.33997085786843,58.74583089085064,26.373343718985126
P08,trial_89_L_affected,2,34,51.43649312030009,66.46281684447563,30.928936157325666
P08,trial_89_L_affected,3,012,32.60292634069358,49.24047775308531,30.466642230636168
P08,trial_89_L_affected,3,013,38.371664217900225,44.525742981325,26.286296379850192
P08,trial_89_L_affected,3,014,37.437177714802765,36.94537028365191,24.474543699307567
P08,trial_89_L_affected,3,023,37.863918681659136,45.75182587480123,26.09146206100054
P08,trial_89_L_affected,3,024,37.5266168846944,41.34057009049887,21.93105936454405
P08,trial_89_L_affected,3,034,43.159231933584,42.08769642647922,24.98443377506259
P08,trial_89_L_affected,3,123,48.115458119886775,48.2784746300338,35.42684121109133
P08,trial_89_L_affected,3,124,44.79901654372377,49.03019452043122,27.776974081092238
P08,trial_89_L_affected,3,134,46.333346743872916,50.40526685184764,29.84056154903852
P08,trial_89_L_affected,3,234,48.91300164555462,61.663572101388155,28.18301465487274
P08,trial_89_L_affected,4,0123,38.095397694285836,45.862338970549864,26.597775618696986
P08,trial_89_L_affected,4,0124,37.54474798448307,42.67131014718494,23.221662011347245
P08,trial_89_L_affected,4,0134,40.52958384557744,42.498881611452994,25.079965514368627
P08,trial_89_L_affected,4,0234,40.402623618069576,45.29318488984108,23.07379534205336
P08,trial_89_L_affected,4,1234,46.35320524212284,51.57716180376748,29.11408330243974
P08,trial_89_L_affected,5,01234,40.17263982929275,44.82451749454942,24.349706708633683
P08,trial_8_R_unaffected,2,01,48.292705643820184,78.83403682161148,34.19310999078561
P08,trial_8_R_unaffected,2,02,41.31282861191087,61.170124528974036,31.278883107713437
P08,trial_8_R_unaffected,2,03,41.126107429432935,60.55262673020804,31.714260075564205
P08,trial_8_R_unaffected,2,04,54.14614681540147,67.26131575438203,41.61375237213879
P08,trial_8_R_unaffected,2,12,50.36267599360827,70.98185988073519,49.565198846583634
P08,trial_8_R_unaffected,2,13,44.450189682528986,56.774012293590474,42.953861647936264
P08,trial_8_R_unaffected,2,14,45.06693356436096,51.713123403009654,40.46312477544476
P08,trial_8_R_unaffected,2,23,34.90617382567797,47.99859724299766,35.805429942215056
P08,trial_8_R_unaffected,2,24,22.336019607015693,57.03751640541174,40.94405566644527
P08,trial_8_R_unaffected,2,34,25.13172487320545,69.02058706471307,50.59939589211037
P08,trial_8_R_unaffected,3,012,43.205310495224076,64.19328589551752,32.972738056194274
P08,trial_8_R_unaffected,3,013,42.56027388231966,59.62972111094474,33.56319274127744
P08,trial_8_R_unaffected,3,014,43.77599027396751,55.38443818397473,34.187988644285475
P08,trial_8_R_unaffected,3,023,40.3975699489582,57.83104537693787,30.42044201261141
P08,trial_8_R_unaffected,3,024,31.303596771259443,54.91132625205369,28.965033026614776
P08,trial_8_R_unaffected,3,034,31.997449933344257,60.091230010650015,28.535921845746035
P08,trial_8_R_unaffected,3,123,43.61561028759776,56.22121411866322,42.21717252685045
P08,trial_8_R_unaffected,3,124,32.891930154898034,53.58467121897313,38.41215583922491
P08,trial_8_R_unaffected,3,134,32.416876635189944,54.94628971649842,38.2380708809848
P08,trial_8_R_unaffected,3,234,22.27806349558191,60.11316638838445,40.976574635835554
P08,trial_8_R_unaffected,4,0123,41.983487404731186,58.31043624251401,33.178677062088106
P08,trial_8_R_unaffected,4,0124,35.5021599085427,54.7142776083637,31.501998097255015
P08,trial_8_R_unaffected,4,0134,36.097382766093645,55.94715189232313,31.922571255696507
P08,trial_8_R_unaffected,4,0234,30.9058782103836,56.73573526039705,27.751530715628697
P08,trial_8_R_unaffected,4,1234,30.561830792028086,54.98015540874055,37.1931751549604
P08,trial_8_R_unaffected,5,01234,34.424358726833034,55.33763386787263,31.03066276798837
P08,trial_9_R_unaffected,2,01,50.507895193225814,76.02541606278997,31.751747825398372
P08,trial_9_R_unaffected,2,02,44.912827081842195,63.737561748922545,27.553348347762533
P08,trial_9_R_unaffected,2,03,43.5109999278468,52.690341878415126,27.951007382200906
P08,trial_9_R_unaffected,2,04,44.54830280296519,52.72301342818639,33.391690830908615
P08,trial_9_R_unaffected,2,12,47.974632269140194,75.91645250277013,41.13367673767443
P08,trial_9_R_unaffected,2,13,45.0810937804754,55.38167943730308,36.99551474909075
P08,trial_9_R_unaffected,2,14,39.9294259918523,48.07244444091012,34.65050759008676
P08,trial_9_R_unaffected,2,23,38.38271391588304,52.241593530842316,30.977535958140834
P08,trial_9_R_unaffected,2,24,25.592122388240163,56.77640529280863,34.6907798572875
P08,trial_9_R_unaffected,2,34,28.419740411407794,63.10248052572785,40.83463082363218
P08,trial_9_R_unaffected,3,012,45.82691334891961,67.46167086807144,29.61808107835084
P08,trial_9_R_unaffected,3,013,44.183872129713784,56.10237001724408,30.0917693068665
P08,trial_9_R_unaffected,3,014,39.49367790184544,48.77827775508051,31.052595426618456
P08,trial_9_R_unaffected,3,023,43.44829620564291,55.397856279008124,27.30917425495287
P08,trial_9_R_unaffected,3,024,32.79242020024548,51.23260192814277,25.815919602281703
P08,trial_9_R_unaffected,3,034,33.633620685022514,50.05307991887835,25.548231970269125
P08,trial_9_R_unaffected,3,123,44.546767631003185,57.008081735346146,36.61511201332205
P08,trial_9_R_unaffected,3,124,33.617956632268815,52.99061697799584,32.69433089735468
P08,trial_9_R_unaffected,3,134,33.737388300096875,51.84375347010667,32.79112955432273
P08,trial_9_R_unaffected,3,234,26.525149294632868,58.566977002952214,35.355346426766566
P08,trial_9_R_unaffected,4,0123,44.09287135584492,57.884652044583575,29.766895671309758
P08,trial_9_R_unaffected,4,0124,35.96426989381561,52.90394343842676,28.261429839499634
P08,trial_9_R_unaffected,4,0134,36.48661528121911,50.35849049798148,28.673796216338122
P08,trial_9_R_unaffected,4,0234,33.429384167089474,52.3564905219647,25.55271565251456
P08,trial_9_R_unaffected,4,1234,33.11501285759557,53.83397155929435,32.25155201657612
P08,trial_9_R_unaffected,5,01234,36.04736707740988,52.75260188052253,27.998192243309184
P10,trial_10_R_unaffected,2,01,62.14058396456792,76.81584840769966,53.01535313286903
P10,trial_10_R_unaffected,2,02,62.22651122627743,74.38234373039681,46.8919501583531
P10,trial_10_R_unaffected,2,03,68.52666448591958,96.1854505230199,103.74712443618448
P10,trial_10_R_unaffected,2,12,61.97419408204004,73.26422425365573,52.66278290920068
P10,trial_10_R_unaffected,2,13,50.63628889020142,71.58047110267394,54.3431904408469
P10,trial_10_R_unaffected,2,23,53.13881477612521,69.59902153995864,55.21737915697025
P10,trial_10_R_unaffected,3,012,61.27198742317335,73.96770994753733,45.58131115300644
P10,trial_10_R_unaffected,3,013,52.360847952981416,73.38410811086547,50.968284284918596
P10,trial_10_R_unaffected,3,023,55.03270675132404,71.74466551135576,50.50395843882233
P10,trial_10_R_unaffected,3,123,51.25415693227132,70.2704213459858,47.361525536395526
P10,trial_10_R_unaffected,4,0123,53.675113507598184,71.54358637682887,46.149198119503765
P10,trial_11_R_unaffected,2,01,62.12921664850155,76.60256794763526,54.20862880654482
P10,trial_11_R_unaffected,2,02,63.106881023278625,74.67337345847957,47.73827565568599
P10,trial_11_R_unaffected,2,03,66.75981985640448,107.79612401623031,114.3810255719068
P10,trial_11_R_unaffected,2,12,64.07127599345398,73.78093191290674,54.268381377325454
P10,trial_11_R_unaffected,2,13,51.992778659200056,73.09023184044693,57.65994760830955
P10,trial_11_R_unaffected,2,23,54.616443794634364,70.36667420063506,55.221422038107384
P10,trial_11_R_unaffected,3,012,62.3028064930132,74.12259112437269,46.123765859174426
P10,trial_11_R_unaffected,3,013,53.13757148296311,74.87874357687897,53.14297564236322
P10,trial_11_R_unaffected,3,023,55.94221142262949,72.95806632374693,51.21447689058126
P10,trial_11_R_unaffected,3,123,52.677777266612246,71.25827075237106,48.07257338344388
P10,trial_11_R_unaffected,4,0123,54.79935102512655,72.55796933878227,47.09106432890669
P10,trial_12_R_unaffected,2,01,63.27845679462306,80.69879686930364,49.72019503136871
P10,trial_12_R_unaffected,2,02,62.108401325594166,73.05667222969008,43.747435701619416
P10,trial_12_R_unaffected,2,03,83.21342085736387,94.89638224674448,105.8023416471106
P10,trial_12_R_unaffected,2,12,61.124817854549086,73.91573799211879,53.01248553878841
P10,trial_12_R_unaffected,2,13,48.55537472278973,73.06622117605932,57.596439595514084
P10,trial_12_R_unaffected,2,23,48.79521542216632,71.34619043147033,62.58696790587822
P10,trial_12_R_unaffected,3,012,61.07319004668656,74.29514145587463,41.22901811359714
P10,trial_12_R_unaffected,3,013,51.37139636985978,74.64169038627699,51.00560692399629
P10,trial_12_R_unaffected,3,023,53.018572060277606,71.11412398442114,52.91379406360074
P10,trial_12_R_unaffected,3,123,47.78690090312176,71.22503676270483,52.0325029183204
P10,trial_12_R_unaffected,4,0123,51.60220974339028,71.73459195957678,46.99047688062364
P10,trial_13_R_unaffected,2,01,64.100985672182,76.96676960158237,49.692714267150876
P10,trial_13_R_unaffected,2,02,62.32942083082033,73.60794386144713,44.19461147873336
P10,trial_13_R_unaffected,2,03,76.96096480758725,99.2001519834379,96.54634774393236
P10,trial_13_R_unaffected,2,12,60.59731369014131,73.83675068274516,51.57378545088175
P10,trial_13_R_unaffected,2,13,48.87746803614444,72.27742839549576,59.06042462585096
P10,trial_13_R_unaffected,2,23,50.0792744102275,70.07555584100814,59.17969053773924
P10,trial_13_R_unaffected,3,012,61.21597427994998,73.68411974428597,41.81709743847763
P10,trial_13_R_unaffected,3,013,51.420285753942785,74.19630064385989,51.02911276172721
P10,trial_13_R_unaffected,3,023,53.46152207973291,71.50201594330379,51.349601465604735
P10,trial_13_R_unaffected,3,123,48.41205732328421,70.51350648965501,48.99087480850243
P10,trial_13_R_unaffected,4,0123,52.070646608889994,71.50167579473748,45.50575291732587
P10,trial_14_R_unaffected,2,01,62.388795351097336,81.19125345571858,50.508083090150166
P10,trial_14_R_unaffected,2,02,61.908666433005024,74.10275628296887,40.983941762413856
P10,trial_14_R_unaffected,2,03,78.35239510676449,105.59961846461532,101.40791061437773
P10,trial_14_R_unaffected,2,12,62.64008912423973,75.13242315308095,52.430953555180125
P10,trial_14_R_unaffected,2,13,47.22253720359344,77.34282491886374,60.16160548962668
P10,trial_14_R_unaffected,2,23,48.38647016758596,72.5854563291527,59.61412468749241
P10,trial_14_R_unaffected,3,012,61.05720846997187,75.17351680306923,40.08933088396072
P10,trial_14_R_unaffected,3,013,50.31335854984749,78.76302636772937,53.824678594190736
P10,trial_14_R_unaffected,3,023,52.41817239910028,73.25361633516947,50.98503114610521
P10,trial_14_R_unaffected,3,123,47.3201708110363,73.91391876058486,52.073515553729564
P10,trial_14_R_unaffected,4,0123,51.168544692789105,74.2857067836085,47.145124789053405
P10,trial_15_R_unaffected,2,01,62.74332942949903,79.17498443255383,51.52412329872166
P10,trial_15_R_unaffected,2,02,62.33119447354143,74.27268242086288,41.55697528032945
P10,trial_15_R_unaffected,2,03,77.64744922471994,109.00424978509105,91.57940784753826
P10,trial_15_R_unaffected,2,12,62.528402941134736,73.03503354818312,53.24911448765392
P10,trial_15_R_unaffected,2,13,48.00209587659849,75.36851027785377,59.02897091277573
P10,trial_15_R_unaffected,2,23,49.59277298724128,72.76350414095265,58.49830953270427
P10,trial_15_R_unaffected,3,012,61.28320723200525,74.53260692270628,40.92034393591696
P10,trial_15_R_unaffected,3,013,51.04315220352135,77.23385453553894,53.41848480330708
P10,trial_15_R_unaffected,3,023,53.187811280464004,73.68050737524948,50.382586370061574
P10,trial_15_R_unaffected,3,123,48.263109181537146,73.40441052623636,51.610091117676276
P10,trial_15_R_unaffected,4,0123,51.878160100565154,73.87650006446985,46.83996439443506
P10,trial_16_R_unaffected,2,01,60.90782655779381,81.01557599750416,51.57835332319483
P10,trial_16_R_unaffected,2,02,61.54108720203858,73.49785800887253,42.94978406776882
P10,trial_16_R_unaffected,2,03,74.87336960482244,104.07947290935537,98.96971731344158
P10,trial_16_R_unaffected,2,12,63.146245658683455,74.63576236654514,52.83130922363528
P10,trial_16_R_unaffected,2,13,47.586893075436095,77.15277056034192,60.00255640087484
P10,trial_16_R_unaffected,2,23,49.41968530421239,72.97898668976246,61.41238347367056
P10,trial_16_R_unaffected,3,012,60.616167246708784,74.62228062047505,42.23250059839803
P10,trial_16_R_unaffected,3,013,50.1613000846723,78.60483765262995,54.33399856028013
P10,trial_16_R_unaffected,3,023,52.74043513108795,73.29725149435093,52.65042604563959
P10,trial_16_R_unaffected,3,123,48.39725127569955,73.97473866290167,54.51569744882282
P10,trial_16_R_unaffected,4,0123,51.49031039938471,74.12510924249575,49.17527494857389
P10,trial_17_R_unaffected,2,01,61.969271036175826,78.48343105830287,50.019165204545246
P10,trial_17_R_unaffected,2,02,62.414979495899274,74.09572735744435,45.149551387937095
P10,trial_17_R_unaffected,2,03,75.60828047255026,139.7841074509468,108.31974856568416
P10,trial_17_R_unaffected,2,12,62.15196774196419,74.78228419172551,52.600060599806696
P10,trial_17_R_unaffected,2,13,34.95361922677244,163.80371441939454,68.66143310545237
P10,trial_17_R_unaffected,2,23,45.20275979243434,94.07031258401524,61.55728674748844
P10,trial_17_R_unaffected,3,012,61.23924857657385,74.47265051345508,43.877682072332696
P10,trial_17_R_unaffected,3,013,51.44212821427544,107.10985647566618,53.865165535912396
P10,trial_17_R_unaffected,3,023,52.10902589359521,86.1952060762116,54.58087500978211
P10,trial_17_R_unaffected,3,123,44.363271924872265,91.59927693173529,54.23623724176042
P10,trial_17_R_unaffected,4,0123,50.8893580068997,84.49016362994841,50.36545025583101
P10,trial_18_R_unaffected,2,01,61.33761679200083,77.56539063368209,50.11926576095979
P10,trial_18_R_unaffected,2,02,61.94438188408599,73.91203152836083,43.3028212855165
P10,trial_18_R_unaffected,2,03,77.76351825869128,104.76644562853835,112.96607942614995
P10,trial_18_R_unaffected,2,12,62.67639419682655,73.93495911754113,56.56279205401868
P10,trial_18_R_unaffected,2,13,46.51460278685959,74.67346451587817,61.72515555012856
P10,trial_18_R_unaffected,2,23,47.351277589009165,73.24603143147216,60.714553668946884
P10,trial_18_R_unaffected,3,012,61.004482983714745,74.23375959495067,42.33561900796107
P10,trial_18_R_unaffected,3,013,49.447461911219335,76.22042214969456,54.80748255955393
P10,trial_18_R_unaffected,3,023,51.51397170412912,73.23778530857237,52.26796748475293
P10,trial_18_R_unaffected,3,123,46.58830843400474,73.25427950148985,52.424069844461435
P10,trial_18_R_unaffected,4,0123,50.4118014013246,73.35384748105898,47.75113491231729
P10,trial_19_R_unaffected,2,01,60.75374746575089,80.78632560346747,49.76018008161074
P10,trial_19_R_unaffected,2,02,62.178610940760876,75.16497640720007,43.17246108833222
P10,trial_19_R_unaffected,2,03,77.22235186156749,110.01777479286983,108.25021960831931
P10,trial_19_R_unaffected,2,12,62.38908950171219,75.33727670803262,50.247234140725226
P10,trial_19_R_unaffected,2,13,47.014453761326244,76.33922071960961,55.57523218846517
P10,trial_19_R_unaffected,2,23,49.409641359205196,73.5234964681739,60.31395440742122
P10,trial_19_R_unaffected,3,012,60.87893355309028,75.67587869520608,42.23681868442425
P10,trial_19_R_unaffected,3,013,49.784332545856316,78.16923170639144,51.29174814547052
P10,trial_19_R_unaffected,3,023,53.01393341612072,74.27680212468587,52.21040931552392
P10,trial_19_R_unaffected,3,123,47.88112234171673,74.00024776011512,53.14002875304655
P10,trial_19_R_unaffected,4,0123,51.33432313547568,74.51963487481476,48.370322318377255
P10,trial_1_R_unaffected,2,01,63.029411232428096,82.23684432136893,52.103534129789416
P10,trial_1_R_unaffected,2,02,63.28608352675293,72.73408298856965,45.68126058654081
P10,trial_1_R_unaffected,2,03,76.85998621136025,96.83874179026273,87.45262754667834
P10,trial_1_R_unaffected,2,12,64.08222488376607,75.27604274116933,50.14996718281844
P10,trial_1_R_unaffected,2,13,46.60762139224546,77.4291798822539,53.80410342913851
P10,trial_1_R_unaffected,2,23,48.83651343416883,71.53672033928423,57.440538677494814
P10,trial_1_R_unaffected,3,012,62.35212805833959,74.65693316353568,43.407071776336316
P10,trial_1_R_unaffected,3,013,50.11494668967509,78.58307273681955,51.30763930593472
P10,trial_1_R_unaffected,3,023,52.72438015282452,71.41918733708663,50.492087860290226
P10,trial_1_R_unaffected,3,123,47.81479182286331,72.87920206990124,48.93417945996471
P10,trial_1_R_unaffected,4,0123,51.56337537572163,73.17369238316415,45.964400623371645
P10,trial_23_R_unaffected,2,01,73.36361576014636,86.71084144951978,70.67446389942117
P10,trial_23_R_unaffected,2,02,75.51693699042117,76.9001568252782,66.37823749355296
P10,trial_23_R_unaffected,2,03,82.51344617090788,101.18757633830998,111.9305445023768
P10,trial_23_R_unaffected,2,12,74.90907296797553,77.42644444420833,64.21512901989523
P10,trial_23_R_unaffected,2,13,63.259986509361994,86.00213930258774,74.64700917602794
P10,trial_23_R_unaffected,2,23,68.33276628071033,76.1811774749822,75.69472785444232
P10,trial_23_R_unaffected,3,012,74.20379447152615,78.88961855267219,64.81195309507702
P10,trial_23_R_unaffected,3,013,64.54209718792688,86.78162589098193,73.32235635880777
P10,trial_23_R_unaffected,3,023,68.91635694130036,78.26714898788914,72.90421256935258
P10,trial_23_R_unaffected,3,123,66.06698342876089,79.55387052409219,71.0687351633443
P10,trial_23_R_unaffected,4,0123,67.5456942507945,80.14408404533168,69.61347473520705
P10,trial_24_R_unaffected,2,01,65.77742045089448,92.58921356144447,61.09840398241091
P10,trial_24_R_unaffected,2,02,66.97273439020496,79.91489464870601,53.50818869744158
P10,trial_24_R_unaffected,2,03,82.32502370005604,100.28698402259418,107.33016929884762
P10,trial_24_R_unaffected,2,12,65.25815901297597,79.96452274456787,55.28956133894684
P10,trial_24_R_unaffected,2,13,48.07466157333522,84.96440613082751,66.23872140074391
P10,trial_24_R_unaffected,2,23,52.36213944658577,79.63948917243079,70.60228304237955
P10,trial_24_R_unaffected,3,012,65.12155851803563,82.31392531972533,52.69867731000251
P10,trial_24_R_unaffected,3,013,51.71905802977422,86.06715444621918,62.849069589124284
P10,trial_24_R_unaffected,3,023,56.31641426348526,79.56872955336974,62.440435310367846
P10,trial_24_R_unaffected,3,123,50.174147276579255,80.9306063768567,62.933589703726746
P10,trial_24_R_unaffected,4,0123,54.26442419353391,81.23053398169633,58.68790466541673
P10,trial_25_R_unaffected,2,01,72.20306023230489,83.82138252891967,56.19042783097376
P10,trial_25_R_unaffected,2,02,71.11054865313557,72.09483385430971,52.80233162133447
P10,trial_25_R_unaffected,2,03,93.47795236746296,94.42009693611904,89.09533320007107
P10,trial_25_R_unaffected,2,12,64.97807633835671,75.63783526069909,56.95892074502379
P10,trial_25_R_unaffected,2,13,52.652242641831315,75.635010948216,60.936165910467246
P10,trial_25_R_unaffected,2,23,54.50041884534548,69.74093087945788,65.57179423612878
P10,trial_25_R_unaffected,3,012,69.52369623139833,74.807508524454,52.346439603707225
P10,trial_25_R_unaffected,3,013,57.31297345896521,77.8326363967407,57.15113299353135
P10,trial_25_R_unaffected,3,023,59.8756816378809,70.45673062277488,58.45618930553226
P10,trial_25_R_unaffected,3,123,53.38899107968265,70.99118562858897,56.93940061531298
P10,trial_25_R_unaffected,4,0123,58.344677287086945,72.16505572007985,53.98175316265294
P10,trial_26_R_unaffected,2,01,69.24334259808447,88.95281432947588,58.669567002220504
P10,trial_26_R_unaffected,2,02,70.76913043855242,79.1252378217961,54.388231520811715
P10,trial_26_R_unaffected,2,03,84.75446999144594,103.32350639677247,101.07729880161864
P10,trial_26_R_unaffected,2,12,67.0321305509059,79.49558749234878,58.275973676056104
P10,trial_26_R_unaffected,2,13,49.5383208116001,81.93675438551352,60.23956724573742
P10,trial_26_R_unaffected,2,23,56.45170184925841,76.21050346036864,61.98225521845878
P10,trial_26_R_unaffected,3,012,68.50028604795685,80.82035333809046,53.4086799639271
P10,trial_26_R_unaffected,3,013,54.06226435594593,84.4180193493443,59.5176925346912
P10,trial_26_R_unaffected,3,023,60.25441853714777,77.8605237903099,58.3790579065296
P10,trial_26_R_unaffected,3,123,53.58478373726349,77.88721386436171,56.927633015680414
P10,trial_26_R_unaffected,4,0123,57.750669724684265,79.22709742560973,55.48256480667968
P10,trial_27_R_unaffected,2,01,69.2751518920512,80.2989123432877,57.83550534927029
P10,trial_27_R_unaffected,2,02,69.34370677880834,72.78146898782197,53.79471660633935
P10,trial_27_R_unaffected,2,03,88.7993144024284,94.149515403015,93.8589327577845
P10,trial_27_R_unaffected,2,12,64.01381067144195,77.39481176709455,62.72484247581802
P10,trial_27_R_unaffected,2,13,49.80147688193674,76.66080751425889,63.71255296273569
P10,trial_27_R_unaffected,2,23,53.42742124584167,71.20256084517517,67.82311990018114
P10,trial_27_R_unaffected,3,012,67.5954576140844,74.77940523818609,54.6054801935032
P10,trial_27_R_unaffected,3,013,53.979667018380695,78.13231646681474,59.1489145870525
P10,trial_27_R_unaffected,3,023,57.744915135583746,72.09734790018615,60.787329307533895
P10,trial_27_R_unaffected,3,123,51.30997917889395,72.51906941172318,60.18564448604159
P10,trial_27_R_unaffected,4,0123,55.83348249260679,73.24071604650521,56.826178003164735
P10,trial_28_R_unaffected,2,01,67.4631866296383,81.6944579960507,53.122871921824725
P10,trial_28_R_unaffected,2,02,68.79976725494467,76.0893523340896,54.091456089052485
P10,trial_28_R_unaffected,2,03,81.17605865420619,100.20309544124882,111.82284325342872
P10,trial_28_R_unaffected,2,12,63.70727917892002,78.26819170891672,62.552250351669784
P10,trial_28_R_unaffected,2,13,46.353479046424575,79.69614221083316,64.09754105356416
P10,trial_28_R_unaffected,2,23,52.492826061097674,76.22058578082436,67.25668887602005
P10,trial_28_R_unaffected,3,012,66.74618983214216,77.12511811799081,53.73335450039794
P10,trial_28_R_unaffected,3,013,51.11149753843286,81.5347991780807,58.898985746052446
P10,trial_28_R_unaffected,3,023,56.87707683687305,77.16133093286496,61.160039942179594
P10,trial_28_R_unaffected,3,123,49.86392224365982,76.74016917805024,61.934609877009926
P10,trial_28_R_unaffected,4,0123,54.701862011902655,77.4082136938522,58.11230016777989
P10,trial_2_R_unaffected,2,01,62.413414984461525,76.06168377916505,53.72792169906908
P10,trial_2_R_unaffected,2,02,61.925975847405546,72.69693596405001,49.64819120359991
P10,trial_2_R_unaffected,2,03,73.98063559135642,95.47495757890299,97.31213319924608
P10,trial_2_R_unaffected,2,12,61.990463743662225,74.43209948874978,53.63766244536756
P10,trial_2_R_unaffected,2,13,45.646653170025154,72.95253581285172,55.753423305201494
P10,trial_2_R_unaffected,2,23,47.760631843545504,69.87764286599318,59.79090021382766
P10,trial_2_R_unaffected,3,012,61.19481441164734,72.81458892026893,47.10800792602213
P10,trial_2_R_unaffected,3,013,48.880991613973436,74.26655172007912,53.38413117491581
P10,trial_2_R_unaffected,3,023,51.49458554533724,70.62598037359693,53.90438250065672
P10,trial_2_R_unaffected,3,123,46.7517315521523,70.11724944757978,51.540945786450514
P10,trial_2_R_unaffected,4,0123,50.39182359880683,70.80618008329687,49.14889999453227
P10,trial_31_R_unaffected,2,01,65.09755414644856,82.25814626609363,46.57758003164691
P10,trial_31_R_unaffected,2,02,66.6693001477887,69.56940651557196,41.898195367570445
P10,trial_31_R_unaffected,2,03,103.83172446747223,99.79233254586087,85.25385701003611
P10,trial_31_R_unaffected,2,12,67.01857610737478,71.20334568270673,50.8622823485724
P10,trial_31_R_unaffected,2,13,47.22950901214246,75.22747446979112,52.372574056353834
P10,trial_31_R_unaffected,2,23,45.261453263329116,71.54119543247451,63.65630289262712
P10,trial_31_R_unaffected,3,012,65.05901015947988,72.00471499730598,40.03771453605627
P10,trial_31_R_unaffected,3,013,51.73304093476652,76.83158994777664,47.9621067601556
P10,trial_31_R_unaffected,3,023,52.97591217407286,70.78150963814267,52.530844271420236
P10,trial_31_R_unaffected,3,123,45.297813930868564,71.95621849941975,52.223914040589236
P10,trial_31_R_unaffected,4,0123,51.35846946471409,71.91263818772376,46.3656530112807
P10,trial_32_R_unaffected,2,01,67.11517657183178,82.23470769826996,52.22177899406727
P10,trial_32_R_unaffected,2,02,67.1926282983444,71.70824989811285,46.229043530388985
P10,trial_32_R_unaffected,2,03,112.57568731193763,102.41094330641926,94.35725568024138
P10,trial_32_R_unaffected,2,12,64.10950066610698,73.49387522447012,54.1242172904521
P10,trial_32_R_unaffected,2,13,48.88859985690592,74.38204205444708,56.72760174315077
P10,trial_32_R_unaffected,2,23,43.12010734920343,72.97627404234757,68.38478890190777
P10,trial_32_R_unaffected,3,012,65.4584364418922,73.85017200725031,45.91469853848425
P10,trial_32_R_unaffected,3,013,53.59757973290708,76.24387927754798,50.945411171809205
P10,trial_32_R_unaffected,3,023,52.52043827498391,71.79407740402414,56.26712481672593
P10,trial_32_R_unaffected,3,123,44.16585811461834,72.36855143693654,55.221439805715534
P10,trial_32_R_unaffected,4,0123,51.112402357657956,72.52063214985687,49.857679953361604
P10,trial_33_R_unaffected,2,01,70.33882258941532,92.12870369337112,68.72303550217332
P10,trial_33_R_unaffected,2,02,70.5324318937237,84.67023768513103,67.15101068865327
P10,trial_33_R_unaffected,2,03,110.16336557247391,106.41981423092145,110.76176664181507
P10,trial_33_R_unaffected,2,12,68.1209701958145,86.60047334296131,63.27739791640941
P10,trial_33_R_unaffected,2,13,51.117070973213224,82.71224339869315,69.99992501290384
P10,trial_33_R_unaffected,2,23,48.79516851216996,83.02718853423512,83.59560256924003
P10,trial_33_R_unaffected,3,012,68.81281826967395,86.25712209897772,64.03101182321875
P10,trial_33_R_unaffected,3,013,55.913885849225544,85.17551893898437,68.94413880605107
P10,trial_33_R_unaffected,3,023,57.03294761757105,83.01757683491643,74.97468253817303
P10,trial_33_R_unaffected,3,123,48.946080522779056,82.45034940024341,71.89963575461098
P10,trial_33_R_unaffected,4,0123,55.227688433204385,83.26891170440753,69.02787935256687
P10,trial_34_R_unaffected,2,01,66.71253689713532,82.36940355575331,55.39466535756354
P10,trial_34_R_unaffected,2,02,67.34035012336655,72.36550293567433,56.852115316911764
P10,trial_34_R_unaffected,2,03,111.41539172628907,105.05485462740242,108.38546254696088
P10,trial_34_R_unaffected,2,12,63.788941697599824,77.38175922417147,73.70093884223746
P10,trial_34_R_unaffected,2,13,48.00372612990102,78.27832455783242,69.05811757522427
P10,trial_34_R_unaffected,2,23,42.9585157210227,75.25846395648784,84.34941683129098
P10,trial_34_R_unaffected,3,012,65.46700879326754,74.9291728173568,58.074611414473544
P10,trial_34_R_unaffected,3,013,52.74881218202356,79.2521847704923,61.4243554034532
P10,trial_34_R_unaffected,3,023,52.33107487748125,73.91630444484964,70.93336244376292
P10,trial_34_R_unaffected,3,123,43.65182611730435,75.04272711729878,73.40123171456241
P10,trial_34_R_unaffected,4,0123,50.63260787940244,74.74684913414819,65.60086340083234
P10,trial_35_R_unaffected,2,01,70.94002565760567,83.39989512096389,58.84664611426823
P10,trial_35_R_unaffected,2,02,71.62035159360934,75.62641912363466,56.0582761096577
P10,trial_35_R_unaffected,2,03,104.6765567030638,101.24258609873822,109.58245914182424
P10,trial_35_R_unaffected,2,12,65.43477417507378,79.06201515342865,69.4241590572942
P10,trial_35_R_unaffected,2,13,51.57441260965809,83.58626994742706,71.45508464916239
P10,trial_35_R_unaffected,2,23,50.87249215456068,80.05123266321574,80.50700652237774
P10,trial_35_R_unaffected,3,012,69.25694154237009,77.47207801411389,56.3735259908061
P10,trial_35_R_unaffected,3,013,56.65911146184493,83.87672257355486,65.9388558486859
P10,trial_35_R_unaffected,3,023,58.3862818274109,78.4987980161886,69.40613778759668
P10,trial_35_R_unaffected,3,123,50.3657588464119,79.58539439896518,71.92428235576766
P10,trial_35_R_unaffected,4,0123,56.445381702983745,78.9324310150403,65.14927845573582
P10,trial_36_R_unaffected,2,01,68.61084511968835,90.6229272097905,58.864727377622856
P10,trial_36_R_unaffected,2,02,69.22377764475935,80.24353398406295,54.71178922988476
P10,trial_36_R_unaffected,2,03,106.10995697502445,107.34879586868696,115.11506801553384
P10,trial_36_R_unaffected,2,12,65.93409400491285,81.01551471065608,56.65226983481989
P10,trial_36_R_unaffected,2,13,46.16067698203903,83.77887304906496,68.72494415328609
P10,trial_36_R_unaffected,2,23,46.407771200265444,81.52586596862882,75.28812787104023
P10,trial_36_R_unaffected,3,012,67.20854502712164,82.33318966912891,52.73852969234561
P10,trial_36_R_unaffected,3,013,51.65926364309397,85.32120087204092,64.65970729914417
P10,trial_36_R_unaffected,3,023,54.83541896807979,80.35248252431212,64.879893289018
P10,trial_36_R_unaffected,3,123,46.059242057476716,81.11269853806685,65.97284731416698
P10,trial_36_R_unaffected,4,0123,52.63266814746657,81.20439218368462,60.75629677577463
P10,trial_37_R_unaffected,2,01,70.6854053495951,88.35640165306671,61.216345054984345
P10,trial_37_R_unaffected,2,02,71.68938033882046,76.46162094312442,56.75706704977346
P10,trial_37_R_unaffected,2,03,99.62530117974053,103.14254847253872,128.14633325453732
P10,trial_37_R_unaffected,2,12,68.6886054358732,75.16024857982691,52.143894287704335
P10,trial_37_R_unaffected,2,13,49.78198981394138,78.47073295180566,66.87581981750125
P10,trial_37_R_unaffected,2,23,52.24207862907498,75.45958382915623,70.22795526826452
P10,trial_37_R_unaffected,3,012,69.69031999540945,78.6022355451751,54.30823092965975
P10,trial_37_R_unaffected,3,013,54.888247397908984,80.46857220836142,63.50004814387816
P10,trial_37_R_unaffected,3,023,59.00716972488625,75.0482478237243,62.91246535153322
P10,trial_37_R_unaffected,3,123,51.09445305340026,75.17566346542823,61.59475598818689
P10,trial_37_R_unaffected,4,0123,56.781462042306735,76.08570013097972,58.78292940425264
P10,trial_38_R_unaffected,2,01,66.36619149824715,89.45444458909927,59.23877563706567
P10,trial_38_R_unaffected,2,02,67.64600978710149,81.84316621968323,57.597661065991176
P10,trial_38_R_unaffected,2,03,100.15769811765087,115.84457725972116,113.81570892592411
P10,trial_38_R_unaffected,2,12,61.66726820975481,85.68473765655001,70.20664459144973
P10,trial_38_R_unaffected,2,13,45.081028052740436,85.42964904084303,68.4713731272303
P10,trial_38_R_unaffected,2,23,46.231891679011746,83.33936354778344,76.54418289301458
P10,trial_38_R_unaffected,3,012,65.3415529234241,83.70991124180749,58.72666954606101
P10,trial_38_R_unaffected,3,013,50.398995598510716,87.8345124854411,64.17989969055495
P10,trial_38_R_unaffected,3,023,53.709574183044616,83.02995404136615,66.71572942992222
P10,trial_38_R_unaffected,3,123,45.05621645035656,83.41137895429456,69.70663208685744
P10,trial_38_R_unaffected,4,0123,51.434601671842266,83.629054535934,63.89406174045275
P10,trial_39_R_unaffected,2,01,66.90674921125448,79.57088479978047,47.20211897339933
P10,trial_39_R_unaffected,2,02,69.20466587908099,71.51920977550395,45.71365909612087
P10,trial_39_R_unaffected,2,03,95.96133330004044,103.45132455083989,105.3749471087183
P10,trial_39_R_unaffected,2,12,65.27592755591911,74.48056396068115,56.65584928400889
P10,trial_39_R_unaffected,2,13,45.56836272750118,74.43312210956826,54.8048237660671
P10,trial_39_R_unaffected,2,23,48.2817410725745,71.36393601904167,62.268633502462414
P10,trial_39_R_unaffected,3,012,66.91785747090239,73.22767371091949,45.96854625785499
P10,trial_39_R_unaffected,3,013,51.01221077411191,76.27965298076428,50.480118885923076
P10,trial_39_R_unaffected,3,023,55.28255806265181,71.29179122946253,53.2824317257023
P10,trial_39_R_unaffected,3,123,46.99014144507924,71.76452822827679,54.68743450965868
P10,trial_39_R_unaffected,4,0123,53.01176402733525,72.14605606136622,49.68288422964245
P10,trial_3_R_unaffected,2,01,62.03924065877344,76.32777092655337,51.86958302129352
P10,trial_3_R_unaffected,2,02,61.11381864663866,74.5106180635232,46.47255017096762
P10,trial_3_R_unaffected,2,03,77.27540676141543,104.15349539681422,102.77098494222159
P10,trial_3_R_unaffected,2,12,60.388976438786905,73.93338819197585,51.153095374969936
P10,trial_3_R_unaffected,2,13,45.37862935120342,71.65693309151227,56.780406823090495
P10,trial_3_R_unaffected,2,23,47.28009367292105,72.73199523153853,60.94979557475143
P10,trial_3_R_unaffected,3,012,59.81490960005733,73.92655784568784,44.142375795641755
P10,trial_3_R_unaffected,3,013,48.52990551108448,73.34305375088347,53.05247834672741
P10,trial_3_R_unaffected,3,023,51.15477372368075,72.95296232177373,53.27852109360394
P10,trial_3_R_unaffected,3,123,45.92959702103078,71.55958893638784,51.83400161676711
P10,trial_3_R_unaffected,4,0123,49.65052968110148,72.05633060618163,48.31185118962147
P10,trial_44_L_affected,2,01,36.16322313621024,79.8287964857165,67.93811497757082
P10,trial_44_L_affected,2,02,30.941770527958695,63.69589704779154,45.85138306712505
P10,trial_44_L_affected,2,03,78.33284884979888,91.85638332898378,82.94780266648166
P10,trial_44_L_affected,2,12,49.66664512139784,57.41232028276053,31.641391488735096
P10,trial_44_L_affected,2,13,41.94786344365157,66.47436993277623,31.13573273223245
P10,trial_44_L_affected,2,23,35.212442106667574,63.85976812675136,29.47850328061346
P10,trial_44_L_affected,3,012,31.93595244692437,65.5018411963249,46.054707955207604
P10,trial_44_L_affected,3,013,38.32468359552884,67.66419780521261,37.2339037342962
P10,trial_44_L_affected,3,023,31.74644837242159,60.337821542488946,32.26978491010272
P10,trial_44_L_affected,3,123,38.01166779048522,62.113261538325,26.455369310926525
P10,trial_44_L_affected,4,0123,33.3140475648349,62.28550335850535,32.494736116808205
P10,trial_45_L_affected,2,01,36.06792480909837,82.11354261383765,71.57450507949527
P10,trial_45_L_affected,2,02,30.022838106892454,61.12340880695641,48.26537553749955
P10,trial_45_L_affected,2,03,90.58247044629094,93.73029103173603,126.86938929987939
P10,trial_45_L_affected,2,12,47.703846657293155,52.93413387900013,35.7615854345681
P10,trial_45_L_affected,2,13,43.48625471003382,65.01378333372462,30.007583470491547
P10,trial_45_L_affected,2,23,37.24032386287431,59.323624388730806,26.977560854579817
P10,trial_45_L_affected,3,012,30.720347819582063,63.902634102043734,48.406021724913
P10,trial_45_L_affected,3,013,39.457988606323205,66.3445250706961,33.36781491354268
P10,trial_45_L_affected,3,023,32.421602932815205,56.68866242568385,30.002215241353923
P10,trial_45_L_affected,3,123,39.18810153704596,58.91206704806201,24.233741243328907
P10,trial_45_L_affected,4,0123,33.73436471397463,59.67163576130481,30.338021906592385
P10,trial_46_L_affected,2,01,34.29523577752684,84.05497094233294,74.14298200767867
P10,trial_46_L_affected,2,02,30.071660811864604,61.710643814893224,52.11554935031894
P10,trial_46_L_affected,2,03,83.0955922652987,93.4033917832692,199.21190097641542
P10,trial_46_L_affected,2,12,46.473285201247734,52.69094385711197,37.23101909988598
P10,trial_46_L_affected,2,13,41.96198922861627,60.65045123400692,26.275779507579227
P10,trial_46_L_affected,2,23,36.37913795158875,57.23009306281627,24.863036768770243
P10,trial_46_L_affected,3,012,30.151022658140228,64.62669529603221,51.705267783121805
P10,trial_46_L_affected,3,013,38.24079123971281,63.440250538970865,31.344359405696096
P10,trial_46_L_affected,3,023,32.15455796155853,55.13331189503667,31.090826903769667
P10,trial_46_L_affected,3,123,38.193573477647924,56.38830388585526,22.125909348460574
P10,trial_46_L_affected,4,0123,33.117234392969245,58.123876053381636,30.664613916488985
P10,trial_47_L_affected,2,01,33.235448541182215,80.89419757930594,71.914660563677
P10,trial_47_L_affected,2,02,29.53190960413013,61.33991575654386,52.176100359692946
P10,trial_47_L_affected,2,03,84.56076958023155,93.04509687470316,174.93087194252823
P10,trial_47_L_affected,2,12,45.473194880224575,53.27418607852115,37.37453681167813
P10,trial_47_L_affected,2,13,40.750585388196434,60.94251998827173,28.98716925133147
P10,trial_47_L_affected,2,23,35.43061632104358,58.046533235690895,27.54796796643773
P10,trial_47_L_affected,3,012,29.782714349421838,63.87693708432039,51.85468364396017
P10,trial_47_L_affected,3,013,37.612660937336074,62.428603709607394,31.228845962754715
P10,trial_47_L_affected,3,023,32.44518246502762,55.476035225410804,31.86019355673957
P10,trial_47_L_affected,3,123,37.51009208872215,57.00265811718344,23.896242503398362
P10,trial_47_L_affected,4,0123,33.12014269951446,58.06382289046591,31.2831997639541
P10,trial_48_L_affected,2,01,35.919233875970896,86.36046335181838,74.62329156404398
P10,trial_48_L_affected,2,02,29.10835620042261,63.014258079614144,53.02248882183582
P10,trial_48_L_affected,2,03,97.86715969465955,93.8223401282756,213.61921011433586
P10,trial_48_L_affected,2,12,45.873940658959,53.09405256850536,38.29710125048035
P10,trial_48_L_affected,2,13,41.00979333555087,63.50703387559138,31.561979813701335
P10,trial_48_L_affected,2,23,35.004949785903925,58.37499856097917,28.1858308772742
P10,trial_48_L_affected,3,012,29.98479989207339,65.97774813926021,52.691928987486165
P10,trial_48_L_affected,3,013,37.16855511272175,65.61814819353388,33.97791147457077
P10,trial_48_L_affected,3,023,30.987601664806615,56.13482847046661,32.74229595577811
P10,trial_48_L_affected,3,123,37.13419475331452,57.71626263733506,24.542097667838892
P10,trial_48_L_affected,4,0123,32.023228109277774,59.42474326276871,32.36289034990468
P10,trial_49_L_affected,2,01,34.29061615956978,87.41283545497758,76.59196412873096
P10,trial_49_L_affected,2,02,28.588958895817854,63.262954669547256,55.93912766883036
P10,trial_49_L_affected,2,03,85.45991480300242,90.8564526916338,219.37766497754484
P10,trial_49_L_affected,2,12,45.209704596722005,53.56074012834121,40.36966539054767
P10,trial_49_L_affected,2,13,39.06965919340038,62.86983308932844,31.385542947324492
P10,trial_49_L_affected,2,23,33.26930043445987,58.18429228248227,31.68310848526894
P10,trial_49_L_affected,3,012,28.49015694923828,66.63906882754648,55.10416484069331
P10,trial_49_L_affected,3,013,35.45487186596753,64.81323958156888,35.25074241080545
P10,trial_49_L_affected,3,023,30.659416146892134,55.636791560550726,35.82531232315026
P10,trial_49_L_affected,3,123,35.77186258667488,57.372556634396105,27.47599500409101
P10,trial_49_L_affected,4,0123,31.028744705518413,59.22894763890064,34.89358072830488
P10,trial_4_R_unaffected,2,01,63.08166620401722,74.01967331923579,50.216509698661376
P10,trial_4_R_unaffected,2,02,62.14155049684011,73.4729606821515,46.425815056760285
P10,trial_4_R_unaffected,2,03,76.11238249094349,107.11310807733302,100.6561518358544
P10,trial_4_R_unaffected,2,12,60.91622936534446,73.06559147600704,48.86559867510159
P10,trial_4_R_unaffected,2,13,46.55534526512301,72.0966469824161,57.806164800994466
P10,trial_4_R_unaffected,2,23,47.89447213908743,72.11204508015393,59.78845432618838
P10,trial_4_R_unaffected,3,012,61.25749543497812,72.69018190724998,44.35716531858791
P10,trial_4_R_unaffected,3,013,49.51009934606032,73.8204271621818,52.926837131791444
P10,trial_4_R_unaffected,3,023,51.69903790631693,72.90988858947806,53.04674181238876
P10,trial_4_R_unaffected,3,123,46.803584395188636,71.1798936372727,51.88889452761443
P10,trial_4_R_unaffected,4,0123,50.59629467987624,71.78977028148776,48.59701974899319
P10,trial_50_L_affected,2,01,35.313151190624005,85.38124167141514,77.68992687587951
P10,trial_50_L_affected,2,02,28.361506704944517,61.806856149565476,51.77823762092425
P10,trial_50_L_affected,2,03,78.72990824209587,84.17326401172026,168.42071801915426
P10,trial_50_L_affected,2,12,46.990478411939065,53.11473691720091,36.14274506309397
P10,trial_50_L_affected,2,13,39.614332023397395,65.58141486942094,30.38039266157326
P10,trial_50_L_affected,2,23,32.43459207838122,58.44749111358202,28.06897373149752
P10,trial_50_L_affected,3,012,29.173040986463803,65.15885805521077,51.897838977511576
P10,trial_50_L_affected,3,013,36.01903691079148,66.43735261612784,36.56376281585764
P10,trial_50_L_affected,3,023,29.864481308116414,55.72312747619358,32.26797795672794
P10,trial_50_L_affected,3,123,35.60017203867846,58.42849125107182,24.94623489231119
P10,trial_50_L_affected,4,0123,31.059827516435643,59.51414370846028,32.5675360373242
P10,trial_51_L_affected,2,01,31.248656080892495,83.32546226838782,76.20437494610177
P10,trial_51_L_affected,2,02,28.1670202123206,61.64941518060152,55.10542007748115
P10,trial_51_L_affected,2,03,69.57418354372919,86.33706514222875,170.8863807900664
P10,trial_51_L_affected,2,12,45.08951016409161,53.91544297786005,39.36216764272686
P10,trial_51_L_affected,2,13,36.652448927455325,61.84433231780447,27.77251429273958
P10,trial_51_L_affected,2,23,31.36319837512497,56.55064271856968,28.407623982084857
P10,trial_51_L_affected,3,012,28.19846437831108,64.75126870768679,54.78121146795867
P10,trial_51_L_affected,3,013,33.899861218315706,63.76584543482214,36.23629897310365
P10,trial_51_L_affected,3,023,29.500558158635947,54.810839692375644,34.98077735619237
P10,trial_51_L_affected,3,123,33.80126934297688,56.652337617083674,25.745987730393445
P10,trial_51_L_affected,4,0123,30.03305396804095,58.28745358585364,35.067751342632974
P10,trial_52_L_affected,2,01,34.765734905604056,83.64287210810504,72.40296774959427
P10,trial_52_L_affected,2,02,28.980564854545594,62.16498386442317,49.89949518416508
P10,trial_52_L_affected,2,03,77.23561911256802,86.28432543656979,146.30549936698324
P10,trial_52_L_affected,2,12,46.111500920868096,54.03124567663437,34.883835185942814
P10,trial_52_L_affected,2,13,37.139850122812,65.82308837846091,31.100596520719435
P10,trial_52_L_affected,2,23,31.5913925533939,59.63930884612399,30.547478655333748
P10,trial_52_L_affected,3,012,29.268870502407836,65.04291701845538,49.7812597344897
P10,trial_52_L_affected,3,013,34.09065937657861,66.81841314947408,36.05720859780074
P10,trial_52_L_affected,3,023,29.85438666547538,56.91677329307619,33.43105261106541
P10,trial_52_L_affected,3,123,34.22399717338412,59.42193325633378,26.41384361412886
P10,trial_52_L_affected,4,0123,30.220670104205336,60.25095842934431,33.17346186401594
P10,trial_53_L_affected,2,01,32.80619281866168,85.6673448590813,76.41503710023814
P10,trial_53_L_affected,2,02,27.104698691765226,64.24645958845001,54.001501125876544
P10,trial_53_L_affected,2,03,79.5229694569221,84.40036953599073,171.6986343678845
P10,trial_53_L_affected,2,12,45.85680280719653,55.4833938050034,38.80584738428049
P10,trial_53_L_affected,2,13,38.90330308290437,62.916734513731804,30.97926968290323
P10,trial_53_L_affected,2,23,33.37165871390907,58.728110064041516,27.635842887505838
P10,trial_53_L_affected,3,012,27.89688462523766,66.981120114932,54.12075584807115
P10,trial_53_L_affected,3,013,35.05310678733471,64.9769392047933,34.94768390520943
P10,trial_53_L_affected,3,023,29.25957861996774,56.860952615402944,33.233045183814504
P10,trial_53_L_affected,3,123,35.33305943536176,58.205391957348624,24.667112577518665
P10,trial_53_L_affected,4,0123,30.13216196128654,60.01062783568207,33.43346416187235
P10,trial_54_L_affected,2,01,33.231203701915895,86.73544103420588,77.33650535689726
P10,trial_54_L_affected,2,02,28.385870640521944,64.33762630251799,56.26464135997562
P10,trial_54_L_affected,2,03,86.437438407387,83.8797722521064,150.02043288039653
P10,trial_54_L_affected,2,12,46.337718960009944,56.161384308651954,38.08397333972855
P10,trial_54_L_affected,2,13,38.76084747135955,62.696645637208306,28.759965749295876
P10,trial_54_L_affected,2,23,33.90106076692681,59.68936705058771,30.02998565180351
P10,trial_54_L_affected,3,012,28.232493707238728,67.57206427997156,55.7580341585421
P10,trial_54_L_affected,3,013,35.047300129147764,64.84119871704519,35.68687193366973
P10,trial_54_L_affected,3,023,30.94901115141397,56.879161018376614,35.981219343833345
P10,trial_54_L_affected,3,123,36.1684844903617,58.589254222106824,26.045835867964904
P10,trial_54_L_affected,4,0123,31.135704962115042,60.23497949571349,35.31167489875495
P10,trial_55_L_affected,2,01,33.89159068341732,83.7632807941952,72.31459717312448
P10,trial_55_L_affected,2,02,28.81974500274793,65.47800117733107,53.23640529607167
P10,trial_55_L_affected,2,03,71.36353771759045,92.02646354970065,305.9972912379209
P10,trial_55_L_affected,2,12,47.324771519068136,58.49830243657507,37.354481598825046
P10,trial_55_L_affected,2,13,40.603619590714914,62.39004931888446,28.34581139102396
P10,trial_55_L_affected,2,23,35.48747000005056,61.58941338227959,29.302042895429153
P10,trial_55_L_affected,3,012,29.396446603742287,67.78034535824033,52.92469538092843
P10,trial_55_L_affected,3,013,36.796384346273,63.89425008839389,34.888572241985365
P10,trial_55_L_affected,3,023,31.97450534395658,58.42876309500812,34.67459893474922
P10,trial_55_L_affected,3,123,37.894631272504114,59.78205134994886,25.926770274310297
P10,trial_55_L_affected,4,0123,32.746427344565035,60.92826382775012,34.37313691144926
P10,trial_56_L_affected,2,01,34.02714080146888,84.73485092220668,71.41583430772727
P10,trial_56_L_affected,2,02,28.530393475254105,65.70597665269459,53.54609432926385
P10,trial_56_L_affected,2,03,88.5460517682536,80.29759767569949,163.3708786522438
P10,trial_56_L_affected,2,12,46.985454320694046,58.945014331544826,38.735400484107565
P10,trial_56_L_affected,2,13,39.006999413132505,62.75779142044342,28.83102982785943
P10,trial_56_L_affected,2,23,33.26204369359971,62.050443345778106,29.743760547410307
P10,trial_56_L_affected,3,012,29.1958332672015,68.25260033465817,53.05645745836353
P10,trial_56_L_affected,3,013,35.48182793029291,64.06769280403283,33.125019826432684
P10,trial_56_L_affected,3,023,30.855915657503722,58.59299547716885,34.57226955749385
P10,trial_56_L_affected,3,123,36.15576153075396,59.98080969555816,25.80455216625296
P10,trial_56_L_affected,4,0123,31.5977676976655,61.2118906927894,33.690967303550174
P10,trial_57_L_affected,2,01,35.68456263703557,88.42513632543788,77.50619643408305
P10,trial_57_L_affected,2,02,28.145846273187498,64.57755826145684,53.609858846444105
P10,trial_57_L_affected,2,03,104.7892136585281,83.88364421806294,230.91926842004938
P10,trial_57_L_affected,2,12,47.423079823948925,56.17406935305526,34.95536121178497
P10,trial_57_L_affected,2,13,40.28373103588527,66.11543176154875,31.64447023852359
P10,trial_57_L_affected,2,23,34.581067189983635,60.908009018845924,30.056263626359158
P10,trial_57_L_affected,3,012,28.671456232736478,68.20682246956768,53.75255588851911
P10,trial_57_L_affected,3,013,35.90557389719297,67.3508609041526,37.78288319857642
P10,trial_57_L_affected,3,023,31.66418477734401,57.80533008279524,34.964031597249395
P10,trial_57_L_affected,3,123,37.37878736177032,60.373363396048305,26.53798674432478
P10,trial_57_L_affected,4,0123,31.97166522250087,61.64773516274357,34.98445589497336
P10,trial_58_L_affected,2,01,33.52346046687158,86.38732034809136,74.78861928353396
P10,trial_58_L_affected,2,02,27.566710277283534,63.50568927968164,54.052565694442
P10,trial_58_L_affected,2,03,87.90354314316463,82.50975686730827,137.38538924999034
P10,trial_58_L_affected,2,12,45.87150929036474,55.523329619680936,37.28716533781035
P10,trial_58_L_affected,2,13,40.39822986283828,64.38121663370623,29.06231155833767
P10,trial_58_L_affected,2,23,35.10602188985045,58.80345494964582,29.645006372585396
P10,trial_58_L_affected,3,012,28.166093750472598,67.15942347131381,53.50586261713947
P10,trial_58_L_affected,3,013,36.268027638621305,66.05022393214549,35.95379325797514
P10,trial_58_L_affected,3,023,31.09462932792468,56.53464357649952,35.05082691437084
P10,trial_58_L_affected,3,123,37.16364257212252,58.98549914766124,26.43478533521244
P10,trial_58_L_affected,4,0123,31.65109650530654,60.49604467495259,34.742250887195425
P10,trial_59_L_affected,2,01,34.80340989214013,87.43828954277733,76.81631782124296
P10,trial_59_L_affected,2,02,28.1580053066956,63.7331024455103,56.375715974379254
P10,trial_59_L_affected,2,03,93.84754495637422,85.27723974192406,162.11189833379996
P10,trial_59_L_affected,2,12,46.90008140752647,55.87924867852747,37.26715855710991
P10,trial_59_L_affected,2,13,40.39091720696513,63.81817803619794,31.412683982984337
P10,trial_59_L_affected,2,23,35.51866828006524,59.13725360997827,32.65483963228003
P10,trial_59_L_affected,3,012,28.08758114838061,67.48249310424337,55.82569147875501
P10,trial_59_L_affected,3,013,36.09163084342691,65.75108583519916,37.53370166046486
P10,trial_59_L_affected,3,023,32.011587104678945,56.429864052868574,37.60594059654201
P10,trial_59_L_affected,3,123,37.71660476376029,58.785568264554044,28.460756248710183
P10,trial_59_L_affected,4,0123,31.971146764475595,60.34821062592964,36.778219521351524
P10,trial_5_R_unaffected,2,01,61.90745613577641,78.81201602730305,51.38985243101628
P10,trial_5_R_unaffected,2,02,62.41677271337392,73.08256793879333,47.56444681963172
P10,trial_5_R_unaffected,2,03,69.39072532406651,100.17856697920497,100.26867096275092
P10,trial_5_R_unaffected,2,12,63.70358637231017,75.53606136725284,52.43943036511937
P10,trial_5_R_unaffected,2,13,50.02696166891324,75.59403309629727,55.845503215067765
P10,trial_5_R_unaffected,2,23,52.966879168183695,70.71800429314602,56.986523989093335
P10,trial_5_R_unaffected,3,012,61.85772885646202,74.0508344615889,46.47476032844115
P10,trial_5_R_unaffected,3,013,51.60071624742456,77.48226235023334,52.41319097597266
P10,trial_5_R_unaffected,3,023,54.75149511574988,72.3562290490292,52.209341102970214
P10,trial_5_R_unaffected,3,123,51.578330328454946,72.06355350213644,50.875041742539395
P10,trial_5_R_unaffected,4,0123,53.79264521185325,72.98441804308173,48.69344033194169
P10,trial_60_L_affected,2,01,34.41023262665097,85.98374534651836,78.20169805376733
P10,trial_60_L_affected,2,02,26.523970077009594,63.014119796851254,52.86307546659222
P10,trial_60_L_affected,2,03,96.85295098016928,95.93832337415064,107.45779045204503
P10,trial_60_L_affected,2,12,45.27023060878082,55.20845339266893,33.79829446633045
P10,trial_60_L_affected,2,13,42.27740606163581,66.54973459619313,30.238456634254337
P10,trial_60_L_affected,2,23,36.490965449976464,61.04051843027018,27.707841536605393
P10,trial_60_L_affected,3,012,27.65359300202336,66.66064773213787,53.37406554961933
P10,trial_60_L_affected,3,013,37.196162325237566,67.66982557645665,35.978044271773
P10,trial_60_L_affected,3,023,29.87546773817256,57.71664539501679,32.664238637160885
P10,trial_60_L_affected,3,123,38.1691215652925,60.42596715426501,24.168012385195997
P10,trial_60_L_affected,4,0123,31.186025802617685,61.224785203282224,33.00403257218002
P10,trial_61_L_affected,2,01,33.16001325006041,77.26830552513586,69.04254670386845
P10,trial_61_L_affected,2,02,28.998431514812257,60.23473237029378,48.75714464379651
P10,trial_61_L_affected,2,03,84.06900866405502,97.58749046800396,104.83877410779917
P10,trial_61_L_affected,2,12,44.612397819183286,54.691582323956666,32.842319268899566
P10,trial_61_L_affected,2,13,40.27843542159617,63.58553914314378,27.71515849808246
P10,trial_61_L_affected,2,23,34.703013045902345,60.09146369719899,27.110781335337062
P10,trial_61_L_affected,3,012,29.681302510145528,62.72475684959138,48.70654480517198
P10,trial_61_L_affected,3,013,37.03595461935928,64.06987908957822,31.551517448072758
P10,trial_61_L_affected,3,023,31.32034674994929,56.58845239535091,30.52156766122257
P10,trial_61_L_affected,3,123,36.98185454944786,59.147912616973265,23.769370805204694
P10,trial_61_L_affected,4,0123,32.35842847615308,59.10695673341683,30.382346353421696
P10,trial_62_L_affected,2,01,34.65614364819843,83.51013383719838,74.62501856303369
P10,trial_62_L_affected,2,02,26.643841242975775,58.71725526872041,50.1846655789729
P10,trial_62_L_affected,2,03,87.16277104338727,92.82401140484778,112.21068722644968
P10,trial_62_L_affected,2,12,44.518386412645235,50.06620575962785,32.49975305195762
P10,trial_62_L_affected,2,13,41.096956211321576,67.43254883902694,30.53456092608914
P10,trial_62_L_affected,2,23,34.148890294367206,58.27953063791185,29.81149889816149
P10,trial_62_L_affected,3,012,28.489708373087964,62.683537139193504,50.262136945671195
P10,trial_62_L_affected,3,013,37.18302793760746,68.14333978585081,35.827740358015
P10,trial_62_L_affected,3,023,29.694518941090294,55.16802289349839,32.93857744204574
P10,trial_62_L_affected,3,123,36.739329282087475,58.866456556034066,26.16215499713884
P10,trial_62_L_affected,4,0123,31.369577956062816,59.2993449761445,32.97937053338137
P10,trial_63_L_affected,2,01,33.95295943828597,82.35926899855495,72.63387808763987
P10,trial_63_L_affected,2,02,27.920898949275017,60.326019307578164,47.708924773039776
P10,trial_63_L_affected,2,03,75.25511330869172,93.91455287328002,96.2257747830073
P10,trial_63_L_affected,2,12,44.0313675456695,52.67414939720378,31.151066451774717
P10,trial_63_L_affected,2,13,38.78792280496037,67.58119167871347,31.344985091502142
P10,trial_63_L_affected,2,23,32.10174576870406,58.95688519503123,28.08377530657812
P10,trial_63_L_affected,3,012,29.364602746061426,63.60971944969762,48.10648370564296
P10,trial_63_L_affected,3,013,35.6501889641196,68.88125369254531,36.59246394493898
P10,trial_63_L_affected,3,023,29.160160383265694,56.4788965865063,31.05958067540977
P10,trial_63_L_affected,3,123,34.968299276371276,59.62510875487011,25.502723883269994
P10,trial_63_L_affected,4,0123,30.660442515261312,60.26912089925806,31.981903162461958
P10,trial_64_L_affected,2,01,31.9648904412742,85.21892249405674,80.99020213612992
P10,trial_64_L_affected,2,02,26.59806555877908,59.91986320460462,54.357743963798875
P10,trial_64_L_affected,2,03,84.25522332411344,89.11639973382918,103.3530257421483
P10,trial_64_L_affected,2,12,43.70191483916556,51.44595013622134,35.13067674300543
P10,trial_64_L_affected,2,13,39.1147090103125,65.92219886968756,29.25869566325933
P10,trial_64_L_affected,2,23,32.36841452044225,57.34869063013684,28.651413618379063
P10,trial_64_L_affected,3,012,27.116003533575,64.03343448533741,54.72913521304785
P10,trial_64_L_affected,3,013,35.70653688635453,67.36724809789848,37.58961551522412
P10,trial_64_L_affected,3,023,29.587368846485084,54.76881153662704,33.83868864718054
P10,trial_64_L_affected,3,123,35.36201472267385,58.18267207627081,25.9280823032515
P10,trial_64_L_affected,4,0123,30.58553751581515,59.1456878117255,34.49905453911188
P10,trial_65_L_affected,2,01,31.39905879759926,79.47621043968716,71.19481675807833
P10,trial_65_L_affected,2,02,28.035977199619076,58.93437790047445,50.16557388187474
P10,trial_65_L_affected,2,03,73.58985722874941,95.0818364405584,103.98936891617609
P10,trial_65_L_affected,2,12,43.44415544676236,52.46068629802978,35.98270833831227
P10,trial_65_L_affected,2,13,36.78381537191001,63.4642869588196,35.257057175544766
P10,trial_65_L_affected,2,23,32.0547910769473,56.86243589281264,32.130387335992616
P10,trial_65_L_affected,3,012,28.542245674172452,62.243582360942995,50.56527637331393
P10,trial_65_L_affected,3,013,33.85557713195049,64.88812430706797,37.15158226867945
P10,trial_65_L_affected,3,023,28.882976105660898,54.39124327126521,33.9050495145661
P10,trial_65_L_affected,3,123,33.59053469891899,57.26410538706807,28.44511604509243
P10,trial_65_L_affected,4,0123,29.539273824659674,57.93904436081053,34.10981188625606
P10,trial_66_L_affected,2,01,31.978476402051875,84.57995910081073,77.75501345740992
P10,trial_66_L_affected,2,02,25.76594102149645,60.75574512086778,54.29256636775991
P10,trial_66_L_affected,2,03,82.11732778259146,91.55082540025487,115.5851580292381
P10,trial_66_L_affected,2,12,42.44608192630432,53.359718391025005,36.917494439311234
P10,trial_66_L_affected,2,13,38.318828661751056,63.34700664341428,27.753558111572783
P10,trial_66_L_affected,2,23,32.24048383125006,56.775976980083065,27.17082297440766
P10,trial_66_L_affected,3,012,26.887877475861128,64.7201385438314,54.58447321512738
P10,trial_66_L_affected,3,013,34.829072867389606,65.34629148558842,35.55057939944717
P10,trial_66_L_affected,3,023,28.6550069008014,54.488609980390976,33.66289034649952
P10,trial_66_L_affected,3,123,34.815923694072076,57.11204171497849,24.110348936381513
P10,trial_66_L_affected,4,0123,29.878808010315467,58.554217406821806,33.86826596057025
P10,trial_67_L_affected,2,01,33.8559504667956,82.94055945907351,73.26312407238152
P10,trial_67_L_affected,2,02,27.833325448764896,59.288632256231004,48.32248790357905
P10,trial_67_L_affected,2,03,85.84416195982035,98.75094587065034,124.51582629953633
P10,trial_67_L_affected,2,12,43.872686721554814,51.06161704350007,32.62736630815592
P10,trial_67_L_affected,2,13,40.947530420669416,67.11653421771705,32.448566613458695
P10,trial_67_L_affected,2,23,34.54259497163119,58.42370023321079,28.705849305970865
P10,trial_67_L_affected,3,012,29.121927217595285,62.977245554482224,48.894861868248086
P10,trial_67_L_affected,3,013,37.649068186657104,67.59938279260498,35.72613295760392
P10,trial_67_L_affected,3,023,30.638259408479904,55.109647928666504,31.397585570016794
P10,trial_67_L_affected,3,123,36.7313456137196,58.982585289465334,24.79070544291889
P10,trial_67_L_affected,4,0123,31.955390825967886,59.20948048887681,31.548430489249764
P10,trial_68_L_affected,2,01,32.61055648146256,79.22347526758624,70.6825144426325
P10,trial_68_L_affected,2,02,28.061236525524823,59.150110623968224,47.56678426145138
P10,trial_68_L_affected,2,03,76.04262018104863,90.84076974611274,97.45032413201358
P10,trial_68_L_affected,2,12,43.3610597983382,52.471038250618975,31.589641200176565
P10,trial_68_L_affected,2,13,39.73849204588668,64.07715463842862,31.25069690763423
P10,trial_68_L_affected,2,23,33.54506771772762,57.43493063921336,28.088919876247527
P10,trial_68_L_affected,3,012,29.228598976916345,62.30129894976389,47.97853709507486
P10,trial_68_L_affected,3,013,36.90485511530022,64.84558044833942,35.79225699426055
P10,trial_68_L_affected,3,023,30.357974252568145,54.789055655866946,31.2322557531945
P10,trial_68_L_affected,3,123,35.872558194776815,57.86883487980547,24.982933943305913
P10,trial_68_L_affected,4,0123,31.735268375932357,58.25227115151611,31.712397396367084
P10,trial_69_L_affected,2,01,30.403485091469516,80.85743675899221,74.8562492357072
P10,trial_69_L_affected,2,02,26.019437664490553,59.28551084180543,52.668048218646646
P10,trial_69_L_affected,2,03,91.15944794835194,95.94947670335684,125.50447920555914
P10,trial_69_L_affected,2,12,41.382085232133804,52.8386044950585,36.624928858847134
P10,trial_69_L_affected,2,13,40.03597184510005,61.466614361896035,29.191167817371017
P10,trial_69_L_affected,2,23,35.18892154861228,55.91404499404338,27.413766277522182
P10,trial_69_L_affected,3,012,26.45576442267632,62.8706158670505,53.143628300566995
P10,trial_69_L_affected,3,013,36.56720175540425,62.89393015959258,34.76725721839933
P10,trial_69_L_affected,3,023,30.175291656201207,53.426146137786226,32.3446597051031
P10,trial_69_L_affected,3,123,36.2720205062465,56.033586031350794,24.864713201075748
P10,trial_69_L_affected,4,0123,30.795564808937456,57.03425715655722,32.85931585462333
P10,trial_6_R_unaffected,2,01,61.87140178308135,84.83029436751004,49.485483039985255
P10,trial_6_R_unaffected,2,02,62.45088286794902,73.78632829027434,46.14357267013041
P10,trial_6_R_unaffected,2,03,92.55411285793467,99.01355804992545,88.6085648471231
P10,trial_6_R_unaffected,2,12,62.06049521087712,77.15280929596543,52.03270619485535
P10,trial_6_R_unaffected,2,13,46.451266705275174,76.93817397305197,58.82206883394664
P10,trial_6_R_unaffected,2,23,46.542668241884975,73.19105951566264,64.05280568962814
P10,trial_6_R_unaffected,3,012,61.282880123365125,75.9357531357968,44.65276368900911
P10,trial_6_R_unaffected,3,013,50.320494467272255,78.44241987977689,53.29226730714529
P10,trial_6_R_unaffected,3,023,51.82194970925363,72.16499341091881,54.37143891464045
P10,trial_6_R_unaffected,3,123,46.15127276691966,73.40021307036605,55.82635785935521
P10,trial_6_R_unaffected,4,0123,50.502400108798206,73.61179627235337,50.42927237167902
P10,trial_70_L_affected,2,01,30.56917336336862,80.14234680664532,72.01691545754721
P10,trial_70_L_affected,2,02,26.393169619818945,60.022110357591615,48.28471457353347
P10,trial_70_L_affected,2,03,84.99198503254001,88.46053073381255,123.49832287716382
P10,trial_70_L_affected,2,12,42.17285190497141,53.57317594779972,32.60537187590089
P10,trial_70_L_affected,2,13,40.07417918348794,62.74107967997823,30.382897057355628
P10,trial_70_L_affected,2,23,33.195901708474935,58.82653274661752,26.964763835841488
P10,trial_70_L_affected,3,012,26.81058865304869,63.225235887578066,48.621722084723494
P10,trial_70_L_affected,3,013,37.04728297843013,63.143796423732795,33.77322020408517
P10,trial_70_L_affected,3,023,30.14615322195695,55.22738383532444,30.52869580566511
P10,trial_70_L_affected,3,123,35.71320368757712,58.05924446264449,23.922474856754725
P10,trial_70_L_affected,4,0123,31.219698023520287,58.27001041128527,30.68770830603139
P10,trial_71_L_affected,2,01,33.25435344552032,83.51670922622299,75.26510496655636
P10,trial_71_L_affected,2,02,27.366613757912152,61.119439931603175,48.690188484463064
P10,trial_71_L_affected,2,03,84.75846492473971,86.97316118115711,118.58595577086474
P10,trial_71_L_affected,2,12,43.34016898103957,53.47897252624137,33.66189046126324
P10,trial_71_L_affected,2,13,39.24329343324949,63.68985263590109,29.552598417500455
P10,trial_71_L_affected,2,23,32.552099066109776,59.096905354125234,25.19286601463058
P10,trial_71_L_affected,3,012,27.854495309545978,64.43806110279695,49.41074188408069
P10,trial_71_L_affected,3,013,36.048898701702,64.83759912779783,34.389335025312924
P10,trial_71_L_affected,3,023,30.44104554911915,55.70861242994745,29.632687270711735
P10,trial_71_L_affected,3,123,35.37322483139278,58.24376589292214,22.78661085481958
P10,trial_71_L_affected,4,0123,31.046040058236063,59.0158741735705,30.421698669963718
P10,trial_72_L_affected,2,01,24.581561917054866,70.62339971959187,60.98545024312621
P10,trial_72_L_affected,2,02,29.100008009409706,60.86409591805178,47.2034468333884
P10,trial_72_L_affected,2,03,66.84977420481037,81.98668291846198,112.32653370906074
P10,trial_72_L_affected,2,12,43.02504624228989,56.66389969324205,35.74284573444913
P10,trial_72_L_affected,2,13,32.337794265434916,56.85359615484015,35.32743223061737
P10,trial_72_L_affected,2,23,30.554223390378223,61.086823277825125,33.695029701908595
P10,trial_72_L_affected,3,012,26.593962310115604,61.62284333832623,47.422238990296144
P10,trial_72_L_affected,3,013,30.297638653259742,58.134172589894035,32.749252469772046
P10,trial_72_L_affected,3,023,28.931852135473452,56.98938595861574,34.057910292603886
P10,trial_72_L_affected,3,123,29.63578706022023,57.11649542770201,29.606934120401792
P10,trial_72_L_affected,4,0123,27.153494852214767,57.315851925791684,32.75582389241203
P10,trial_73_L_affected,2,01,25.16342673722207,68.54778007487401,59.553388023585875
P10,trial_73_L_affected,2,02,29.785370447635877,60.873929736823264,46.95877842296682
P10,trial_73_L_affected,2,03,68.33933627589475,83.6035513928934,235.5701802633476
P10,trial_73_L_affected,2,12,41.39682028958643,57.063129923457545,37.02784386612704
P10,trial_73_L_affected,2,13,34.47770625916738,56.98355955972803,37.731140003617824
P10,trial_73_L_affected,2,23,31.341275512673036,63.1485473257709,36.36445899189043
P10,trial_73_L_affected,3,012,27.673178752092713,61.124583228684074,47.13578067191848
P10,trial_73_L_affected,3,013,33.07919002521633,57.439565949327374,30.773568648367615
P10,trial_73_L_affected,3,023,30.224091179566823,57.9263074113743,34.92866672795477
P10,trial_73_L_affected,3,123,31.538879977159795,58.33625235948758,31.512655811021336
P10,trial_73_L_affected,4,0123,29.24475479258137,57.73988891939548,32.779258408836995
P10,trial_74_L_affected,2,01,26.944699277912385,73.40568503171703,65.5489008613631
P10,trial_74_L_affected,2,02,29.038876886604108,59.90298119310877,48.706875517021054
P10,trial_74_L_affected,2,03,72.48788139010323,84.59109659931585,127.17387153595242
P10,trial_74_L_affected,2,12,42.61616116953756,55.706557748511216,38.68679290835546
P10,trial_74_L_affected,2,13,33.24253537123109,58.022654435453354,38.690393700677845
P10,trial_74_L_affected,2,23,28.357780708529067,59.66449144087049,32.07326349552256
P10,trial_74_L_affected,3,012,27.363318213839793,61.75021545956812,49.40708144085001
P10,trial_74_L_affected,3,013,31.824789990384016,58.673393167856325,33.04063864581385
P10,trial_74_L_affected,3,023,28.965397784460354,55.33007557844477,32.25639866890324
P10,trial_74_L_affected,3,123,30.383289726691,56.37088331926306,29.685776637854424
P10,trial_74_L_affected,4,0123,28.352719785771402,56.668555444596045,32.15509543673992
P10,trial_75_L_affected,2,01,29.209797531033832,80.3928213926579,74.30103132622986
P10,trial_75_L_affected,2,02,29.76551407508572,58.72482868861352,53.15631952614013
P10,trial_75_L_affected,2,03,76.74173669906952,83.57624545234955,102.13020610995133
P10,trial_75_L_affected,2,12,43.782800109287734,50.37614168557955,37.81154375389754
P10,trial_75_L_affected,2,13,35.420710546211986,61.7010723825649,36.51769920584073
P10,trial_75_L_affected,2,23,30.441210870004273,57.009242000011604,34.38399385561777
P10,trial_75_L_affected,3,012,28.13015803997666,62.06897656025305,53.17949375900242
P10,trial_75_L_affected,3,013,33.48686815939665,63.073611292301436,37.94145053837631
P10,trial_75_L_affected,3,023,30.149459543948826,53.71036707009563,36.79987646339328
P10,trial_75_L_affected,3,123,32.1246718595561,55.923362199052384,30.845453800025965
P10,trial_75_L_affected,4,0123,29.469731043855216,56.939317392496164,36.16130973537498
P10,trial_76_L_affected,2,01,25.807920226020666,71.10431062438961,63.82502655913904
P10,trial_76_L_affected,2,02,29.15689038665167,59.81551319388793,50.3548360925834
P10,trial_76_L_affected,2,03,75.87633469074517,83.46734210704847,259.8047561925775
P10,trial_76_L_affected,2,12,40.979985725165314,55.66529914373313,40.565455524337416
P10,trial_76_L_affected,2,13,37.030204250064294,55.33939894557471,33.73102656437155
P10,trial_76_L_affected,2,23,32.25842768038262,58.232691112775434,29.49128765775009
P10,trial_76_L_affected,3,012,27.062347406930897,61.20492098433377,50.66609305826834
P10,trial_76_L_affected,3,013,35.26257584581883,56.3772335318595,29.842625446198454
P10,trial_76_L_affected,3,023,31.33202281071668,54.821120133479084,32.63223185873906
P10,trial_76_L_affected,3,123,33.88317453063314,55.531199730136684,26.465474479108643
P10,trial_76_L_affected,4,0123,30.675775889950728,55.88498974554854,31.691758410078144
P10,trial_77_L_affected,2,01,28.5450545401609,80.31314585712617,72.89626385495438
P10,trial_77_L_affected,2,02,27.303541687091947,59.447893511324885,50.377238488624904
P10,trial_77_L_affected,2,03,91.16572649381861,82.85594786137598,175.54293483068292
P10,trial_77_L_affected,2,12,41.12234354823915,51.60683158563377,36.37135130888504
P10,trial_77_L_affected,2,13,39.393109589420895,59.04594917523017,32.62723024872346
P10,trial_77_L_affected,2,23,32.92417471819663,56.32641808411443,28.236849570506084
P10,trial_77_L_affected,3,012,25.824124958122233,62.55336462397691,51.09752172383115
P10,trial_77_L_affected,3,013,36.35395302904192,60.74826905772666,32.980973758789126
P10,trial_77_L_affected,3,023,30.017621943877284,53.39242478345132,31.435250682248707
P10,trial_77_L_affected,3,123,34.64390810814368,55.183064723169586,25.683311714475252
P10,trial_77_L_affected,4,0123,30.01142063824144,56.33604405979609,31.642143385258663
P10,trial_78_L_affected,2,01,27.412995070860163,74.25763239708441,67.31819455439424
P10,trial_78_L_affected,2,02,27.855188633089853,59.00823029560604,49.24216825051956
P10,trial_78_L_affected,2,03,84.49487491856564,80.85225074105558,129.81550123327582
P10,trial_78_L_affected,2,12,39.81897712736222,53.347331720562735,36.01051531704457
P10,trial_78_L_affected,2,13,38.53189527013195,56.88416059734595,31.829260634061185
P10,trial_78_L_affected,2,23,32.664030924271906,57.39363445274407,29.777024558756608
P10,trial_78_L_affected,3,012,26.72656925367078,61.09839138318086,49.775801683715564
P10,trial_78_L_affected,3,013,36.25628991635855,58.058732297006166,30.15977745492412
P10,trial_78_L_affected,3,023,30.255707204786752,53.91439718130352,31.867757332034824
P10,trial_78_L_affected,3,123,34.218563045854204,55.27883083404507,26.684958323928583
P10,trial_78_L_affected,4,0123,30.385516774936487,55.79503112262224,31.257852225456404
P10,trial_79_L_affected,2,01,27.712848833293528,72.54842527665741,62.861500715160815
P10,trial_79_L_affected,2,02,27.961771285950405,61.61727778491838,47.12573228597503
P10,trial_79_L_affected,2,03,99.15218856764481,86.71370374814538,252.92503706039025
P10,trial_79_L_affected,2,12,39.681950498537454,57.027265507510286,37.12177706066095
P10,trial_79_L_affected,2,13,40.20450547088078,56.27826177570635,35.55138363618973
P10,trial_79_L_affected,2,23,35.146759351928544,59.468756413013786,30.725131710000927
P10,trial_79_L_affected,3,012,26.743676853961226,62.55641054621259,47.714145261788616
P10,trial_79_L_affected,3,013,37.66703207539277,57.35126311114858,31.28166547803316
P10,trial_79_L_affected,3,023,31.191543346941373,56.097033819955335,31.097284065561514
P10,trial_79_L_affected,3,123,35.92140339644397,56.60457017850966,27.52107691752824
P10,trial_79_L_affected,4,0123,31.31232852855458,56.915430005693985,30.87316965994726
P10,trial_7_R_unaffected,2,01,64.51362393402604,77.39866761386358,49.2526084980216
P10,trial_7_R_unaffected,2,02,62.671199851704564,72.4106806745071,45.12819926627511
P10,trial_7_R_unaffected,2,03,88.93829300699927,103.33401036706141,102.35739129134714
P10,trial_7_R_unaffected,2,12,61.434814872474234,73.24977946444488,53.84749191843415
P10,trial_7_R_unaffected,2,13,46.76958080117518,73.29435264091605,59.167798408102385
P10,trial_7_R_unaffected,2,23,45.49628343528595,71.61312802491182,63.794950025853865
P10,trial_7_R_unaffected,3,012,61.590965905028796,73.04987499134033,42.61306237360614
P10,trial_7_R_unaffected,3,013,50.83159640840185,74.83635476943243,53.271291777045796
P10,trial_7_R_unaffected,3,023,51.43502958689055,71.52647559833021,54.27631323934153
P10,trial_7_R_unaffected,3,123,45.38399920750878,71.7177514358146,54.055313091998485
P10,trial_7_R_unaffected,4,0123,50.32064279104495,71.87535931384224,48.8598652469583
P10,trial_80_L_affected,2,01,29.49620890925731,77.89774353320587,67.68402296849594
P10,trial_80_L_affected,2,02,28.900591441747313,60.28474858442906,49.1197052255143
P10,trial_80_L_affected,2,03,90.96473641774249,83.2112934378622,166.85235650122917
P10,trial_80_L_affected,2,12,41.920888707636124,53.99966120619706,36.16332317941752
P10,trial_80_L_affected,2,13,39.331800792323754,59.32999390325118,36.43767507272338
P10,trial_80_L_affected,2,23,34.47021059080606,58.216719584372136,31.618220613748257
P10,trial_80_L_affected,3,012,28.042609456007646,62.849971333805435,49.365515246342795
P10,trial_80_L_affected,3,013,37.02334901656516,60.351709999910966,33.50620100781253
P10,trial_80_L_affected,3,023,31.675965622600717,54.64100488368554,32.96697698404726
P10,trial_80_L_affected,3,123,35.83743183435556,56.626087558990434,28.081279492160682
P10,trial_80_L_affected,4,0123,31.739713341559714,57.12111696214219,32.32950743337597
P10,trial_81_L_affected,2,01,30.967162064045024,75.97278482698476,65.34400631908346
P10,trial_81_L_affected,2,02,28.659184294187536,60.204194456207276,45.713241005530456
P10,trial_81_L_affected,2,03,92.53261923056647,84.25785059093162,210.79728577195036
P10,trial_81_L_affected,2,12,42.384246314557096,53.76079006377039,32.902035482393714
P10,trial_81_L_affected,2,13,40.150483214571246,60.430567511028364,36.368875667435226
P10,trial_81_L_affected,2,23,34.656150492109816,58.984670575285016,31.436195628147086
P10,trial_81_L_affected,3,012,28.594147666425997,62.13059491186782,46.01943579970949
P10,trial_81_L_affected,3,013,37.247240661311004,61.08857165956123,34.283697899964885
P10,trial_81_L_affected,3,023,31.524277046104004,55.512195309389405,31.987320728266916
P10,trial_81_L_affected,3,123,36.537206781293605,57.30433614159653,28.0772120901673
P10,trial_81_L_affected,4,0123,32.03709537984996,57.52404005284775,31.660613404363872
P10,trial_82_L_affected,2,01,29.601173852190943,76.78248478338209,65.32848829641955
P10,trial_82_L_affected,2,02,27.74482800031328,59.68257801236281,48.712790192586866
P10,trial_82_L_affected,2,03,92.9074390987963,87.02669239482272,169.04704634238962
P10,trial_82_L_affected,2,12,39.818536229286025,52.3729667071114,36.25226588815738
P10,trial_82_L_affected,2,13,41.0952510334565,56.74334664713127,34.68452622509942
P10,trial_82_L_affected,2,23,35.59741026111085,57.355194665221205,31.322980525663876
P10,trial_82_L_affected,3,012,27.114506677013853,62.06094765882136,48.56790886373141
P10,trial_82_L_affected,3,013,38.218554075403766,57.9084015165369,31.443849137168257
P10,trial_82_L_affected,3,023,31.627867694297013,53.66099588214557,33.13806923875767
P10,trial_82_L_affected,3,123,37.01975594349542,54.98765072875533,27.564869399965616
P10,trial_82_L_affected,4,0123,32.01083713126481,55.686413315498555,31.788645687585515
P10,trial_83_L_affected,2,01,32.31753926417632,76.99587911139142,64.6891968399901
P10,trial_83_L_affected,2,02,29.38871453430391,60.9571132209542,43.22920731684026
P10,trial_83_L_affected,2,03,80.03770275901552,79.55895363161399,125.47877237278772
P10,trial_83_L_affected,2,12,45.48833421433322,54.025779378711384,30.003763217313153
P10,trial_83_L_affected,2,13,41.65451280280557,61.79013219246138,33.520006358706404
P10,trial_83_L_affected,2,23,33.80257250202752,61.576678480283256,29.791972096800944
P10,trial_83_L_affected,3,012,29.55205983176611,63.00291731923841,43.45789350225074
P10,trial_83_L_affected,3,013,38.287516669563566,61.531923260557186,30.329259456549863
P10,trial_83_L_affected,3,023,31.080100507536894,56.84007566139423,29.50700433770695
P10,trial_83_L_affected,3,123,36.55612067737937,58.83891298078203,25.33458708544343
P10,trial_83_L_affected,4,0123,32.23062417195134,58.60689994625216,28.333256641865994
P10,trial_8_R_unaffected,2,01,63.782348341462495,77.97084406948223,49.81169441495529
P10,trial_8_R_unaffected,2,02,62.79694408031369,73.19032365301172,43.07642374359385
P10,trial_8_R_unaffected,2,03,81.67201535468223,111.72658833347357,97.13822061973747
P10,trial_8_R_unaffected,2,12,62.04770128320209,73.41742325824276,53.80580123618385
P10,trial_8_R_unaffected,2,13,47.045464884691114,74.4374083967013,59.068708150748506
P10,trial_8_R_unaffected,2,23,47.181971828494184,71.14085190718296,59.34305020463653
P10,trial_8_R_unaffected,3,012,61.70357980046443,73.49775969278637,42.139488784386906
P10,trial_8_R_unaffected,3,013,51.39023285434681,76.39442745104641,53.695149515944856
P10,trial_8_R_unaffected,3,023,52.68899325889291,72.25349188945538,51.151082576963425
P10,trial_8_R_unaffected,3,123,47.016859862333426,72.07836294236968,51.41648769628554
P10,trial_8_R_unaffected,4,0123,51.47668219391823,72.65223346062197,47.34371548889597
P10,trial_9_R_unaffected,2,01,63.147268828287245,76.1532240859914,49.653630669411605
P10,trial_9_R_unaffected,2,02,61.95364296193406,73.6771176138303,43.22222792596369
P10,trial_9_R_unaffected,2,03,75.54282755120654,108.82211695269491,100.55403629795693
P10,trial_9_R_unaffected,2,12,60.343154268703934,73.73583259600973,50.124217102372484
P10,trial_9_R_unaffected,2,13,46.962383108154214,73.26312683089314,58.67681654543974
P10,trial_9_R_unaffected,2,23,47.55020952352644,71.59762253398024,58.031840327185535
P10,trial_9_R_unaffected,3,012,60.84390953619466,73.41422287735308,41.185845718113974
P10,trial_9_R_unaffected,3,013,50.63745171704776,75.08859801335525,52.065276137318584
P10,trial_9_R_unaffected,3,023,52.19002211378384,72.82404425675942,50.490254575085416
P10,trial_9_R_unaffected,3,123,46.693854957896164,71.69214117783625,49.006243286758966
P10,trial_9_R_unaffected,4,0123,50.92040415374979,72.41677835151395,45.53991115777732
P12,trial_10_L_unaffected,2,01,59.6981758583071,65.12964181183894,56.386931482457705
P12,trial_10_L_unaffected,2,02,23.734802470250216,40.07698496454073,40.62548710972191
P12,trial_10_L_unaffected,2,12,34.951750963478545,37.7453290638459,32.13258038343634
P12,trial_10_L_unaffected,3,012,27.829532664407726,41.99680783570552,36.89366690511657
P12,trial_11_L_unaffected,2,01,61.14332306926539,65.78160175002222,57.88142972570249
P12,trial_11_L_unaffected,2,02,24.961487697769734,40.86998169170832,44.73428344376128
P12,trial_11_L_unaffected,2,12,34.66285618410893,38.29857882152001,34.89012215535626
P12,trial_11_L_unaffected,3,012,28.589214705538687,42.8007699833998,40.27216923416473
P12,trial_12_L_unaffected,2,01,57.6054696087603,63.56037489275295,58.07733433646404
P12,trial_12_L_unaffected,2,02,23.57683153302972,39.29288712891389,42.34320185997938
P12,trial_12_L_unaffected,2,12,33.92739235905223,38.66874574551259,33.23829453802168
P12,trial_12_L_unaffected,3,012,28.048558801026886,41.41312137848377,39.163872724431954
P12,trial_13_L_unaffected,2,01,55.36970454111432,60.34221554192791,55.77475220177514
P12,trial_13_L_unaffected,2,02,22.50674364376928,40.10814997023882,44.504468847331424
P12,trial_13_L_unaffected,2,12,34.43478285024243,39.075612710059595,36.12376965338843
P12,trial_13_L_unaffected,3,012,27.114405138628147,41.41865707055722,40.43626316325118
P12,trial_14_L_unaffected,2,01,55.110150716807304,62.554795119965014,54.72214015382717
P12,trial_14_L_unaffected,2,02,22.745725029233412,40.75430440434339,41.879201893697314
P12,trial_14_L_unaffected,2,12,33.933216350974334,39.04260016361577,32.90687240296626
P12,trial_14_L_unaffected,3,012,27.33389540606758,42.17797556679239,37.70918673827661
P12,trial_15_L_unaffected,2,01,55.956892997386625,62.1212908610616,55.43975048474777
P12,trial_15_L_unaffected,2,02,22.41746384373935,39.703812985694185,43.547110620032946
P12,trial_15_L_unaffected,2,12,33.123509323365106,38.39790150039833,34.31886611285648
P12,trial_15_L_unaffected,3,012,27.009219116814624,41.58662371519105,39.40769472589176
P12,trial_16_L_unaffected,2,01,57.858544320516124,64.5913910256286,55.854769844733255
P12,trial_16_L_unaffected,2,02,23.714144605669443,39.43762964897182,43.24694938186071
P12,trial_16_L_unaffected,2,12,33.49709701327709,38.99175139433631,36.352211088177995
P12,trial_16_L_unaffected,3,012,28.304214378583843,42.25844112987501,40.15588354525134
P12,trial_17_L_unaffected,2,01,57.37973830845701,62.72164759226553,54.657057854769725
P12,trial_17_L_unaffected,2,02,22.965392086063897,40.705930788328935,43.141269464161226
P12,trial_17_L_unaffected,2,12,34.68502159074726,39.34486305383447,34.222580241019045
P12,trial_17_L_unaffected,3,012,28.097274141514138,42.3981816848281,39.37402452368198
P12,trial_18_L_unaffected,2,01,60.33471359894416,64.78080619769764,56.386429493300625
P12,trial_18_L_unaffected,2,02,24.467120894086612,41.15247042716912,43.483597060618756
P12,trial_18_L_unaffected,2,12,35.292849606590906,39.93733906548387,34.09189575203439
P12,trial_18_L_unaffected,3,012,28.589448635718043,43.10932178844282,39.508580331147385
P12,trial_19_L_unaffected,2,01,56.46660581305172,61.19913616511423,50.336377494211874
P12,trial_19_L_unaffected,2,02,22.131145095335032,41.350949050882406,40.143935687726085
P12,trial_19_L_unaffected,2,12,36.25574337352877,39.425369978440095,34.61298350698372
P12,trial_19_L_unaffected,3,012,27.09706940550521,42.544437446331926,35.897630391282306
P12,trial_1_L_unaffected,2,01,59.568828741218546,70.97414289865507,63.4078892845737
P12,trial_1_L_unaffected,2,02,23.15157884757736,42.358291619864396,46.49616231649224
P12,trial_1_L_unaffected,2,12,35.07178226158323,40.401595604900834,38.17271949595466
P12,trial_1_L_unaffected,3,012,28.101738467238864,43.63523768979988,43.002605267247894
P12,trial_20_L_unaffected,2,01,56.22680671857221,61.58580781514806,55.644641693148806
P12,trial_20_L_unaffected,2,02,21.472331675963186,42.43062162275155,45.60346769909671
P12,trial_20_L_unaffected,2,12,32.59832241864554,41.65695727635157,37.60287800253532
P12,trial_20_L_unaffected,3,012,25.24857245608624,43.6887790154691,41.92002994811142
P12,trial_21_L_unaffected,2,01,55.38073269908789,64.06065434642233,58.98333042564993
P12,trial_21_L_unaffected,2,02,20.93420291958804,41.21337271978782,47.61089074589503
P12,trial_21_L_unaffected,2,12,31.795514722752525,39.792948528234945,37.53414918362811
P12,trial_21_L_unaffected,3,012,25.437946849532636,43.33253661549264,43.787023465570726
P12,trial_22_L_unaffected,2,01,58.45036259327252,73.16031609261537,65.55615203986537
P12,trial_22_L_unaffected,2,02,21.661124259222667,41.49717612793305,47.52182915209247
P12,trial_22_L_unaffected,2,12,33.565322464824824,38.41579730145152,34.86493431753331
P12,trial_22_L_unaffected,3,012,25.65700298860051,44.458145361977884,44.39451515306691
P12,trial_23_L_unaffected,2,01,55.150670680516825,65.11726213223815,56.84729753312179
P12,trial_23_L_unaffected,2,02,21.55108872494486,40.79996184967801,40.98942098336917
P12,trial_23_L_unaffected,2,12,34.52665229026437,39.93860428612348,33.611772085202766
P12,trial_23_L_unaffected,3,012,26.392109525846806,43.1774405940614,38.002026592300055
P12,trial_24_L_unaffected,2,01,58.12919089706187,62.13131939037976,54.44147893379733
P12,trial_24_L_unaffected,2,02,25.992343822865024,40.03808770339167,43.74408668848882
P12,trial_24_L_unaffected,2,12,33.82759214118765,40.362556947741744,37.32464891687342
P12,trial_24_L_unaffected,3,012,28.458123001139864,42.31001694350981,40.38282302233224
P12,trial_25_L_unaffected,2,01,59.57927435272977,67.8841262261954,56.10932443422567
P12,trial_25_L_unaffected,2,02,24.599865486617734,41.70708659669799,43.21640746949145
P12,trial_25_L_unaffected,2,12,34.012510736872756,40.03355117650597,34.82586326219454
P12,trial_25_L_unaffected,3,012,27.654434868971315,43.83833454578489,39.714252954482156
P12,trial_26_L_unaffected,2,01,56.74020247208737,65.2656010274663,54.15825398942723
P12,trial_26_L_unaffected,2,02,21.866987379145222,40.961225268418076,43.244146841739415
P12,trial_26_L_unaffected,2,12,34.49881900929929,39.02647075926777,34.87225615386829
P12,trial_26_L_unaffected,3,012,26.375419546722334,42.68432023670512,39.48129194050053
P12,trial_27_L_unaffected,2,01,62.19157819063431,70.91793257925269,55.95246261242497
P12,trial_27_L_unaffected,2,02,25.31656498197871,42.41027964698639,43.030523233854694
P12,trial_27_L_unaffected,2,12,35.1384328657647,39.186172354377604,34.456477729486146
P12,trial_27_L_unaffected,3,012,27.76739353011985,44.52465004967381,39.6181784831681
P12,trial_28_L_unaffected,2,01,53.66075595928826,68.28520606251486,54.773972612391916
P12,trial_28_L_unaffected,2,02,20.27804600388877,41.63308166715092,42.50404329947704
P12,trial_28_L_unaffected,2,12,33.293192174778554,37.87042998461002,34.106627644173784
P12,trial_28_L_unaffected,3,012,23.85305761217419,43.366782514991876,38.492281056826016
P12,trial_29_L_unaffected,2,01,54.842692506757494,68.21425326383827,57.46901749105332
P12,trial_29_L_unaffected,2,02,20.487193889813152,43.39384124416805,42.5450240940102
P12,trial_29_L_unaffected,2,12,35.138908877142114,39.631810049089964,36.04366860916124
P12,trial_29_L_unaffected,3,012,25.423132526215742,44.520065446386006,39.57806838526175
P12,trial_2_L_unaffected,2,01,57.889871560501426,71.74049569389182,62.23358764346916
P12,trial_2_L_unaffected,2,02,21.00920224231993,43.11922884319401,45.28468722396881
P12,trial_2_L_unaffected,2,12,33.371810723261795,40.21166442495305,36.27859410661395
P12,trial_2_L_unaffected,3,012,25.557447124096974,44.490299264660315,41.676686738632974
P12,trial_30_L_unaffected,2,01,53.81649029293503,63.430164264141595,55.19250176932746
P12,trial_30_L_unaffected,2,02,21.302798888390885,43.26606037602328,43.94575579522032
P12,trial_30_L_unaffected,2,12,35.80660607356164,41.723359213182604,37.7507122305678
P12,trial_30_L_unaffected,3,012,24.96427364977011,44.12916522641496,41.02752918406033
P12,trial_31_L_unaffected,2,01,58.77097425243095,64.75954464649001,54.84603473317388
P12,trial_31_L_unaffected,2,02,23.58704789294855,43.450916172966416,40.24567898784164
P12,trial_31_L_unaffected,2,12,36.015574129822866,41.30776050925361,32.25017297042593
P12,trial_31_L_unaffected,3,012,27.255998992153163,44.102641373406925,37.2334758850887
P12,trial_32_L_unaffected,2,01,58.71547957122602,60.99036009212673,50.90966386875238
P12,trial_32_L_unaffected,2,02,25.69952171381576,43.15993835215217,40.879141628260484
P12,trial_32_L_unaffected,2,12,36.32970544737906,41.48912889021422,34.721317966281845
P12,trial_32_L_unaffected,3,012,29.359274728928455,43.27863143487219,37.566235693150325
P12,trial_33_L_unaffected,2,01,56.99905942435895,64.52293275824726,53.47488545637851
P12,trial_33_L_unaffected,2,02,24.98740553950085,43.19874833427363,41.211318268647666
P12,trial_33_L_unaffected,2,12,35.777562698159535,40.570903001124435,34.07101061799328
P12,trial_33_L_unaffected,3,012,29.29438818220889,44.27195611036876,38.11280652203253
P12,trial_34_L_unaffected,2,01,56.13582311910977,68.33228247012599,66.71672662279211
P12,trial_34_L_unaffected,2,02,19.11971679569265,41.383320803103544,45.447389531827504
P12,trial_34_L_unaffected,2,12,34.640286027703155,39.54325044819544,36.752365974022034
P12,trial_34_L_unaffected,3,012,24.46862190372533,44.02701633865611,43.38336987462435
P12,trial_35_L_unaffected,2,01,58.439438090325204,69.56891313442458,63.54260583088714
P12,trial_35_L_unaffected,2,02,18.972970720698154,40.75273858622767,43.665014468180296
P12,trial_35_L_unaffected,2,12,35.67814203140304,38.3412504183865,33.833843643393415
P12,trial_35_L_unaffected,3,012,23.920948592797924,43.45293955810826,40.984820742367894
P12,trial_36_L_unaffected,2,01,54.752692966300195,66.25279522481021,57.13619836275698
P12,trial_36_L_unaffected,2,02,18.151422075303998,42.90976002701135,40.91963401907671
P12,trial_36_L_unaffected,2,12,38.085720331182735,40.3168329227535,33.84291462176233
P12,trial_36_L_unaffected,3,012,24.400415427750925,44.28991852379223,37.87614968175404
P12,trial_37_L_unaffected,2,01,58.691036029283744,70.31867806384582,63.58215854707832
P12,trial_37_L_unaffected,2,02,20.333032097427672,42.512351810729804,42.92255968109374
P12,trial_37_L_unaffected,2,12,39.05122355852106,39.2848822079613,34.356317447908594
P12,trial_37_L_unaffected,3,012,26.241395459457824,44.34195017487634,40.419860890543
P12,trial_38_L_unaffected,2,01,57.51902342204685,64.23759212303428,59.77022576290745
P12,trial_38_L_unaffected,2,02,21.299090736284278,40.10822536974424,40.63921270285816
P12,trial_38_L_unaffected,2,12,36.85089290404945,38.20886345405859,33.777563667252785
P12,trial_38_L_unaffected,3,012,26.40595369946748,41.782065404228874,38.48928114315136
P12,trial_39_L_unaffected,2,01,57.397649626313125,72.16149584250539,63.861758124811786
P12,trial_39_L_unaffected,2,02,21.523012928983675,43.216047334924404,47.2357134827346
P12,trial_39_L_unaffected,2,12,37.67969433901844,38.160178344490966,36.68302988593494
P12,trial_39_L_unaffected,3,012,27.768219018565844,44.92212322515703,44.22464061872724
P12,trial_3_L_unaffected,2,01,60.66914581530618,70.38928256308697,62.4804957044969
P12,trial_3_L_unaffected,2,02,23.03638396542312,42.221076000900034,47.98018017943275
P12,trial_3_L_unaffected,2,12,32.72405467108144,38.66283895999205,38.84429239088329
P12,trial_3_L_unaffected,3,012,27.27976237029203,43.99318251789298,44.52456002468904
P12,trial_40_L_unaffected,2,01,56.854739788493774,63.837943931153546,60.20917310224758
P12,trial_40_L_unaffected,2,02,21.122522930674723,41.46800938866779,43.66289242462435
P12,trial_40_L_unaffected,2,12,36.88301944983567,39.90151106287266,34.39442451274756
P12,trial_40_L_unaffected,3,012,27.254901129692808,43.2830048397627,40.341236961613646
P12,trial_41_R_affected,2,01,42.57514272380123,80.26889618028987,35.1751898159547
P12,trial_41_R_affected,2,02,45.740432703194195,59.90216969704125,34.20192489730907
P12,trial_41_R_affected,2,12,56.00449993761919,58.86391837380802,45.89209507950666
P12,trial_41_R_affected,3,012,46.92920077096299,62.556437509967665,33.03471732187727
P12,trial_42_R_affected,2,01,40.46049826627732,75.11142258863346,29.208712883235915
P12,trial_42_R_affected,2,02,42.120859093016456,57.555025784914214,34.0602726039676
P12,trial_42_R_affected,2,12,54.00722261390385,63.201194273783884,48.44535902088284
P12,trial_42_R_affected,3,012,43.86821769497675,60.56831364776264,33.35454484749454
P12,trial_43_R_affected,2,01,41.47103399673015,76.22837054924385,37.68250320228246
P12,trial_43_R_affected,2,02,43.89183388342972,57.5498952776227,32.520715111288595
P12,trial_43_R_affected,2,12,54.352289895396524,58.90248091637869,47.51210049543126
P12,trial_43_R_affected,3,012,45.70636427386058,59.966093194184126,30.780614023020565
P12,trial_44_R_affected,2,01,40.062761841856066,79.58470966518941,41.53959989375163
P12,trial_44_R_affected,2,02,42.28363967158247,59.10666481980934,31.48946974603237
P12,trial_44_R_affected,2,12,54.20654454184267,56.74398646782058,48.201431819716035
P12,trial_44_R_affected,3,012,44.226766123584696,61.36867598334901,29.619818606176214
P12,trial_45_R_affected,2,01,43.35242376333636,78.05991832263223,39.05563698182492
P12,trial_45_R_affected,2,02,43.490072413745885,57.83219979712781,28.694342026829244
P12,trial_45_R_affected,2,12,56.15737697611476,57.493127374709715,47.12624761525345
P12,trial_45_R_affected,3,012,45.15942012211075,60.277472873729074,26.697673186345522
P12,trial_46_R_affected,2,01,43.41446563100439,75.96127354259318,36.95411226666644
P12,trial_46_R_affected,2,02,46.15250603711332,55.852793023486306,30.052733479538432
P12,trial_46_R_affected,2,12,56.51294352539508,55.91038108194081,46.30698682720907
P12,trial_46_R_affected,3,012,47.73557262629061,58.41644696401784,30.404505941040874
P12,trial_47_R_affected,2,01,46.16683674726086,77.21449968862325,39.6608952106698
P12,trial_47_R_affected,2,02,46.89303022281413,56.446045312993235,31.639174276058117
P12,trial_47_R_affected,2,12,55.50034686002415,55.74416456891676,47.87473212977681
P12,trial_47_R_affected,3,012,48.84824236856412,59.104677003589266,32.304643025633915
P12,trial_48_R_affected,2,01,45.608086571002275,72.58532466377855,36.83909983320333
P12,trial_48_R_affected,2,02,47.879400487028875,53.111580493166805,31.257834558547593
P12,trial_48_R_affected,2,12,57.18245280882844,52.49002429669302,48.6874003588867
P12,trial_48_R_affected,3,012,49.824698658281996,55.332254134165375,32.03415479571265
P12,trial_49_R_affected,2,01,48.13267400238235,75.80887571557926,36.37193934646349
P12,trial_49_R_affected,2,02,48.1053466674979,56.51204449218225,31.802421326702436
P12,trial_49_R_affected,2,12,54.701943196904246,54.90338570829608,45.02735177641053
P12,trial_49_R_affected,3,012,49.72518498082907,58.559165281351596,31.05740758110552
P12,trial_4_L_unaffected,2,01,64.29799859577703,74.13188937525801,62.68001845359138
P12,trial_4_L_unaffected,2,02,25.53220346297825,42.23271605630685,48.623777087490915
P12,trial_4_L_unaffected,2,12,33.812591002126005,37.28454993929443,38.8064377460443
P12,trial_4_L_unaffected,3,012,29.623163587900024,43.89909623909319,43.77288374094857
P12,trial_50_R_affected,2,01,45.22410922174724,70.18754644158325,36.129402539742394
P12,trial_50_R_affected,2,02,45.898712554338154,54.44469218976958,31.544695849774843
P12,trial_50_R_affected,2,12,54.19688848419921,54.588634666876246,46.11904604887733
P12,trial_50_R_affected,3,012,47.488038083475594,56.161954825098846,32.58819054701612
P12,trial_51_R_affected,2,01,44.335287798190336,74.04603145282323,35.628816875128805
P12,trial_51_R_affected,2,02,45.227432511228145,57.38910937252737,29.243798991414558
P12,trial_51_R_affected,2,12,54.611755796115276,57.36081945734312,45.55580366262276
P12,trial_51_R_affected,3,012,47.0935819739133,58.93853313731405,29.455304680651327
P12,trial_52_R_affected,2,01,46.907872710553626,71.16137992603075,35.56160220713782
P12,trial_52_R_affected,2,02,46.91322465159887,54.84481094141325,31.33719891222205
P12,trial_52_R_affected,2,12,55.373988677530704,56.03514152394596,46.645360946662656
P12,trial_52_R_affected,3,012,48.71085665644283,56.597120159027526,31.48845912333832
P12,trial_53_R_affected,2,01,44.57720631398908,76.62589207960151,35.84765838099896
P12,trial_53_R_affected,2,02,47.378780465175154,55.62448698533801,32.5572323449531
P12,trial_53_R_affected,2,12,57.697836946828815,53.85818170537176,50.38386273971264
P12,trial_53_R_affected,3,012,49.315367146429814,57.90792545762369,32.7038125582326
P12,trial_54_R_affected,2,01,45.60117018921507,75.73959935745941,35.86710090537812
P12,trial_54_R_affected,2,02,47.174676438821116,55.99304300189927,33.104053131080796
P12,trial_54_R_affected,2,12,55.48035311493529,55.49965928955145,47.95768772847274
P12,trial_54_R_affected,3,012,48.962350585774374,58.549301614395624,32.806407181648275
P12,trial_55_R_affected,2,01,39.89896524525277,81.22294606764035,44.28611848925476
P12,trial_55_R_affected,2,02,40.91929383733043,59.991401052299544,35.54390611194844
P12,trial_55_R_affected,2,12,49.8988779482497,60.794173770934655,54.715350592597986
P12,trial_55_R_affected,3,012,42.940230766464715,63.00393560217659,32.724227991790755
P12,trial_56_R_affected,2,01,44.90077367559205,74.72115910431273,37.06494540134424
P12,trial_56_R_affected,2,02,44.90731835362196,56.22173193781195,33.00747590190794
P12,trial_56_R_affected,2,12,54.51990195870217,55.08778378474503,46.871910416708644
P12,trial_56_R_affected,3,012,46.603769699603234,58.12296769589307,30.740370766155262
P12,trial_57_R_affected,2,01,45.3703353406521,74.05897842850024,38.27153113699719
P12,trial_57_R_affected,2,02,46.41001757989424,55.99399465691309,33.57568548428357
P12,trial_57_R_affected,2,12,55.77731697435542,54.122597787924455,50.18367131145363
P12,trial_57_R_affected,3,012,48.19128227512498,57.98088644063042,33.14098814583959
P12,trial_58_R_affected,2,01,42.666708395875546,77.9621998060362,40.31780131145896
P12,trial_58_R_affected,2,02,45.26052157400651,56.82918172065992,32.12626387504881
P12,trial_58_R_affected,2,12,55.89304307670989,56.43062024944145,48.361868382553524
P12,trial_58_R_affected,3,012,47.04914902215562,59.504076531092274,30.68327414327215
P12,trial_59_R_affected,2,01,43.936924322788634,74.29252092067513,37.45332330437889
P12,trial_59_R_affected,2,02,46.12331782245964,54.30016032934226,33.28499192653072
P12,trial_59_R_affected,2,12,55.225958654510336,55.19799234150647,48.00248923070351
P12,trial_59_R_affected,3,012,47.92064508642744,57.08002077523011,33.06609316696231
P12,trial_5_L_unaffected,2,01,62.36367036387278,70.78428551352252,58.705852719726636
P12,trial_5_L_unaffected,2,02,25.02284616201428,40.46867648982453,47.4219175005039
P12,trial_5_L_unaffected,2,12,33.16501375025979,37.342333586143326,37.530765550080275
P12,trial_5_L_unaffected,3,012,28.808387529677553,42.49931467046659,42.23116683669625
P12,trial_60_R_affected,2,01,41.522319150318495,75.9005750995971,39.42612397016365
P12,trial_60_R_affected,2,02,43.656206318342306,58.028834182729355,30.86591910623327
P12,trial_60_R_affected,2,12,56.93879772265134,57.81995819531515,48.70679291921804
P12,trial_60_R_affected,3,012,45.9118658507693,60.236422689911656,28.491170765957406
P12,trial_61_R_affected,2,01,49.89501576581521,74.43820334296723,37.62675894893715
P12,trial_61_R_affected,2,02,48.57624836180168,52.9920183374045,33.40363953268106
P12,trial_61_R_affected,2,12,55.64414998041243,52.952623193469435,48.1237353488471
P12,trial_61_R_affected,3,012,50.47316770183925,55.89265240708661,31.58208296826042
P12,trial_62_R_affected,2,01,45.0794670044799,75.87388396793155,41.45686500309106
P12,trial_62_R_affected,2,02,44.52601292018621,54.56031596379386,31.512492046536664
P12,trial_62_R_affected,2,12,54.5415260070329,53.22524009931179,47.96914240798756
P12,trial_62_R_affected,3,012,46.440334545872126,57.28220186921904,28.67574975670669
P12,trial_63_R_affected,2,01,47.40668882824833,74.40134663280519,42.27579634060217
P12,trial_63_R_affected,2,02,45.954054923072114,52.91973657622344,30.360721980165593
P12,trial_63_R_affected,2,12,54.35134386087539,52.27303433984388,47.69170112675112
P12,trial_63_R_affected,3,012,47.78797516032244,55.813751795292475,29.28294932938942
P12,trial_64_R_affected,2,01,44.20392153966002,76.72236390098274,44.05618148027459
P12,trial_64_R_affected,2,02,44.77047697533913,56.683367670789465,32.40457656485929
P12,trial_64_R_affected,2,12,53.99456859371155,53.33674992579162,50.6557672240974
P12,trial_64_R_affected,3,012,46.44965907256999,58.740711786943486,32.14529347397337
P12,trial_65_R_affected,2,01,45.74133286499307,74.90786752016092,41.17884144050992
P12,trial_65_R_affected,2,02,45.46582855667495,57.93858716736508,29.588417433605372
P12,trial_65_R_affected,2,12,55.335498746882,57.88875777169436,45.58592126134568
P12,trial_65_R_affected,3,012,47.38647763184948,59.798691238674245,29.348422232047014
P12,trial_66_R_affected,2,01,44.56933329425211,79.89979701938739,45.09878524627645
P12,trial_66_R_affected,2,02,43.710555123568646,57.531344724501764,34.375572245604
P12,trial_66_R_affected,2,12,54.44786473138601,53.00677645205795,47.7362832562165
P12,trial_66_R_affected,3,012,46.024581944472914,59.319755713275356,30.233155283585557
P12,trial_67_R_affected,2,01,41.69712648831181,78.35505771551097,44.029307081279924
P12,trial_67_R_affected,2,02,43.17729839004058,58.417282299121275,30.831516208337256
P12,trial_67_R_affected,2,12,55.28443668317361,54.6412532572046,46.68109576437554
P12,trial_67_R_affected,3,012,45.345951238994836,60.43869712217639,26.71314784943481
P12,trial_68_R_affected,2,01,38.32881715366172,79.90618570797882,41.67802583716907
P12,trial_68_R_affected,2,02,40.41683355674133,59.75242630623714,30.69433973857938
P12,trial_68_R_affected,2,12,52.923308111695526,55.3862179326848,43.402371434527645
P12,trial_68_R_affected,3,012,42.305054409067395,61.46521102100305,27.362824212351352
P12,trial_69_R_affected,2,01,42.73162373182118,74.3897817439266,37.0692772963659
P12,trial_69_R_affected,2,02,44.97618423022608,55.873781688037724,30.280660657264864
P12,trial_69_R_affected,2,12,56.12851379755503,54.48295037170321,46.633698315463604
P12,trial_69_R_affected,3,012,46.8454921593365,57.77574265714578,29.68684688093336
P12,trial_6_L_unaffected,2,01,60.84366739660605,64.96839378070315,54.11818007966146
P12,trial_6_L_unaffected,2,02,21.88844466017166,38.73241505632004,39.80489267315183
P12,trial_6_L_unaffected,2,12,34.8668565587246,37.84047679131348,35.93556072353108
P12,trial_6_L_unaffected,3,012,26.790965826191805,41.12142652111687,36.780349994764286
P12,trial_70_R_affected,2,01,41.85228029568911,79.13243700945839,40.43592107036582
P12,trial_70_R_affected,2,02,43.220677637236705,58.44304126484029,30.024828926413544
P12,trial_70_R_affected,2,12,55.13733742002524,55.8102277157559,46.47167209046998
P12,trial_70_R_affected,3,012,45.136844187001145,60.65452804016987,28.991546811803342
P12,trial_71_R_affected,2,01,46.76965819515069,76.62387806852632,40.12794009895642
P12,trial_71_R_affected,2,02,46.213626835398735,56.874082050332326,31.021255384853657
P12,trial_71_R_affected,2,12,54.32312173887603,53.65559308269368,45.2320597959131
P12,trial_71_R_affected,3,012,47.98752066616485,58.732167793798894,28.999716482026404
P12,trial_72_R_affected,2,01,46.91194340700887,76.57732195391904,39.92632174431464
P12,trial_72_R_affected,2,02,45.367929862013966,57.30670648397089,29.97980611530643
P12,trial_72_R_affected,2,12,54.05368252052648,55.19722094136332,43.87413287395812
P12,trial_72_R_affected,3,012,47.05597309833849,59.40836126496122,28.04944286659287
P12,trial_73_R_affected,2,01,45.5140174147378,72.61005369987791,33.94536297441227
P12,trial_73_R_affected,2,02,45.30287124052955,54.46908996773093,30.330079983586703
P12,trial_73_R_affected,2,12,55.29293912259416,55.54288306045417,45.03126475281476
P12,trial_73_R_affected,3,012,47.21952437503666,57.027255473575,30.13515073687583
P12,trial_74_R_affected,2,01,44.47664588006117,74.24846691853021,39.843160479606055
P12,trial_74_R_affected,2,02,45.07011830948848,55.57948448437133,29.139653496162737
P12,trial_74_R_affected,2,12,54.024032645613026,51.45564644572468,45.00315693542784
P12,trial_74_R_affected,3,012,47.01628449084547,56.99564374316882,29.29587867007385
P12,trial_75_R_affected,2,01,43.90387071611941,76.8377096577702,43.18947146584087
P12,trial_75_R_affected,2,02,45.51092620812707,57.164682642703205,29.73878126423705
P12,trial_75_R_affected,2,12,55.99653890119665,55.03305800666676,45.20398865533305
P12,trial_75_R_affected,3,012,47.53409302003653,59.36660820555381,27.905079947908227
P12,trial_76_R_affected,2,01,56.13051676781304,66.73029197276183,35.90057639118762
P12,trial_76_R_affected,2,02,53.426534186802705,49.58572926293736,30.92204134137833
P12,trial_76_R_affected,2,12,56.67507129413897,48.316525223195065,41.18318914078227
P12,trial_76_R_affected,3,012,54.8624707270325,51.401634209465,31.303564211425012
P12,trial_77_R_affected,2,01,46.10503151182818,75.53157479896832,39.91806951458862
P12,trial_77_R_affected,2,02,45.79474972568625,57.77675592608819,30.075872101679973
P12,trial_77_R_affected,2,12,55.302474086236124,56.05246199045085,44.51115077095652
P12,trial_77_R_affected,3,012,47.75140565000252,59.75805766647089,28.878173980995502
P12,trial_78_R_affected,2,01,47.94533263388874,75.34801310325092,42.89784791256054
P12,trial_78_R_affected,2,02,46.36554764459233,57.2026456608784,29.457348050256133
P12,trial_78_R_affected,2,12,55.33987788338493,55.86760468558491,46.92832896525798
P12,trial_78_R_affected,3,012,48.08264292783309,59.309627091302495,28.22956457606317
P12,trial_79_R_affected,2,01,46.37124840475259,76.0338724363676,42.54813770663339
P12,trial_79_R_affected,2,02,46.871470161269876,57.74395855188835,31.325617344032146
P12,trial_79_R_affected,2,12,57.76377907843254,55.96193566292485,45.318207898133934
P12,trial_79_R_affected,3,012,48.95512373507161,59.79502174394595,29.60179307749563
P12,trial_7_L_unaffected,2,01,57.07904738472371,64.84470006883464,59.113726792208574
P12,trial_7_L_unaffected,2,02,19.704408521440584,38.83629432963387,40.27136402345925
P12,trial_7_L_unaffected,2,12,33.358257799871865,39.01436634676934,31.87178454359356
P12,trial_7_L_unaffected,3,012,25.809746819009064,41.611984026918016,37.55544641273431
P12,trial_80_R_affected,2,01,47.931341034171744,73.06936101230859,41.99842931332861
P12,trial_80_R_affected,2,02,47.57517051673928,55.72931182108124,29.132384750160718
P12,trial_80_R_affected,2,12,56.580414108548865,54.44620816431498,44.345052994589786
P12,trial_80_R_affected,3,012,49.19071737384929,57.717077917327444,28.4669205545981
P12,trial_81_R_affected,2,01,44.953395308215256,73.83564758432749,43.772121861599366
P12,trial_81_R_affected,2,02,45.33530745962246,58.72808481425661,29.912676105980868
P12,trial_81_R_affected,2,12,55.581431757078654,58.67811355331425,42.72842824408948
P12,trial_81_R_affected,3,012,46.77171362175443,60.502101608675254,30.388629365120703
P12,trial_82_R_affected,2,01,45.21527484056072,76.92886981004726,48.00866337708774
P12,trial_82_R_affected,2,02,44.38185775906215,58.2043832274235,30.895455158046175
P12,trial_82_R_affected,2,12,54.13534969747001,57.03901479128363,43.79250426580584
P12,trial_82_R_affected,3,012,46.05470016916787,59.956639198548146,32.749348340708885
P12,trial_8_L_unaffected,2,01,58.17594324507688,61.28397126938862,50.920467105755804
P12,trial_8_L_unaffected,2,02,22.46609720635791,39.66045612118195,39.74370716402886
P12,trial_8_L_unaffected,2,12,35.35807748079923,39.61594423532596,33.72954617721206
P12,trial_8_L_unaffected,3,012,27.651974809503937,41.54462574208476,36.12430285696269
P12,trial_9_L_unaffected,2,01,57.06458760649621,61.87694529300041,56.05096803864157
P12,trial_9_L_unaffected,2,02,21.595406055851186,39.18527005864623,42.48977536772362
P12,trial_9_L_unaffected,2,12,33.11385098086191,38.73973583163516,33.91077258440694
P12,trial_9_L_unaffected,3,012,25.946728645619302,41.06620077283588,39.06205129611996
P13,trial_10_L_unaffected,2,01,29.06121761448076,62.455654847146306,43.15999069516858
P13,trial_10_L_unaffected,2,02,30.509350564788356,56.866358120241614,41.344006008376496
P13,trial_10_L_unaffected,2,12,42.38933551893788,67.41441558964787,42.47855676467336
P13,trial_10_L_unaffected,3,012,29.636747218572978,61.42725698223958,39.27365533723146
P13,trial_11_L_unaffected,2,01,28.91408806191596,63.57551313113321,41.63714225105228
P13,trial_11_L_unaffected,2,02,30.14803005169245,59.092754166704644,42.10691452897075
P13,trial_11_L_unaffected,2,12,46.304768860325666,69.88195757938749,42.72605142092386
P13,trial_11_L_unaffected,3,012,29.59625062152838,62.637047758901815,39.26313473298752
P13,trial_12_L_unaffected,2,01,28.448886253810468,64.65401614974473,45.88568273043704
P13,trial_12_L_unaffected,2,02,30.099273125572036,56.63051309401213,43.15760394669824
P13,trial_12_L_unaffected,2,12,43.130815718439464,67.55432108705818,41.12845146389082
P13,trial_12_L_unaffected,3,012,28.74293924735592,62.19606540959961,40.66458363488832
P13,trial_13_L_unaffected,2,01,29.457270706265806,64.29976571154322,43.86072045565135
P13,trial_13_L_unaffected,2,02,29.967511170414934,57.778376200378695,41.49055709946955
P13,trial_13_L_unaffected,2,12,44.80188868088857,68.60338820436513,35.32189247535968
P13,trial_13_L_unaffected,3,012,29.598032251275583,62.84172880993465,39.09670237509058
P13,trial_14_L_unaffected,2,01,29.108305674810843,63.54349834926554,41.39877994928253
P13,trial_14_L_unaffected,2,02,31.405122752243145,57.61008011989677,41.62215320663777
P13,trial_14_L_unaffected,2,12,47.98247427405791,69.80297182077844,40.87859566850506
P13,trial_14_L_unaffected,3,012,30.30591514490267,62.56834159272739,37.16832377729356
P13,trial_15_L_unaffected,2,01,28.94496550991423,65.00779344798737,41.78256993439912
P13,trial_15_L_unaffected,2,02,29.848998971818485,58.200449676441245,40.17344181925768
P13,trial_15_L_unaffected,2,12,49.232628713713126,73.22493790192546,39.0257432958691
P13,trial_15_L_unaffected,3,012,29.527033183816776,63.6051201103661,37.85868977394436
P13,trial_16_L_unaffected,2,01,26.495390503061977,63.47741469411999,40.50227141229816
P13,trial_16_L_unaffected,2,02,29.646427127677505,55.84360253777613,40.453123519995465
P13,trial_16_L_unaffected,2,12,45.09999444952371,67.72093710668022,42.37404039447254
P13,trial_16_L_unaffected,3,012,27.68126757034125,61.688509613564435,37.15798268919943
P13,trial_17_L_unaffected,2,01,26.76453916492658,61.46735636708667,42.11726518848371
P13,trial_17_L_unaffected,2,02,27.473470389762227,55.39912493116063,39.09377982048055
P13,trial_17_L_unaffected,2,12,42.9603418292581,68.23428412980418,39.41957493287581
P13,trial_17_L_unaffected,3,012,26.666511894562362,60.31880082844194,37.22852420450829
P13,trial_18_L_unaffected,2,01,29.172867584934497,63.10016923451905,40.98448941239472
P13,trial_18_L_unaffected,2,02,30.07831167949199,57.52668040836106,40.99404727572777
P13,trial_18_L_unaffected,2,12,49.48038343184021,69.58939331180889,42.90947873984682
P13,trial_18_L_unaffected,3,012,29.65104598335055,62.173908348398555,37.87514011541835
P13,trial_19_L_unaffected,2,01,26.979803783556427,63.89045982457736,42.92140448089337
P13,trial_19_L_unaffected,2,02,30.771880704906607,55.782899644072465,40.37751689937815
P13,trial_19_L_unaffected,2,12,49.33696355410841,67.15902839020345,41.806829067435785
P13,trial_19_L_unaffected,3,012,28.378340454266645,61.13393213379813,37.279758110443346
P13,trial_1_L_unaffected,2,01,32.648785151510246,57.15832807434502,33.983160529710034
P13,trial_1_L_unaffected,2,02,35.681138895630724,52.95880527234455,54.289788961211585
P13,trial_1_L_unaffected,2,12,62.33371636253866,77.40160724893694,92.32284129212314
P13,trial_1_L_unaffected,3,012,35.75726325421762,57.03062887693406,44.79171572878234
P13,trial_20_L_unaffected,2,01,27.295881220542856,65.49257651646204,43.16574711067926
P13,trial_20_L_unaffected,2,02,29.691928169124193,56.006662022373284,38.874996161567324
P13,trial_20_L_unaffected,2,12,46.989826866798595,69.63510666548174,39.089662299784266
P13,trial_20_L_unaffected,3,012,28.12749911090491,62.33539605752291,36.598913318064255
P13,trial_21_L_unaffected,2,01,28.560864574134047,64.22409248765781,44.50443595686884
P13,trial_21_L_unaffected,2,02,30.026742864002717,55.54281755511867,40.937262066066914
P13,trial_21_L_unaffected,2,12,45.68127396338793,70.81692001433778,39.37853778029554
P13,trial_21_L_unaffected,3,012,28.71845562907829,61.6287615867196,38.86282097796731
P13,trial_22_L_unaffected,2,01,28.233686157240946,65.71492475853633,44.05543166840802
P13,trial_22_L_unaffected,2,02,32.063052062362736,56.19997475038747,41.234309804674
P13,trial_22_L_unaffected,2,12,47.27826622982807,68.8045821948295,42.880126889953594
P13,trial_22_L_unaffected,3,012,29.649743758208135,62.871207877911154,38.66846646159612
P13,trial_23_L_unaffected,2,01,28.770671298786763,64.87251071042274,45.941606837264374
P13,trial_23_L_unaffected,2,02,30.03829789539508,55.861285375885245,41.07290374555712
P13,trial_23_L_unaffected,2,12,46.27696779049185,72.10042453243157,40.381651369883585
P13,trial_23_L_unaffected,3,012,28.68030543857855,62.14486018340047,39.207093933272695
P13,trial_24_L_unaffected,2,01,27.643272260956966,62.075742314708975,44.51812611569632
P13,trial_24_L_unaffected,2,02,28.12872657054306,54.61921660246038,39.63623618366908
P13,trial_24_L_unaffected,2,12,42.46402152858676,66.76005721104134,39.97982215756892
P13,trial_24_L_unaffected,3,012,27.509340542483088,59.97058881601933,38.799975048702244
P13,trial_25_L_unaffected,2,01,28.081240163986852,62.276305679973305,41.66750257175496
P13,trial_25_L_unaffected,2,02,29.44113012767829,58.22165981427922,40.381624151222404
P13,trial_25_L_unaffected,2,12,44.54702161422183,70.39196110719257,42.440451920064014
P13,trial_25_L_unaffected,3,012,28.3991670969608,62.06476868149189,38.19311342931912
P13,trial_26_L_unaffected,2,01,25.428231958257573,62.59359226239564,43.584724751240316
P13,trial_26_L_unaffected,2,02,29.446933872499457,56.07970586372224,40.5690292377808
P13,trial_26_L_unaffected,2,12,43.93822748364413,67.78543859037727,38.84639572914049
P13,trial_26_L_unaffected,3,012,26.816544762408533,60.67076293582326,38.339763276638784
P13,trial_27_L_unaffected,2,01,24.43097918653919,62.35830702564126,40.177630427643436
P13,trial_27_L_unaffected,2,02,28.785882718249578,57.278604198047816,40.21674786560346
P13,trial_27_L_unaffected,2,12,45.03528715590972,69.16750785397133,42.419061806370436
P13,trial_27_L_unaffected,3,012,25.942935156641614,61.43310332432949,36.396114166401574
P13,trial_28_L_unaffected,2,01,25.38145672865889,60.48069850448093,39.31097649193417
P13,trial_28_L_unaffected,2,02,29.719814026537406,57.279656704201905,38.770747742366275
P13,trial_28_L_unaffected,2,12,46.084880743681815,66.8099700452735,40.90102438081866
P13,trial_28_L_unaffected,3,012,26.968661821029194,60.94970347634143,34.840257058723026
P13,trial_29_L_unaffected,2,01,26.544965475889207,64.17001027122133,43.147859822770194
P13,trial_29_L_unaffected,2,02,29.561591760754613,58.73754705594283,41.3486578559376
P13,trial_29_L_unaffected,2,12,43.25261787959502,67.80627345233711,44.63972634644106
P13,trial_29_L_unaffected,3,012,26.7930265027832,62.32358273892245,38.64128298734897
P13,trial_2_L_unaffected,2,01,29.53289493075533,62.0876931365746,44.499001716540754
P13,trial_2_L_unaffected,2,02,29.304770806575583,57.81080534964295,45.156629606674514
P13,trial_2_L_unaffected,2,12,49.08827923818779,65.52723421656789,45.73505523490881
P13,trial_2_L_unaffected,3,012,29.202552469923297,60.883458562537854,42.34778070884374
P13,trial_30_L_unaffected,2,01,28.652322354392055,65.19477996180079,43.0262760025786
P13,trial_30_L_unaffected,2,02,31.40175538979,57.73606957656516,42.57061436551056
P13,trial_30_L_unaffected,2,12,51.17721561775712,66.22646720895662,41.327089798540726
P13,trial_30_L_unaffected,3,012,29.295557778761204,62.329191026824894,37.7089677805826
P13,trial_31_L_unaffected,2,01,31.701380338827143,63.412130608153575,40.22490095876233
P13,trial_31_L_unaffected,2,02,31.853131536975976,59.13205039039332,40.96639096624298
P13,trial_31_L_unaffected,2,12,51.872836530172805,68.04319043217777,43.27493433911131
P13,trial_31_L_unaffected,3,012,31.933090403397678,62.75371232177931,35.866716355074175
P13,trial_32_L_unaffected,2,01,30.414186822882193,62.920161235380256,40.81666913103572
P13,trial_32_L_unaffected,2,02,32.87939359410469,59.51357027173574,40.765567122361475
P13,trial_32_L_unaffected,2,12,50.508537157203804,70.30618427890694,40.10934996317928
P13,trial_32_L_unaffected,3,012,30.989099267796274,63.31621261069036,35.66938646215736
P13,trial_33_L_unaffected,2,01,31.383989816142208,64.26801776318705,41.44914225579145
P13,trial_33_L_unaffected,2,02,32.46995899636276,59.07040948504283,40.63501377600918
P13,trial_33_L_unaffected,2,12,52.597050685469306,69.19820043127568,36.533260875297145
P13,trial_33_L_unaffected,3,012,32.30714174110726,63.48701026380418,36.60186279101139
P13,trial_34_L_unaffected,2,01,31.733169382908567,61.535599423230366,38.74239092184682
P13,trial_34_L_unaffected,2,02,32.74957607814715,58.01627642404887,40.13290294116358
P13,trial_34_L_unaffected,2,12,52.23284907276835,69.02725293272546,42.954781010581215
P13,trial_34_L_unaffected,3,012,31.886271094290645,62.39400123141002,35.11139917388348
P13,trial_35_L_unaffected,2,01,28.716910845045653,63.267825013568334,43.69663139201419
P13,trial_35_L_unaffected,2,02,31.61945885689708,59.03842739153024,41.54406417466266
P13,trial_35_L_unaffected,2,12,48.83931113909974,69.91467843074443,39.28788982416962
P13,trial_35_L_unaffected,3,012,29.73823586889561,63.10485125254212,37.75591304659442
P13,trial_36_L_unaffected,2,01,32.09303412283791,63.983141217651074,40.84852725548096
P13,trial_36_L_unaffected,2,02,33.121181958704746,58.74309770429991,43.733704767470826
P13,trial_36_L_unaffected,2,12,54.03808943102777,69.39879144439186,46.442518247861145
P13,trial_36_L_unaffected,3,012,32.98244596362332,63.358361094282145,37.436164603211495
P13,trial_37_L_unaffected,2,01,29.422481842833207,64.55421487333419,41.29791018327689
P13,trial_37_L_unaffected,2,02,29.91320809724964,56.02555689833112,41.34729224781366
P13,trial_37_L_unaffected,2,12,50.78851402209231,67.4620755093907,41.09228800808836
P13,trial_37_L_unaffected,3,012,29.643914920740183,61.72907264264882,36.73514631452906
P13,trial_38_L_unaffected,2,01,31.748300665574636,62.355530118922715,41.506919378183966
P13,trial_38_L_unaffected,2,02,32.19746808486498,58.84246136001254,41.63636680567723
P13,trial_38_L_unaffected,2,12,52.58869688937381,68.79878585482258,42.62363614332087
P13,trial_38_L_unaffected,3,012,32.39252637690377,62.53607492278148,35.89112684893682
P13,trial_39_L_unaffected,2,01,31.063024160092628,62.2795115713983,42.02469482259218
P13,trial_39_L_unaffected,2,02,31.264243399815417,58.625892647841646,40.229701883403955
P13,trial_39_L_unaffected,2,12,50.964318881826216,69.18518663266074,44.76877051091187
P13,trial_39_L_unaffected,3,012,31.879035964667437,63.06739991821882,35.41879322368584
P13,trial_3_L_unaffected,2,01,30.82353453646534,59.50733912897322,37.92485726697802
P13,trial_3_L_unaffected,2,02,29.38936166854088,54.19843811175906,41.551044796474216
P13,trial_3_L_unaffected,2,12,45.89559326504804,67.60554065255627,49.55795127412312
P13,trial_3_L_unaffected,3,012,30.314696501972687,58.82596733924539,37.77410167765602
P13,trial_40_L_unaffected,2,01,31.571790525514018,63.570270917187166,40.111178084397714
P13,trial_40_L_unaffected,2,02,32.49897124457977,57.560910669738234,41.84391288134825
P13,trial_40_L_unaffected,2,12,53.21754541096193,71.11373162253574,42.911981451184566
P13,trial_40_L_unaffected,3,012,32.68704502189676,62.598821642499274,37.29268817720067
P13,trial_41_R_affected,2,01,45.9963744497563,72.77671982278609,39.86060840349962
P13,trial_41_R_affected,2,02,44.567359352928236,68.4810800307415,36.13884880904586
P13,trial_41_R_affected,2,12,46.886498284580846,62.89754365288583,49.003886908988406
P13,trial_41_R_affected,3,012,45.878275242576926,68.34770439196589,36.94765549579987
P13,trial_42_R_affected,2,01,47.23454710491705,72.0132235477526,38.585832068936135
P13,trial_42_R_affected,2,02,45.990140887729005,65.98790223580862,33.03599667137337
P13,trial_42_R_affected,2,12,47.30277299664521,62.25087147113462,41.041242639924974
P13,trial_42_R_affected,3,012,47.04069682437554,66.70036516060424,34.38614047990206
P13,trial_43_R_affected,2,01,45.742890714447455,68.8254120318345,38.35814924438975
P13,trial_43_R_affected,2,02,45.66639901373666,67.43924615175732,33.52055888250677
P13,trial_43_R_affected,2,12,48.279413101698715,58.993347109471244,43.550695959458444
P13,trial_43_R_affected,3,012,46.44489715402159,66.21120827868823,35.66501642315096
P13,trial_44_R_affected,2,01,48.92200030458518,72.55870906891265,36.65574998227503
P13,trial_44_R_affected,2,02,48.7942140333417,67.48931932261668,32.24276210316761
P13,trial_44_R_affected,2,12,46.215579561952154,68.1465573008636,44.206097658752384
P13,trial_44_R_affected,3,012,48.32799817569945,68.35166862976126,33.0083773918179
P13,trial_45_R_affected,2,01,48.96790813104792,70.64284547973985,38.06967724593297
P13,trial_45_R_affected,2,02,48.032079943118184,66.32700169075957,31.96225485849009
P13,trial_45_R_affected,2,12,44.347315569980495,67.810509319036,43.26826208017143
P13,trial_45_R_affected,3,012,47.73877570919486,66.98284720108322,34.01615409153907
P13,trial_46_R_affected,2,01,46.08136556452715,71.66098719591233,37.87264818794529
P13,trial_46_R_affected,2,02,45.69347029521607,67.1106948059683,30.999405344326544
P13,trial_46_R_affected,2,12,41.95544203387684,68.02749384849155,42.70421859411212
P13,trial_46_R_affected,3,012,45.46446718694541,68.01029296652639,33.79142921223112
P13,trial_47_R_affected,2,01,46.97497681358104,73.0968717173116,41.01380362771211
P13,trial_47_R_affected,2,02,46.572227508831645,68.70150643181846,32.89818699375925
P13,trial_47_R_affected,2,12,42.71905316542905,68.30222764732977,47.38934470878318
P13,trial_47_R_affected,3,012,46.26293374845216,69.13652693472399,36.253287960454486
P13,trial_48_R_affected,2,01,49.295170296389244,72.90456161619892,39.706643708215175
P13,trial_48_R_affected,2,02,49.34845491990613,68.68994591251409,33.17123330627755
P13,trial_48_R_affected,2,12,46.70212647376566,69.40756860042208,45.06729069345179
P13,trial_48_R_affected,3,012,48.99198169546212,69.22622275814338,35.147390512528034
P13,trial_49_R_affected,2,01,48.370012220052985,70.78070825692494,36.99888116465331
P13,trial_49_R_affected,2,02,47.786597121487766,66.37086411407638,33.23095268979545
P13,trial_49_R_affected,2,12,43.522822687799064,70.03109194352531,44.08624060692862
P13,trial_49_R_affected,3,012,47.353640426085846,67.375995539947,34.311622636950034
P13,trial_4_L_unaffected,2,01,29.184909841170906,59.91860839578351,43.22074278895021
P13,trial_4_L_unaffected,2,02,30.450074686869918,53.12689643817753,45.53031173383613
P13,trial_4_L_unaffected,2,12,49.90995261645279,62.164415715910096,54.87119843435684
P13,trial_4_L_unaffected,3,012,29.41838957188823,56.957763821772446,41.6109360687797
P13,trial_50_R_affected,2,01,49.41731100412164,72.05332086387176,37.17308475786528
P13,trial_50_R_affected,2,02,49.97825736966093,68.37654873619552,33.424974617753264
P13,trial_50_R_affected,2,12,46.20311972952917,69.74023306530678,45.71617745150511
P13,trial_50_R_affected,3,012,49.092194358650595,68.88908182662345,33.272452537559744
P13,trial_51_R_affected,2,01,45.91634468599648,71.66749595503492,36.47819607750685
P13,trial_51_R_affected,2,02,45.537099699056725,69.75662207158564,33.63865691321131
P13,trial_51_R_affected,2,12,43.984177205538444,65.68282445689638,41.083960987797816
P13,trial_51_R_affected,3,012,45.807660180420314,68.97610050065126,34.12758314993335
P13,trial_52_R_affected,2,01,45.64958154366961,69.84326559697945,37.98958135743552
P13,trial_52_R_affected,2,02,45.70920610455757,69.06544519865626,34.52877014488596
P13,trial_52_R_affected,2,12,44.72811505353713,65.06876525550973,40.57557663813151
P13,trial_52_R_affected,3,012,45.73807146384946,67.78221329692222,35.867511065411975
P13,trial_53_R_affected,2,01,45.75266587760175,70.87005046610932,38.78186973986994
P13,trial_53_R_affected,2,02,45.08129883415425,68.51406653573765,32.41262279593316
P13,trial_53_R_affected,2,12,44.67438305545248,66.87557044163835,43.77343160900818
P13,trial_53_R_affected,3,012,45.677297966677095,68.11310877737964,35.07423740330508
P13,trial_54_R_affected,2,01,44.77781497631777,72.55130323327518,37.57141182144571
P13,trial_54_R_affected,2,02,44.10481691011556,70.13894536640757,30.43760193190112
P13,trial_54_R_affected,2,12,45.467247306239585,67.3422971756,41.97036821651362
P13,trial_54_R_affected,3,012,45.0096631581017,69.5564461640712,32.908522555589265
P13,trial_55_R_affected,2,01,44.15576269956782,70.96132761119559,37.1895781747452
P13,trial_55_R_affected,2,02,43.64085782449047,67.87590527678948,31.049897349298305
P13,trial_55_R_affected,2,12,44.827980306679045,68.20945799534094,38.68453392461185
P13,trial_55_R_affected,3,012,44.279071001037856,68.19789760523342,33.80526157043412
P13,trial_56_R_affected,2,01,46.256319066416914,73.05963412353371,39.77376154774351
P13,trial_56_R_affected,2,02,46.47176051700243,69.78905569607905,33.936170009892784
P13,trial_56_R_affected,2,12,47.61235062529361,68.9442894787201,43.979822384883256
P13,trial_56_R_affected,3,012,46.9119154101384,69.79507850424596,35.66340361810321
P13,trial_57_R_affected,2,01,46.262096802044134,70.64659741751633,35.004145368019564
P13,trial_57_R_affected,2,02,46.62893298211075,67.85791341999051,30.254993707782283
P13,trial_57_R_affected,2,12,47.26766846172461,66.04142747771543,40.64505528568124
P13,trial_57_R_affected,3,012,46.91839597163111,67.80725140385312,31.227893106932267
P13,trial_58_R_affected,2,01,45.00743629605512,70.88093819522624,36.178558877105516
P13,trial_58_R_affected,2,02,45.01056565717816,67.30687807829493,30.531209446440442
P13,trial_58_R_affected,2,12,45.91315387985292,68.03239330450971,43.248577727783015
P13,trial_58_R_affected,3,012,45.59380627287611,67.8532572964364,32.267671364790814
P13,trial_59_R_affected,2,01,47.47539072256394,69.90043066787497,35.40035064738805
P13,trial_59_R_affected,2,02,47.83605448800566,67.3150192670895,30.548421037227378
P13,trial_59_R_affected,2,12,48.35580791851987,67.41719709536373,46.830144179489245
P13,trial_59_R_affected,3,012,48.188822244534705,67.35240431433081,31.200258435827315
P13,trial_5_L_unaffected,2,01,28.74798286747595,61.53814410263966,39.861758966114756
P13,trial_5_L_unaffected,2,02,31.034345711945928,53.4154722859652,44.92793347974203
P13,trial_5_L_unaffected,2,12,50.65621157585475,63.61471886479979,50.95543023641952
P13,trial_5_L_unaffected,3,012,29.687457852881575,58.46914525613973,38.80373249998983
P13,trial_60_R_affected,2,01,46.82141509041509,69.85825199720956,36.508072871336736
P13,trial_60_R_affected,2,02,46.06404714729365,67.00411440584884,31.03242520400089
P13,trial_60_R_affected,2,12,46.249552841883336,66.46005375671318,44.59880709562769
P13,trial_60_R_affected,3,012,46.73798380837987,67.21808347845027,31.86802964190405
P13,trial_61_R_affected,2,01,47.765468895164446,69.47874790099308,36.69512383823999
P13,trial_61_R_affected,2,02,47.51661691999599,66.44759564193896,31.454988215871907
P13,trial_61_R_affected,2,12,47.56689113138362,65.94388229594013,46.55132891166917
P13,trial_61_R_affected,3,012,48.12168768793953,66.46454710443967,32.340638144106464
P13,trial_62_R_affected,2,01,47.79845238920405,69.6069884384862,37.81218211246152
P13,trial_62_R_affected,2,02,47.23780637457103,66.34390962678097,31.04793077584721
P13,trial_62_R_affected,2,12,47.20188690612982,66.71325110789843,46.86977715266274
P13,trial_62_R_affected,3,012,47.7913526201639,66.46848424058967,33.18931144641275
P13,trial_63_R_affected,2,01,50.588944862353515,68.84553207459182,41.85779799924924
P13,trial_63_R_affected,2,02,49.56856707979632,65.76302539524677,36.90065568351345
P13,trial_63_R_affected,2,12,46.94519556329491,66.5141418231492,47.20151718313779
P13,trial_63_R_affected,3,012,49.67459414880922,65.97522766095697,37.81916198713973
P13,trial_64_R_affected,2,01,48.83189288279373,68.08121876028098,39.42122019965358
P13,trial_64_R_affected,2,02,47.870225190506574,65.12245416293979,32.28991443920866
P13,trial_64_R_affected,2,12,48.24237413016425,65.01668689583107,45.499956639267886
P13,trial_64_R_affected,3,012,48.89781079338544,65.15383673840418,35.8519352233407
P13,trial_65_R_affected,2,01,50.04718867398225,68.25239528560999,41.64706078326918
P13,trial_65_R_affected,2,02,49.47177979013976,67.33203875184581,34.68908952631037
P13,trial_65_R_affected,2,12,48.83533589450489,63.231833541343406,46.55538652589689
P13,trial_65_R_affected,3,012,50.12977686297373,66.12150253072619,37.4326209562259
P13,trial_66_R_affected,2,01,47.35843939008497,70.33702631790517,37.246352214067926
P13,trial_66_R_affected,2,02,46.22910526144384,67.75732133721928,34.14175153817901
P13,trial_66_R_affected,2,12,47.83416479739795,64.07470170625774,45.0867176790554
P13,trial_66_R_affected,3,012,47.39223138481237,67.27171230080002,35.658636335245745
P13,trial_67_R_affected,2,01,48.0341519940653,69.00279668679124,40.48144868479211
P13,trial_67_R_affected,2,02,47.32461781121062,67.6568293123822,35.33260929544981
P13,trial_67_R_affected,2,12,47.838641933933346,63.40639507312907,43.21536038100993
P13,trial_67_R_affected,3,012,48.13084053999642,66.52139763789211,37.501453086251594
P13,trial_68_R_affected,2,01,49.261506758467284,70.12870558588446,41.319026848530825
P13,trial_68_R_affected,2,02,47.97482778274984,67.39474023396868,35.01726230895788
P13,trial_68_R_affected,2,12,48.39641593743907,65.1471215244882,45.21072270368288
P13,trial_68_R_affected,3,012,49.22644735472317,67.09973232989219,38.344921469950336
P13,trial_69_R_affected,2,01,49.49759710784963,70.09146866730315,38.02395796664767
P13,trial_69_R_affected,2,02,47.335529473495676,65.40963232934017,31.903233820169724
P13,trial_69_R_affected,2,12,47.58318546288508,66.68813445478168,40.881280938986805
P13,trial_69_R_affected,3,012,48.74057756112573,66.06581908406945,34.988823691818844
P13,trial_6_L_unaffected,2,01,29.366337543820414,61.31299158125216,42.265685340830636
P13,trial_6_L_unaffected,2,02,32.26796657529156,56.55638852131383,47.5922508609033
P13,trial_6_L_unaffected,2,12,45.44427622808731,70.67293508615347,60.01685894940405
P13,trial_6_L_unaffected,3,012,31.057281019477227,60.464183559258046,43.26128428985452
P13,trial_70_R_affected,2,01,48.707484820574,69.50665745040939,38.96531185907723
P13,trial_70_R_affected,2,02,47.6783302485681,64.99214495151381,33.91599317812563
P13,trial_70_R_affected,2,12,47.6796752381957,66.3568628475943,43.619283011202484
P13,trial_70_R_affected,3,012,48.58099030040846,65.73266797789994,36.21285552242288
P13,trial_71_R_affected,2,01,47.790869717049475,69.74176293084277,39.33522536855448
P13,trial_71_R_affected,2,02,46.686859672534325,66.57752524875495,31.809186893953097
P13,trial_71_R_affected,2,12,48.163340004455094,64.56396389616691,44.561404592913064
P13,trial_71_R_affected,3,012,47.90985966755959,66.4510193461732,35.48134218863604
P13,trial_72_R_affected,2,01,49.80110288636008,67.6763427502468,37.33362345097755
P13,trial_72_R_affected,2,02,48.28374992553288,64.64677596997406,30.939936719818746
P13,trial_72_R_affected,2,12,47.58429760167742,64.50885478711201,43.101292946400804
P13,trial_72_R_affected,3,012,49.069743748060134,64.78316926259816,34.024959684383425
P13,trial_73_R_affected,2,01,47.91180420835955,71.66493574556615,36.966887683966014
P13,trial_73_R_affected,2,02,47.55089195031182,67.48041242379126,34.85232494528999
P13,trial_73_R_affected,2,12,47.89648542056351,68.15863024888915,44.432479300823424
P13,trial_73_R_affected,3,012,48.250606886889,67.89448040595057,35.34947532121006
P13,trial_74_R_affected,2,01,48.549437049320105,70.02059076329435,40.4406486593093
P13,trial_74_R_affected,2,02,47.1140748276502,64.85341143283802,33.318307829569484
P13,trial_74_R_affected,2,12,48.22258351845916,66.74842875076605,44.66949358098626
P13,trial_74_R_affected,3,012,48.486091072176514,65.92869975103581,36.73558711679524
P13,trial_75_R_affected,2,01,46.76780621896604,70.72655832876707,36.84848906786401
P13,trial_75_R_affected,2,02,46.21738188890598,66.81211514611599,34.02954298499682
P13,trial_75_R_affected,2,12,47.55496081515989,66.63580946212764,43.817175707220116
P13,trial_75_R_affected,3,012,47.03273590235257,66.95982050651021,35.143001248493825
P13,trial_76_R_affected,2,01,48.56893937200385,69.61816814484591,37.39077753407106
P13,trial_76_R_affected,2,02,48.097153423907095,64.20520690456046,32.13275116237169
P13,trial_76_R_affected,2,12,49.402956572320406,65.83984250476104,41.384990493451035
P13,trial_76_R_affected,3,012,49.048714495787756,65.23932118579818,34.33768408943045
P13,trial_77_R_affected,2,01,48.31375437110221,70.16411620082833,41.8829402268999
P13,trial_77_R_affected,2,02,47.85318324785005,65.77930003810454,36.19595202741718
P13,trial_77_R_affected,2,12,50.424412589643886,65.25444014088797,45.50137897495806
P13,trial_77_R_affected,3,012,49.25427297366306,66.36809791027451,38.64174334979226
P13,trial_78_R_affected,2,01,49.49360298014966,70.63894484839999,39.1300224192249
P13,trial_78_R_affected,2,02,49.82723127976983,65.94024556696083,33.79676085405762
P13,trial_78_R_affected,2,12,50.2155010012845,67.53075030083102,44.40402055769895
P13,trial_78_R_affected,3,012,50.21159796012595,66.748498327803,36.68656720837933
P13,trial_79_R_affected,2,01,49.66539928609434,66.1059850779366,35.97694473963613
P13,trial_79_R_affected,2,02,49.57308348964395,62.5744987382885,28.701466483705836
P13,trial_79_R_affected,2,12,50.02996776100319,62.63056269068867,46.05376919264439
P13,trial_79_R_affected,3,012,50.421080488173004,62.59237293724159,31.973710146428584
P13,trial_7_L_unaffected,2,01,27.93573208863192,63.148008971956365,42.95545360081772
P13,trial_7_L_unaffected,2,02,31.230383436930108,57.717501733850554,43.59393783653037
P13,trial_7_L_unaffected,2,12,44.812486334293375,69.66363849247374,44.75074386214862
P13,trial_7_L_unaffected,3,012,29.334950508225024,61.76248677928975,40.481747639108434
P13,trial_80_R_affected,2,01,47.20468281203824,70.00764634095738,40.38905062218079
P13,trial_80_R_affected,2,02,47.26161021417024,65.07532072540221,33.605964305990845
P13,trial_80_R_affected,2,12,48.73538308046126,66.84411436527793,45.28663254146021
P13,trial_80_R_affected,3,012,48.010774242543086,65.85502600116561,36.97638816779231
P13,trial_8_L_unaffected,2,01,28.191387504306597,63.98474554468158,42.5922203235034
P13,trial_8_L_unaffected,2,02,30.325315598048185,57.25627563444558,41.978738158000596
P13,trial_8_L_unaffected,2,12,45.200694547324,68.44012188355025,40.701300323085256
P13,trial_8_L_unaffected,3,012,28.921028356200008,61.957505642778294,39.040995799454834
P13,trial_9_L_unaffected,2,01,26.545562058198726,62.93717401971204,44.96253546320652
P13,trial_9_L_unaffected,2,02,28.711574818012725,57.511799751974266,41.02842880423892
P13,trial_9_L_unaffected,2,12,43.6871019729186,68.11183173801764,39.34394822027755
P13,trial_9_L_unaffected,3,012,27.4531410821352,61.40394071977334,39.8535971215538
P14,trial_10_R_unaffected,2,01,54.14362641254986,87.8568210408132,39.34309322930041
P14,trial_10_R_unaffected,2,02,55.37324006321551,84.51789206517829,45.701906438100124
P14,trial_10_R_unaffected,2,03,57.69268983449576,89.90359194615942,55.116389348126106
P14,trial_10_R_unaffected,2,12,60.65531066323399,81.3970328931266,42.273846879601514
P14,trial_10_R_unaffected,2,13,56.81904977652303,72.30953587027682,30.678630315770803
P14,trial_10_R_unaffected,2,23,52.856553029972844,62.5089143582136,40.84376326073548
P14,trial_10_R_unaffected,3,012,54.66131829773772,83.18462346581921,36.84927570404407
P14,trial_10_R_unaffected,3,013,54.87929515094679,81.3323723569887,36.26011936965517
P14,trial_10_R_unaffected,3,023,55.8169789530008,83.15271427233134,47.905326797094915
P14,trial_10_R_unaffected,3,123,56.03213041142169,70.52794219369842,32.00683188340717
P14,trial_10_R_unaffected,4,0123,54.95574457723042,79.81251070468252,37.587366732443655
P14,trial_11_R_unaffected,2,01,54.84103794276189,88.07667863002379,41.11312699041663
P14,trial_11_R_unaffected,2,02,57.145721118213416,82.65332032971273,45.58186404783682
P14,trial_11_R_unaffected,2,03,59.59232731761248,86.97994985400057,59.17746134701347
P14,trial_11_R_unaffected,2,12,63.14255108130678,78.5124377835649,38.65832586099011
P14,trial_11_R_unaffected,2,13,56.784558865156434,71.2182624883971,32.03328089760042
P14,trial_11_R_unaffected,2,23,52.15917827961394,60.64387904861183,34.73668934713395
P14,trial_11_R_unaffected,3,012,55.708329952676095,82.1418866186101,39.17097540581793
P14,trial_11_R_unaffected,3,013,55.54343082640938,80.46916907425317,39.1841227977594
P14,trial_11_R_unaffected,3,023,57.03293486722755,81.1789390777397,48.0099784228138
P14,trial_11_R_unaffected,3,123,56.54239070204567,69.22389484706457,31.936845022650104
P14,trial_11_R_unaffected,4,0123,55.686363984069516,78.67285860481398,39.10780229864761
P14,trial_12_R_unaffected,2,01,53.637334379397494,88.69864827201972,43.29581177650183
P14,trial_12_R_unaffected,2,02,55.23258914433347,90.74819160476268,47.79667380128147
P14,trial_12_R_unaffected,2,03,56.20895609507844,92.13262025424027,56.76064572928886
P14,trial_12_R_unaffected,2,12,61.00201234958579,91.30805762099826,40.970939178898014
P14,trial_12_R_unaffected,2,13,56.189974887001284,71.19612478960168,28.36861623478145
P14,trial_12_R_unaffected,2,23,53.20973757062551,64.3414674863463,40.81626399350142
P14,trial_12_R_unaffected,3,012,54.51736551385907,88.24116463467803,37.836871912256534
P14,trial_12_R_unaffected,3,013,54.22901374821771,82.24451394968577,36.67882031415689
P14,trial_12_R_unaffected,3,023,55.336408624964115,86.85819880461978,49.78295877069327
P14,trial_12_R_unaffected,3,123,55.81854820611743,71.89498201850871,30.536410600656982
P14,trial_12_R_unaffected,4,0123,54.61558240756029,82.77257710253124,38.07712606383551
P14,trial_13_R_unaffected,2,01,55.69615013131233,87.26216934231135,39.37968053676393
P14,trial_13_R_unaffected,2,02,56.636675291713885,83.0162468582099,42.71077665064475
P14,trial_13_R_unaffected,2,03,59.20912770303435,86.18019660546442,53.22322969152319
P14,trial_13_R_unaffected,2,12,60.175029557039885,76.815154034783,43.09716830077579
P14,trial_13_R_unaffected,2,13,56.40739535954018,70.66727039954966,32.11742353863326
P14,trial_13_R_unaffected,2,23,52.53703940383106,62.42126411638749,34.2412140537373
P14,trial_13_R_unaffected,3,012,55.44468415022929,81.89031273438162,36.82033450256386
P14,trial_13_R_unaffected,3,013,55.12143335471708,79.52726492818147,36.620268250613975
P14,trial_13_R_unaffected,3,023,56.98077677938428,81.22774290562761,44.77565255277688
P14,trial_13_R_unaffected,3,123,55.867379342306926,69.03552928645851,32.484779363170766
P14,trial_13_R_unaffected,4,0123,55.37958449872023,78.29579995813897,36.937774898869456
P14,trial_15_R_unaffected,2,01,52.74507872182287,90.38072761421819,37.316316318195526
P14,trial_15_R_unaffected,2,02,55.17707492211065,87.22347431931081,44.77370396269303
P14,trial_15_R_unaffected,2,03,57.29872554438138,90.97878253821392,57.24488238378344
P14,trial_15_R_unaffected,2,12,61.41084482604159,80.68124886969976,38.20569662270651
P14,trial_15_R_unaffected,2,13,55.48712095100455,72.22159494172487,32.54754851079524
P14,trial_15_R_unaffected,2,23,50.99904042694503,63.13253817100653,35.417736763230614
P14,trial_15_R_unaffected,3,012,54.209219187615844,85.46380375429824,37.4333661154772
P14,trial_15_R_unaffected,3,013,53.82417108726871,82.44859128499328,38.01021991576253
P14,trial_15_R_unaffected,3,023,55.14453351333673,84.9928503852825,47.309759443723294
P14,trial_15_R_unaffected,3,123,55.37523007749019,70.34975261505438,32.46808597087944
P14,trial_15_R_unaffected,4,0123,54.169926189992026,81.25046707493112,38.114244009394646
P14,trial_16_R_unaffected,2,01,54.21521530694211,88.87298048346788,38.875913635149445
P14,trial_16_R_unaffected,2,02,55.76572491976698,85.29726009720032,46.313996242458096
P14,trial_16_R_unaffected,2,03,58.847882194262255,91.36656363262266,57.914878407327805
P14,trial_16_R_unaffected,2,12,60.55197575440189,80.4447128364547,39.13930680630081
P14,trial_16_R_unaffected,2,13,56.24360676349686,71.39841522333496,32.78313721701472
P14,trial_16_R_unaffected,2,23,51.115587384535786,60.917695881832735,36.30718269229347
P14,trial_16_R_unaffected,3,012,54.691894671281275,83.78691367417393,38.73107255077642
P14,trial_16_R_unaffected,3,013,54.57259945210144,82.04838499141594,38.0111639584894
P14,trial_16_R_unaffected,3,023,56.01473342468351,83.9884519628472,48.555422769944244
P14,trial_16_R_unaffected,3,123,55.48982846062513,69.59529248675055,33.102236940184696
P14,trial_16_R_unaffected,4,0123,54.65441481639411,80.31161630696572,38.923546512645714
P14,trial_17_R_unaffected,2,01,54.14562382618275,87.01152858582357,37.925537875958334
P14,trial_17_R_unaffected,2,02,56.46242979142065,84.53264345496297,45.328883288619494
P14,trial_17_R_unaffected,2,03,57.39013234593416,89.00267132352948,55.7092166906168
P14,trial_17_R_unaffected,2,12,62.47396211838284,80.77119057542322,39.932522639785354
P14,trial_17_R_unaffected,2,13,57.03956570371401,73.07510542399604,31.597770053611246
P14,trial_17_R_unaffected,2,23,53.93147030713271,65.27405294626516,39.29664643486272
P14,trial_17_R_unaffected,3,012,55.56229506655655,82.8301851351762,37.52087748552038
P14,trial_17_R_unaffected,3,013,54.81902563645899,80.96927640324985,37.15387681246213
P14,trial_17_R_unaffected,3,023,56.57747182804182,83.30417341416629,47.86338488860365
P14,trial_17_R_unaffected,3,123,57.14052780514415,71.76418408150425,32.663693422113184
P14,trial_17_R_unaffected,4,0123,55.57855850550245,79.87860039011333,38.33109647636966
P14,trial_18_R_unaffected,2,01,56.931961351621325,90.97171232198444,39.827982458667705
P14,trial_18_R_unaffected,2,02,59.43535910539297,84.7981841801687,42.75930123205613
P14,trial_18_R_unaffected,2,03,62.381206970132524,89.65619117445127,55.8961868804985
P14,trial_18_R_unaffected,2,12,62.27844521913463,77.41316734926662,47.03380868962957
P14,trial_18_R_unaffected,2,13,58.21187705643979,72.61693663360225,36.911294371315165
P14,trial_18_R_unaffected,2,23,55.40862386603809,61.13911264448221,35.84855127637908
P14,trial_18_R_unaffected,3,012,57.428038132553695,84.56528657247553,37.48591425129177
P14,trial_18_R_unaffected,3,013,57.64770009833457,82.63297720624485,38.35807417979779
P14,trial_18_R_unaffected,3,023,59.668182988638705,83.06630755072784,45.33315725722668
P14,trial_18_R_unaffected,3,123,58.072813144795944,69.93755681113348,36.88731825693216
P14,trial_18_R_unaffected,4,0123,57.68795031047784,80.4936466011653,38.141949143982906
P14,trial_19_R_unaffected,2,01,51.28042908654731,88.45571814626142,39.31362248081271
P14,trial_19_R_unaffected,2,02,53.70891834279343,83.20478080042595,42.09684574155022
P14,trial_19_R_unaffected,2,03,57.100229316155705,88.64135323239427,53.84019773991555
P14,trial_19_R_unaffected,2,12,60.307441569649754,75.0149545439102,36.52996727101305
P14,trial_19_R_unaffected,2,13,56.41028461553293,71.61327890127983,28.32970389289224
P14,trial_19_R_unaffected,2,23,53.25073097429991,60.242652122546815,30.04375143655879
P14,trial_19_R_unaffected,3,012,52.49710371083019,81.939844168913,36.19118782957949
P14,trial_19_R_unaffected,3,013,53.50847126385204,80.53357317476845,35.36077050537072
P14,trial_19_R_unaffected,3,023,54.994473676696536,81.58661950083342,43.89811930969556
P14,trial_19_R_unaffected,3,123,56.056884916168094,68.69935337211678,28.435714069244632
P14,trial_19_R_unaffected,4,0123,53.72056973611426,78.33211992767862,35.42177094334077
P14,trial_1_R_unaffected,2,01,52.70494902625659,91.98393584432266,39.88166963743168
P14,trial_1_R_unaffected,2,02,55.24446856587369,90.90560669441962,46.63097802209268
P14,trial_1_R_unaffected,2,03,55.66311484739245,89.35717370290598,52.75751800267897
P14,trial_1_R_unaffected,2,12,63.2489435340243,93.47696516265495,44.18523632050505
P14,trial_1_R_unaffected,2,13,56.72826704520576,72.4119539870661,30.445876163264032
P14,trial_1_R_unaffected,2,23,52.835711801252906,67.93198310022417,49.09916112633949
P14,trial_1_R_unaffected,3,012,54.78552749488422,89.32849753707265,36.929406399926236
P14,trial_1_R_unaffected,3,013,54.03464399957234,82.62327032752479,35.9394726820263
P14,trial_1_R_unaffected,3,023,54.8738165770299,85.9068939847857,48.6687701864425
P14,trial_1_R_unaffected,3,123,56.34781699939082,73.842750574964,33.38933622102932
P14,trial_1_R_unaffected,4,0123,54.570360341765536,83.13807093715171,38.00069775517893
P14,trial_20_R_unaffected,2,01,54.0666669867893,87.01989046182516,38.139137430320964
P14,trial_20_R_unaffected,2,02,56.55400468954425,81.72454596325434,43.075357954670274
P14,trial_20_R_unaffected,2,03,58.85569559521984,88.56036536545675,53.01431705488765
P14,trial_20_R_unaffected,2,12,61.88823130534322,75.93600287576687,39.177328374845644
P14,trial_20_R_unaffected,2,13,59.17019889589196,71.31106771002887,29.916987767354037
P14,trial_20_R_unaffected,2,23,55.3779584695687,57.0123709478921,30.786822282698346
P14,trial_20_R_unaffected,3,012,55.87928510896967,81.1060362963971,37.56441939794211
P14,trial_20_R_unaffected,3,013,56.207069008798584,79.97098000244479,36.00852182065779
P14,trial_20_R_unaffected,3,023,57.441684502802325,80.81746660822141,44.09687938583302
P14,trial_20_R_unaffected,3,123,58.55732959820817,67.9855880139094,29.932207273823543
P14,trial_20_R_unaffected,4,0123,56.58239532664234,77.7864151935128,36.477242000445905
P14,trial_21_R_unaffected,2,01,52.920482229297996,94.44264694858407,37.31491661618468
P14,trial_21_R_unaffected,2,02,56.136353249979436,88.57599803579497,43.36965743369801
P14,trial_21_R_unaffected,2,03,57.71142113792147,90.5721216575152,52.43823187025683
P14,trial_21_R_unaffected,2,12,61.44729354870711,76.3447677405051,37.64803440112721
P14,trial_21_R_unaffected,2,13,55.83475891999917,69.5764290327718,31.446967861541655
P14,trial_21_R_unaffected,2,23,53.99693696548692,61.21078322494766,35.049958894705824
P14,trial_21_R_unaffected,3,012,54.45706396639626,86.76384834414934,37.595219335083385
P14,trial_21_R_unaffected,3,013,54.21253704800092,82.10456241299764,37.03883451163577
P14,trial_21_R_unaffected,3,023,56.39636811803628,85.35857308562552,44.89081742241309
P14,trial_21_R_unaffected,3,123,56.35283540067734,67.99857714167236,31.991434430274925
P14,trial_21_R_unaffected,4,0123,54.891824022569885,81.08155505173715,37.49157528803047
P14,trial_22_R_unaffected,2,01,54.1966307373917,84.71331913543591,37.17658934923076
P14,trial_22_R_unaffected,2,02,55.60843432480868,83.19566975613554,43.68343059655397
P14,trial_22_R_unaffected,2,03,58.86839465735595,88.63439093085675,53.177809748922115
P14,trial_22_R_unaffected,2,12,60.14640633479225,82.82365303584027,35.15608091709351
P14,trial_22_R_unaffected,2,13,58.00904315383122,71.40255205864574,27.25172778811264
P14,trial_22_R_unaffected,2,23,54.38453545673734,59.79402025653209,34.89731919624375
P14,trial_22_R_unaffected,3,012,54.60073036747271,82.16601245530337,35.92561319839625
P14,trial_22_R_unaffected,3,013,55.281608218870694,79.88641769579945,34.27657557719578
P14,trial_22_R_unaffected,3,023,56.49675041048394,81.60284963176761,45.39448717646907
P14,trial_22_R_unaffected,3,123,57.129502622300656,69.86764350119496,28.406939376798135
P14,trial_22_R_unaffected,4,0123,55.26209491178925,78.69296640969425,35.63908783747413
P14,trial_23_R_unaffected,2,01,52.625765834249684,87.94825458934334,36.88211559942342
P14,trial_23_R_unaffected,2,02,55.39268887644461,86.04331605111798,41.12465291469003
P14,trial_23_R_unaffected,2,03,58.13629541547412,90.11763921041246,52.811736371646866
P14,trial_23_R_unaffected,2,12,60.67190502733883,81.08369497803119,36.3548035938011
P14,trial_23_R_unaffected,2,13,57.25831658676269,71.64395281717664,27.498293292829125
P14,trial_23_R_unaffected,2,23,53.41150389312251,60.703237440486134,30.324359358552353
P14,trial_23_R_unaffected,3,012,54.612229343453954,83.89750334794516,34.0573722333814
P14,trial_23_R_unaffected,3,013,54.790554269643195,80.88472229841429,32.7738207726419
P14,trial_23_R_unaffected,3,023,56.15398333442023,83.69855922624446,43.35080347343965
P14,trial_23_R_unaffected,3,123,56.68272418700747,70.0470584001985,28.30565481112794
P14,trial_23_R_unaffected,4,0123,55.13001004083601,79.84475707127588,33.7157149799503
P14,trial_24_R_unaffected,2,01,55.01307854081724,89.3151262906359,34.62002748446264
P14,trial_24_R_unaffected,2,02,56.0598712593771,78.75125243745136,40.7808021493531
P14,trial_24_R_unaffected,2,03,60.113321485769525,87.29531532374804,53.02970903336611
P14,trial_24_R_unaffected,2,12,64.55625629518377,70.10590236799374,39.07764808283986
P14,trial_24_R_unaffected,2,13,60.77553192236554,74.04126580712165,34.365778876615934
P14,trial_24_R_unaffected,2,23,55.82129317248767,58.55478086623868,33.050405581611585
P14,trial_24_R_unaffected,3,012,55.64615360518468,79.45482717806561,35.9206757117087
P14,trial_24_R_unaffected,3,013,56.76714643519602,81.44524476621865,36.43741878060875
P14,trial_24_R_unaffected,3,023,57.46096274041537,79.09670066227507,43.20295278105026
P14,trial_24_R_unaffected,3,123,59.51665566119822,68.9810247301783,33.37951455481144
P14,trial_24_R_unaffected,4,0123,56.60248487356001,77.34510148040009,36.501457039509546
P14,trial_25_R_unaffected,2,01,51.620295336731324,94.95592147222087,34.220956061332465
P14,trial_25_R_unaffected,2,02,54.46351234371165,79.4519827533729,38.76513744397773
P14,trial_25_R_unaffected,2,03,59.557298971808784,89.70228495351576,49.22443631319371
P14,trial_25_R_unaffected,2,12,60.082243322105036,67.92093893495102,40.075230135988306
P14,trial_25_R_unaffected,2,13,58.350930987434076,74.26855266603644,33.4446197992665
P14,trial_25_R_unaffected,2,23,55.393751734754765,56.472288562238994,30.382299563230127
P14,trial_25_R_unaffected,3,012,53.23582917899189,80.8001158855153,34.89599834984927
P14,trial_25_R_unaffected,3,013,54.64996853835227,83.4477485399249,35.09956468918738
P14,trial_25_R_unaffected,3,023,56.52746368072143,80.07028813792488,40.437068950258016
P14,trial_25_R_unaffected,3,123,57.30750004614597,68.06675476808597,32.4346640560386
P14,trial_25_R_unaffected,4,0123,54.7512969887459,78.22474826104845,35.03263520386565
P14,trial_26_R_unaffected,2,01,53.34450693762816,92.09495268744725,33.592844769933116
P14,trial_26_R_unaffected,2,02,55.43874711765198,82.47081126228046,38.22757166157525
P14,trial_26_R_unaffected,2,03,58.80210171438193,90.39654152998958,49.60834177074201
P14,trial_26_R_unaffected,2,12,59.67675175992065,73.67219377453355,37.21209642072592
P14,trial_26_R_unaffected,2,13,58.18927538893099,74.44289719281525,30.83500179557728
P14,trial_26_R_unaffected,2,23,55.742722990358274,59.65163100095225,32.45706715581605
P14,trial_26_R_unaffected,3,012,54.55411856624101,82.46781782807372,33.67404056928897
P14,trial_26_R_unaffected,3,013,55.56643614995076,83.37031242002159,33.45996058365939
P14,trial_26_R_unaffected,3,023,56.76433211011624,82.35084618302622,39.84462134136757
P14,trial_26_R_unaffected,3,123,57.585160383794914,69.89034892661944,30.35589985377726
P14,trial_26_R_unaffected,4,0123,55.62759583651823,79.777242135563,33.34408682673527
P14,trial_27_R_unaffected,2,01,54.932629722177175,88.91545911316712,33.51880552957685
P14,trial_27_R_unaffected,2,02,55.9205445482279,79.52835932203439,36.87355934607208
P14,trial_27_R_unaffected,2,03,61.108923190932366,87.15161714676826,48.89671543937531
P14,trial_27_R_unaffected,2,12,58.68938699630434,73.60221926027815,38.42243319577768
P14,trial_27_R_unaffected,2,13,59.04775178968276,74.57667730931523,28.983595062406067
P14,trial_27_R_unaffected,2,23,56.88592860325917,58.45976535425204,28.961780951198662
P14,trial_27_R_unaffected,3,012,54.10947325792098,80.15187297129884,31.74298957328736
P14,trial_27_R_unaffected,3,013,55.90651187511537,81.63829752769729,30.697412302462688
P14,trial_27_R_unaffected,3,023,58.03890237737348,79.39480731444029,38.69269564028183
P14,trial_27_R_unaffected,3,123,58.20668372770393,69.79572812529308,28.552003011209862
P14,trial_27_R_unaffected,4,0123,55.798991498637,77.87930050437062,30.982261342360413
P14,trial_28_R_unaffected,2,01,57.97100097679498,83.27767384402222,37.6682793486595
P14,trial_28_R_unaffected,2,02,56.911239408774655,76.46562749568312,41.03907621122568
P14,trial_28_R_unaffected,2,03,60.48093372018894,88.20316289979385,50.729329334420385
P14,trial_28_R_unaffected,2,12,59.087605651094464,73.34691073156962,45.28764064471563
P14,trial_28_R_unaffected,2,13,58.57373483876366,71.86092752471632,32.087856679895516
P14,trial_28_R_unaffected,2,23,54.860074270481995,56.009894253847065,32.24543033739006
P14,trial_28_R_unaffected,3,012,56.27707176011032,76.39146669759252,36.17255346322799
P14,trial_28_R_unaffected,3,013,56.53985731244225,79.30323710645041,35.473053214863484
P14,trial_28_R_unaffected,3,023,57.90867725121087,77.77288632760776,42.34348202901183
P14,trial_28_R_unaffected,3,123,57.27831569491007,67.54620083883421,32.80057072429298
P14,trial_28_R_unaffected,4,0123,56.39521552524601,75.34810148010865,35.79995662926431
P14,trial_29_R_unaffected,2,01,53.60060509958014,82.12152365538228,32.78926145821093
P14,trial_29_R_unaffected,2,02,56.84827875071531,75.34086296687836,37.445281212549844
P14,trial_29_R_unaffected,2,03,60.03508802861164,83.36417853426087,49.14498457470337
P14,trial_29_R_unaffected,2,12,58.71637069019995,81.37989140773729,38.59331681848802
P14,trial_29_R_unaffected,2,13,58.683352745829424,75.21760203774411,30.55758934404598
P14,trial_29_R_unaffected,2,23,57.95894223370096,59.99051864376114,33.18962791702825
P14,trial_29_R_unaffected,3,012,54.957474730546195,77.19535855858032,31.40904367625927
P14,trial_29_R_unaffected,3,013,56.271192458945656,79.48245249809003,31.814943994888157
P14,trial_29_R_unaffected,3,023,58.369350935964114,76.00897557294618,40.170247907866525
P14,trial_29_R_unaffected,3,123,58.54945601670253,72.04713519239584,30.882618095659257
P14,trial_29_R_unaffected,4,0123,56.5216397319443,76.22471064566764,32.31352327254274
P14,trial_2_R_unaffected,2,01,54.99508212147695,86.0156118568302,37.80423801926101
P14,trial_2_R_unaffected,2,02,59.48663916934313,83.95755461890042,43.73917803531861
P14,trial_2_R_unaffected,2,03,60.07487481178276,83.66975646131466,52.91965035469232
P14,trial_2_R_unaffected,2,12,62.915235925863804,88.96480740384108,44.3240822536414
P14,trial_2_R_unaffected,2,13,56.85558072261991,72.98749046899634,30.234273448682767
P14,trial_2_R_unaffected,2,23,55.84839368143557,66.70793579186723,44.352831850359834
P14,trial_2_R_unaffected,3,012,57.3607243586009,83.562639216265,34.71656039101837
P14,trial_2_R_unaffected,3,013,56.16933831434165,79.59356329919468,34.40440347528095
P14,trial_2_R_unaffected,3,023,59.05004271283286,81.06832829508294,46.192368565091094
P14,trial_2_R_unaffected,3,123,57.79071156692954,73.60236823590373,32.83951124088972
P14,trial_2_R_unaffected,4,0123,57.2034327358317,79.60319336155774,36.04560856149014
P14,trial_30_R_unaffected,2,01,53.75956056355188,85.91893047287401,31.734476633165983
P14,trial_30_R_unaffected,2,02,55.02146651222846,73.74962220704461,38.41090112009071
P14,trial_30_R_unaffected,2,03,60.32112085204315,83.88350625921677,48.98582737187958
P14,trial_30_R_unaffected,2,12,56.83816771566266,74.71872049433786,42.37434101174227
P14,trial_30_R_unaffected,2,13,61.50363823691137,75.02568631088494,29.527564184202348
P14,trial_30_R_unaffected,2,23,59.01165088853082,55.94882961195421,33.836058476499346
P14,trial_30_R_unaffected,3,012,54.305971865185754,76.55476709640774,32.58561712942279
P14,trial_30_R_unaffected,3,013,57.15846299808807,80.03116666746278,32.13402635696783
P14,trial_30_R_unaffected,3,023,57.63715982632407,74.73855321840432,40.109650478697745
P14,trial_30_R_unaffected,3,123,59.597127427040604,69.71244790386109,30.087433322847517
P14,trial_30_R_unaffected,4,0123,56.54414848401913,75.20873805252754,32.91117386493791
P14,trial_31_R_unaffected,2,01,52.66990587205969,89.16166238252869,33.12734642319103
P14,trial_31_R_unaffected,2,02,54.53546289339798,78.87481548569744,36.52615561227386
P14,trial_31_R_unaffected,2,03,58.05916148431889,87.23328363448722,44.797737460619054
P14,trial_31_R_unaffected,2,12,59.03459644625196,72.95040014440548,35.86289566842823
P14,trial_31_R_unaffected,2,13,57.919371091812614,72.52398759584499,29.851938169880338
P14,trial_31_R_unaffected,2,23,56.22545488989819,57.409394655342496,32.808865112833324
P14,trial_31_R_unaffected,3,012,53.429808003762076,79.6631943076613,33.26329898358471
P14,trial_31_R_unaffected,3,013,54.97387778131347,80.76916175702438,32.532907960486476
P14,trial_31_R_unaffected,3,023,56.25981709935184,78.69674682212727,36.91432631312133
P14,trial_31_R_unaffected,3,123,57.63702844205243,68.42070764209443,29.186360199102722
P14,trial_31_R_unaffected,4,0123,54.99304013791279,76.93589540689662,32.19456109143378
P14,trial_32_R_unaffected,2,01,51.52018084366827,88.60494841049463,32.40538094833955
P14,trial_32_R_unaffected,2,02,52.422184515318385,79.69815851901318,39.082367155045944
P14,trial_32_R_unaffected,2,03,56.65246610341353,88.9158448300683,49.03017185439433
P14,trial_32_R_unaffected,2,12,58.56605365515762,76.24051745309411,36.03669239334041
P14,trial_32_R_unaffected,2,13,58.79580301811026,75.46163806552413,28.50293925473195
P14,trial_32_R_unaffected,2,23,55.82090642250512,59.15733920224146,33.22980445174993
P14,trial_32_R_unaffected,3,012,52.170775903016924,80.0027929338139,32.756803772768855
P14,trial_32_R_unaffected,3,013,53.80354761348972,82.31061017043496,32.3662739779429
P14,trial_32_R_unaffected,3,023,54.90789130243748,80.31993471901333,40.578421559787046
P14,trial_32_R_unaffected,3,123,57.60212964642911,71.17318873739534,28.482913367406937
P14,trial_32_R_unaffected,4,0123,53.96901516552307,78.48240973339657,32.8601192652416
P14,trial_33_R_unaffected,2,01,52.20350491070466,83.80929985407369,31.0756632395904
P14,trial_33_R_unaffected,2,02,53.386694338009754,78.5170880933931,38.06102270216955
P14,trial_33_R_unaffected,2,03,58.75287710815434,86.07958840125116,47.51462996727937
P14,trial_33_R_unaffected,2,12,57.16863314839862,75.48196111426135,36.109798150519524
P14,trial_33_R_unaffected,2,13,59.070776081204585,73.5799121525658,26.030273971042586
P14,trial_33_R_unaffected,2,23,56.4400238749511,59.77946059719441,31.681342105048927
P14,trial_33_R_unaffected,3,012,52.364684997212734,78.06078225257082,31.19143989374534
P14,trial_33_R_unaffected,3,013,54.73871992051458,79.50580396258269,29.349059902427634
P14,trial_33_R_unaffected,3,023,56.078017532757734,78.72904820619571,39.43874543684067
P14,trial_33_R_unaffected,3,123,57.680163600740805,69.85666386279716,27.122862237229235
P14,trial_33_R_unaffected,4,0123,54.52409064496304,76.59545902595853,30.85778190542092
P14,trial_34_R_unaffected,2,01,51.596440025486366,91.02172053650433,33.76405511421296
P14,trial_34_R_unaffected,2,02,52.890808988006974,79.71481483119436,37.63358849134875
P14,trial_34_R_unaffected,2,03,57.075502915618344,88.98427132499819,47.07346509626303
P14,trial_34_R_unaffected,2,12,60.64212350004888,70.39208384450876,37.097243233051806
P14,trial_34_R_unaffected,2,13,58.78251993118875,74.47326528605271,28.05023826190509
P14,trial_34_R_unaffected,2,23,55.07821434501108,59.521828491046385,30.744726176045415
P14,trial_34_R_unaffected,3,012,52.735381917989415,79.87329784138447,32.93663907643894
P14,trial_34_R_unaffected,3,013,54.21885328629143,82.70012384241892,32.287325588788036
P14,trial_34_R_unaffected,3,023,54.96185463463597,80.70532325795705,38.489201322382385
P14,trial_34_R_unaffected,3,123,57.555776219719064,68.8934285802604,27.398725507257392
P14,trial_34_R_unaffected,4,0123,54.2332303415169,78.28350130858172,32.191922189498946
P14,trial_35_R_unaffected,2,01,49.61234880749591,86.4467612356883,34.75043944706715
P14,trial_35_R_unaffected,2,02,53.110018729096204,79.53048808674154,38.06767086495838
P14,trial_35_R_unaffected,2,03,56.268860860393374,82.58392681011843,47.92728759529548
P14,trial_35_R_unaffected,2,12,59.023585485591184,81.19431269429342,38.36390048315718
P14,trial_35_R_unaffected,2,13,57.78967471737701,76.13983769265498,27.51992260589122
P14,trial_35_R_unaffected,2,23,57.972983390969546,64.64393221419263,31.647463511720705
P14,trial_35_R_unaffected,3,012,51.90993039227207,80.23013203254942,31.426092017560347
P14,trial_35_R_unaffected,3,013,53.3019203979215,79.52267414924242,30.3562530687115
P14,trial_35_R_unaffected,3,023,55.232954891273955,78.0406372844552,39.74063734264794
P14,trial_35_R_unaffected,3,123,57.94107252468267,73.30913369027726,28.20576997188884
P14,trial_35_R_unaffected,4,0123,53.948966678881526,77.44215621591167,31.165708309321204
P14,trial_36_R_unaffected,2,01,48.65963912172959,90.68730045456493,32.25637766311888
P14,trial_36_R_unaffected,2,02,51.130075189926465,80.18995827835273,37.080082632832216
P14,trial_36_R_unaffected,2,03,54.911933819488624,90.45125256740664,46.29716192529292
P14,trial_36_R_unaffected,2,12,61.05414753664064,75.94721807441067,37.62350638508744
P14,trial_36_R_unaffected,2,13,59.07465083153229,77.55164574990147,28.41886090565725
P14,trial_36_R_unaffected,2,23,57.17945148306852,61.752716205489165,31.18974738308556
P14,trial_36_R_unaffected,3,012,51.03315247653263,80.63272698270214,31.987074826480548
P14,trial_36_R_unaffected,3,013,52.590805001152575,83.70277561028861,31.634889577475043
P14,trial_36_R_unaffected,3,023,53.9579927878265,81.2856307627933,38.50492831948532
P14,trial_36_R_unaffected,3,123,58.80879894680634,72.21843500740579,28.60143051618865
P14,trial_36_R_unaffected,4,0123,53.36914033591387,79.30089796874441,31.919617703027296
P14,trial_37_R_unaffected,2,01,50.31291666434277,90.86952156542985,32.354881871159435
P14,trial_37_R_unaffected,2,02,53.35935474505684,79.4285026690381,38.52000462641553
P14,trial_37_R_unaffected,2,03,57.302691914539565,87.79931829783357,50.289162278269984
P14,trial_37_R_unaffected,2,12,60.78578133964942,69.26493414610748,36.80719202388791
P14,trial_37_R_unaffected,2,13,58.38979167014483,75.49730748919623,28.579293775807052
P14,trial_37_R_unaffected,2,23,59.03926214369359,61.60831649757651,29.804558484871404
P14,trial_37_R_unaffected,3,012,52.083929083156136,79.47651669364123,33.27182792677611
P14,trial_37_R_unaffected,3,013,53.54448515629682,82.14753838495358,34.08102908911243
P14,trial_37_R_unaffected,3,023,56.17149471237576,80.15461995224078,40.10672709581485
P14,trial_37_R_unaffected,3,123,58.92127716702335,70.1939173882345,27.389022431930517
P14,trial_37_R_unaffected,4,0123,54.48326612788537,77.93815304243736,33.28236674026845
P14,trial_38_R_unaffected,2,01,55.34504840316124,84.12303334008648,33.589934293368536
P14,trial_38_R_unaffected,2,02,55.05253821976035,75.44523483845602,37.88513908142625
P14,trial_38_R_unaffected,2,03,59.64893216458312,88.01460668839341,45.46711483680641
P14,trial_38_R_unaffected,2,12,63.14722452254122,71.08202343023054,40.422174702504044
P14,trial_38_R_unaffected,2,13,60.82234989995409,74.00981889301032,32.45600648206912
P14,trial_38_R_unaffected,2,23,55.86447097422548,59.42517483324642,35.39839275593493
P14,trial_38_R_unaffected,3,012,55.01407338843712,74.92120460445382,33.973417248787456
P14,trial_38_R_unaffected,3,013,56.16011681338897,79.52964489659504,33.70248489449155
P14,trial_38_R_unaffected,3,023,56.8163612312984,77.96290931042823,39.045056069806556
P14,trial_38_R_unaffected,3,123,59.238925667770836,68.67016549593073,32.36297416451436
P14,trial_38_R_unaffected,4,0123,55.995020518311485,75.06261486159704,33.982633970738135
P14,trial_39_R_unaffected,2,01,54.80900663830283,85.23527995090909,32.875801561879115
P14,trial_39_R_unaffected,2,02,56.91958921494854,79.90568170783875,40.15290388157422
P14,trial_39_R_unaffected,2,03,60.67592989243613,85.75904907111278,50.00619339549546
P14,trial_39_R_unaffected,2,12,60.41907744191873,79.16572827210986,35.59385540245726
P14,trial_39_R_unaffected,2,13,61.96213467722981,74.14678056368177,28.476276409353208
P14,trial_39_R_unaffected,2,23,60.16519646663752,62.021365057502315,34.63637606181532
P14,trial_39_R_unaffected,3,012,56.10317439494631,79.86223104618765,33.88818027771243
P14,trial_39_R_unaffected,3,013,57.43888646956795,79.46298320283478,33.01121992539255
P14,trial_39_R_unaffected,3,023,58.886577466536124,79.01628973079762,42.04476548634436
P14,trial_39_R_unaffected,3,123,61.07668935939745,71.25347629223052,29.46543493235244
P14,trial_39_R_unaffected,4,0123,57.691065219737865,77.26320515224383,34.1838224755088
P14,trial_3_R_unaffected,2,01,54.23147628209307,87.2268252568251,40.08179827865265
P14,trial_3_R_unaffected,2,02,58.34205176636896,86.90729878493458,47.003410697573194
P14,trial_3_R_unaffected,2,03,59.60823167402074,86.02335790769025,56.5408684584837
P14,trial_3_R_unaffected,2,12,61.89468550398992,92.46398177721848,44.13062491778332
P14,trial_3_R_unaffected,2,13,55.71944503363692,72.34171573792364,29.911490010749883
P14,trial_3_R_unaffected,2,23,53.25356502595251,66.5736558143213,45.74168568248616
P14,trial_3_R_unaffected,3,012,56.25174382667053,85.75824059269127,36.46685779966474
P14,trial_3_R_unaffected,3,013,55.24747382570773,80.4255183029825,36.044531505940526
P14,trial_3_R_unaffected,3,023,57.7495973811601,83.07049941024155,49.511211908287194
P14,trial_3_R_unaffected,3,123,56.257311178785,73.44762203874275,32.43164146533253
P14,trial_3_R_unaffected,4,0123,55.953027563715196,80.84433061683917,37.76860507476967
P14,trial_40_R_unaffected,2,01,54.88473855936125,87.10827977836522,35.68623571643825
P14,trial_40_R_unaffected,2,02,55.809360748602245,76.52079578213565,36.272797780727004
P14,trial_40_R_unaffected,2,03,60.819107658579654,89.5637085655475,47.38064834404214
P14,trial_40_R_unaffected,2,12,59.620490796375165,74.461487393824,45.29552034074191
P14,trial_40_R_unaffected,2,13,59.44714098057374,77.06450907369167,31.128792702715863
P14,trial_40_R_unaffected,2,23,56.20811084031575,59.78123201629618,36.954580531228466
P14,trial_40_R_unaffected,3,012,54.610226789773996,77.84714840882559,32.844767463757236
P14,trial_40_R_unaffected,3,013,56.281544892885954,82.6233443900591,33.99569318706635
P14,trial_40_R_unaffected,3,023,57.60958333173867,78.65401314463963,38.045812219872786
P14,trial_40_R_unaffected,3,123,58.4585585696715,70.89235252779835,30.49388944997261
P14,trial_40_R_unaffected,4,0123,55.99442405461612,77.42686522719255,32.980703765511095
P14,trial_41_R_unaffected,2,01,53.03906978127331,88.31920716570511,35.95609683543608
P14,trial_41_R_unaffected,2,02,54.43683093183581,78.47189952220307,40.86270618442832
P14,trial_41_R_unaffected,2,03,59.6463698857138,87.87993516463757,47.68833939195853
P14,trial_41_R_unaffected,2,12,57.89842401716315,77.79782827400435,47.79907894969323
P14,trial_41_R_unaffected,2,13,58.11959978956232,77.88724914811596,35.9690154746074
P14,trial_41_R_unaffected,2,23,56.33623560012676,62.05020439714889,40.040177738457565
P14,trial_41_R_unaffected,3,012,53.07187174042447,79.91236520351849,36.03161210206551
P14,trial_41_R_unaffected,3,013,55.00133595755195,82.46415831398902,35.48374759768802
P14,trial_41_R_unaffected,3,023,56.505201988927645,79.3834166098691,42.166098988763096
P14,trial_41_R_unaffected,3,123,57.356922158166995,73.14859506893742,36.55226892588663
P14,trial_41_R_unaffected,4,0123,54.73824571108175,78.57552513440224,36.424422307300304
P14,trial_42_R_unaffected,2,01,56.89048843709896,90.34603240793906,33.43146627204192
P14,trial_42_R_unaffected,2,02,58.18396309330129,83.29229455139118,40.112840470687054
P14,trial_42_R_unaffected,2,03,63.58554650355059,89.69108268968427,46.422773612386045
P14,trial_42_R_unaffected,2,12,59.06099317593868,78.34809664791554,39.97072458303359
P14,trial_42_R_unaffected,2,13,59.751213864950074,74.15787890143562,31.839890990512384
P14,trial_42_R_unaffected,2,23,56.411921792459665,62.23550589955864,38.582113455191916
P14,trial_42_R_unaffected,3,012,56.528976195742686,82.2138116985456,34.38679065023251
P14,trial_42_R_unaffected,3,013,57.9014308233825,82.36113090259285,32.785074034988504
P14,trial_42_R_unaffected,3,023,59.73014854297823,82.75361059426534,41.052024881353574
P14,trial_42_R_unaffected,3,123,58.43359281230192,71.01037270647518,32.42968835916949
P14,trial_42_R_unaffected,4,0123,57.495208372056176,79.72614767374178,34.295877105534636
P14,trial_43_R_unaffected,2,01,51.26476444612486,87.15707832446614,30.567630596802328
P14,trial_43_R_unaffected,2,02,54.6658491743057,80.3219107708388,36.883365373736616
P14,trial_43_R_unaffected,2,03,60.52210907068806,88.46124394358053,45.7642109547906
P14,trial_43_R_unaffected,2,12,55.54737076784173,77.36237102369441,41.026592692355635
P14,trial_43_R_unaffected,2,13,58.6752552609402,76.44635725503385,29.95700005283446
P14,trial_43_R_unaffected,2,23,58.78774730362414,61.245246727965046,35.78681589691134
P14,trial_43_R_unaffected,3,012,52.34050717738174,80.12573016226264,31.380104394021256
P14,trial_43_R_unaffected,3,013,55.2959662070911,82.0625111933067,31.17210875538572
P14,trial_43_R_unaffected,3,023,57.554383826262196,80.63453698303584,38.19325456271869
P14,trial_43_R_unaffected,3,123,58.003119205733235,72.15516890813684,30.32320087683796
P14,trial_43_R_unaffected,4,0123,55.09786186848016,78.72979980001391,31.775863628329162
P14,trial_44_R_unaffected,2,01,56.786273742729705,79.25591644485861,32.23955769468396
P14,trial_44_R_unaffected,2,02,59.15871987247233,83.1623819136634,40.11260231673703
P14,trial_44_R_unaffected,2,03,64.3546840762103,89.11323264235736,46.27901569547033
P14,trial_44_R_unaffected,2,12,59.521834794046384,83.86889054656477,40.85976894102402
P14,trial_44_R_unaffected,2,13,60.52640727401198,71.99485345854777,31.272151303530553
P14,trial_44_R_unaffected,2,23,59.058730557155755,61.77424586508561,42.033799237377245
P14,trial_44_R_unaffected,3,012,56.79809286062455,80.02580376603528,32.651467704058625
P14,trial_44_R_unaffected,3,013,58.44275448636586,78.49398806193466,30.916202075908057
P14,trial_44_R_unaffected,3,023,60.85036367092767,81.98481078605593,41.56119513079651
P14,trial_44_R_unaffected,3,123,59.60969510261826,71.05392156768553,33.036191882244275
P14,trial_44_R_unaffected,4,0123,58.23090061301345,77.99798390893174,33.42510460369545
P14,trial_45_R_unaffected,2,01,58.57131278868063,73.21651557522881,28.74893493320395
P14,trial_45_R_unaffected,2,02,58.861586684955995,75.71699426256775,39.12434685734525
P14,trial_45_R_unaffected,2,03,63.922465278222944,87.5080943930599,45.942880225216456
P14,trial_45_R_unaffected,2,12,59.77759282423809,77.76781281310845,40.551189493428645
P14,trial_45_R_unaffected,2,13,60.31565509177385,73.92472493314783,28.38159227427578
P14,trial_45_R_unaffected,2,23,56.856638416314766,59.76953220574649,37.02774325337409
P14,trial_45_R_unaffected,3,012,57.489326117200704,73.78441876266896,32.09261906112022
P14,trial_45_R_unaffected,3,013,58.06574171029085,77.27114950363084,29.622440506006658
P14,trial_45_R_unaffected,3,023,59.956372269377816,77.83596797008968,40.05255006840147
P14,trial_45_R_unaffected,3,123,59.04470487356945,70.89618104059174,30.59092956918106
P14,trial_45_R_unaffected,4,0123,57.838488240559755,74.94896001506754,32.26457236683064
P14,trial_46_R_unaffected,2,01,56.8738836700742,80.59530666843182,30.992945494882374
P14,trial_46_R_unaffected,2,02,59.43734043820036,76.92036030593599,35.45688770434472
P14,trial_46_R_unaffected,2,03,64.46324367652902,87.09443957168837,40.759474228034826
P14,trial_46_R_unaffected,2,12,63.730035988925586,74.83324436676843,39.66152825076948
P14,trial_46_R_unaffected,2,13,63.4374430093052,73.88334949109071,29.63584244497928
P14,trial_46_R_unaffected,2,23,61.75732980822231,61.00546316087133,36.69215618018666
P14,trial_46_R_unaffected,3,012,57.82286305835394,76.219972970471,30.907426286198202
P14,trial_46_R_unaffected,3,013,59.04793602244336,79.16319973387833,29.577105218506233
P14,trial_46_R_unaffected,3,023,61.656014851855275,78.51117070607046,36.13338108932666
P14,trial_46_R_unaffected,3,123,62.965149686656225,70.20782364540841,29.618370457469883
P14,trial_46_R_unaffected,4,0123,59.467465983809014,76.17061070051786,30.72189579752955
P14,trial_47_R_unaffected,2,01,58.04642384643597,82.92911273614502,29.67257277444467
P14,trial_47_R_unaffected,2,02,61.003202479042386,77.41727838247935,35.78333360432041
P14,trial_47_R_unaffected,2,03,65.52128726781392,89.52909290418033,41.44794209849572
P14,trial_47_R_unaffected,2,12,63.07434398178579,73.11655973026167,38.145598529803124
P14,trial_47_R_unaffected,2,13,61.017408168649645,74.9064096647936,30.325823505824186
P14,trial_47_R_unaffected,2,23,59.37453915874259,60.02505243437897,35.05590787900398
P14,trial_47_R_unaffected,3,012,59.07397219280504,76.777000066776,31.658224746128102
P14,trial_47_R_unaffected,3,013,59.45723246310404,80.87900793743509,30.2066278009054
P14,trial_47_R_unaffected,3,023,61.75156474374783,79.73424786657732,36.47753307687861
P14,trial_47_R_unaffected,3,123,60.8038304109256,70.41997604915143,30.793104355427058
P14,trial_47_R_unaffected,4,0123,59.53693707330631,77.0921252221043,31.517823417890643
P14,trial_48_L_affected,2,01,42.461680958964166,71.45629652037732,45.690212628932265
P14,trial_48_L_affected,2,02,41.07705168812926,81.99559729080745,44.04779295330697
P14,trial_48_L_affected,2,03,38.04672416212228,90.89811306061668,42.744154036155535
P14,trial_48_L_affected,2,12,42.959902382793906,86.13981417981694,43.079998229280406
P14,trial_48_L_affected,2,13,42.98002918042142,89.89330166902523,47.21796006075174
P14,trial_48_L_affected,2,23,52.82986031798631,95.63417006639918,51.96813167642999
P14,trial_48_L_affected,3,012,40.37767660585012,79.64603191764134,43.517475147401406
P14,trial_48_L_affected,3,013,39.56511239398038,82.98459850429701,43.07675779220855
P14,trial_48_L_affected,3,023,40.72821838166479,86.90502131711527,43.18396673220806
P14,trial_48_L_affected,3,123,43.91436069246281,87.5371944563897,43.9710563953996
P14,trial_48_L_affected,4,0123,40.27647521640376,84.01336813085025,42.37721276176425
P14,trial_49_L_affected,2,01,45.02900755552548,68.2155377149517,42.494591080456864
P14,trial_49_L_affected,2,02,44.37476270224106,81.15003483534413,41.3387171933537
P14,trial_49_L_affected,2,03,40.673600487604325,89.6308067290546,40.889178629756
P14,trial_49_L_affected,2,12,45.400456469341826,88.20021146510628,43.509256035387736
P14,trial_49_L_affected,2,13,44.32062540888291,88.2706563369621,51.78683914315488
P14,trial_49_L_affected,2,23,56.265269480933775,89.68741763445757,55.66262825135435
P14,trial_49_L_affected,3,012,42.804617646581754,78.20351007836962,41.30588998964513
P14,trial_49_L_affected,3,013,41.458421942139005,81.32320082757097,42.424602571455374
P14,trial_49_L_affected,3,023,43.5126605129051,85.99055365385209,41.472466492354044
P14,trial_49_L_affected,3,123,45.70967405876726,86.37309431535093,47.514951639520795
P14,trial_49_L_affected,4,0123,42.39624675094496,82.77886941514478,41.56731807900975
P14,trial_4_R_unaffected,2,01,52.73367825636661,92.4281998570779,40.85671008380326
P14,trial_4_R_unaffected,2,02,57.66366073106476,91.68534460624214,46.45919693365338
P14,trial_4_R_unaffected,2,03,59.745289846380835,86.7167025680842,55.864452797131044
P14,trial_4_R_unaffected,2,12,61.95614301681944,88.49015702518957,38.00306297799398
P14,trial_4_R_unaffected,2,13,55.96095388428464,70.9396176061586,26.87331722936561
P14,trial_4_R_unaffected,2,23,54.55347161959927,67.53851232770552,40.44643931795459
P14,trial_4_R_unaffected,3,012,55.08331814086267,89.81105507664248,36.96032410131156
P14,trial_4_R_unaffected,3,013,54.29841892536361,81.94490011924306,35.77065843636303
P14,trial_4_R_unaffected,3,023,57.887109211447,85.9675124109343,48.76538274268022
P14,trial_4_R_unaffected,3,123,56.81711705082661,72.38902799508071,29.290366123009914
P14,trial_4_R_unaffected,4,0123,55.4421133661498,83.05639001093853,37.31394140522006
P14,trial_50_L_affected,2,01,44.255323804054406,68.98489669002974,43.97524988616827
P14,trial_50_L_affected,2,02,43.4633822647167,81.14430676213442,44.12824538430846
P14,trial_50_L_affected,2,03,37.849503414566485,89.3063789047107,42.940010324084604
P14,trial_50_L_affected,2,12,45.72977190436092,87.51660559013234,44.23543006235351
P14,trial_50_L_affected,2,13,44.04574594696205,86.24630513266001,48.5603217196294
P14,trial_50_L_affected,2,23,54.741828566404784,83.58483583348848,52.871928463574626
P14,trial_50_L_affected,3,012,42.611824354331134,78.49183560743931,43.302433239948016
P14,trial_50_L_affected,3,013,40.61352000106194,80.92091381617044,42.49275973178821
P14,trial_50_L_affected,3,023,42.01336708141828,85.09716306593664,43.3239691543524
P14,trial_50_L_affected,3,123,45.44733809113742,84.341740790104,45.60360025866347
P14,trial_50_L_affected,4,0123,41.82477274448761,82.15022129929379,42.45682825129909
P14,trial_51_L_affected,2,01,46.71604807120009,62.83707427018466,39.34829119954466
P14,trial_51_L_affected,2,02,48.86478274896055,76.64514973304158,36.15167354581493
P14,trial_51_L_affected,2,03,44.3098923560485,88.43346677622634,36.74327371461409
P14,trial_51_L_affected,2,12,46.893063221935755,89.09253765863133,37.15054999572524
P14,trial_51_L_affected,2,13,46.39278989046155,89.92844811638314,49.32514570574077
P14,trial_51_L_affected,2,23,61.26535850878254,83.38380184834742,51.67148877912636
P14,trial_51_L_affected,3,012,45.40643559010363,74.02118511638511,36.39331294928847
P14,trial_51_L_affected,3,013,44.20374203264603,79.51904043302652,39.15312031271584
P14,trial_51_L_affected,3,023,47.74418493883316,83.15144789153588,36.85127824357217
P14,trial_51_L_affected,3,123,47.85278179401831,86.90501244459782,43.782590881807934
P14,trial_51_L_affected,4,0123,45.361904779770406,80.35559910445117,37.22341673981798
P14,trial_52_L_affected,2,01,46.27394351436025,67.01687366030457,40.606901525416696
P14,trial_52_L_affected,2,02,48.23058809133545,81.94443178625056,37.5850207908999
P14,trial_52_L_affected,2,03,40.660316534705686,91.37919008531892,41.4142722375989
P14,trial_52_L_affected,2,12,46.86399554919947,89.64791865682014,41.99482039400388
P14,trial_52_L_affected,2,13,45.03132486596635,88.38406307841711,51.9395982604752
P14,trial_52_L_affected,2,23,58.32253412340816,84.29197820633567,49.843209976828234
P14,trial_52_L_affected,3,012,45.50344860867504,78.29210779156764,38.80733283630922
P14,trial_52_L_affected,3,013,42.56329417305011,81.61083909239099,42.434250029059875
P14,trial_52_L_affected,3,023,45.79186165966752,87.21409516701945,38.85415838199989
P14,trial_52_L_affected,3,123,47.113986728266404,86.81237421793683,45.503195279818016
P14,trial_52_L_affected,4,0123,44.40304602013128,83.32171420864137,39.85397877676452
P14,trial_53_L_affected,2,01,46.56453704693397,65.19301827504427,39.35324504002819
P14,trial_53_L_affected,2,02,48.97800297551923,80.70594308409682,40.63525686485767
P14,trial_53_L_affected,2,03,40.86976849503179,89.00387070597309,41.087738182568145
P14,trial_53_L_affected,2,12,47.971615965307244,89.36579615496656,45.424784662401066
P14,trial_53_L_affected,2,13,45.04038035112903,85.51850642351644,50.66108054679863
P14,trial_53_L_affected,2,23,58.818919035061555,82.46192212935243,55.19168395184916
P14,trial_53_L_affected,3,012,45.8892658740387,76.894389231246,40.41690945049294
P14,trial_53_L_affected,3,013,42.74544699955461,79.4734771112811,40.97516596685848
P14,trial_53_L_affected,3,023,46.42104072146105,85.2026650498257,39.97990664933334
P14,trial_53_L_affected,3,123,47.60213587023106,84.39820881714382,45.51438714555619
P14,trial_53_L_affected,4,0123,44.8205906217127,81.38457528879518,39.998840430316974
P14,trial_54_L_affected,2,01,48.23159395491626,65.37669311803931,37.354829182987615
P14,trial_54_L_affected,2,02,50.47806867175374,81.22791638341194,36.837905658029534
P14,trial_54_L_affected,2,03,43.56656591080457,89.96551266033259,39.29551338469311
P14,trial_54_L_affected,2,12,50.68974787152082,89.46062833073282,41.983345340083545
P14,trial_54_L_affected,2,13,46.720607972308116,86.8838047105008,50.36559612404818
P14,trial_54_L_affected,2,23,59.9084891006448,85.85135424057188,52.76648654303965
P14,trial_54_L_affected,3,012,47.66232004693785,77.22751929742911,36.69211249510545
P14,trial_54_L_affected,3,013,44.51334767211592,80.11227566164384,39.79592806567449
P14,trial_54_L_affected,3,023,48.01161373121477,86.37952308291914,37.71354391533374
P14,trial_54_L_affected,3,123,49.185690436891555,85.95829416942689,44.36812598526243
P14,trial_54_L_affected,4,0123,46.46190668945557,82.25238356878612,37.85680927652724
P14,trial_55_L_affected,2,01,50.78276586018106,64.64240113823415,46.13537278979451
P14,trial_55_L_affected,2,02,48.682481872596746,78.49629810418449,39.32017621796065
P14,trial_55_L_affected,2,03,42.86457682347672,88.24188657237194,41.39009810460964
P14,trial_55_L_affected,2,12,49.821231088554065,84.9349079069104,37.537939573012125
P14,trial_55_L_affected,2,13,46.406139650244356,85.1182152948072,51.955637733726356
P14,trial_55_L_affected,2,23,56.004529088233674,81.2451794449209,53.755704338643284
P14,trial_55_L_affected,3,012,47.43311359380693,74.9083353888135,39.61742551525976
P14,trial_55_L_affected,3,013,45.09264310658512,78.56936262490414,43.16744472373948
P14,trial_55_L_affected,3,023,46.681693671635266,83.80393493764768,40.48121446003016
P14,trial_55_L_affected,3,123,48.58441644377763,82.58638548308808,45.530477628269615
P14,trial_55_L_affected,4,0123,46.10377756364329,79.84984565091939,40.29244214292276
P14,trial_56_L_affected,2,01,52.4790522853109,67.51442002384381,42.60289788647801
P14,trial_56_L_affected,2,02,52.37871564449917,78.64859296225563,34.58296852048282
P14,trial_56_L_affected,2,03,44.89024890061114,89.24264932433258,38.972310699622604
P14,trial_56_L_affected,2,12,55.80133284374475,84.52117391173128,37.46795028940366
P14,trial_56_L_affected,2,13,48.80963738803454,87.87185142536154,53.5369474030241
P14,trial_56_L_affected,2,23,58.29774536283161,80.14661062262606,55.566416279392286
P14,trial_56_L_affected,3,012,50.50413202394092,75.94117620358949,35.23782928198868
P14,trial_56_L_affected,3,013,47.06793506224603,80.91068808304064,41.97665563911437
P14,trial_56_L_affected,3,023,49.30132722087932,84.82109062389395,36.23071862311898
P14,trial_56_L_affected,3,123,51.09827926892647,84.34098134864038,44.45185052168962
P14,trial_56_L_affected,4,0123,48.564913746455666,81.44156119057193,37.29807726183869
P14,trial_57_L_affected,2,01,53.64948127036567,68.94201142409544,45.64877147004748
P14,trial_57_L_affected,2,02,51.886247925351086,78.86477062800566,36.104972466224574
P14,trial_57_L_affected,2,03,46.52714819492042,88.3039604353707,42.579468009104964
P14,trial_57_L_affected,2,12,54.05880053719997,83.17282773844445,37.83116129810494
P14,trial_57_L_affected,2,13,50.47004430801959,85.81500727938727,55.11176187643753
P14,trial_57_L_affected,2,23,59.49019671009335,78.08857697533085,58.943567017126334
P14,trial_57_L_affected,3,012,50.692440801976865,76.25799936226474,35.96456305013762
P14,trial_57_L_affected,3,013,48.40657026261026,80.28563673879698,44.19222491756029
P14,trial_57_L_affected,3,023,50.1853271033808,84.39446402921926,39.182897341226415
P14,trial_57_L_affected,3,123,52.411305421375694,83.13666034500267,45.15476246603117
P14,trial_57_L_affected,4,0123,49.49501667999129,81.00328406892551,38.90235742316621
P14,trial_58_L_affected,2,01,49.342870631570065,69.95350490725475,52.61641543674273
P14,trial_58_L_affected,2,02,45.46537852882763,77.2397501528726,41.546811849726446
P14,trial_58_L_affected,2,03,42.02629353657638,90.21574849913979,45.97360456992298
P14,trial_58_L_affected,2,12,47.796660005656015,80.26511320148757,37.956525143522406
P14,trial_58_L_affected,2,13,46.33178790872997,89.88355040523915,53.64376221810018
P14,trial_58_L_affected,2,23,55.912662956770895,83.12346430063563,55.569207512811296
P14,trial_58_L_affected,3,012,44.918488985115744,75.31839298490752,42.7136677911957
P14,trial_58_L_affected,3,013,44.08126510713422,81.94520690049619,47.69112371436089
P14,trial_58_L_affected,3,023,44.82750026227985,83.80252409703046,43.174916859834426
P14,trial_58_L_affected,3,123,47.28984738850351,84.68226689212204,46.25961055610075
P14,trial_58_L_affected,4,0123,44.31502193879446,81.09678225833851,43.33529142563705
P14,trial_59_L_affected,2,01,54.175182327385336,67.60595586518593,42.678556958202755
P14,trial_59_L_affected,2,02,50.58822704300881,78.51080190902191,33.70175553743574
P14,trial_59_L_affected,2,03,45.85192531176578,87.91648598519575,36.026132158145224
P14,trial_59_L_affected,2,12,52.71413171587982,83.04507055181124,37.37727111679772
P14,trial_59_L_affected,2,13,48.34156725099136,87.98858506621578,48.08911441185737
P14,trial_59_L_affected,2,23,53.20245205176447,89.93653784729743,56.02914185138296
P14,trial_59_L_affected,3,012,49.98827028475562,75.9332347079295,34.478055549026735
P14,trial_59_L_affected,3,013,47.86455979463354,80.48764300094577,39.10610015772365
P14,trial_59_L_affected,3,023,48.18514252077805,84.84543914047136,35.52376465312633
P14,trial_59_L_affected,3,123,50.119223517135794,85.5663467025934,42.4882913718064
P14,trial_59_L_affected,4,0123,48.15554984294277,81.58167682595898,35.89607082192637
P14,trial_5_R_unaffected,2,01,56.7114171555976,84.60924042458286,37.91009786630893
P14,trial_5_R_unaffected,2,02,60.06777596633595,84.3060028841583,43.931977522911396
P14,trial_5_R_unaffected,2,03,60.60572217396466,84.10088593019177,52.16007399048779
P14,trial_5_R_unaffected,2,12,67.37930365998717,86.81537228861207,42.48435861011071
P14,trial_5_R_unaffected,2,13,59.4390538764221,72.89416302064645,29.752535401793725
P14,trial_5_R_unaffected,2,23,55.84775738771347,68.10129210515784,41.64768576236192
P14,trial_5_R_unaffected,3,012,58.56679675357859,82.97706180925823,35.49247925138858
P14,trial_5_R_unaffected,3,013,57.38166304919473,79.22699014471156,34.44341628465813
P14,trial_5_R_unaffected,3,023,59.60595731055032,81.52324662994417,46.0765644813637
P14,trial_5_R_unaffected,3,123,59.91550048954536,73.40018262860637,31.70907149662365
P14,trial_5_R_unaffected,4,0123,58.352916868432594,79.40331223525605,36.173103055152836
P14,trial_60_L_affected,2,01,49.95046553064427,66.5346307399666,48.84724443599193
P14,trial_60_L_affected,2,02,47.09968971004247,77.39360836857335,38.71866517348415
P14,trial_60_L_affected,2,03,41.511610608754296,88.01078505535273,39.79943780254323
P14,trial_60_L_affected,2,12,49.204128140590726,82.60973691465477,37.511656687485775
P14,trial_60_L_affected,2,13,45.900918553839865,86.77690384773493,50.46710080201582
P14,trial_60_L_affected,2,23,55.422152194708616,86.32447313841024,54.90219077906683
P14,trial_60_L_affected,3,012,46.495351214964906,74.86917971480985,40.71613077191747
P14,trial_60_L_affected,3,013,44.10026148439107,79.15194926785901,43.529545442671925
P14,trial_60_L_affected,3,023,45.21432620256473,83.01299809294977,39.385543000435995
P14,trial_60_L_affected,3,123,48.13175526184982,83.76914957475275,45.175994108984376
P14,trial_60_L_affected,4,0123,45.075739873454296,79.91973577391454,40.53368076462006
P14,trial_61_L_affected,2,01,52.69203292261574,67.25516983404596,48.874840343896985
P14,trial_61_L_affected,2,02,48.67750651922402,76.39060875178079,37.78199048404421
P14,trial_61_L_affected,2,03,42.94895895689247,89.55781435275883,41.119026703310524
P14,trial_61_L_affected,2,12,53.538865820169306,80.09181360155824,36.46113406455512
P14,trial_61_L_affected,2,13,48.04643016909801,88.21196118964896,53.85867979287374
P14,trial_61_L_affected,2,23,54.26800992506451,81.16339851517972,56.67106867574187
P14,trial_61_L_affected,3,012,48.9005817103514,74.13848730798927,39.016954925961805
P14,trial_61_L_affected,3,013,46.19650002624347,80.7345677543513,44.598297635048546
P14,trial_61_L_affected,3,023,46.29219323771778,83.37023762286992,39.933752049137304
P14,trial_61_L_affected,3,123,50.078515062335626,83.67094036784896,46.43984653414614
P14,trial_61_L_affected,4,0123,46.913253748116205,80.28895830964103,40.48194712555686
P14,trial_62_L_affected,2,01,50.63720155451445,68.5124337981362,46.7699663144597
P14,trial_62_L_affected,2,02,45.6769659017018,74.7814458831613,36.620979048924575
P14,trial_62_L_affected,2,03,41.792994305357794,89.01868733000501,42.95243409804793
P14,trial_62_L_affected,2,12,49.74446234743807,77.78672218725931,34.34365542438994
P14,trial_62_L_affected,2,13,47.68930232756522,88.9549864061976,52.58954928704133
P14,trial_62_L_affected,2,23,55.41750775529851,77.77496826548952,59.953401793034786
P14,trial_62_L_affected,3,012,45.85091627439711,73.35850842401759,36.678507030227074
P14,trial_62_L_affected,3,013,44.826556633426996,81.06186961081077,43.65773925658893
P14,trial_62_L_affected,3,023,44.70941689740666,82.2441266359191,38.7940421306306
P14,trial_62_L_affected,3,123,48.42965660401201,82.99962510004703,43.82616490826098
P14,trial_62_L_affected,4,0123,44.90463499525396,79.74411364323173,38.590955171672555
P14,trial_63_L_affected,2,01,54.76594061404724,66.21597202844411,40.769718552298976
P14,trial_63_L_affected,2,02,51.42488870311436,77.24184399983227,35.7530158098795
P14,trial_63_L_affected,2,03,43.743746942319646,87.14691062356525,39.30425288018319
P14,trial_63_L_affected,2,12,56.019343882090105,84.07909839617673,38.53037537668541
P14,trial_63_L_affected,2,13,49.009568311336075,85.64620121783072,50.6726953230066
P14,trial_63_L_affected,2,23,56.6138721282354,77.64043841092565,52.92618578395622
P14,trial_63_L_affected,3,012,50.67327750356667,75.09998683407666,35.173463764507076
P14,trial_63_L_affected,3,013,47.724137341411094,79.18482020018634,39.25280017615576
P14,trial_63_L_affected,3,023,48.26723343332792,82.51932978322287,36.39725675845571
P14,trial_63_L_affected,3,123,51.00398088284542,82.35731345828495,43.264087870288854
P14,trial_63_L_affected,4,0123,48.517111805426644,79.80308275219882,36.12936810480737
P14,trial_64_L_affected,2,01,51.130804298979875,64.92937994239234,37.52915255759671
P14,trial_64_L_affected,2,02,44.86594749320064,73.74512245511312,37.47426837723044
P14,trial_64_L_affected,2,03,42.590232840056785,83.96128011047793,38.378103381950886
P14,trial_64_L_affected,2,12,44.80911968088819,78.77604856128653,35.722220426272635
P14,trial_64_L_affected,2,13,45.647759647555766,84.22016355234582,44.91818331605881
P14,trial_64_L_affected,2,23,50.74687487958689,83.10389343893196,50.92579391532589
P14,trial_64_L_affected,3,012,45.45830832016723,71.97337270923103,35.70708786422198
P14,trial_64_L_affected,3,013,45.022465020726266,77.05669697785335,37.313386064352855
P14,trial_64_L_affected,3,023,43.97031502762564,79.4877517623986,38.82286573907033
P14,trial_64_L_affected,3,123,45.517367343308486,80.46189663077226,41.4761067843008
P14,trial_64_L_affected,4,0123,44.36421705916584,77.13993891006704,36.97279166896029
P14,trial_65_L_affected,2,01,52.36404408675408,66.60300769461462,42.98396874334136
P14,trial_65_L_affected,2,02,51.221358944485104,78.20576617628222,41.388899662317385
P14,trial_65_L_affected,2,03,46.660517429024566,87.2915755448091,40.3199748505105
P14,trial_65_L_affected,2,12,49.83643060014776,86.65098456862331,38.23868187294891
P14,trial_65_L_affected,2,13,47.75956034586691,87.52868874529148,50.37667690003075
P14,trial_65_L_affected,2,23,57.41644832705624,83.29404492363754,56.65008649956941
P14,trial_65_L_affected,3,012,49.28440577065805,76.1708546236737,39.7562969289318
P14,trial_65_L_affected,3,013,46.988084623534746,79.65753635003513,40.73872845754561
P14,trial_65_L_affected,3,023,49.42167460274574,83.17165056308988,41.10729029323122
P14,trial_65_L_affected,3,123,49.45603900404355,84.38902126330737,45.13805031814156
P14,trial_65_L_affected,4,0123,47.97639649183489,80.64487907195328,39.650278725254104
P14,trial_66_L_affected,2,01,51.181678855704085,66.06617014779924,36.664933020644206
P14,trial_66_L_affected,2,02,51.11999208879731,80.23611185857686,36.76333860473653
P14,trial_66_L_affected,2,03,44.18901493330191,88.62233816905186,38.22304578372928
P14,trial_66_L_affected,2,12,49.3446101773261,88.13832464476377,41.39982132640272
P14,trial_66_L_affected,2,13,46.77422529685223,86.4054741766193,48.678825523063026
P14,trial_66_L_affected,2,23,56.608958808414805,84.7512498517024,48.874415556474005
P14,trial_66_L_affected,3,012,49.11466749431725,77.07095973273603,36.69675834727277
P14,trial_66_L_affected,3,013,46.016633404986656,79.85950899843789,38.39268451561768
P14,trial_66_L_affected,3,023,48.32633560449802,85.12100282626923,37.362414101754865
P14,trial_66_L_affected,3,123,49.05121526851667,84.75128420375991,43.80557800426158
P14,trial_66_L_affected,4,0123,47.45562104787732,81.64427496796112,37.29835972242979
P14,trial_67_L_affected,2,01,51.39711980338252,66.73208144550415,40.50151353076005
P14,trial_67_L_affected,2,02,51.13375527115916,80.07794435324482,38.79835383414975
P14,trial_67_L_affected,2,03,44.95934910247324,88.97962377094446,40.14759085509336
P14,trial_67_L_affected,2,12,49.85584796216572,87.90930434924768,41.12326097935327
P14,trial_67_L_affected,2,13,47.214586572773406,88.15005117912595,51.42075728427795
P14,trial_67_L_affected,2,23,58.898873436980054,86.25221135783812,55.50749189422404
P14,trial_67_L_affected,3,012,49.07647993794699,76.95800290469026,38.81453260734149
P14,trial_67_L_affected,3,013,46.088521076296416,80.30969469550725,40.85123924859746
P14,trial_67_L_affected,3,023,48.45018182422533,85.36014166194099,39.620146243210804
P14,trial_67_L_affected,3,123,49.22435605954429,86.07761371175356,45.962717836433065
P14,trial_67_L_affected,4,0123,47.35164414260036,81.92339791218592,39.452136195877294
P14,trial_68_L_affected,2,01,49.23626323259261,65.01937807480142,35.777859599764476
P14,trial_68_L_affected,2,02,52.5986361172316,81.097889503112,34.94384450154954
P14,trial_68_L_affected,2,03,44.78652082419871,89.58693998164512,38.834152372207406
P14,trial_68_L_affected,2,12,50.98318969585838,89.42990284957297,43.910442868016915
P14,trial_68_L_affected,2,13,46.85280804945363,86.64996906967407,51.0183425760799
P14,trial_68_L_affected,2,23,59.17869334319345,86.71818200693286,50.439446325170515
P14,trial_68_L_affected,3,012,48.48479442973954,77.32206156294973,35.181323691179784
P14,trial_68_L_affected,3,013,45.297240499176986,79.84261886073068,39.11294875600504
P14,trial_68_L_affected,3,023,49.81754661725521,86.0631330679686,36.56515832193604
P14,trial_68_L_affected,3,123,49.72797932836282,85.7069446346238,44.76416117888013
P14,trial_68_L_affected,4,0123,47.43177211632885,82.1405368318591,36.9549211204907
P14,trial_69_L_affected,2,01,48.354684487853646,65.71826318882589,42.90386772010723
P14,trial_69_L_affected,2,02,48.403522157881596,80.57868585193299,39.49947386118001
P14,trial_69_L_affected,2,03,42.49143332925196,90.88418973132471,41.62872932409871
P14,trial_69_L_affected,2,12,48.5691890058651,88.47597401183455,44.74556543157297
P14,trial_69_L_affected,2,13,46.264273875615665,87.93665614613154,51.83983824719855
P14,trial_69_L_affected,2,23,57.52243387002616,81.83556830841927,53.10333845988078
P14,trial_69_L_affected,3,012,46.2894469733881,76.96048818149465,40.51943065447077
P14,trial_69_L_affected,3,013,43.94058935272561,80.74388754637799,42.86615306307906
P14,trial_69_L_affected,3,023,46.5240133445239,85.953607812656,39.982987696283004
P14,trial_69_L_affected,3,123,48.2378943229401,85.69847605748664,46.11784083843254
P14,trial_69_L_affected,4,0123,45.31837132811787,82.15493025386856,40.712485987259704
P14,trial_6_R_unaffected,2,01,54.462918012468506,91.61503655836977,42.922239186591554
P14,trial_6_R_unaffected,2,02,56.47536703042726,88.09365024974412,45.96417056379015
P14,trial_6_R_unaffected,2,03,58.37931569017341,89.32973867343804,56.753543064121466
P14,trial_6_R_unaffected,2,12,61.87856073251013,84.81207628496715,37.86314232399426
P14,trial_6_R_unaffected,2,13,56.4342650277722,72.24811855292046,27.470547233547734
P14,trial_6_R_unaffected,2,23,52.86555627803827,64.03840634312593,35.776557498405175
P14,trial_6_R_unaffected,3,012,54.99075148628695,86.72407143916523,36.63759957285718
P14,trial_6_R_unaffected,3,013,54.76616941451687,82.52594110469973,35.631252932885715
P14,trial_6_R_unaffected,3,023,56.72451765703734,84.61916956507086,48.202242227809606
P14,trial_6_R_unaffected,3,123,56.28037195674115,71.76679218291179,28.19690028893059
P14,trial_6_R_unaffected,4,0123,55.22761081352574,81.71986956315398,36.41055732841289
P14,trial_70_L_affected,2,01,51.57129994770025,66.57061811031498,40.02430902162111
P14,trial_70_L_affected,2,02,51.160478935130335,80.44552865774186,37.36348120739495
P14,trial_70_L_affected,2,03,43.253237336194836,87.40934129063879,38.85125833702238
P14,trial_70_L_affected,2,12,52.43932941992393,86.84133050584707,41.27337550658716
P14,trial_70_L_affected,2,13,46.205846676477485,84.26913569775854,49.252811958760056
P14,trial_70_L_affected,2,23,56.56844463396008,80.91178280476144,48.20624378757401
P14,trial_70_L_affected,3,012,49.119868414078525,77.33659350327407,37.38925744912268
P14,trial_70_L_affected,3,013,45.554395494553994,78.86920508093255,38.978062983644904
P14,trial_70_L_affected,3,023,47.6614124078703,84.21817877770529,37.09749304298842
P14,trial_70_L_affected,3,123,48.62018736598368,82.4827057394063,43.708550993408
P14,trial_70_L_affected,4,0123,46.92859562454421,80.79508153873326,37.26644730793544
P14,trial_71_L_affected,2,01,51.93982458106274,67.89345302481408,45.216672117568784
P14,trial_71_L_affected,2,02,53.68356762995271,77.26034335450771,41.9061838006268
P14,trial_71_L_affected,2,03,50.54385650809799,87.40026785183304,41.626447506057275
P14,trial_71_L_affected,2,12,51.513953311867425,86.96597282837013,37.11703571770657
P14,trial_71_L_affected,2,13,50.76440667403566,90.62895371330914,49.458978519133254
P14,trial_71_L_affected,2,23,63.759536525138984,82.56670134728466,56.00360279162704
P14,trial_71_L_affected,3,012,50.816422153234384,75.67208873622842,41.79010129536959
P14,trial_71_L_affected,3,013,49.01465786647396,80.80074393068877,42.67668491588684
P14,trial_71_L_affected,3,023,52.730770669511976,83.31391604379026,42.19044841186076
P14,trial_71_L_affected,3,123,52.56747605692095,86.67017378058603,44.490812280975156
P14,trial_71_L_affected,4,0123,50.32273601640212,81.19423929326999,41.32704356060888
P14,trial_72_L_affected,2,01,50.42090539664065,68.16717215281312,40.38966748940141
P14,trial_72_L_affected,2,02,45.643949263284874,77.46252088131446,35.65209465766833
P14,trial_72_L_affected,2,03,40.53877911258493,87.27399715500424,39.141341074469494
P14,trial_72_L_affected,2,12,50.620545674415915,82.08674942448108,40.097059039940234
P14,trial_72_L_affected,2,13,47.36760950036539,89.12622864983048,46.02907232665117
P14,trial_72_L_affected,2,23,53.81366065342736,95.65735571734152,56.77340401013521
P14,trial_72_L_affected,3,012,46.8390007910156,75.55881767225489,34.89035177274626
P14,trial_72_L_affected,3,013,45.20911511860609,80.63916141797597,39.807270149102536
P14,trial_72_L_affected,3,023,44.540995010521726,83.95343825412697,37.56998529611287
P14,trial_72_L_affected,3,123,48.85551050004095,86.08863789998165,40.91418937079067
P14,trial_72_L_affected,4,0123,45.593275947375226,81.22531883832747,36.72709486217424
P14,trial_73_L_affected,2,01,49.98540731670975,65.63741122041604,37.1691085474902
P14,trial_73_L_affected,2,02,47.3474509107146,79.55660976531834,38.67844839575268
P14,trial_73_L_affected,2,03,42.39139948350709,86.93325647659705,35.98090232734013
P14,trial_73_L_affected,2,12,51.38258611733491,86.33432528740579,41.384295794639314
P14,trial_73_L_affected,2,13,47.07700826933907,86.89118840431328,44.78112645103533
P14,trial_73_L_affected,2,23,56.09805237491239,92.422403108531,55.009756753989805
P14,trial_73_L_affected,3,012,47.40755369158685,76.34833509714788,37.06514851548693
P14,trial_73_L_affected,3,013,44.77180778862132,79.11273824440697,37.09690354205369
P14,trial_73_L_affected,3,023,45.18849584678434,84.4438668789827,38.370456499380495
P14,trial_73_L_affected,3,123,49.15257386724602,85.72008414278145,42.831324669622795
P14,trial_73_L_affected,4,0123,45.71767267553678,81.14806100324616,37.27543092789491
P14,trial_74_L_affected,2,01,47.609718385525426,68.13941653680573,40.995831314831214
P14,trial_74_L_affected,2,02,45.984575483753176,80.40312273325222,40.97751032205552
P14,trial_74_L_affected,2,03,39.51786103268402,89.84019708740466,40.06020444445163
P14,trial_74_L_affected,2,12,49.2938867509009,86.22478907426188,40.87031458367088
P14,trial_74_L_affected,2,13,46.17651307886226,89.49369919853388,47.69936640359958
P14,trial_74_L_affected,2,23,55.99417607164965,89.66108327361744,52.22327470452463
P14,trial_74_L_affected,3,012,45.627670047606614,77.60540691445264,39.83744395178518
P14,trial_74_L_affected,3,013,42.95218635967752,81.49562871687759,39.80868074203417
P14,trial_74_L_affected,3,023,44.031310911128664,85.69048812360744,40.5855673562906
P14,trial_74_L_affected,3,123,48.55840141273945,86.89395305764582,44.29264971288149
P14,trial_74_L_affected,4,0123,44.38317427188143,82.64709490926298,39.539155995876456
P14,trial_75_L_affected,2,01,50.369718635911916,65.8276299368813,42.3672344573489
P14,trial_75_L_affected,2,02,47.40997066651344,78.61762059433403,40.39815403767016
P14,trial_75_L_affected,2,03,41.503079762272975,87.48188426101899,40.904471003464025
P14,trial_75_L_affected,2,12,50.93405197198162,85.17812568305189,37.424180664856586
P14,trial_75_L_affected,2,13,47.57139554156537,86.15716363957786,45.93938206853825
P14,trial_75_L_affected,2,23,56.76140109379684,85.81802277960742,50.78851103529497
P14,trial_75_L_affected,3,012,47.23619036494142,75.67741748459869,38.65846889775312
P14,trial_75_L_affected,3,013,45.002503732379935,78.9834334574143,39.667044811783164
P14,trial_75_L_affected,3,023,45.30324346421152,83.46003005859683,40.6000599637602
P14,trial_75_L_affected,3,123,49.447664665477234,84.02644227170279,41.927374814503196
P14,trial_75_L_affected,4,0123,45.83725146034798,80.31113463178517,38.5744784572853
P14,trial_76_L_affected,2,01,49.658022314385455,65.03134703421641,39.52985889167213
P14,trial_76_L_affected,2,02,47.70070920250792,78.52092230763031,37.56219718231601
P14,trial_76_L_affected,2,03,40.508684578938514,87.9009914522184,40.87778873807017
P14,trial_76_L_affected,2,12,50.31896869135865,85.27345247456894,40.06027434599659
P14,trial_76_L_affected,2,13,47.67569914156741,85.33638232657582,49.38903893342654
P14,trial_76_L_affected,2,23,56.80753669178358,82.42543188977628,49.730347230684956
P14,trial_76_L_affected,3,012,47.3362415963648,75.46251720445365,37.66856083332713
P14,trial_76_L_affected,3,013,44.69335231759065,78.78317414652928,40.47353195304867
P14,trial_76_L_affected,3,023,45.46657188760903,83.50429940664594,39.11895272989492
P14,trial_76_L_affected,3,123,49.9376271215285,83.29278877419026,44.284738619393
P14,trial_76_L_affected,4,0123,46.0454395134242,80.1650988474446,38.87790710768938
P14,trial_77_L_affected,2,01,50.496188788243465,66.62393663834801,42.96951351882236
P14,trial_77_L_affected,2,02,48.38087290979846,79.53797974870318,36.00475041721911
P14,trial_77_L_affected,2,03,42.919875697055524,89.0431848095006,39.74356630873253
P14,trial_77_L_affected,2,12,52.513723578044434,86.41390490157438,36.69165626947237
P14,trial_77_L_affected,2,13,49.0207787332106,86.78929924580252,50.52698605923309
P14,trial_77_L_affected,2,23,58.688218603910784,81.37428400042899,51.72814709133661
P14,trial_77_L_affected,3,012,47.57639818291057,76.43812156479734,36.742408629137806
P14,trial_77_L_affected,3,013,45.5988758590784,79.98300863115394,41.31759077769347
P14,trial_77_L_affected,3,023,46.48814860841877,84.383736969498,37.559687202449204
P14,trial_77_L_affected,3,123,50.76135914577054,84.43439681138614,43.56712164580658
P14,trial_77_L_affected,4,0123,46.49019811440149,81.08781858746406,37.98031469769211
P14,trial_78_L_affected,2,01,49.40505018207548,68.80351519814725,45.241525569597144
P14,trial_78_L_affected,2,02,47.13920913357424,78.60550016186404,37.18501071609519
P14,trial_78_L_affected,2,03,40.87149613897863,87.21061497632697,41.104897155523766
P14,trial_78_L_affected,2,12,50.90130124205366,84.88433650773051,35.94243114481926
P14,trial_78_L_affected,2,13,48.22623652057619,86.63900886919764,50.4032563415917
P14,trial_78_L_affected,2,23,57.679498134351284,80.4967358040395,52.842088847403815
P14,trial_78_L_affected,3,012,46.87463369751022,76.56943642325486,39.059069020075746
P14,trial_78_L_affected,3,013,44.23049903901591,79.9856581580482,43.25066929633302
P14,trial_78_L_affected,3,023,45.018851513193034,83.25170467438844,39.12689872959974
P14,trial_78_L_affected,3,123,49.97491166389789,84.04153605501057,43.29948917259154
P14,trial_78_L_affected,4,0123,45.468644612175964,80.76390146436974,39.903065612813855
P14,trial_79_L_affected,2,01,50.04791926280466,65.08750686524655,39.626676998390906
P14,trial_79_L_affected,2,02,46.95035096357424,78.78697566744258,36.79644676220787
P14,trial_79_L_affected,2,03,40.31334272353131,86.67058821945628,41.846773416802115
P14,trial_79_L_affected,2,12,49.032706420893255,85.30207909235187,41.59160070637643
P14,trial_79_L_affected,2,13,46.059087067876774,81.95521718674027,51.31189396256924
P14,trial_79_L_affected,2,23,54.88719681026689,79.64110053126036,51.027592873647976
P14,trial_79_L_affected,3,012,46.85804620382046,75.21313114965827,37.676624568564
P14,trial_79_L_affected,3,013,43.99994432569201,77.38561214407507,41.98911180205456
P14,trial_79_L_affected,3,023,44.48690026025955,82.83121679324812,39.28691918462827
P14,trial_79_L_affected,3,123,47.91641885762865,81.00146916330965,45.4138352645696
P14,trial_79_L_affected,4,0123,45.04936590930821,79.07600880708486,39.645236215678935
P14,trial_7_R_unaffected,2,01,54.85284330647535,91.30889856701627,40.051621924178534
P14,trial_7_R_unaffected,2,02,57.62474288495443,87.16123261043971,43.56133679474373
P14,trial_7_R_unaffected,2,03,59.08469769760922,89.78858156115315,52.83629651939033
P14,trial_7_R_unaffected,2,12,63.78873138670177,80.85755159400742,36.20466512570686
P14,trial_7_R_unaffected,2,13,57.095486342855764,70.29497786395466,30.13365982005684
P14,trial_7_R_unaffected,2,23,52.45248119933099,61.91554027190503,34.90074455820071
P14,trial_7_R_unaffected,3,012,56.348358116792795,85.77220273413552,36.833993386593825
P14,trial_7_R_unaffected,3,013,55.60104894127735,81.96453888420623,36.02276057406584
P14,trial_7_R_unaffected,3,023,57.25909359744064,84.28033035851449,45.47210229927152
P14,trial_7_R_unaffected,3,123,57.034723068818096,69.40493615295529,30.10721223364886
P14,trial_7_R_unaffected,4,0123,56.11735698345593,80.91849485909943,36.599685544414015
P14,trial_80_L_affected,2,01,52.5496131328819,67.6805557750432,42.3963556458182
P14,trial_80_L_affected,2,02,51.81851274677609,77.98957111900103,36.52395001657224
P14,trial_80_L_affected,2,03,45.0892720427666,88.53805465274108,39.188141812436626
P14,trial_80_L_affected,2,12,52.37668833101997,85.1753360162558,33.36147820682964
P14,trial_80_L_affected,2,13,49.11715884744974,86.83764576823884,48.43457631212347
P14,trial_80_L_affected,2,23,58.63611740627333,80.55497369145745,53.8269557567828
P14,trial_80_L_affected,3,012,50.43897612837062,75.73777666831865,36.650762431845706
P14,trial_80_L_affected,3,013,47.0308540343289,80.3017650237384,40.74472421267356
P14,trial_80_L_affected,3,023,49.361254668798566,83.3712289859939,38.332773349365226
P14,trial_80_L_affected,3,123,51.59715484261574,84.16373830983568,41.86356880942989
P14,trial_80_L_affected,4,0123,48.716442416670645,80.65428852556553,37.88928971195569
P14,trial_81_L_affected,2,01,52.51860622578384,71.99369732003665,47.67108954688337
P14,trial_81_L_affected,2,02,49.70927307355738,79.08217053081371,39.94844995287721
P14,trial_81_L_affected,2,03,42.67135875958727,86.4058373796202,40.50977605341698
P14,trial_81_L_affected,2,12,52.69377543312081,82.9880124261904,35.53763455722012
P14,trial_81_L_affected,2,13,48.48629546254683,84.18887929469616,49.91694604255483
P14,trial_81_L_affected,2,23,55.05571468919358,77.17054619070852,55.3568641706242
P14,trial_81_L_affected,3,012,49.575186599026374,77.2112905148348,40.21728048013168
P14,trial_81_L_affected,3,013,45.91566763340751,80.07125835049958,43.376849981790585
P14,trial_81_L_affected,3,023,46.81774858799112,82.6955303541342,40.81541839580731
P14,trial_81_L_affected,3,123,50.66248377613391,81.76075581589102,43.187035087835184
P14,trial_81_L_affected,4,0123,47.26614195574095,80.33862676478275,40.48299069053025
P14,trial_82_L_affected,2,01,51.11185742533267,74.14717159734306,48.172426121877976
P14,trial_82_L_affected,2,02,48.460212927676466,79.80757583901054,36.91541205568028
P14,trial_82_L_affected,2,03,41.671861467027135,89.24550973128726,43.06705470980177
P14,trial_82_L_affected,2,12,51.046859815826444,81.20027912295188,34.97970843643409
P14,trial_82_L_affected,2,13,47.74339194579557,86.19945671941888,51.68867684282649
P14,trial_82_L_affected,2,23,56.81235620665311,78.00155272601542,55.92688911294887
P14,trial_82_L_affected,3,012,47.71695391782004,78.0152397967794,37.18604068982138
P14,trial_82_L_affected,3,013,44.82842445873073,82.24070498421095,44.516224703940686
P14,trial_82_L_affected,3,023,46.15716537927655,84.54306660500849,39.00966401720215
P14,trial_82_L_affected,3,123,49.726436040488665,83.0092919250222,41.47508692908993
P14,trial_82_L_affected,4,0123,46.04817894641,81.90831710960775,38.791278726407285
P14,trial_83_L_affected,2,01,49.94539045620764,72.45016397805902,48.067620433741155
P14,trial_83_L_affected,2,02,46.641325527138804,77.22604415014456,37.54070237829762
P14,trial_83_L_affected,2,03,41.43095696010887,92.12235286481588,42.40150105099634
P14,trial_83_L_affected,2,12,51.59862267152555,80.61485902939155,33.53843685978464
P14,trial_83_L_affected,2,13,49.25236084029461,91.6279645189378,50.16361595047134
P14,trial_83_L_affected,2,23,59.662960185216,79.60316978462818,55.43483629080179
P14,trial_83_L_affected,3,012,46.319103454895874,76.0633810243094,37.88828706535204
P14,trial_83_L_affected,3,013,44.7794635960287,84.13214794409589,43.80775047897133
P14,trial_83_L_affected,3,023,45.65008866721018,84.23485981948208,39.31962509618636
P14,trial_83_L_affected,3,123,50.59398429618435,85.76209338564065,42.00357796803136
P14,trial_83_L_affected,4,0123,45.61525511378103,82.17723675344998,39.03017613492596
P14,trial_84_L_affected,2,01,50.79184635114852,66.52696171493142,38.02450614534582
P14,trial_84_L_affected,2,02,49.596252940714265,80.66805146640944,39.30237847996939
P14,trial_84_L_affected,2,03,43.3260973833224,87.90743808284081,40.67292972444675
P14,trial_84_L_affected,2,12,50.56080859707963,87.81203570012681,41.461085793656835
P14,trial_84_L_affected,2,13,47.38816544424584,82.80997100468745,48.43506242570346
P14,trial_84_L_affected,2,23,55.33864984399619,78.76211456243935,52.21858638983562
P14,trial_84_L_affected,3,012,48.49542299658313,77.07316857669609,37.10014170103111
P14,trial_84_L_affected,3,013,45.75648341108444,78.61242761370978,39.52070395869362
P14,trial_84_L_affected,3,023,47.26243357558195,84.6081484888071,39.95807274454018
P14,trial_84_L_affected,3,123,49.74341901332821,82.29949373931589,43.78869888630266
P14,trial_84_L_affected,4,0123,47.03856241750665,80.69582506764232,38.146652232749936
P14,trial_85_L_affected,2,01,50.55605338394178,68.06683408775318,45.00065417410783
P14,trial_85_L_affected,2,02,46.203793273643115,78.81011623653175,43.32499879889087
P14,trial_85_L_affected,2,03,40.191095238941855,83.41746212689526,41.9165490711367
P14,trial_85_L_affected,2,12,50.17817200865067,86.04568793723655,40.926683443805565
P14,trial_85_L_affected,2,13,46.38904390652218,83.49340045072594,48.24634964860744
P14,trial_85_L_affected,2,23,51.45240720875197,83.60745050705296,51.44384618782235
P14,trial_85_L_affected,3,012,47.042960101114055,76.8237947325754,42.26849006832968
P14,trial_85_L_affected,3,013,44.26990960894035,77.61279189290717,42.62868475444826
P14,trial_85_L_affected,3,023,43.91146905959474,81.82230942436847,42.88016290085631
P14,trial_85_L_affected,3,123,48.32434893576214,82.5432833339195,44.13193533204252
P14,trial_85_L_affected,4,0123,45.12457624892615,79.59280225685636,41.77985296340997
P14,trial_86_L_affected,2,01,48.554945856092985,69.38249237864979,46.08651244596354
P14,trial_86_L_affected,2,02,45.78973718414177,79.5406996010766,45.259847475155944
P14,trial_86_L_affected,2,03,39.174795450308636,86.85708978137593,43.641239039587866
P14,trial_86_L_affected,2,12,49.19137644609213,86.63994779528014,40.53398602734694
P14,trial_86_L_affected,2,13,45.579117964761984,86.30397625111694,50.0442057130327
P14,trial_86_L_affected,2,23,52.43579245200185,82.8998834903515,55.02340301720474
P14,trial_86_L_affected,3,012,46.10711023105941,77.57177506338905,43.731703116254
P14,trial_86_L_affected,3,013,43.02201972120407,79.46760209685452,43.92897767899381
P14,trial_86_L_affected,3,023,43.48563266563335,83.2148564370455,44.599637675814805
P14,trial_86_L_affected,3,123,47.83370788418881,84.03406811519325,45.45960310209722
P14,trial_86_L_affected,4,0123,44.283855418448184,80.87228596196529,43.10221749037395
P14,trial_87_L_affected,2,01,49.87437935609479,70.8185091210517,48.985044901815066
P14,trial_87_L_affected,2,02,44.424634240222616,79.44456337129841,46.36765593047018
P14,trial_87_L_affected,2,03,39.09872929942693,85.6311791129879,43.99751803100377
P14,trial_87_L_affected,2,12,50.063517189107486,84.73022546533444,41.78624526850831
P14,trial_87_L_affected,2,13,46.51606688710869,86.4578496153479,47.477629923591955
P14,trial_87_L_affected,2,23,52.44724190591363,86.30160463105943,56.00944238527342
P14,trial_87_L_affected,3,012,45.82037142571024,77.76126109387305,44.70985483699763
P14,trial_87_L_affected,3,013,43.43956036452762,79.76552041168881,44.04166643604614
P14,trial_87_L_affected,3,023,42.51312403483451,82.8665201881684,45.50005636763657
P14,trial_87_L_affected,3,123,48.085066065747114,84.16129398441083,44.62618750027497
P14,trial_87_L_affected,4,0123,44.07821691791353,80.85395728015588,43.50913783056604
P14,trial_88_L_affected,2,01,48.66685273836084,72.22087203993856,47.31950902981494
P14,trial_88_L_affected,2,02,43.14322449863088,81.01800899858621,45.36378330961339
P14,trial_88_L_affected,2,03,37.149850212783576,86.86019903796513,45.37697243637677
P14,trial_88_L_affected,2,12,49.63126260023685,85.19672870545612,43.09281154598423
P14,trial_88_L_affected,2,13,45.900391395008654,87.84652223077043,48.45531874160279
P14,trial_88_L_affected,2,23,51.90850423280182,91.50204868774375,53.777258795788356
P14,trial_88_L_affected,3,012,44.821386326891236,79.29428169013167,43.660422728029914
P14,trial_88_L_affected,3,013,42.247991193468465,81.29180337491802,44.1541870215436
P14,trial_88_L_affected,3,023,41.13911694288444,84.71440049900464,45.52945363090827
P14,trial_88_L_affected,3,123,47.77459005076925,85.73402516781498,45.055620271938345
P14,trial_88_L_affected,4,0123,43.102064933240285,82.57937186856378,43.39856853507884
P14,trial_89_L_affected,2,01,51.49403490450993,74.60372852488688,45.48812514001588
P14,trial_89_L_affected,2,02,46.16315211559948,81.04776576948817,43.67532995409428
P14,trial_89_L_affected,2,03,40.54347073075119,85.15318700800849,40.50659083355551
P14,trial_89_L_affected,2,12,51.644476342383676,85.97542857651791,38.896319686118716
P14,trial_89_L_affected,2,13,48.17443016622089,87.71968555802673,43.09021356866147
P14,trial_89_L_affected,2,23,53.47999923648715,86.96533307254475,50.47816122467221
P14,trial_89_L_affected,3,012,47.79044301901536,80.49037122858732,41.39698425624535
P14,trial_89_L_affected,3,013,45.033598821537204,81.62649271824566,40.474822819615135
P14,trial_89_L_affected,3,023,44.1724249737542,84.36423215653738,42.43790520449111
P14,trial_89_L_affected,3,123,49.450776921524735,85.87176945126888,40.31215702062225
P14,trial_89_L_affected,4,0123,45.760152590547186,82.97759964301036,39.949637577419466
P14,trial_8_R_unaffected,2,01,54.0762611855179,89.38907429464952,40.907169827842054
P14,trial_8_R_unaffected,2,02,57.827387268357214,87.2410462844233,44.7865539774525
P14,trial_8_R_unaffected,2,03,58.93472998914471,89.76048653269292,55.821929981908205
P14,trial_8_R_unaffected,2,12,64.67494867056199,80.40451044430336,37.70617572461308
P14,trial_8_R_unaffected,2,13,58.01116038115675,71.32361011776501,30.680752805248616
P14,trial_8_R_unaffected,2,23,54.687668002348474,63.79643044483091,33.941548278842895
P14,trial_8_R_unaffected,3,012,56.64089814411428,85.35549548361436,37.99125598123488
P14,trial_8_R_unaffected,3,013,55.68127910110349,81.75975042246426,37.33647126067711
P14,trial_8_R_unaffected,3,023,57.86350390058765,84.7878882123353,46.97510114092568
P14,trial_8_R_unaffected,3,123,58.46092636296417,70.16662528151717,30.6103248784961
P14,trial_8_R_unaffected,4,0123,56.71880221444709,81.05139568298361,37.75742520686086
P14,trial_90_L_affected,2,01,50.43737841964639,73.6565062485675,48.53390753674758
P14,trial_90_L_affected,2,02,47.103091427391824,79.64305424095973,43.79545417748272
P14,trial_90_L_affected,2,03,39.31866233464396,85.75334279389398,42.50231850465454
P14,trial_90_L_affected,2,12,50.92465164848881,85.71059141028866,36.25062733666536
P14,trial_90_L_affected,2,13,46.96581549914141,88.20223788495461,48.07051739976183
P14,trial_90_L_affected,2,23,53.9478559644387,80.18633015391435,52.61756791693322
P14,trial_90_L_affected,3,012,47.35786089909953,79.44899411228086,42.77029983619261
P14,trial_90_L_affected,3,013,43.97308023973141,81.31659180797288,42.71828535483025
P14,trial_90_L_affected,3,023,44.15710452036916,82.93667540135232,42.60045503965724
P14,trial_90_L_affected,3,123,48.897085459902975,84.8163518691922,42.860022497629465
P14,trial_90_L_affected,4,0123,45.24029147304407,82.00869680330682,41.024179789580224
P14,trial_9_R_unaffected,2,01,52.678858015652686,85.4017413935509,37.97116374145469
P14,trial_9_R_unaffected,2,02,55.1186850066332,83.18909240370577,47.104181593203364
P14,trial_9_R_unaffected,2,03,59.375023486203446,88.18904093530145,56.150666140984505
P14,trial_9_R_unaffected,2,12,59.99336652119863,82.13753968508848,41.908350758782234
P14,trial_9_R_unaffected,2,13,57.75746531301294,71.04872681314713,29.53820160817488
P14,trial_9_R_unaffected,2,23,53.72532609716433,61.91201804719497,43.42985032407825
P14,trial_9_R_unaffected,3,012,54.00332240890744,81.84322321632806,37.05988491081802
P14,trial_9_R_unaffected,3,013,54.67660705233711,80.07131049503563,35.80128026085738
P14,trial_9_R_unaffected,3,023,56.0239661241081,81.39285660219984,49.31044831430345
P14,trial_9_R_unaffected,3,123,56.67173521438798,69.61911604184091,31.842085869728955
P14,trial_9_R_unaffected,4,0123,54.674353788633276,78.43744958876148,37.96491522673818
P15,trial_10_R_unaffected,2,01,50.991751599678,68.37943791911937,38.27263082283392
P15,trial_10_R_unaffected,2,02,46.844816930177295,56.784479170461694,40.22883054198058
P15,trial_10_R_unaffected,2,03,44.03029648986505,51.055401631885545,34.00215155259224
P15,trial_10_R_unaffected,2,04,49.82670574560994,37.52748660194273,47.9937005505266
P15,trial_10_R_unaffected,2,12,68.1617487778295,84.74358772250075,53.11927637817612
P15,trial_10_R_unaffected,2,13,57.77521046828525,55.593786599948444,40.09881544602236
P15,trial_10_R_unaffected,2,14,47.287936324750255,50.462112403976946,46.56060672902987
P15,trial_10_R_unaffected,2,23,54.00037737509053,55.292856815602356,56.61216076825974
P15,trial_10_R_unaffected,2,24,49.02251264342555,48.86723536327319,47.72132230887889
P15,trial_10_R_unaffected,2,34,48.19619794496994,48.36540152070101,41.208597397097044
P15,trial_10_R_unaffected,3,012,50.41274040269308,61.505659672380304,35.673603781969234
P15,trial_10_R_unaffected,3,013,49.09885630496632,54.890913738297115,36.14301998106015
P15,trial_10_R_unaffected,3,014,45.36893218236668,47.82983744044341,40.72872693112283
P15,trial_10_R_unaffected,3,023,47.64494428440061,50.56210069476793,38.3246634009055
P15,trial_10_R_unaffected,3,024,44.45094581911359,44.73490463161486,39.39251401205962
P15,trial_10_R_unaffected,3,034,43.9644642789092,42.81325949763547,36.18047237356347
P15,trial_10_R_unaffected,3,123,59.64978047589223,54.89297133299503,40.27152893672248
P15,trial_10_R_unaffected,3,124,50.9510573209281,51.72845707372895,40.95419792675223
P15,trial_10_R_unaffected,3,134,49.72822531495917,49.497649125994876,38.41009600615349
P15,trial_10_R_unaffected,3,234,49.48621555899057,48.91400756466525,43.752782940263366
P15,trial_10_R_unaffected,4,0123,50.82579618462294,53.94261551295758,36.20574635910989
P15,trial_10_R_unaffected,4,0124,46.85112555075723,49.50959337854087,37.212917252981036
P15,trial_10_R_unaffected,4,0134,46.38173846951311,47.955208646448845,36.68809723495201
P15,trial_10_R_unaffected,4,0234,45.87391173630678,45.98786548570623,37.654527959242934
P15,trial_10_R_unaffected,4,1234,51.602244069480726,50.495270109802156,38.63596981162426
P15,trial_10_R_unaffected,5,01234,47.97601667135297,48.99960489636692,36.41317896723377
P15,trial_11_R_unaffected,2,01,49.59338186612542,72.20622627368373,35.51742884935331
P15,trial_11_R_unaffected,2,02,43.33040317233634,59.299513565465745,37.30900096338982
P15,trial_11_R_unaffected,2,03,40.06265852470296,49.434498856619015,29.810133287038777
P15,trial_11_R_unaffected,2,04,45.20222386544838,36.95559316396297,43.719471913399055
P15,trial_11_R_unaffected,2,12,68.78434602987483,84.08962882428925,53.776293076941435
P15,trial_11_R_unaffected,2,13,59.19544059147679,55.09414332953246,40.05142971656391
P15,trial_11_R_unaffected,2,14,47.46106678358443,49.59381663716254,41.970033499618474
P15,trial_11_R_unaffected,2,23,55.70797213291607,55.664471241761234,56.12506291642589
P15,trial_11_R_unaffected,2,24,47.713152590247475,48.62626300199443,42.85897990166458
P15,trial_11_R_unaffected,2,34,48.08454039680583,45.168662189415436,36.88338080231218
P15,trial_11_R_unaffected,3,012,48.15655533371595,64.22431291247929,33.650669711248824
P15,trial_11_R_unaffected,3,013,47.287259833156526,54.98580645530615,33.840437377748685
P15,trial_11_R_unaffected,3,014,44.07913751159937,48.12534641649635,37.03094073834389
P15,trial_11_R_unaffected,3,023,44.59522405731783,51.177665155454406,34.6020573709767
P15,trial_11_R_unaffected,3,024,41.86800015097367,45.090929170741454,34.951082634506804
P15,trial_11_R_unaffected,3,034,41.47259508509347,40.61501768422108,31.62792030380721
P15,trial_11_R_unaffected,3,123,60.80284187811019,55.1430488089578,40.29394390779764
P15,trial_11_R_unaffected,3,124,50.630340289618054,51.419684559887976,36.96785486122337
P15,trial_11_R_unaffected,3,134,49.98762682318915,47.74439340304718,35.566902851610436
P15,trial_11_R_unaffected,3,234,49.013211187760234,47.83225183178342,39.88201806727253
P15,trial_11_R_unaffected,4,0123,49.078674095053884,54.94299995866329,33.783424509040515
P15,trial_11_R_unaffected,4,0124,45.20131699493553,50.15775779287514,33.30296669269954
P15,trial_11_R_unaffected,4,0134,44.98303000086865,46.94162866398705,33.4658845972136
P15,trial_11_R_unaffected,4,0234,43.77645503377726,45.377392288235846,33.48814791685017
P15,trial_11_R_unaffected,4,1234,51.679273731700505,49.66394632308191,35.80974086360665
P15,trial_11_R_unaffected,5,01234,46.6097783359797,48.80269411863784,33.01383084547327
P15,trial_12_R_unaffected,2,01,10.12551352192481,14.599515274611512,
P15,trial_12_R_unaffected,2,02,9.980703972665795,13.342627050758226,
P15,trial_12_R_unaffected,2,03,21.57205339540604,21.558132647568407,
P15,trial_12_R_unaffected,2,04,8.743781960535854,11.861772415360182,
P15,trial_12_R_unaffected,2,12,10.39023604164704,14.867091019849575,
P15,trial_12_R_unaffected,2,13,14.162456821122694,16.845936130345653,
P15,trial_12_R_unaffected,2,14,21.776777883474455,16.29259049244624,
P15,trial_12_R_unaffected,2,23,34.51436626048709,45.15504301737158,
P15,trial_12_R_unaffected,2,24,15.026066416839907,17.442515515078064,
P15,trial_12_R_unaffected,2,34,18.206618187258076,23.48653824643846,
P15,trial_12_R_unaffected,3,012,6.215361985815657,9.725319186250353,
P15,trial_12_R_unaffected,3,013,14.395406655424011,17.274767417718838,
P15,trial_12_R_unaffected,3,014,12.346993289864853,16.64845333992172,
P15,trial_12_R_unaffected,3,023,11.2668876625965,12.38331914200304,
P15,trial_12_R_unaffected,3,024,8.627782759776407,8.687846592867547,
P15,trial_12_R_unaffected,3,034,15.34172830303897,19.513453675435255,
P15,trial_12_R_unaffected,3,123,14.973814443276533,17.474306534470763,
P15,trial_12_R_unaffected,3,124,10.678530744334397,10.324262164845658,
P15,trial_12_R_unaffected,3,134,19.903751328793547,23.544656298428983,
P15,trial_12_R_unaffected,3,234,13.139751170150095,12.939968492783628,
P15,trial_12_R_unaffected,4,0123,8.730993300959124,10.432691900979727,
P15,trial_12_R_unaffected,4,0124,7.413787007093159,9.307084392739895,
P15,trial_12_R_unaffected,4,0134,15.983928181604645,19.643866806740313,
P15,trial_12_R_unaffected,4,0234,9.593891429361626,10.27699750980226,
P15,trial_12_R_unaffected,4,1234,11.909622292045773,12.130396978563551,
P15,trial_12_R_unaffected,5,01234,9.727351204108963,11.192106262812063,
P15,trial_13_R_unaffected,2,01,52.976728946734184,66.46798908479504,42.79778256253857
P15,trial_13_R_unaffected,2,02,46.7532036582587,57.89560782956714,41.99914479016697
P15,trial_13_R_unaffected,2,03,45.089414802451756,47.36392631837395,41.189061639504885
P15,trial_13_R_unaffected,2,04,48.922768505702166,43.68107347113455,53.00323963770533
P15,trial_13_R_unaffected,2,12,67.87250840194025,69.94366952548123,46.61743158907626
P15,trial_13_R_unaffected,2,13,59.04542959151376,53.49698898037765,40.88957145893541
P15,trial_13_R_unaffected,2,14,54.903564348200995,52.68596941535373,45.846686385787315
P15,trial_13_R_unaffected,2,23,52.32611156924379,53.213495949105145,48.53641752309379
P15,trial_13_R_unaffected,2,24,55.033868896288155,52.70605588157792,43.26888563036255
P15,trial_13_R_unaffected,2,34,58.48417790898658,42.29408681867001,43.36625254956205
P15,trial_13_R_unaffected,3,012,50.26852527908431,60.13782858649459,39.44160427847833
P15,trial_13_R_unaffected,3,013,50.33199053229922,51.73252586842503,40.28461510351049
P15,trial_13_R_unaffected,3,014,49.942036706356234,50.179425233685436,43.10181912712104
P15,trial_13_R_unaffected,3,023,47.28504360833754,51.17897294906988,41.774281613976335
P15,trial_13_R_unaffected,3,024,48.72066344246784,48.956614915952976,40.33899891217251
P15,trial_13_R_unaffected,3,034,48.87998520443927,41.21411340195,40.26465735685851
P15,trial_13_R_unaffected,3,123,59.910850288468104,54.688556113442324,40.99673473334725
P15,trial_13_R_unaffected,3,124,56.31399290058965,54.43051852112622,40.30364216824941
P15,trial_13_R_unaffected,3,134,55.8285431806672,47.90340619083443,39.49439644724219
P15,trial_13_R_unaffected,3,234,55.40960402552304,48.896622628885524,41.20401096508402
P15,trial_13_R_unaffected,4,0123,50.87449077062247,53.03625681312002,39.82670894738155
P15,trial_13_R_unaffected,4,0124,50.49292637605878,52.223181535026924,39.38531425041054
P15,trial_13_R_unaffected,4,0134,50.67753287287764,47.075644176414436,39.67696435217948
P15,trial_13_R_unaffected,4,0234,49.508884651123665,47.13530218439127,39.58729054059949
P15,trial_13_R_unaffected,4,1234,56.204687189206375,50.7666992665476,38.66602646735867
P15,trial_13_R_unaffected,5,01234,51.20200259979689,49.64828783454926,38.8342581635723
P15,trial_14_R_unaffected,2,01,52.758597330356885,65.71189966195239,42.14714118142944
P15,trial_14_R_unaffected,2,02,44.65641097489451,56.307435153561926,41.00777574525627
P15,trial_14_R_unaffected,2,03,42.91317827789838,46.29112827254235,39.88765313712259
P15,trial_14_R_unaffected,2,04,45.36496366405709,45.11573655259709,52.27906337450737
P15,trial_14_R_unaffected,2,12,69.27870860888595,67.74971781467616,47.57502112006447
P15,trial_14_R_unaffected,2,13,59.80625909216958,52.041634202879386,41.3756320678377
P15,trial_14_R_unaffected,2,14,55.136405013356324,53.59921274287201,47.37767602470069
P15,trial_14_R_unaffected,2,23,51.756307169516695,50.6931967504171,48.47129339324868
P15,trial_14_R_unaffected,2,24,55.19066638786074,51.94290057469773,44.305830649895334
P15,trial_14_R_unaffected,2,34,58.96055182515513,42.23631527275587,44.65632661540423
P15,trial_14_R_unaffected,3,012,49.32715923962745,58.67799575326272,38.884166606551375
P15,trial_14_R_unaffected,3,013,49.624753522380225,50.64637449484992,39.646734023342354
P15,trial_14_R_unaffected,3,014,48.651762996380384,50.51788634462281,42.37687135082925
P15,trial_14_R_unaffected,3,023,45.522805046479206,49.86919809848985,40.75172220978691
P15,trial_14_R_unaffected,3,024,47.314419455720405,47.979462319377646,39.687527323647686
P15,trial_14_R_unaffected,3,034,47.75732392974235,40.96871343285793,39.616142766737134
P15,trial_14_R_unaffected,3,123,60.22493603062612,53.15284069659477,41.26022208899468
P15,trial_14_R_unaffected,3,124,56.76319218516503,54.01988738703383,41.53545724701178
P15,trial_14_R_unaffected,3,134,56.36748277784305,47.75980645999925,40.21235972388147
P15,trial_14_R_unaffected,3,234,55.68366955600249,47.879458151088755,42.04057718353977
P15,trial_14_R_unaffected,4,0123,50.0783655238043,51.662007926902085,39.23629054128518
P15,trial_14_R_unaffected,4,0124,49.61457472747229,51.338038939938535,39.03676325352774
P15,trial_14_R_unaffected,4,0134,50.09595486945337,46.61001288921,39.27173416067709
P15,trial_14_R_unaffected,4,0234,48.502860160055754,46.067863680508225,39.14558949790596
P15,trial_14_R_unaffected,4,1234,56.65193401507487,50.02671083199198,39.38298385462611
P15,trial_14_R_unaffected,5,01234,50.635352117771596,48.646980182784965,38.56588333832337
P15,trial_15_R_unaffected,2,01,52.546765095751354,65.15798251604318,51.26482957823119
P15,trial_15_R_unaffected,2,02,44.072933128492096,56.455431811413874,50.98365020490988
P15,trial_15_R_unaffected,2,03,41.67507632619061,44.26793999836583,50.89362924922071
P15,trial_15_R_unaffected,2,04,45.834292122820635,43.876035185931286,57.081632801679326
P15,trial_15_R_unaffected,2,12,70.18621085784302,64.99343923310641,55.188502329796265
P15,trial_15_R_unaffected,2,13,59.155533459766595,49.781625332617175,52.80249276024936
P15,trial_15_R_unaffected,2,14,53.81259594630418,50.928607522250715,54.42327076166449
P15,trial_15_R_unaffected,2,23,50.07429556965866,50.498138987144685,60.0246190439656
P15,trial_15_R_unaffected,2,24,53.66500690287034,50.275842302115485,53.336272298225104
P15,trial_15_R_unaffected,2,34,56.804858072276126,38.11067762962782,53.3081260270537
P15,trial_15_R_unaffected,3,012,48.7326567870112,58.384134696997435,49.68630245041625
P15,trial_15_R_unaffected,3,013,48.78135179097816,48.37520839097043,50.78133927307121
P15,trial_15_R_unaffected,3,014,48.0442240441324,47.9246621546779,50.3188598795793
P15,trial_15_R_unaffected,3,023,44.349789887622165,49.01965989949601,51.47426494160323
P15,trial_15_R_unaffected,3,024,45.94949456156427,46.43334139941181,48.817150166932386
P15,trial_15_R_unaffected,3,034,46.18713612992676,38.24547804733909,49.4065373170394
P15,trial_15_R_unaffected,3,123,59.70386911633207,51.571071955196956,52.71601454762199
P15,trial_15_R_unaffected,3,124,55.20240212034049,52.046677422416174,50.82821785008483
P15,trial_15_R_unaffected,3,134,55.036782355591846,44.608415013300146,50.565180965757115
P15,trial_15_R_unaffected,3,234,53.719673645742894,45.6826635966492,52.09629032473175
P15,trial_15_R_unaffected,4,0123,49.18059528199413,50.36315038630526,50.52532244319697
P15,trial_15_R_unaffected,4,0124,48.39667425748684,49.56901087878155,48.829941590187545
P15,trial_15_R_unaffected,4,0134,48.930955229114474,43.700542704524736,49.568237622651026
P15,trial_15_R_unaffected,4,0234,46.89761330636261,44.030191718223385,49.42095442619412
P15,trial_15_R_unaffected,4,1234,55.19323480695964,47.61580001561179,50.054937521339234
P15,trial_15_R_unaffected,5,01234,49.31843741260197,46.45114251740512,49.21193804970088
P15,trial_16_R_unaffected,2,01,55.55464729957869,64.56748531442813,43.37412310776806
P15,trial_16_R_unaffected,2,02,45.642224442264144,57.638005964891306,39.37522847449795
P15,trial_16_R_unaffected,2,03,43.820143248684225,45.669834658699266,39.19345093236483
P15,trial_16_R_unaffected,2,04,47.83346248911868,42.90663257880529,49.28261322999404
P15,trial_16_R_unaffected,2,12,69.93493674068228,70.04253891525968,49.144618884642135
P15,trial_16_R_unaffected,2,13,60.4827242076687,51.35666831185176,42.93072500763754
P15,trial_16_R_unaffected,2,14,55.84586565251529,52.58957267034061,48.7706436505272
P15,trial_16_R_unaffected,2,23,52.16661089631399,52.35817812409312,47.51930876518042
P15,trial_16_R_unaffected,2,24,55.05110726308274,52.81078280747336,44.02746090574406
P15,trial_16_R_unaffected,2,34,59.28181658025403,42.35712286517365,44.44849835125233
P15,trial_16_R_unaffected,3,012,50.692287950888286,59.310316344874536,38.68026374069313
P15,trial_16_R_unaffected,3,013,50.592112867476274,49.83562801367958,40.45100853306399
P15,trial_16_R_unaffected,3,014,50.01071953743549,49.13563108174572,43.831322180888314
P15,trial_16_R_unaffected,3,023,46.075357939177145,50.23775815163446,39.7126657682827
P15,trial_16_R_unaffected,3,024,47.62136724878428,48.27531044817766,39.665867765610535
P15,trial_16_R_unaffected,3,034,48.44428962805162,39.969043025204044,40.06162628420987
P15,trial_16_R_unaffected,3,123,60.810614843636536,53.2962261925243,42.65396091151315
P15,trial_16_R_unaffected,3,124,56.84398375075893,54.370647211932436,42.49616857978316
P15,trial_16_R_unaffected,3,134,56.860290153886716,47.18113661575624,41.539937564991554
P15,trial_16_R_unaffected,3,234,55.54451638978572,48.61568771213148,42.437133755280605
P15,trial_16_R_unaffected,4,0123,50.803962043491744,51.74585631444493,39.36587715025916
P15,trial_16_R_unaffected,4,0124,50.16196402520017,51.34242270500623,39.76791413126286
P15,trial_16_R_unaffected,4,0134,50.83964396772101,45.699080848540845,40.30875115818907
P15,trial_16_R_unaffected,4,0234,48.76067783017225,46.137959326537505,39.30839764467537
P15,trial_16_R_unaffected,4,1234,56.83754077607782,50.198447030803685,40.55092352278847
P15,trial_16_R_unaffected,5,01234,51.07802249639572,48.52176628811233,39.24579903537935
P15,trial_17_R_unaffected,2,01,56.253836918666856,60.22006464313345,42.81973685822574
P15,trial_17_R_unaffected,2,02,41.502139969266295,54.041474678081364,39.30275851400151
P15,trial_17_R_unaffected,2,03,41.28842442325864,50.871798219748605,37.3434300224409
P15,trial_17_R_unaffected,2,04,52.027724497953606,47.879174661805195,50.16375046055391
P15,trial_17_R_unaffected,2,12,71.96024255960867,73.06113497681403,50.08291722509323
P15,trial_17_R_unaffected,2,13,60.91281497105332,56.39576665696467,42.80451690600988
P15,trial_17_R_unaffected,2,14,61.367995655100586,57.801167146295455,52.17203956863855
P15,trial_17_R_unaffected,2,23,50.90121826127986,54.646095389962895,48.55797665004801
P15,trial_17_R_unaffected,2,24,62.440204598443536,53.05303843004588,43.66368953848481
P15,trial_17_R_unaffected,2,34,69.2139642956755,42.45681714904031,44.73330064861949
P15,trial_17_R_unaffected,3,012,47.11397119905454,55.72829106575962,37.424568569717934
P15,trial_17_R_unaffected,3,013,47.92572228175995,52.829795944709986,38.85168672193392
P15,trial_17_R_unaffected,3,014,49.487118703680885,53.3372251001977,43.97703131769307
P15,trial_17_R_unaffected,3,023,42.77101577371676,51.47751775310686,38.95334561776589
P15,trial_17_R_unaffected,3,024,48.86311135346323,49.440940152156806,39.093779770111674
P15,trial_17_R_unaffected,3,034,49.696383874330486,44.49069169974486,38.2611290520378
P15,trial_17_R_unaffected,3,123,60.74359889230649,56.66672061220495,41.65609652364023
P15,trial_17_R_unaffected,3,124,63.06458343613348,56.8735409165792,42.72547271287022
P15,trial_17_R_unaffected,3,134,61.66925106621142,50.882591443250845,41.98558300436192
P15,trial_17_R_unaffected,3,234,62.336176375799965,48.77556347931905,40.8860904782318
P15,trial_17_R_unaffected,4,0123,47.73305598829936,52.94278618855423,37.97341695797371
P15,trial_17_R_unaffected,4,0124,50.73683530200414,52.988094080053756,39.31370033515027
P15,trial_17_R_unaffected,4,0134,51.38571377301341,49.826691067694405,39.49600113386459
P15,trial_17_R_unaffected,4,0234,49.86794509427422,48.09041472129951,37.9489752658617
P15,trial_17_R_unaffected,4,1234,61.71761907136795,52.5128172968726,39.975678321189314
P15,trial_17_R_unaffected,5,01234,51.75912594172374,50.92233241027212,38.23875910107672
P15,trial_18_R_unaffected,2,01,56.63164715573375,59.13954149246832,42.60304974361986
P15,trial_18_R_unaffected,2,02,41.82101850029158,54.783905487387486,39.99407014252095
P15,trial_18_R_unaffected,2,03,40.57303218822989,49.70690299694944,39.934287729810926
P15,trial_18_R_unaffected,2,04,49.72010783241245,48.062053771476336,44.25569622566313
P15,trial_18_R_unaffected,2,12,70.79351927350457,72.60565695747181,48.707325763696616
P15,trial_18_R_unaffected,2,13,58.920045580328804,56.430760626295374,44.21886660869117
P15,trial_18_R_unaffected,2,14,58.04958603010718,55.260566824480286,46.818667983842154
P15,trial_18_R_unaffected,2,23,49.065873602817206,54.77382661840293,49.70016319835484
P15,trial_18_R_unaffected,2,24,60.49947700874943,52.58923979988737,42.373086520932446
P15,trial_18_R_unaffected,2,34,67.667560409818,40.869996948346866,42.27879465289918
P15,trial_18_R_unaffected,3,012,46.95877104242538,56.350978684893796,37.70085534536978
P15,trial_18_R_unaffected,3,013,46.75489433414843,52.306181912713875,38.75908689995348
P15,trial_18_R_unaffected,3,014,46.689522068627625,52.47134425802091,42.57099904728732
P15,trial_18_R_unaffected,3,023,42.56264295937574,51.71207083413283,40.41768215184264
P15,trial_18_R_unaffected,3,024,46.92101826635067,50.39844438296339,39.205364699617505
P15,trial_18_R_unaffected,3,034,47.64220036179738,44.17013678915982,38.69530730996796
P15,trial_18_R_unaffected,3,123,59.36647503954451,58.06343496163493,43.560410771147794
P15,trial_18_R_unaffected,3,124,60.47873718185566,56.34726020434179,41.43325630193035
P15,trial_18_R_unaffected,3,134,59.365285797381596,49.80704866387139,41.14517648005286
P15,trial_18_R_unaffected,3,234,60.286143545306324,48.591667362943696,40.9691977112017
P15,trial_18_R_unaffected,4,0123,46.90119823764432,53.305426798952105,38.58079795460137
P15,trial_18_R_unaffected,4,0124,48.466793959517204,53.40502803577265,38.99536828375021
P15,trial_18_R_unaffected,4,0134,49.15911516373897,49.257339176568586,39.03483491463756
P15,trial_18_R_unaffected,4,0234,48.03962671968779,48.55103082649297,38.96032645874039
P15,trial_18_R_unaffected,4,1234,59.4970741754101,52.44848364870862,39.94875933464611
P15,trial_18_R_unaffected,5,01234,49.73691308691746,51.17924183155077,38.47568406609809
P15,trial_19_R_unaffected,2,01,56.24436518715956,60.16187851708016,52.33588476175881
P15,trial_19_R_unaffected,2,02,43.44059539505599,57.0080678297936,42.85044973237478
P15,trial_19_R_unaffected,2,03,41.78262307054352,48.98148450421451,40.82218919797714
P15,trial_19_R_unaffected,2,04,52.03432939365609,48.19020096051034,48.9838276517997
P15,trial_19_R_unaffected,2,12,70.39820273876751,71.3406428246338,47.9926367673295
P15,trial_19_R_unaffected,2,13,58.92603758895218,54.10702432982813,42.05388458274447
P15,trial_19_R_unaffected,2,14,62.24736957741742,52.67786138057735,46.19127148343888
P15,trial_19_R_unaffected,2,23,49.939229027578705,55.014149410197014,50.02414784806288
P15,trial_19_R_unaffected,2,24,65.4970642202446,50.41677205500117,40.13693770451511
P15,trial_19_R_unaffected,2,34,72.7520356748311,36.68984888019965,42.18073253900162
P15,trial_19_R_unaffected,3,012,47.914387509339825,57.72627019515207,40.91437947973045
P15,trial_19_R_unaffected,3,013,47.463955465380856,50.411701657776355,39.27212173555143
P15,trial_19_R_unaffected,3,014,49.01940759002061,51.97167605378592,45.83832976945582
P15,trial_19_R_unaffected,3,023,43.90410708368815,51.70856736128156,40.744720749835245
P15,trial_19_R_unaffected,3,024,50.103104124555756,50.43643119565226,39.32694596307522
P15,trial_19_R_unaffected,3,034,50.290588454866565,43.48741264907433,37.48866176079179
P15,trial_19_R_unaffected,3,123,59.4075301006778,55.76383254273915,40.49147335825481
P15,trial_19_R_unaffected,3,124,64.47613973248625,54.1764359798227,39.605442636385426
P15,trial_19_R_unaffected,3,134,62.08696555400948,47.2740194785561,40.946383370747014
P15,trial_19_R_unaffected,3,234,64.39704802114854,46.23187249865813,40.037353244715774
P15,trial_19_R_unaffected,4,0123,47.877568454769026,52.430464535596464,38.42642697649809
P15,trial_19_R_unaffected,4,0124,51.16273635824954,53.112407097385685,39.92339662956554
P15,trial_19_R_unaffected,4,0134,51.22984612481386,47.81739517428426,39.123638683553864
P15,trial_19_R_unaffected,4,0234,50.81010615162762,47.9322386956379,37.992870693152796
P15,trial_19_R_unaffected,4,1234,62.38988940118232,50.25553874366182,38.96833516820052
P15,trial_19_R_unaffected,5,01234,52.01551462138144,50.136218641575006,38.09931381893416
P15,trial_1_R_unaffected,2,01,53.67331100388393,53.193973096738475,41.941288918942384
P15,trial_1_R_unaffected,2,02,40.291128372579834,43.91456982458279,47.95450072134273
P15,trial_1_R_unaffected,2,03,41.86629122244928,55.91298787171954,47.98273375505402
P15,trial_1_R_unaffected,2,04,43.50709284937962,39.99872860606915,46.12903016589893
P15,trial_1_R_unaffected,2,12,61.65314889903146,47.92747947622096,46.42891339243925
P15,trial_1_R_unaffected,2,13,55.19043556598143,45.796063273715376,43.233373577990804
P15,trial_1_R_unaffected,2,14,49.136094880962276,39.089744296796276,44.11871670139482
P15,trial_1_R_unaffected,2,23,43.95647467495309,36.08415530979643,52.65396947637108
P15,trial_1_R_unaffected,2,24,44.11585536236982,36.19903976949588,45.31528208036368
P15,trial_1_R_unaffected,2,34,50.433716564964044,44.46793464732003,44.313100522657365
P15,trial_1_R_unaffected,3,012,46.995101930990614,43.827579844792204,43.40536545107755
P15,trial_1_R_unaffected,3,013,47.700548439197576,47.17534170654493,42.42738421276399
P15,trial_1_R_unaffected,3,014,46.014453417818686,39.36706560129652,41.68699038216415
P15,trial_1_R_unaffected,3,023,41.60801210871067,46.5101562462199,47.6919620958908
P15,trial_1_R_unaffected,3,024,40.874669671262524,36.94920004380365,43.959349615017395
P15,trial_1_R_unaffected,3,034,42.962515609237876,45.38252320598434,42.97925382096093
P15,trial_1_R_unaffected,3,123,53.248901140988686,42.07164950101795,45.43926055633815
P15,trial_1_R_unaffected,3,124,48.61342044981689,37.82020286537469,43.06265972053843
P15,trial_1_R_unaffected,3,134,50.04437996239823,40.565887848623106,40.973919737438806
P15,trial_1_R_unaffected,3,234,46.405479131908905,38.9424116023881,44.341479243783084
P15,trial_1_R_unaffected,4,0123,46.55949840276437,43.5526928057873,43.952879733219696
P15,trial_1_R_unaffected,4,0124,44.860846855510296,37.96670601042752,42.120699908684465
P15,trial_1_R_unaffected,4,0134,46.0195896741231,42.006611923901126,41.09997283062246
P15,trial_1_R_unaffected,4,0234,42.433116388174845,41.076585767403394,44.07768107420673
P15,trial_1_R_unaffected,4,1234,48.99748516227247,39.16763668020304,42.4100875388643
P15,trial_1_R_unaffected,5,01234,45.46716354701042,40.16665204132844,42.327199695726634
P15,trial_20_R_unaffected,2,01,53.80956137111385,62.61064758353955,47.98969387683719
P15,trial_20_R_unaffected,2,02,43.91559065649988,57.74763263476181,39.99998230021054
P15,trial_20_R_unaffected,2,03,42.57378212399007,50.33208118906064,40.03708394868232
P15,trial_20_R_unaffected,2,04,50.45756961458812,45.33791559344252,42.17420700967899
P15,trial_20_R_unaffected,2,12,70.12514861062813,72.63804923688379,45.74376621495392
P15,trial_20_R_unaffected,2,13,58.618654226458794,56.56432208227627,41.57247140332467
P15,trial_20_R_unaffected,2,14,59.100820084059464,52.63486360944429,42.98103886078997
P15,trial_20_R_unaffected,2,23,50.66594700214273,57.50272840831209,47.0274650886314
P15,trial_20_R_unaffected,2,24,63.3162639794696,50.78240185729934,36.02995359235103
P15,trial_20_R_unaffected,2,34,69.79274568668644,35.41769140907126,39.49791015131656
P15,trial_20_R_unaffected,3,012,47.919502377853,58.511617605758715,38.91015611614552
P15,trial_20_R_unaffected,3,013,47.84566332620703,51.82412470080966,37.72428214766788
P15,trial_20_R_unaffected,3,014,48.44480064361119,51.87065763603145,42.99137276141622
P15,trial_20_R_unaffected,3,023,44.69069454368758,53.12417926673723,38.63653570842726
P15,trial_20_R_unaffected,3,024,49.92043572007412,50.66569928294162,36.33622360870442
P15,trial_20_R_unaffected,3,034,49.88841047776544,42.94437361968058,36.236133560677644
P15,trial_20_R_unaffected,3,123,59.494192469929445,58.263782343444824,40.2792862568732
P15,trial_20_R_unaffected,3,124,62.24248776352726,54.650252008654206,36.277382238616745
P15,trial_20_R_unaffected,3,134,59.80636238692169,47.25731589663507,37.87492370085634
P15,trial_20_R_unaffected,3,234,62.31147002841856,46.34813574899918,36.79128306001177
P15,trial_20_R_unaffected,4,0123,48.41216533520399,53.73438453022598,36.84213543997828
P15,trial_20_R_unaffected,4,0124,50.75168556239074,53.54515512845999,37.30869369391411
P15,trial_20_R_unaffected,4,0134,50.6002518748717,47.9666341817268,36.84050308050255
P15,trial_20_R_unaffected,4,0234,50.5526678682083,48.306252264743875,35.55083282920999
P15,trial_20_R_unaffected,4,1234,60.54677667436283,50.76542006082417,36.16499714976613
P15,trial_20_R_unaffected,5,01234,51.57630212232278,50.6765795809493,35.712027329632924
P15,trial_21_R_unaffected,2,01,54.43425090388963,64.70334458254561,40.66747187928942
P15,trial_21_R_unaffected,2,02,41.02821435384726,58.397412135543036,38.24666007626966
P15,trial_21_R_unaffected,2,03,39.44207632726552,48.511945569813264,35.527466521230664
P15,trial_21_R_unaffected,2,04,44.9859676132936,41.6959189418815,41.09086059172999
P15,trial_21_R_unaffected,2,12,66.17379634984955,71.13349456909515,38.42532925360686
P15,trial_21_R_unaffected,2,13,57.870422151731724,55.3250350179025,37.096810776655936
P15,trial_21_R_unaffected,2,14,54.43271160443957,52.87027487501539,41.47333364257255
P15,trial_21_R_unaffected,2,23,51.25829650420655,57.662476673211565,49.254107420695
P15,trial_21_R_unaffected,2,24,56.74353274361579,51.01836383549491,37.62258683628777
P15,trial_21_R_unaffected,2,34,63.66201826155687,37.096429131815256,38.97709697768782
P15,trial_21_R_unaffected,3,012,45.785401693496766,59.98327797905001,35.2669526904891
P15,trial_21_R_unaffected,3,013,45.89095416183268,51.61210834358228,33.97092066137294
P15,trial_21_R_unaffected,3,014,44.70890554368361,51.324507600722576,39.509330569923954
P15,trial_21_R_unaffected,3,023,42.00122548756603,52.244371458179174,36.722402610727585
P15,trial_21_R_unaffected,3,024,44.48500278368296,49.83814668269454,36.24097134219302
P15,trial_21_R_unaffected,3,034,45.637344279291284,41.58008466293432,34.48276153813493
P15,trial_21_R_unaffected,3,123,58.150877172428316,56.73696822522956,36.55682164151913
P15,trial_21_R_unaffected,3,124,56.79760921935455,54.848988518159025,35.1002469250704
P15,trial_21_R_unaffected,3,134,56.515141755763246,47.404698014027915,36.0268181276689
P15,trial_21_R_unaffected,3,234,57.22396771102586,47.076823475001724,37.083275047551794
P15,trial_21_R_unaffected,4,0123,46.175501208081954,53.59579975880411,34.0274102611768
P15,trial_21_R_unaffected,4,0124,46.20628401843024,53.43881595011881,35.575526584961125
P15,trial_21_R_unaffected,4,0134,47.26897174981336,47.487783136500596,34.775889067789485
P15,trial_21_R_unaffected,4,0234,46.12424910237671,47.654282065043965,35.060360682110186
P15,trial_21_R_unaffected,4,1234,56.684607784830554,50.85077162993305,34.53321106842993
P15,trial_21_R_unaffected,5,01234,47.83957657872614,50.407089373695776,34.13459226866523
P15,trial_22_R_unaffected,2,01,52.48846313926313,63.09066793805502,45.19299699478876
P15,trial_22_R_unaffected,2,02,43.28041591251203,56.72720432156448,37.853904707274125
P15,trial_22_R_unaffected,2,03,41.5938232668201,47.76286107810872,36.89855605014985
P15,trial_22_R_unaffected,2,04,47.44080937734954,45.53435884431631,43.05101631543206
P15,trial_22_R_unaffected,2,12,69.88618628811453,70.66673734441295,45.35039149884086
P15,trial_22_R_unaffected,2,13,57.53085759028149,56.531954027341115,40.738569393528785
P15,trial_22_R_unaffected,2,14,57.06933081269334,55.00165289504019,45.849637088687054
P15,trial_22_R_unaffected,2,23,49.05733304113807,57.36748074744017,48.35870607783431
P15,trial_22_R_unaffected,2,24,60.50026447328012,51.93868978573157,39.54630368033425
P15,trial_22_R_unaffected,2,34,66.36997227415874,39.25366317240469,41.69515703129378
P15,trial_22_R_unaffected,3,012,47.226772109418825,58.571659632375386,37.26698248174798
P15,trial_22_R_unaffected,3,013,47.174064204415785,51.795638134048325,36.56174582737319
P15,trial_22_R_unaffected,3,014,47.04252778733607,52.617169576214735,43.17748449546399
P15,trial_22_R_unaffected,3,023,43.92579525124806,51.38630299986647,37.07426952750985
P15,trial_22_R_unaffected,3,024,48.04969733431912,49.82972116937664,37.1226356820766
P15,trial_22_R_unaffected,3,034,48.12788064450834,42.18137255542823,36.28060161444686
P15,trial_22_R_unaffected,3,123,58.20545659585176,57.46174479687723,39.654132597357595
P15,trial_22_R_unaffected,3,124,59.88869078078338,55.815264551876716,38.84970773461535
P15,trial_22_R_unaffected,3,134,57.94829042458013,48.762798556911356,39.07529643322992
P15,trial_22_R_unaffected,3,234,59.389149320957934,47.80134885742477,39.09105962359858
P15,trial_22_R_unaffected,4,0123,47.7227919826868,53.25922853320587,35.84819866988705
P15,trial_22_R_unaffected,4,0124,49.163444212140945,53.510661812669575,37.910795929500225
P15,trial_22_R_unaffected,4,0134,49.2455015805477,48.237989619140514,37.302628036366556
P15,trial_22_R_unaffected,4,0234,48.72147777439486,47.59380944607244,36.36592089057902
P15,trial_22_R_unaffected,4,1234,58.390243332242854,51.63056369917873,37.33932256042947
P15,trial_22_R_unaffected,5,01234,50.04322494162268,50.55474816732518,36.236967457578295
P15,trial_23_R_unaffected,2,01,51.93918366245958,60.872259984533,48.20170899270961
P15,trial_23_R_unaffected,2,02,42.24344617080766,54.177258934360175,42.41875864763377
P15,trial_23_R_unaffected,2,03,41.99221221654573,49.56575891682406,39.81091289082613
P15,trial_23_R_unaffected,2,04,48.71246356906941,43.829734048796155,45.76483683970577
P15,trial_23_R_unaffected,2,12,67.77702154159311,69.58255834027693,45.19849556951149
P15,trial_23_R_unaffected,2,13,58.180348848701435,55.806261590682034,42.30250148295773
P15,trial_23_R_unaffected,2,14,57.664172788984395,52.56579763624218,47.63367617059589
P15,trial_23_R_unaffected,2,23,49.90528695138788,53.2115333077804,52.156502939100086
P15,trial_23_R_unaffected,2,24,59.89355599032136,49.36934486387321,42.6332482393208
P15,trial_23_R_unaffected,2,34,67.64501010881476,39.73676812686442,43.36742114501889
P15,trial_23_R_unaffected,3,012,46.38373438390616,55.86902488931895,39.469337734077016
P15,trial_23_R_unaffected,3,013,47.328141017336804,51.7105898561472,39.09362311430768
P15,trial_23_R_unaffected,3,014,47.80808976586493,50.97544937817283,45.93614785555881
P15,trial_23_R_unaffected,3,023,43.35983346893602,50.730965582186776,41.01901377203745
P15,trial_23_R_unaffected,3,024,47.960680916474765,48.259659560375965,41.08950937382952
P15,trial_23_R_unaffected,3,034,49.25074149650804,42.848374007583146,39.182747570146844
P15,trial_23_R_unaffected,3,123,58.3298046577021,56.74544853572568,42.152575997353715
P15,trial_23_R_unaffected,3,124,59.6473731433165,53.2951509431844,41.19295682685384
P15,trial_23_R_unaffected,3,134,59.034280909736175,47.71596266859291,41.35345221893792
P15,trial_23_R_unaffected,3,234,60.14820077641236,46.13558523237919,41.631220305962906
P15,trial_23_R_unaffected,4,0123,47.382508121433766,52.14890051466833,38.52852125289488
P15,trial_23_R_unaffected,4,0124,49.24798318315669,51.67703665098191,40.95363233120965
P15,trial_23_R_unaffected,4,0134,50.13150777850171,47.803327702214084,40.031266813554026
P15,trial_23_R_unaffected,4,0234,49.149667222063606,46.9019078179993,39.927457467313445
P15,trial_23_R_unaffected,4,1234,58.972133737613184,49.896560653353404,39.85682999376573
P15,trial_23_R_unaffected,5,01234,50.4666927359761,49.46206343329835,39.22282806166611
P15,trial_24_R_unaffected,2,01,53.67883682173754,63.29821718854648,43.97022259487575
P15,trial_24_R_unaffected,2,02,42.63874855631804,54.60903400553196,38.85951041976665
P15,trial_24_R_unaffected,2,03,42.52721207033938,48.61032764349442,37.88386507429321
P15,trial_24_R_unaffected,2,04,48.802975475916455,39.974305507754565,41.82439202847605
P15,trial_24_R_unaffected,2,12,71.317313175182,69.0575227387164,49.9760024196463
P15,trial_24_R_unaffected,2,13,59.04311101860391,56.640435611444516,43.55030989803812
P15,trial_24_R_unaffected,2,14,57.383881945345976,51.532074214908796,45.635674524684376
P15,trial_24_R_unaffected,2,23,49.46642004752071,54.18569279152982,49.334077375568945
P15,trial_24_R_unaffected,2,24,59.30704233691933,49.098643245190715,40.82676463189145
P15,trial_24_R_unaffected,2,34,66.02171075514796,39.83019668014329,43.29932421483654
P15,trial_24_R_unaffected,3,012,47.177215456362845,57.14435148111232,38.06961218276436
P15,trial_24_R_unaffected,3,013,47.95894535811547,52.26529490574774,38.794145583052675
P15,trial_24_R_unaffected,3,014,46.96483515381453,50.05955627757188,42.57587400752841
P15,trial_24_R_unaffected,3,023,43.852407678954016,50.83689584934977,38.195076958685426
P15,trial_24_R_unaffected,3,024,47.30990047690072,47.35016827894083,37.96074860969948
P15,trial_24_R_unaffected,3,034,48.25890904592512,41.50787715243168,37.84947802123293
P15,trial_24_R_unaffected,3,123,59.50990825893647,57.176154366157036,43.09613271224508
P15,trial_24_R_unaffected,3,124,59.79489171954096,53.21853603137733,40.30372409967319
P15,trial_24_R_unaffected,3,134,58.46407310230529,47.89303247146443,41.38984832632286
P15,trial_24_R_unaffected,3,234,58.94357154453383,46.32155331742643,41.030355241361555
P15,trial_24_R_unaffected,4,0123,47.95689327964182,52.91369708154291,37.80662045139498
P15,trial_24_R_unaffected,4,0124,48.82427586477159,51.41907609582671,38.67871969360846
P15,trial_24_R_unaffected,4,0134,49.498633062421,47.52044889112028,39.05657716539197
P15,trial_24_R_unaffected,4,0234,48.35446688317608,46.439956576804576,37.91376936820305
P15,trial_24_R_unaffected,4,1234,58.62665776069105,50.305617546142166,39.81283740020531
P15,trial_24_R_unaffected,5,01234,50.00483646954157,49.50685497931142,38.039521968012096
P15,trial_25_R_unaffected,2,01,53.43611922900366,62.70236674847512,46.65714494147445
P15,trial_25_R_unaffected,2,02,42.55367451616061,56.01063846457762,41.52150977804661
P15,trial_25_R_unaffected,2,03,41.77026517944965,47.750761575208614,38.94995079788677
P15,trial_25_R_unaffected,2,04,49.69903516071767,47.1709511110258,44.74997573007882
P15,trial_25_R_unaffected,2,12,67.26867186492886,70.2004019292529,45.39372563530708
P15,trial_25_R_unaffected,2,13,58.07362287283176,55.08891789781227,40.79988231781042
P15,trial_25_R_unaffected,2,14,57.98302147043391,55.812982201733455,46.708921430019
P15,trial_25_R_unaffected,2,23,50.743571726571496,54.3745073721202,51.68018791371323
P15,trial_25_R_unaffected,2,24,61.02935309997259,52.80238375365869,42.13685822925385
P15,trial_25_R_unaffected,2,34,69.04485499059744,39.99470550174413,43.07951905012265
P15,trial_25_R_unaffected,3,012,46.572215346462315,57.971001675125706,39.02436191337487
P15,trial_25_R_unaffected,3,013,47.36735127601656,51.42557956531553,37.155151353726545
P15,trial_25_R_unaffected,3,014,46.745305778094014,53.949048782692856,44.31344025982438
P15,trial_25_R_unaffected,3,023,43.89403265339977,51.14340771859089,39.51027003130579
P15,trial_25_R_unaffected,3,024,47.724522205934846,50.92377464784583,39.86458893571169
P15,trial_25_R_unaffected,3,034,48.596677221503626,43.50052750548663,37.881536583981344
P15,trial_25_R_unaffected,3,123,58.31702471612737,56.32560525581187,39.80573705646309
P15,trial_25_R_unaffected,3,124,60.31672187036613,56.510773657340465,40.03924095548426
P15,trial_25_R_unaffected,3,134,59.15043383963827,48.953157532130064,39.779004038101434
P15,trial_25_R_unaffected,3,234,61.00872750268239,48.09812310720493,40.96890676769822
P15,trial_25_R_unaffected,4,0123,47.56414386521758,52.91051793876695,36.91263499547794
P15,trial_25_R_unaffected,4,0124,48.727615178441944,54.38654493463184,39.619663949663774
P15,trial_25_R_unaffected,4,0134,49.51681368465673,48.89118042308282,38.14727222783602
P15,trial_25_R_unaffected,4,0234,48.965364159770914,48.286931644063245,38.40091066381178
P15,trial_25_R_unaffected,4,1234,59.30371299033286,51.776969663525456,38.29497194410083
P15,trial_25_R_unaffected,5,01234,50.13000518948184,51.03070968979971,37.482829999162625
P15,trial_26_R_unaffected,2,01,51.97807937406082,59.29738620088795,48.501927182021994
P15,trial_26_R_unaffected,2,02,42.59091046645817,55.73487466599002,40.5028445142953
P15,trial_26_R_unaffected,2,03,41.895760166638695,49.80687106355067,38.33152795143343
P15,trial_26_R_unaffected,2,04,51.932214798637396,44.780864094563526,43.244318777364455
P15,trial_26_R_unaffected,2,12,66.98502170615072,70.3821746019353,45.41335635360678
P15,trial_26_R_unaffected,2,13,55.98650900880413,55.7535497983197,39.93610175524925
P15,trial_26_R_unaffected,2,14,58.70975165341813,51.88537803700329,44.98299353915217
P15,trial_26_R_unaffected,2,23,47.88337409930662,56.25931900418879,49.15808802104445
P15,trial_26_R_unaffected,2,24,61.19177723467198,50.74153893497255,39.16024296676964
P15,trial_26_R_unaffected,2,34,68.39776656293486,39.78584114790531,41.21613189142583
P15,trial_26_R_unaffected,3,012,46.09186539182541,56.45864106379485,38.20565918828673
P15,trial_26_R_unaffected,3,013,46.210720084165345,51.21112894572366,36.75356351606271
P15,trial_26_R_unaffected,3,014,47.24572588508893,50.51915219371102,43.68573728882583
P15,trial_26_R_unaffected,3,023,43.26078294168389,51.99385537280005,38.53762102520408
P15,trial_26_R_unaffected,3,024,48.09602503222782,49.553021134085476,37.756622889772515
P15,trial_26_R_unaffected,3,034,48.38446853779513,43.93096371759658,36.49425754459102
P15,trial_26_R_unaffected,3,123,56.2786768875913,57.071238621921886,38.57627407953291
P15,trial_26_R_unaffected,3,124,60.68647690046166,53.816037323963485,37.97066124149726
P15,trial_26_R_unaffected,3,134,58.438845457507426,48.089427879112485,39.077603087470294
P15,trial_26_R_unaffected,3,234,60.41128193670569,47.645257023296814,39.31347200478275
P15,trial_26_R_unaffected,4,0123,46.456405163181415,52.70985653013742,35.93524677618194
P15,trial_26_R_unaffected,4,0124,49.02685935955746,52.14913978762508,38.08329618119227
P15,trial_26_R_unaffected,4,0134,49.05078007999198,47.958615162527835,37.366758543434585
P15,trial_26_R_unaffected,4,0234,48.65357409046769,48.168517911804905,36.86641157767898
P15,trial_26_R_unaffected,4,1234,58.68112273112321,50.87787257464222,37.233227658498315
P15,trial_26_R_unaffected,5,01234,49.69672338274975,50.153577536875666,36.33188407629256
P15,trial_27_R_unaffected,2,01,53.89217374547578,63.95353132432051,46.688769663260686
P15,trial_27_R_unaffected,2,02,43.97206680598387,56.65055102892495,41.320176094853856
P15,trial_27_R_unaffected,2,03,42.742044085925954,49.706344984736575,37.0032580691779
P15,trial_27_R_unaffected,2,04,51.46915939242378,46.45841895390727,45.633441027854346
P15,trial_27_R_unaffected,2,12,70.75486814139751,69.36264785861698,48.03640454947074
P15,trial_27_R_unaffected,2,13,58.07927047217869,54.96226051285354,42.338304449620104
P15,trial_27_R_unaffected,2,14,57.81375691609462,54.42287782937312,45.60797515135592
P15,trial_27_R_unaffected,2,23,49.027842458735854,55.75956363066486,49.043606674353676
P15,trial_27_R_unaffected,2,24,61.19045753183275,52.88702885746043,40.993732233926785
P15,trial_27_R_unaffected,2,34,67.69149896745215,42.27325581305134,39.78261674953082
P15,trial_27_R_unaffected,3,012,47.74263138976836,58.25728840055123,40.214208809291485
P15,trial_27_R_unaffected,3,013,47.8894177419814,52.832281588533284,39.08948406461539
P15,trial_27_R_unaffected,3,014,47.48367783644559,53.01154162772101,44.16115653261085
P15,trial_27_R_unaffected,3,023,44.487508079159575,52.36227119819624,38.962204664719636
P15,trial_27_R_unaffected,3,024,48.82309959659271,50.9410206608039,39.71331436188668
P15,trial_27_R_unaffected,3,034,49.08568139350206,44.6762166975134,37.5915523531714
P15,trial_27_R_unaffected,3,123,58.954009731655454,57.02067742312319,41.5770334858714
P15,trial_27_R_unaffected,3,124,60.676323869395574,55.76050626617162,40.2113449607778
P15,trial_27_R_unaffected,3,134,58.691128327346604,49.593886126208346,40.047989709748244
P15,trial_27_R_unaffected,3,234,60.2295339575398,49.425555531990454,39.14203644568713
P15,trial_27_R_unaffected,4,0123,48.11008930778056,53.55356643739881,38.41301515330338
P15,trial_27_R_unaffected,4,0124,49.612361177513776,53.95822782024449,40.00713061947643
P15,trial_27_R_unaffected,4,0134,49.8189866614205,49.535763551509675,39.01436831372721
P15,trial_27_R_unaffected,4,0234,49.3404671531502,49.227500521385366,37.92661665270702
P15,trial_27_R_unaffected,4,1234,59.14170940630333,52.16785619981528,38.67020325650477
P15,trial_27_R_unaffected,5,01234,50.519762538243235,51.47661313540187,38.17880417686905
P15,trial_28_R_unaffected,2,01,54.09568091361606,61.7263452448436,46.67664336552887
P15,trial_28_R_unaffected,2,02,43.68405334607665,55.4740832322125,42.47170952487455
P15,trial_28_R_unaffected,2,03,42.48434281917269,47.44358814790919,40.24253574423067
P15,trial_28_R_unaffected,2,04,51.40228687527026,44.48726104625415,44.300658481316646
P15,trial_28_R_unaffected,2,12,72.21592020378755,70.2358500745821,48.05226330584901
P15,trial_28_R_unaffected,2,13,58.59336473441817,55.550248966617055,45.307441070703256
P15,trial_28_R_unaffected,2,14,59.78006961110174,52.963262287495255,45.61973798902563
P15,trial_28_R_unaffected,2,23,48.11638109873421,54.7609229413343,52.100737002762315
P15,trial_28_R_unaffected,2,24,62.90334091749873,50.18936619633969,40.713385305195615
P15,trial_28_R_unaffected,2,34,70.31639023156984,38.27834526582709,42.46453822161411
P15,trial_28_R_unaffected,3,012,47.772596709946455,56.785662761455406,41.227586342708534
P15,trial_28_R_unaffected,3,013,47.777563444783155,50.25699175851718,39.62517563426524
P15,trial_28_R_unaffected,3,014,48.10651620461729,51.28261568206352,43.884382105096016
P15,trial_28_R_unaffected,3,023,43.975984067981,50.51229708223395,40.73525084180852
P15,trial_28_R_unaffected,3,024,49.36456333047219,48.78607529472775,39.70259262868068
P15,trial_28_R_unaffected,3,034,49.50587689632421,42.02617423712631,38.28264114150329
P15,trial_28_R_unaffected,3,123,58.78446212464677,56.57073135142463,44.49296994100681
P15,trial_28_R_unaffected,3,124,62.40789724553636,53.90575392353698,40.18540780442284
P15,trial_28_R_unaffected,3,134,60.09869406479478,47.53764498986761,41.29543910029213
P15,trial_28_R_unaffected,3,234,61.563990263105616,46.42303779952253,40.669602674241816
P15,trial_28_R_unaffected,4,0123,47.901494086538705,51.86595981195184,39.597550809412425
P15,trial_28_R_unaffected,4,0124,50.319106775437206,52.132294810769515,40.19097102232217
P15,trial_28_R_unaffected,4,0134,50.322700232930075,47.19225557060892,39.3064039617313
P15,trial_28_R_unaffected,4,0234,49.67390373328528,46.770786252257665,38.72821643164707
P15,trial_28_R_unaffected,4,1234,60.323309366488715,50.17554189607902,39.861854898178144
P15,trial_28_R_unaffected,5,01234,50.99183752754189,49.364098649220345,38.83950697087702
P15,trial_29_R_unaffected,2,01,55.27242850200928,61.71671731269637,45.577543142092885
P15,trial_29_R_unaffected,2,02,43.83360924112212,57.90230767876808,39.09515726491488
P15,trial_29_R_unaffected,2,03,42.786096345311975,48.13145897112141,36.55833852794475
P15,trial_29_R_unaffected,2,04,51.17863225575326,44.01690510343535,42.37398240784742
P15,trial_29_R_unaffected,2,12,70.177862560716,72.12322503778928,49.17017181374975
P15,trial_29_R_unaffected,2,13,58.16310050642184,54.84399678163248,42.98669731591833
P15,trial_29_R_unaffected,2,14,58.11890259763926,52.86432567715738,43.51010319445615
P15,trial_29_R_unaffected,2,23,49.51349785505767,56.63553478471607,49.71494870665793
P15,trial_29_R_unaffected,2,24,61.06165144616478,51.192415797208156,38.63360111282252
P15,trial_29_R_unaffected,2,34,68.90378709665345,38.32361603929889,39.06182626332767
P15,trial_29_R_unaffected,3,012,47.84734249981171,58.42195817473293,38.07537736800472
P15,trial_29_R_unaffected,3,013,47.55325024487079,51.71549054857135,38.50874106422212
P15,trial_29_R_unaffected,3,014,46.88923651613466,51.41655581919199,41.73749250984753
P15,trial_29_R_unaffected,3,023,44.11915147229163,52.033690671831124,38.06345961924644
P15,trial_29_R_unaffected,3,024,47.95051520637446,49.925092497400776,36.99471774728107
P15,trial_29_R_unaffected,3,034,48.760847387880276,41.95416449664963,35.69364170441647
P15,trial_29_R_unaffected,3,123,59.371903300532324,57.35963629763645,43.49143505559642
P15,trial_29_R_unaffected,3,124,60.743119687550845,54.62174709406158,37.895376653497095
P15,trial_29_R_unaffected,3,134,59.17366486667345,47.80702239636968,39.411299489605994
P15,trial_29_R_unaffected,3,234,60.56322269593142,47.17730745807638,38.22906040689726
P15,trial_29_R_unaffected,4,0123,47.70408978765449,53.195157919540655,37.27915026174682
P15,trial_29_R_unaffected,4,0124,48.97242241510948,53.04550090363765,37.5006718174742
P15,trial_29_R_unaffected,4,0134,49.43942905856891,47.83997399603852,37.60139192178475
P15,trial_29_R_unaffected,4,0234,48.8157842617622,47.68634284197903,36.23621815260282
P15,trial_29_R_unaffected,4,1234,59.43810910396596,50.85465923031174,37.6694573324104
P15,trial_29_R_unaffected,5,01234,50.090203629391375,50.310314903664754,36.59176030237534
P15,trial_2_R_unaffected,2,01,52.0275586608502,66.59289210127535,40.080416671497645
P15,trial_2_R_unaffected,2,02,46.72590418952456,64.35603801011644,38.89523286015138
P15,trial_2_R_unaffected,2,03,43.679992049961754,48.57438185965962,35.45285158239718
P15,trial_2_R_unaffected,2,04,50.088726934081755,34.32370616358402,44.88573180685616
P15,trial_2_R_unaffected,2,12,64.85789979685842,84.96284156568227,44.34716825726646
P15,trial_2_R_unaffected,2,13,55.97595878666125,53.2251783567586,38.094031762591015
P15,trial_2_R_unaffected,2,14,53.64713266056832,46.828504164533534,40.27802121612422
P15,trial_2_R_unaffected,2,23,50.097486221220976,58.02813529768671,45.67279923991809
P15,trial_2_R_unaffected,2,24,52.34194228345481,51.44349143093423,39.246128188255035
P15,trial_2_R_unaffected,2,34,53.442323264699944,40.96160798270502,36.374072475650976
P15,trial_2_R_unaffected,3,012,50.268509886760704,64.69479817579665,36.376070896525285
P15,trial_2_R_unaffected,3,013,49.03612326798494,52.087770544122776,36.070339766038856
P15,trial_2_R_unaffected,3,014,48.988797211148494,45.42361278991227,38.67595820285257
P15,trial_2_R_unaffected,3,023,46.337519335138914,54.20314928178879,37.648044100248335
P15,trial_2_R_unaffected,3,024,47.01113811273074,48.219214323230744,36.18435163406356
P15,trial_2_R_unaffected,3,034,46.81935413391763,40.17722478779364,34.49465104409579
P15,trial_2_R_unaffected,3,123,56.52935104255217,56.33212478332964,38.53983563017691
P15,trial_2_R_unaffected,3,124,54.503388922558635,52.7101736083607,36.49100761727613
P15,trial_2_R_unaffected,3,134,53.048948637456164,45.944338358271445,35.43543896507284
P15,trial_2_R_unaffected,3,234,52.06843209289359,48.52350799457014,37.54862648269253
P15,trial_2_R_unaffected,4,0123,49.87052002525456,55.200467569141466,36.13754505750195
P15,trial_2_R_unaffected,4,0124,49.38389378210141,51.0015599693462,35.63730229138236
P15,trial_2_R_unaffected,4,0134,48.96426040736769,45.39663467366287,35.31810141758684
P15,trial_2_R_unaffected,4,0234,47.55750442730518,47.15170854242281,35.446832330562835
P15,trial_2_R_unaffected,4,1234,53.593635372994775,50.223286733746754,35.44087493142419
P15,trial_2_R_unaffected,5,01234,49.59746394702175,49.276546431707175,35.07543799591261
P15,trial_30_R_unaffected,2,01,57.622249437234906,63.612923641397806,42.47765820336846
P15,trial_30_R_unaffected,2,02,43.27656180904688,61.99999007974043,38.17819166161649
P15,trial_30_R_unaffected,2,03,41.2475864908822,47.75254500711598,35.5045268616365
P15,trial_30_R_unaffected,2,04,51.025157324299585,41.93319674224663,46.700320976901295
P15,trial_30_R_unaffected,2,12,74.46674842595934,77.46445889742004,47.90394661586809
P15,trial_30_R_unaffected,2,13,59.73171128673377,56.70746613144718,44.26640527685882
P15,trial_30_R_unaffected,2,14,59.18843177995385,52.346786051043246,44.95547987731516
P15,trial_30_R_unaffected,2,23,49.986652299352855,60.909066871045155,49.60468489673312
P15,trial_30_R_unaffected,2,24,63.04770925722105,52.74283165797019,40.61834159361386
P15,trial_30_R_unaffected,2,34,69.83285191053557,37.85291727858611,41.19677952374335
P15,trial_30_R_unaffected,3,012,47.6020945959283,61.705598931830444,38.23086802109835
P15,trial_30_R_unaffected,3,013,47.22899603356112,51.46358499651229,37.79176346100082
P15,trial_30_R_unaffected,3,014,46.150629353831086,50.78433606899654,40.99644145713659
P15,trial_30_R_unaffected,3,023,43.68612902637931,53.85768297980681,36.78656996638207
P15,trial_30_R_unaffected,3,024,47.8150214103938,50.89279503448028,37.00106483741354
P15,trial_30_R_unaffected,3,034,47.72994817755963,41.37714202737725,35.34229914099161
P15,trial_30_R_unaffected,3,123,60.599117055296595,59.38570156021776,43.29885038773118
P15,trial_30_R_unaffected,3,124,62.69384304594771,55.82220706291212,40.13930501348698
P15,trial_30_R_unaffected,3,134,60.18145554935794,47.6421299730524,40.93765441956982
P15,trial_30_R_unaffected,3,234,61.461694595873304,48.29223398163443,40.26181410378198
P15,trial_30_R_unaffected,4,0123,47.543301030214025,54.800386843038076,37.353784020660854
P15,trial_30_R_unaffected,4,0124,48.817423702732754,53.99327587594422,38.082782812953
P15,trial_30_R_unaffected,4,0134,49.009883497719166,47.38459965166198,37.82368381761978
P15,trial_30_R_unaffected,4,0234,48.36991962850032,48.43178039572629,36.33901687702434
P15,trial_30_R_unaffected,4,1234,60.68935335562426,51.88598716026046,39.56705631202983
P15,trial_30_R_unaffected,5,01234,49.95223465427861,51.01585046561218,37.226089759133444
P15,trial_31_R_unaffected,2,01,57.06696959932293,63.45498592852303,42.81287359722019
P15,trial_31_R_unaffected,2,02,42.808901442917175,61.09727286364384,37.4289511645349
P15,trial_31_R_unaffected,2,03,40.24360443206002,46.39722891915008,35.27555195919081
P15,trial_31_R_unaffected,2,04,52.45392605251949,42.954984271184024,44.06531369601575
P15,trial_31_R_unaffected,2,12,75.64178821805527,74.00754016725982,53.0422237504994
P15,trial_31_R_unaffected,2,13,60.44572148085137,56.340896822370375,48.263734619829144
P15,trial_31_R_unaffected,2,14,59.631359386338474,54.99066054272835,45.86568311446395
P15,trial_31_R_unaffected,2,23,49.82821335792531,60.24866255973839,50.46246224501818
P15,trial_31_R_unaffected,2,24,63.44602554490289,54.36759647271862,39.625925421379
P15,trial_31_R_unaffected,2,34,70.34813092148052,37.73627398170427,40.165233868565764
P15,trial_31_R_unaffected,3,012,47.38304198578203,61.33938109244523,39.13563476283986
P15,trial_31_R_unaffected,3,013,47.080100524581724,52.17989156296047,40.304095362472914
P15,trial_31_R_unaffected,3,014,46.359520411149255,52.38023699278393,41.14177063386321
P15,trial_31_R_unaffected,3,023,43.111467443264935,53.114789075587396,37.169989919757136
P15,trial_31_R_unaffected,3,024,47.91620684692143,51.51904454028536,36.27630083825425
P15,trial_31_R_unaffected,3,034,47.558191767119446,40.43678681434323,35.189936248950104
P15,trial_31_R_unaffected,3,123,62.01287932374374,59.79808481860174,48.14568807192357
P15,trial_31_R_unaffected,3,124,63.14533182110302,57.57068918202094,41.31711588962894
P15,trial_31_R_unaffected,3,134,60.73071730004692,49.10462635681868,42.39135376997911
P15,trial_31_R_unaffected,3,234,62.00884888000378,49.193595401349356,39.235888990412874
P15,trial_31_R_unaffected,4,0123,47.4704151957027,54.70306983281749,39.42586620615801
P15,trial_31_R_unaffected,4,0124,48.94601256358761,55.03280092069786,38.617911218352155
P15,trial_31_R_unaffected,4,0134,49.11847148876074,48.21008120229607,38.68303674385203
P15,trial_31_R_unaffected,4,0234,48.41135122807867,48.42337121823122,35.90512249782181
P15,trial_31_R_unaffected,4,1234,61.36102968650543,52.95563869456897,40.870598010420025
P15,trial_31_R_unaffected,5,01234,50.154237048671895,51.60500182171644,38.10736254082384
P15,trial_32_R_unaffected,2,01,56.11807028633743,60.381114547899436,45.35765799882216
P15,trial_32_R_unaffected,2,02,44.325801485712624,61.32471472129704,38.29830899700472
P15,trial_32_R_unaffected,2,03,42.077466567137755,47.07311847802491,36.812254017630735
P15,trial_32_R_unaffected,2,04,52.58345602139139,42.82561072231706,42.951084883617284
P15,trial_32_R_unaffected,2,12,75.89770956529863,72.38790699043281,51.968427242892716
P15,trial_32_R_unaffected,2,13,59.85182434415934,55.00558478945762,47.81060523321491
P15,trial_32_R_unaffected,2,14,61.529598700167824,52.1650904295572,46.72360475725666
P15,trial_32_R_unaffected,2,23,50.06664569714467,60.501160912448235,51.3920325615897
P15,trial_32_R_unaffected,2,24,65.60958627713157,53.59189259838455,41.58437828872198
P15,trial_32_R_unaffected,2,34,71.76054511769038,38.488861407510605,43.416420897504906
P15,trial_32_R_unaffected,3,012,48.223238541669666,60.186309089608336,39.90755608702176
P15,trial_32_R_unaffected,3,013,47.851038384160994,50.070502516064415,40.38805504937484
P15,trial_32_R_unaffected,3,014,47.84031876309408,49.979954080948794,42.53736888703196
P15,trial_32_R_unaffected,3,023,44.62003787928083,53.27950363269698,38.07902706030225
P15,trial_32_R_unaffected,3,024,50.021217567779885,50.707244839864714,37.62295727583298
P15,trial_32_R_unaffected,3,034,49.24295452188014,41.09196394705492,36.99222033757026
P15,trial_32_R_unaffected,3,123,61.162051828192965,57.97421596715891,47.00335265483869
P15,trial_32_R_unaffected,3,124,64.94652970652079,55.410830397836406,42.26294974548969
P15,trial_32_R_unaffected,3,134,61.59901892220627,47.253000854979994,43.38628289150361
P15,trial_32_R_unaffected,3,234,63.268614837648386,49.064201953749254,42.26509369798262
P15,trial_32_R_unaffected,4,0123,48.418946400760596,53.58816825546051,39.56415720485868
P15,trial_32_R_unaffected,4,0124,50.75955419534255,53.20351224976837,39.61776419600701
P15,trial_32_R_unaffected,4,0134,50.356133791169704,46.574301876183206,39.59566177959304
P15,trial_32_R_unaffected,4,0234,50.049936425164596,48.24342750272786,37.72827044123184
P15,trial_32_R_unaffected,4,1234,62.24640463457524,51.49787367957499,42.071425067798145
P15,trial_32_R_unaffected,5,01234,51.47084336811497,50.29242458997939,39.079456586018814
P15,trial_33_R_unaffected,2,01,55.467001380298825,60.793378942484374,48.78472679350833
P15,trial_33_R_unaffected,2,02,44.763756951190196,58.625513718878594,40.68044062472614
P15,trial_33_R_unaffected,2,03,43.389914695412095,49.6894060354023,38.33603336453946
P15,trial_33_R_unaffected,2,04,53.41241921387618,45.53646001148601,45.727381675656375
P15,trial_33_R_unaffected,2,12,73.77028847238246,69.05293073576604,50.17793962150731
P15,trial_33_R_unaffected,2,13,57.43796296960694,54.8229889458143,44.63380391611275
P15,trial_33_R_unaffected,2,14,59.20603004964973,52.239192114062895,45.61742482578503
P15,trial_33_R_unaffected,2,23,48.37255988953011,57.8858509858959,47.48781111040816
P15,trial_33_R_unaffected,2,24,64.07951547371755,52.888683629836244,40.391681709535625
P15,trial_33_R_unaffected,2,34,70.3702773365322,38.40489424379926,40.28093914136839
P15,trial_33_R_unaffected,3,012,47.95363933215685,57.88092262598024,41.625860852269845
P15,trial_33_R_unaffected,3,013,47.61985420460827,50.758064376026,39.983819728921326
P15,trial_33_R_unaffected,3,014,47.09528625982831,50.93729448807574,43.91402393051387
P15,trial_33_R_unaffected,3,023,45.0590844354288,53.611283768996294,38.896832646220034
P15,trial_33_R_unaffected,3,024,49.68803119567021,51.01932897605299,38.0388039074203
P15,trial_33_R_unaffected,3,034,48.97793874485934,43.344357389187245,36.226174729762036
P15,trial_33_R_unaffected,3,123,58.65421980028636,56.88211904531748,43.81839419900017
P15,trial_33_R_unaffected,3,124,62.86026193906604,54.99962254857653,40.852824314537166
P15,trial_33_R_unaffected,3,134,59.27542020271696,47.523701575264774,40.64348467745812
P15,trial_33_R_unaffected,3,234,61.57530634319802,48.63970650778074,39.310315160260394
P15,trial_33_R_unaffected,4,0123,47.96493341312639,53.26166056671746,39.34544712851333
P15,trial_33_R_unaffected,4,0124,49.84619069589312,53.179467497659786,40.00795551611716
P15,trial_33_R_unaffected,4,0134,49.380900206419156,47.70321653761466,38.800342490770994
P15,trial_33_R_unaffected,4,0234,49.48332535755719,49.060910827469165,36.97108177042465
P15,trial_33_R_unaffected,4,1234,60.03630791993509,51.30002519320311,39.49531152553857
P15,trial_33_R_unaffected,5,01234,50.389552621703146,50.68531145001515,38.26934320798769
P15,trial_34_R_unaffected,2,01,52.63635434629242,61.25900225370454,42.62241523604483
P15,trial_34_R_unaffected,2,02,42.963453705964376,56.73045161736371,37.99107299041573
P15,trial_34_R_unaffected,2,03,41.75959355284178,48.041099498697065,37.58232383463868
P15,trial_34_R_unaffected,2,04,51.672851144902104,44.875753041412764,47.12732610940601
P15,trial_34_R_unaffected,2,12,74.39981208362467,69.66045241623225,51.895688144224515
P15,trial_34_R_unaffected,2,13,58.42589280428396,55.8413548301842,47.49792684681875
P15,trial_34_R_unaffected,2,14,60.85634084672436,54.152496036565076,49.07767395154076
P15,trial_34_R_unaffected,2,23,48.15701833275479,55.975931711651334,51.44029445835195
P15,trial_34_R_unaffected,2,24,64.9540871530701,53.39922406156713,44.212744396791436
P15,trial_34_R_unaffected,2,34,71.41487143848606,41.67208211466029,45.37408516896679
P15,trial_34_R_unaffected,3,012,46.72435951940266,57.57715353494223,39.045876668041444
P15,trial_34_R_unaffected,3,013,46.934261982221166,51.206076316907485,40.323192928259665
P15,trial_34_R_unaffected,3,014,47.69566585181882,51.390367755020335,43.15372343279542
P15,trial_34_R_unaffected,3,023,43.62618013716956,51.82961343850428,38.60091097823581
P15,trial_34_R_unaffected,3,024,49.626960968110325,50.07389439757607,38.728634390702936
P15,trial_34_R_unaffected,3,034,49.503108211832604,42.75240424311754,38.3950769940484
P15,trial_34_R_unaffected,3,123,59.06779382942398,57.31286563188251,46.52557399465212
P15,trial_34_R_unaffected,3,124,63.980951705198,55.90956549109239,43.69780990640975
P15,trial_34_R_unaffected,3,134,60.865489434415906,48.79751028029268,43.92351495258876
P15,trial_34_R_unaffected,3,234,62.7326628845313,49.20200965812267,43.777608239127915
P15,trial_34_R_unaffected,4,0123,47.3581279288322,53.02182718336784,39.770509951949855
P15,trial_34_R_unaffected,4,0124,50.27509891361246,53.08839595595681,40.1685996145263
P15,trial_34_R_unaffected,4,0134,50.13316853163514,48.000156740185844,40.32162429310529
P15,trial_34_R_unaffected,4,0234,49.77065389310876,48.205592821503494,38.925431654151836
P15,trial_34_R_unaffected,4,1234,61.277146492182574,51.88146024635801,42.76644177164898
P15,trial_34_R_unaffected,5,01234,50.949313420222765,50.55481578880917,39.778252100619056
P15,trial_35_R_unaffected,2,01,56.30758789399245,60.32939820800373,43.26113576143908
P15,trial_35_R_unaffected,2,02,44.42833718333542,58.803347520263365,39.4579648873922
P15,trial_35_R_unaffected,2,03,42.01715859492688,47.539723304028584,37.133573104389946
P15,trial_35_R_unaffected,2,04,50.99703023945987,43.88904792470746,40.6481439557431
P15,trial_35_R_unaffected,2,12,73.47753695218726,68.73016525464635,49.89221250405386
P15,trial_35_R_unaffected,2,13,59.273630529211,55.30532639593375,48.38857676452223
P15,trial_35_R_unaffected,2,14,59.47818019249398,53.3349046476794,45.41701740739272
P15,trial_35_R_unaffected,2,23,50.331000691672486,57.50827579717106,54.86742937622834
P15,trial_35_R_unaffected,2,24,63.37795514246637,53.563363787307296,41.07176487097907
P15,trial_35_R_unaffected,2,34,68.64685339385719,39.536216383184446,39.410169068547575
P15,trial_35_R_unaffected,3,012,48.15062414556151,58.692350200329116,39.907568303181336
P15,trial_35_R_unaffected,3,013,47.12788408058938,51.05106887679296,40.39326270379774
P15,trial_35_R_unaffected,3,014,46.08485031332253,51.23801354702704,41.37522453447025
P15,trial_35_R_unaffected,3,023,44.596080654967764,52.79675590256113,39.61162628912538
P15,trial_35_R_unaffected,3,024,48.050412635375075,51.02575931882638,37.97914049783909
P15,trial_35_R_unaffected,3,034,47.79011632503488,42.13555965038364,36.32800580423414
P15,trial_35_R_unaffected,3,123,60.135266965621,57.39380184050707,47.8996467516578
P15,trial_35_R_unaffected,3,124,62.689198604286425,55.90862812211261,41.34695953290894
P15,trial_35_R_unaffected,3,134,60.12020182247343,48.37108972452098,42.32633118533441
P15,trial_35_R_unaffected,3,234,61.6426061409083,49.041573557704474,40.941397402219785
P15,trial_35_R_unaffected,4,0123,47.842176305790275,53.64003953275882,40.50254000080496
P15,trial_35_R_unaffected,4,0124,48.87943897034662,53.76608057266389,39.25164551274737
P15,trial_35_R_unaffected,4,0134,49.05519218189216,47.87635736442374,39.21097051931634
P15,trial_35_R_unaffected,4,0234,48.72694313677855,48.62357660132875,37.97491968264279
P15,trial_35_R_unaffected,4,1234,60.77769528893583,51.95931586988987,41.574010932456325
P15,trial_35_R_unaffected,5,01234,50.138936964478255,50.973047306128244,39.18942982225386
P15,trial_36_R_unaffected,2,01,53.66741349478639,59.7805793499102,50.16452546886056
P15,trial_36_R_unaffected,2,02,43.42668891463794,59.624798545040875,42.27345725066475
P15,trial_36_R_unaffected,2,03,42.07680660441953,50.49790077272862,39.928844126542174
P15,trial_36_R_unaffected,2,04,50.98121162694078,46.091559987286715,45.17073709776358
P15,trial_36_R_unaffected,2,12,71.8451220383943,74.67732255929926,51.76597659698603
P15,trial_36_R_unaffected,2,13,57.04671869183486,55.261041357054154,43.600027463402874
P15,trial_36_R_unaffected,2,14,58.97815127798381,52.24831619170839,46.4312955488118
P15,trial_36_R_unaffected,2,23,49.92547759960612,58.28392520464333,52.613217803639984
P15,trial_36_R_unaffected,2,24,64.26924155262759,53.731394388387315,41.363252155617005
P15,trial_36_R_unaffected,2,34,69.50811921877269,40.51068040075846,41.38045065901572
P15,trial_36_R_unaffected,3,012,46.27558852350941,58.64593683225195,39.71810564013205
P15,trial_36_R_unaffected,3,013,46.13310654061214,50.91987606691802,39.35518359339527
P15,trial_36_R_unaffected,3,014,46.370934665250616,51.012746378270315,45.00888202584503
P15,trial_36_R_unaffected,3,023,44.34002453140047,54.02250781989992,40.240885479678546
P15,trial_36_R_unaffected,3,024,49.1565809034089,52.03214349525789,39.516514671460726
P15,trial_36_R_unaffected,3,034,48.52654812278695,44.697290525248434,38.60961172833692
P15,trial_36_R_unaffected,3,123,58.88256246966945,58.115367497759834,42.41293336697162
P15,trial_36_R_unaffected,3,124,62.57202619401728,55.39302063648728,39.21076773816694
P15,trial_36_R_unaffected,3,134,59.07442595470567,47.899957023092895,40.152279572178756
P15,trial_36_R_unaffected,3,234,61.77549258191824,49.623394546956035,39.85676126716888
P15,trial_36_R_unaffected,4,0123,46.89876696869649,53.59759054494394,37.795141264995884
P15,trial_36_R_unaffected,4,0124,49.18285791195362,53.714991035195034,39.34169036022219
P15,trial_36_R_unaffected,4,0134,48.77463077893312,48.08762827877925,38.892643930494316
P15,trial_36_R_unaffected,4,0234,49.31874634646919,49.942986589322594,38.021986789956316
P15,trial_36_R_unaffected,4,1234,60.06453332354078,51.73768503126707,38.22329880756994
P15,trial_36_R_unaffected,5,01234,49.993024456072895,51.17713253369289,37.524620277160885
P15,trial_37_R_unaffected,2,01,55.28567344880728,60.57285109566499,45.71722967774466
P15,trial_37_R_unaffected,2,02,42.238439685903295,61.57617430827645,38.545995288050214
P15,trial_37_R_unaffected,2,03,39.94578081191119,46.9595908128905,36.53021925803671
P15,trial_37_R_unaffected,2,04,53.032139189221255,43.18531826102161,45.665668655433095
P15,trial_37_R_unaffected,2,12,76.15100404651793,77.08184708110578,52.15049784233226
P15,trial_37_R_unaffected,2,13,59.669334358131856,55.92711233178599,46.95405435328909
P15,trial_37_R_unaffected,2,14,61.112644385335365,53.153813365979566,47.65757864396674
P15,trial_37_R_unaffected,2,23,50.50663038155776,62.084870884758196,54.17122720534385
P15,trial_37_R_unaffected,2,24,66.66551618380555,54.71770058471048,43.2372570988541
P15,trial_37_R_unaffected,2,34,71.43987276872075,38.07341140026227,43.326473382058104
P15,trial_37_R_unaffected,3,012,45.76612656221477,60.72051884199104,39.29572590387567
P15,trial_37_R_unaffected,3,013,46.27698767881835,50.21706303986886,39.80904621501431
P15,trial_37_R_unaffected,3,014,46.6177119160016,50.77486909902738,43.20247001894157
P15,trial_37_R_unaffected,3,023,43.37765803401415,53.590170538296036,38.168481710695026
P15,trial_37_R_unaffected,3,024,49.674335070879856,51.82236488637952,38.48821529849223
P15,trial_37_R_unaffected,3,034,48.24671044812928,41.445690252481455,37.07099559281518
P15,trial_37_R_unaffected,3,123,61.24442189588183,59.10738966286194,45.555418325603135
P15,trial_37_R_unaffected,3,124,65.1692205530339,56.7841514916637,42.59995688996682
P15,trial_37_R_unaffected,3,134,61.43804054935178,47.94372111095755,43.68417151945939
P15,trial_37_R_unaffected,3,234,63.657728065399695,49.66428708058255,42.86013261837189
P15,trial_37_R_unaffected,4,0123,46.96862846200603,54.07231993174878,38.94662572032404
P15,trial_37_R_unaffected,4,0124,49.76264099775123,54.274207966268136,39.732130265210714
P15,trial_37_R_unaffected,4,0134,49.4233736729576,47.14249105957142,39.84619763631185
P15,trial_37_R_unaffected,4,0234,49.53953371990111,48.88974069406272,38.10274658546955
P15,trial_37_R_unaffected,4,1234,62.40646491950664,52.490945982793924,42.1646837286454
P15,trial_37_R_unaffected,5,01234,50.72416666662312,51.07125081997698,39.10100081711765
P15,trial_38_R_unaffected,2,01,53.50085471077021,62.06873583462475,46.96986157699046
P15,trial_38_R_unaffected,2,02,43.16663346711357,62.92786648069385,41.55123827716697
P15,trial_38_R_unaffected,2,03,41.120440359715865,48.591951214389134,38.669395408774974
P15,trial_38_R_unaffected,2,04,51.933836777652076,43.98198560065764,46.531266150049845
P15,trial_38_R_unaffected,2,12,72.83181395684471,73.62587785492812,46.809028841030724
P15,trial_38_R_unaffected,2,13,58.565126028622714,54.465898436196944,44.09237598945849
P15,trial_38_R_unaffected,2,14,60.24783829693038,52.01636247148321,45.442357368879286
P15,trial_38_R_unaffected,2,23,51.04780597297899,59.881965476986,52.28395418846914
P15,trial_38_R_unaffected,2,24,65.58866523700449,55.82967241172995,42.23133909922074
P15,trial_38_R_unaffected,2,34,70.552268255978,39.12264936947574,42.24112031652388
P15,trial_38_R_unaffected,3,012,46.226778562111505,61.3787348418915,40.66358044738896
P15,trial_38_R_unaffected,3,013,46.673925753589714,50.391132703947136,39.28902686722221
P15,trial_38_R_unaffected,3,014,46.765861456665455,50.6527693465961,43.29746718183017
P15,trial_38_R_unaffected,3,023,44.09568648608639,55.01472096804433,39.97856350162629
P15,trial_38_R_unaffected,3,024,49.63291000983372,53.08648899537605,39.673776946365514
P15,trial_38_R_unaffected,3,034,48.48757844139076,42.7885489266743,37.95783700171698
P15,trial_38_R_unaffected,3,123,60.4368050253763,57.975139279797546,43.34664223333985
P15,trial_38_R_unaffected,3,124,63.898390162611655,56.451264458785126,40.41759084014911
P15,trial_38_R_unaffected,3,134,60.397922499724814,47.08808490772306,40.8999686130855
P15,trial_38_R_unaffected,3,234,62.97450930362796,50.637524150761514,41.466330979318066
P15,trial_38_R_unaffected,4,0123,47.291947955844414,54.47580989480238,38.987849715251215
P15,trial_38_R_unaffected,4,0124,49.73965961082794,54.690277773038964,39.89417910834665
P15,trial_38_R_unaffected,4,0134,49.36989455464074,47.188644287553366,38.80762012793171
P15,trial_38_R_unaffected,4,0234,49.68243191442842,50.174960696310386,38.46225122218445
P15,trial_38_R_unaffected,4,1234,61.39717865850807,52.15477835156973,39.83538969544489
P15,trial_38_R_unaffected,5,01234,50.63544264228213,51.45156709327352,38.47320027043766
P15,trial_39_R_unaffected,2,01,56.25710394503228,60.78762310204345,41.955506075979464
P15,trial_39_R_unaffected,2,02,45.26952227013433,59.419681960316225,38.74910782454247
P15,trial_39_R_unaffected,2,03,42.894986151483515,46.97696292098608,36.02885480680352
P15,trial_39_R_unaffected,2,04,53.94104969098187,43.7867051888253,48.27057763272298
P15,trial_39_R_unaffected,2,12,76.794755751263,69.94465618089771,51.66845770558349
P15,trial_39_R_unaffected,2,13,60.34081658723431,54.615527055881564,49.11867819608833
P15,trial_39_R_unaffected,2,14,62.998768401505295,52.648889272042496,47.61223295060363
P15,trial_39_R_unaffected,2,23,50.77568246010897,59.4229526717963,55.33006657186845
P15,trial_39_R_unaffected,2,24,67.63094587515522,53.86429194918215,44.334761081489056
P15,trial_39_R_unaffected,2,34,72.61896479594911,39.30787342424325,42.39899372947623
P15,trial_39_R_unaffected,3,012,48.802223936018095,59.10796849620188,40.061684079419656
P15,trial_39_R_unaffected,3,013,48.29320171715421,50.28782605894571,40.94367422146626
P15,trial_39_R_unaffected,3,014,48.69634741696459,50.17523057316038,42.11999597300213
P15,trial_39_R_unaffected,3,023,45.53590422092646,52.49074833633835,38.71160247281772
P15,trial_39_R_unaffected,3,024,51.27055532381165,50.5757876584733,38.92096687630097
P15,trial_39_R_unaffected,3,034,50.17456010580011,41.57756982720148,37.92748781181273
P15,trial_39_R_unaffected,3,123,61.72836508476628,57.32841126691076,48.40937080212987
P15,trial_39_R_unaffected,3,124,66.46531465291305,55.6518428853902,43.89432024477014
P15,trial_39_R_unaffected,3,134,62.40675314135147,47.67350409989068,44.56187041400443
P15,trial_39_R_unaffected,3,234,64.52358702739316,49.19703344321967,43.48691970542337
P15,trial_39_R_unaffected,4,0123,49.00273670196938,53.071341250207816,40.6909528895342
P15,trial_39_R_unaffected,4,0124,51.67045189576864,53.111997457155084,40.310551002606665
P15,trial_39_R_unaffected,4,0134,51.11922644853067,46.96032027038992,40.65248362191014
P15,trial_39_R_unaffected,4,0234,51.09760079828954,48.16357612522222,38.75707550069726
P15,trial_39_R_unaffected,4,1234,63.31195696469588,51.58070167691506,43.52862617319688
P15,trial_39_R_unaffected,5,01234,52.313998123387435,50.29280856032648,40.258637406441906
P15,trial_3_R_unaffected,2,01,52.44362434033284,63.49427042823271,42.30881590457464
P15,trial_3_R_unaffected,2,02,46.738291425487546,53.809922753102434,43.82982092698904
P15,trial_3_R_unaffected,2,03,46.30553757982544,53.59140033484712,41.85424116980303
P15,trial_3_R_unaffected,2,04,52.21938392467265,36.1862104042247,47.398110999304365
P15,trial_3_R_unaffected,2,12,65.66373938295837,65.10515904256229,46.45539461637827
P15,trial_3_R_unaffected,2,13,57.79945170334133,53.55763633555467,42.515993506803945
P15,trial_3_R_unaffected,2,14,52.40293924083934,45.14003835428703,46.166517540685234
P15,trial_3_R_unaffected,2,23,50.687320951281365,49.253432057271816,50.39127996306178
P15,trial_3_R_unaffected,2,24,50.13276595632037,44.12593083911915,41.61517709878207
P15,trial_3_R_unaffected,2,34,53.44097434956883,45.78591101690201,38.84182669319377
P15,trial_3_R_unaffected,3,012,50.921264765220336,56.08933751094272,40.833529301299286
P15,trial_3_R_unaffected,3,013,50.74762490851592,53.017560757984555,40.936389897623194
P15,trial_3_R_unaffected,3,014,49.19991612691142,43.93234790941411,43.348549182119726
P15,trial_3_R_unaffected,3,023,47.37609508394797,50.74040476153386,43.09435413079064
P15,trial_3_R_unaffected,3,024,46.623149702102836,41.89236592061454,41.318406372860075
P15,trial_3_R_unaffected,3,034,47.532037287905155,43.32507221052151,40.05659878937216
P15,trial_3_R_unaffected,3,123,57.58209872000005,51.77659781319097,43.478059341410734
P15,trial_3_R_unaffected,3,124,53.2544977100976,46.60681387079256,40.73671592206036
P15,trial_3_R_unaffected,3,134,53.12399748532791,46.615494855219495,40.08971711978694
P15,trial_3_R_unaffected,3,234,51.27389635685965,45.49742758250528,40.59086512921701
P15,trial_3_R_unaffected,4,0123,50.98793167826038,51.521758670878356,41.35826215454424
P15,trial_3_R_unaffected,4,0124,49.29895601403816,45.62784037460844,40.51526669857615
P15,trial_3_R_unaffected,4,0134,49.59112578837953,46.147844774125126,40.43554429116573
P15,trial_3_R_unaffected,4,0234,47.68322129143707,44.73662679160186,40.596527442982655
P15,trial_3_R_unaffected,4,1234,53.280670332664286,47.08775796838893,40.02415700052208
P15,trial_3_R_unaffected,5,01234,49.89824247252428,46.57966459178656,40.187670698514225
P15,trial_40_R_unaffected,2,01,52.88201374966065,59.30265762309456,40.37514687375398
P15,trial_40_R_unaffected,2,02,43.3831826163802,60.20028263139312,38.86051012302108
P15,trial_40_R_unaffected,2,03,41.42674005541892,48.8064637210196,36.88840684751901
P15,trial_40_R_unaffected,2,04,50.9678155100508,46.08998528392044,47.019041839785466
P15,trial_40_R_unaffected,2,12,70.7509738471525,72.00908750506125,44.62283654186263
P15,trial_40_R_unaffected,2,13,56.88228971013715,55.612144833650184,41.77664975208741
P15,trial_40_R_unaffected,2,14,58.60433691120027,53.98317468342045,45.85405335475599
P15,trial_40_R_unaffected,2,23,49.922703351267316,61.43092423835108,50.3676175665852
P15,trial_40_R_unaffected,2,24,63.607861601256225,54.43384599842254,43.488060250619334
P15,trial_40_R_unaffected,2,34,67.99363706047788,39.653581558073235,43.70948971562782
P15,trial_40_R_unaffected,3,012,46.44309645312334,59.493753173094056,37.45497073213484
P15,trial_40_R_unaffected,3,013,45.95552775851098,50.92617063828414,36.854820191037064
P15,trial_40_R_unaffected,3,014,46.71961442359549,51.45274385774594,39.91652315655831
P15,trial_40_R_unaffected,3,023,43.89202536469642,53.654092157174084,38.10723114301661
P15,trial_40_R_unaffected,3,024,49.013827075125334,51.7754786456464,37.746942769083134
P15,trial_40_R_unaffected,3,034,48.04473936627666,43.433129032305104,36.83497980450931
P15,trial_40_R_unaffected,3,123,58.66672211190413,57.735070899699735,41.00470754829267
P15,trial_40_R_unaffected,3,124,62.172431927813264,56.476635549363515,40.46913154379816
P15,trial_40_R_unaffected,3,134,58.50785356651151,48.71584198389321,40.091027304368914
P15,trial_40_R_unaffected,3,234,61.04715765891025,49.913207197440556,42.01535680415017
P15,trial_40_R_unaffected,4,0123,46.82010636955379,53.898031725013084,36.91209952674718
P15,trial_40_R_unaffected,4,0124,49.32635530618955,54.025153330570426,37.680442358803234
P15,trial_40_R_unaffected,4,0134,48.66373130461314,48.15462207871537,36.94731781173314
P15,trial_40_R_unaffected,4,0234,49.04286010067761,49.399009835323696,37.22962609666948
P15,trial_40_R_unaffected,4,1234,59.63182260264519,52.47265226711072,39.02343395368164
P15,trial_40_R_unaffected,5,01234,49.921289861059115,51.28578826116947,36.83603692965052
P15,trial_41_R_unaffected,2,01,53.27960778488577,60.83176284403681,46.29445330523631
P15,trial_41_R_unaffected,2,02,43.20258494249596,59.347993254437164,39.69978831527317
P15,trial_41_R_unaffected,2,03,41.85410828842129,47.95458656782157,39.025956032036504
P15,trial_41_R_unaffected,2,04,52.226320803679776,43.288433964934775,45.30797239408501
P15,trial_41_R_unaffected,2,12,75.14239896698425,72.36698405569207,49.43554098257901
P15,trial_41_R_unaffected,2,13,58.768179569597066,56.075454943668745,45.84586804628368
P15,trial_41_R_unaffected,2,14,61.68535532587401,52.44321990280042,46.547752359684914
P15,trial_41_R_unaffected,2,23,50.62624320827028,59.35102893150435,51.50658681432681
P15,trial_41_R_unaffected,2,24,67.19391999368057,53.252256938933066,42.0824287816946
P15,trial_41_R_unaffected,2,34,71.67703992608742,37.93787110964874,44.05417103986931
P15,trial_41_R_unaffected,3,012,46.533834941699084,59.06862075727717,40.169615099929175
P15,trial_41_R_unaffected,3,013,46.84789060229961,50.582987710202104,40.40461040832128
P15,trial_41_R_unaffected,3,014,47.96363778321667,50.41739374665045,43.05807875253058
P15,trial_41_R_unaffected,3,023,44.36459402055418,53.073989422353435,39.37485792471975
P15,trial_41_R_unaffected,3,024,50.89763818170114,50.948844358918585,38.328822516901774
P15,trial_41_R_unaffected,3,034,49.629751272703686,41.758750215826225,38.30373266121543
P15,trial_41_R_unaffected,3,123,60.67003271420303,58.590645808913045,44.91711226278177
P15,trial_41_R_unaffected,3,124,65.54521059324422,55.699103856010844,41.69248823959872
P15,trial_41_R_unaffected,3,134,61.12653491862354,47.44549333551564,42.400760600535826
P15,trial_41_R_unaffected,3,234,63.97452348088203,48.517380769148794,41.88804219124508
P15,trial_41_R_unaffected,4,0123,47.600808726862816,53.60999172210803,39.52755306993899
P15,trial_41_R_unaffected,4,0124,51.03791407013078,53.49258553082069,39.699047248302364
P15,trial_41_R_unaffected,4,0134,50.16411939875042,47.11016524493003,39.62133714117774
P15,trial_41_R_unaffected,4,0234,50.662357682995065,48.47543254270273,38.29262179759204
P15,trial_41_R_unaffected,4,1234,62.339370846398026,51.6271251195065,41.00999256304837
P15,trial_41_R_unaffected,5,01234,51.54130566915245,50.63178518273893,38.94596477775237
P15,trial_42_R_unaffected,2,01,54.34715061354445,61.55084180207537,45.09032213260021
P15,trial_42_R_unaffected,2,02,42.702306027422914,61.95777885196905,38.280405710995204
P15,trial_42_R_unaffected,2,03,40.66048232313325,46.75919646737739,38.85067951735524
P15,trial_42_R_unaffected,2,04,49.563740481000735,44.01570935963904,46.63219708927715
P15,trial_42_R_unaffected,2,12,77.23508369342389,73.50368057886824,55.979843280240985
P15,trial_42_R_unaffected,2,13,59.73088051565261,54.46443056439707,49.368850462847114
P15,trial_42_R_unaffected,2,14,61.280885147294676,52.10261531515977,48.77355319853781
P15,trial_42_R_unaffected,2,23,51.47258526838487,58.37756706261118,46.97578199687959
P15,trial_42_R_unaffected,2,24,66.67632048441726,54.264033338994686,43.03151119858434
P15,trial_42_R_unaffected,2,34,71.1564173603999,37.18367473326039,43.63936500770176
P15,trial_42_R_unaffected,3,012,46.75181229829818,60.55037954051998,40.473139850008494
P15,trial_42_R_unaffected,3,013,46.71817311849658,49.45298735126815,41.82014348728686
P15,trial_42_R_unaffected,3,014,46.75623549397221,49.81606992834268,44.08475555506235
P15,trial_42_R_unaffected,3,023,43.74877143333608,53.68010195465161,38.93798332697057
P15,trial_42_R_unaffected,3,024,49.54735337381233,51.289609318929784,39.045507201099504
P15,trial_42_R_unaffected,3,034,48.148209827620974,41.03300228126931,39.589848862053266
P15,trial_42_R_unaffected,3,123,61.72623276138596,58.06634621765609,48.32503242687946
P15,trial_42_R_unaffected,3,124,65.52510277551677,55.82758953321836,43.87744298131319
P15,trial_42_R_unaffected,3,134,61.06110154695618,46.867025907375854,44.29586852091543
P15,trial_42_R_unaffected,3,234,63.42263367078004,49.00746709167959,42.52918859679573
P15,trial_42_R_unaffected,4,0123,47.644330452547806,53.664761520411126,40.82392296009196
P15,trial_42_R_unaffected,4,0124,50.23594322957083,53.40867556874265,41.00259583322537
P15,trial_42_R_unaffected,4,0134,49.410248337379315,46.313818480566155,41.33589630981119
P15,trial_42_R_unaffected,4,0234,49.55335802011361,48.46934081955278,39.0749245274743
P15,trial_42_R_unaffected,4,1234,62.36686078856816,51.64329447580542,42.93168774400785
P15,trial_42_R_unaffected,5,01234,50.95498672073379,50.382966743763646,40.48965751215441
P15,trial_43_R_unaffected,2,01,55.90193483486308,62.31868067761526,44.57254261085581
P15,trial_43_R_unaffected,2,02,43.03387925662622,57.22933605314268,38.864463262113865
P15,trial_43_R_unaffected,2,03,41.15519261102278,46.63769536215192,37.529276579748164
P15,trial_43_R_unaffected,2,04,51.02052116031973,40.44195155642264,42.878353647927995
P15,trial_43_R_unaffected,2,12,78.08785686818123,69.12332808144043,50.25295370318735
P15,trial_43_R_unaffected,2,13,60.583104863452824,55.74341356005703,46.927299440901535
P15,trial_43_R_unaffected,2,14,58.86762055471714,52.96923080402059,44.620995653871866
P15,trial_43_R_unaffected,2,23,51.26581830996672,58.2028190838261,51.973417761991264
P15,trial_43_R_unaffected,2,24,65.12344870390224,52.63846383009518,39.61739294581177
P15,trial_43_R_unaffected,2,34,68.76483178923094,37.572177069573144,41.20189355531217
P15,trial_43_R_unaffected,3,012,46.79558228705697,58.22152170564465,39.51371489350613
P15,trial_43_R_unaffected,3,013,47.04520853493124,50.96468277562972,40.27079985946918
P15,trial_43_R_unaffected,3,014,46.13448621943819,50.58678863270269,41.270767813030474
P15,trial_43_R_unaffected,3,023,44.09038010167847,51.71841474326838,38.78337331345934
P15,trial_43_R_unaffected,3,024,49.056658375925295,49.587268399889766,36.7199348130766
P15,trial_43_R_unaffected,3,034,48.14038957107456,40.44769535985454,35.67323339470961
P15,trial_43_R_unaffected,3,123,62.7587022825301,58.35848437658457,46.566865182537256
P15,trial_43_R_unaffected,3,124,63.50049063618747,55.29975853314447,39.97442474618859
P15,trial_43_R_unaffected,3,134,60.14595273907644,47.73135059749389,41.378469353499305
P15,trial_43_R_unaffected,3,234,62.28103613523093,48.12391976426022,39.92810402940173
P15,trial_43_R_unaffected,4,0123,47.756279317584294,52.94432113738483,39.40016394004668
P15,trial_43_R_unaffected,4,0124,49.202951156053885,52.88760866675384,38.33903994353222
P15,trial_43_R_unaffected,4,0134,49.101327445061294,47.01904863765298,38.335763187794875
P15,trial_43_R_unaffected,4,0234,49.344380008286684,47.38378761691515,36.602798299042895
P15,trial_43_R_unaffected,4,1234,61.47049179759377,51.365601927431314,39.988123081249476
P15,trial_43_R_unaffected,5,01234,50.499712261026275,50.080148199936204,37.849727929774716
P15,trial_44_R_unaffected,2,01,53.714738681533724,61.956550137430185,42.385898340556516
P15,trial_44_R_unaffected,2,02,43.833732226689555,58.51684439137495,38.16408099586527
P15,trial_44_R_unaffected,2,03,41.88898294714916,48.25983027889793,37.54481440409252
P15,trial_44_R_unaffected,2,04,48.826283051197095,41.68978503613316,43.69123310189838
P15,trial_44_R_unaffected,2,12,78.22076132491493,72.19467611666622,50.86621752332799
P15,trial_44_R_unaffected,2,13,59.749430583230634,56.57120266712509,47.31102925404718
P15,trial_44_R_unaffected,2,14,58.522750377599095,50.542643327704084,46.35582155068162
P15,trial_44_R_unaffected,2,23,51.76158968148096,59.70828970614266,49.11493468262281
P15,trial_44_R_unaffected,2,24,65.33891514383993,53.04606012342958,42.580491925422
P15,trial_44_R_unaffected,2,34,67.93781041364613,39.29898900534834,44.078670540470426
P15,trial_44_R_unaffected,3,012,47.03321514830547,58.395106178036094,39.480654859850446
P15,trial_44_R_unaffected,3,013,47.077268801542424,50.58111005354474,40.39541094268984
P15,trial_44_R_unaffected,3,014,46.09345548790151,48.488525383623205,41.74281421547598
P15,trial_44_R_unaffected,3,023,45.00793673288707,52.86199746340992,38.66189961001378
P15,trial_44_R_unaffected,3,024,49.67156020273721,49.79774760636942,37.91665515415185
P15,trial_44_R_unaffected,3,034,48.36622217549367,41.87159392962565,37.85319140481348
P15,trial_44_R_unaffected,3,123,62.15089792045596,58.960308415633165,46.60715679887073
P15,trial_44_R_unaffected,3,124,63.681880549344804,54.8028369945166,42.69833017944932
P15,trial_44_R_unaffected,3,134,59.455111702688484,47.44664752519342,43.333086475587564
P15,trial_44_R_unaffected,3,234,61.879462062234516,49.223060092550696,43.11879932483958
P15,trial_44_R_unaffected,4,0123,48.16319606111892,53.22771533333121,39.98620092950712
P15,trial_44_R_unaffected,4,0124,49.853463085812855,52.042730837272515,39.597906243727074
P15,trial_44_R_unaffected,4,0134,49.08607084542686,46.536046401548234,39.83201539889671
P15,trial_44_R_unaffected,4,0234,49.80604279912179,48.13911545402897,38.493510209332136
P15,trial_44_R_unaffected,4,1234,61.113654378070784,51.67034620328307,42.429151009919686
P15,trial_44_R_unaffected,5,01234,50.80804739420971,49.99122810475926,39.53032335035178
P15,trial_45_R_unaffected,2,01,52.93571183804209,61.538630173519614,48.85529375500103
P15,trial_45_R_unaffected,2,02,44.954768580149036,61.219533240918274,42.18726342896856
P15,trial_45_R_unaffected,2,03,42.12114229226358,48.926289898242096,41.00431362725581
P15,trial_45_R_unaffected,2,04,51.07239896561627,43.589130104405996,46.459443238731055
P15,trial_45_R_unaffected,2,12,72.70574847239915,71.68068502847945,46.10096933123734
P15,trial_45_R_unaffected,2,13,56.83845135437512,54.6247568866016,41.70112742964254
P15,trial_45_R_unaffected,2,14,59.00424877299414,52.21930779077832,44.9965955491273
P15,trial_45_R_unaffected,2,23,50.37600416624136,60.08702077026555,49.280462162499404
P15,trial_45_R_unaffected,2,24,66.0537892360106,54.470260296898346,40.325338999728515
P15,trial_45_R_unaffected,2,34,69.29376426676768,39.07282753512519,41.72740116480726
P15,trial_45_R_unaffected,3,012,47.24538518853054,59.996460558565786,40.828381783199355
P15,trial_45_R_unaffected,3,013,46.28718015799127,50.212026883501466,39.49567337930246
P15,trial_45_R_unaffected,3,014,46.488298896947235,50.892522229730076,44.12731657596704
P15,trial_45_R_unaffected,3,023,45.58811209007487,54.33232941435161,40.23544644230254
P15,trial_45_R_unaffected,3,024,50.52058984916361,52.4017608087087,39.12650747188939
P15,trial_45_R_unaffected,3,034,48.654206448521556,43.02894668665068,38.91093612336568
P15,trial_45_R_unaffected,3,123,59.32699432040782,57.45068933900724,40.10179346201048
P15,trial_45_R_unaffected,3,124,63.55930606344471,55.72279277030669,38.5281532877919
P15,trial_45_R_unaffected,3,134,58.82790256669099,47.12926700510162,39.68553684397987
P15,trial_45_R_unaffected,3,234,62.569225749340816,49.74401397676692,39.68790689909743
P15,trial_45_R_unaffected,4,0123,47.91175128343928,53.672888662544935,38.380226074956404
P15,trial_45_R_unaffected,4,0124,50.09806463458607,54.16973078215276,39.272375281996595
P15,trial_45_R_unaffected,4,0134,48.80902091585442,47.24716816464181,38.978237239833156
P15,trial_45_R_unaffected,4,0234,50.264455497653415,49.79664539852954,38.26431073341922
P15,trial_45_R_unaffected,4,1234,60.490950759522306,51.60858157156904,37.800307829592626
P15,trial_45_R_unaffected,5,01234,50.64931574765307,51.05509961211288,37.755158253078044
P15,trial_46_L_affected,2,01,60.85839476661733,43.397799951824105,41.64033013811354
P15,trial_46_L_affected,2,02,62.161303094961426,56.55394682434356,27.700241884846655
P15,trial_46_L_affected,2,03,60.472967151666246,64.09307749623618,32.3113470911361
P15,trial_46_L_affected,2,04,56.48285799720713,46.75047535608982,40.00008164474537
P15,trial_46_L_affected,2,12,55.56055392933852,63.08676586334186,40.99525577053805
P15,trial_46_L_affected,2,13,62.98802034665097,62.6937845773621,39.92318439696851
P15,trial_46_L_affected,2,14,47.695333109171074,44.7829590270848,35.2825303841338
P15,trial_46_L_affected,2,23,75.53737739787142,78.89257471631976,44.29735359147902
P15,trial_46_L_affected,2,24,48.45755750432114,62.47426494820033,33.03350833267049
P15,trial_46_L_affected,2,34,59.445868322202145,74.18188787983809,41.3448909750287
P15,trial_46_L_affected,3,012,59.68212347555311,51.61847902456944,29.02058369277348
P15,trial_46_L_affected,3,013,59.88593758147657,55.2257181360103,31.270692521379367
P15,trial_46_L_affected,3,014,51.523062913150156,43.62183529179008,33.46634864272058
P15,trial_46_L_affected,3,023,63.16592365068563,62.378884600320966,29.117446494523016
P15,trial_46_L_affected,3,024,51.92472491481716,55.479402741664835,28.88637453137316
P15,trial_46_L_affected,3,034,51.49625982425345,61.68942313891003,33.91644357646161
P15,trial_46_L_affected,3,123,63.655166976521876,64.06242699397319,38.225948539467836
P15,trial_46_L_affected,3,124,48.47836200775526,53.399548313985825,29.88846034014865
P15,trial_46_L_affected,3,134,50.75641948400179,56.885093313279064,32.42251747026411
P15,trial_46_L_affected,3,234,52.46785187578162,67.06409575141502,33.594092989623555
P15,trial_46_L_affected,4,0123,60.99164526676996,57.398391249751015,29.586543888773875
P15,trial_46_L_affected,4,0124,51.9520616765087,50.5424035640603,28.38356587974856
P15,trial_46_L_affected,4,0134,52.3734610533312,53.60499831740108,29.80864564289681
P15,trial_46_L_affected,4,0234,53.41881187382383,61.09495142421262,29.848374162715658
P15,trial_46_L_affected,4,1234,51.49105051040479,58.98356240161206,30.82346755659408
P15,trial_46_L_affected,5,01234,53.46745354438896,55.97722447151939,28.505916651954117
P15,trial_47_L_affected,2,01,1506.1819589457177,1782.963458553937,1614.394593871947
P15,trial_47_L_affected,2,02,160.60837597907295,291.28039868793536,388.07580516557516
P15,trial_47_L_affected,2,03,1995.2982095957968,1460.9619436254275,462.66022684741773
P15,trial_47_L_affected,2,04,82.5930493881229,90.03834430795571,142.4542711208058
P15,trial_47_L_affected,2,12,66.48095950087826,,258.4931089182427
P15,trial_47_L_affected,2,13,404.6822859148749,897.1237775084252,500.349263551203
P15,trial_47_L_affected,2,14,877.1756779292202,851.4204451279661,645.3715819057742
P15,trial_47_L_affected,2,23,259.4671464118366,244.77326227367627,846.7356149645522
P15,trial_47_L_affected,2,24,1270.384399261624,1315.1347558397833,1482.6993799234688
P15,trial_47_L_affected,2,34,48662.318196706736,50491.96955930658,52342.3922507808
P15,trial_47_L_affected,3,012,342.0502316245732,389.42915350669193,301.8679782123627
P15,trial_47_L_affected,3,013,739.1896418663619,1856.6742220885426,962.9749249320836
P15,trial_47_L_affected,3,014,1134.3363031885829,482.898571242073,389.33780848256043
P15,trial_47_L_affected,3,023,574.2537265177164,360.99779902828266,218.21387567545233
P15,trial_47_L_affected,3,024,483.4239168291732,220.1743313853224,282.609224094597
P15,trial_47_L_affected,3,034,32280.519954662595,13592.448174343519,13873.568805804329
P15,trial_47_L_affected,3,123,554.9755832519005,396.63077766091214,260.2341267411306
P15,trial_47_L_affected,3,124,475.98493113235963,317.61825972372367,312.45198605923514
P15,trial_47_L_affected,3,134,1488.0562541084619,2334.260567229504,496.74897753503893
P15,trial_47_L_affected,3,234,967.7421219401258,292.83689725700094,342.92854239097596
P15,trial_47_L_affected,4,0123,461.492953760353,320.1730349898913,325.0378988218259
P15,trial_47_L_affected,4,0124,451.63725023890265,328.4502857840982,220.36821804425583
P15,trial_47_L_affected,4,0134,1245.928306992894,724.6803327481406,629.6937477283259
P15,trial_47_L_affected,4,0234,407.8550559047048,608.9677882682505,537.3556774697056
P15,trial_47_L_affected,4,1234,554.6571963360078,270.8566329824176,274.009728313343
P15,trial_47_L_affected,5,01234,559.5538195299575,329.9119094682034,274.1296518194213
P15,trial_48_L_affected,2,01,62.03874810077022,46.46389743301162,35.77235088630245
P15,trial_48_L_affected,2,02,65.37420824876709,62.131892227324265,32.202037253842434
P15,trial_48_L_affected,2,03,58.455129657449596,62.17640761020079,34.416027252033366
P15,trial_48_L_affected,2,04,52.126862911065444,50.28049263835363,36.40587093783848
P15,trial_48_L_affected,2,12,53.417378852308,66.21284565121638,48.41795270138008
P15,trial_48_L_affected,2,13,59.75898328825391,57.21984284849027,39.60980100545401
P15,trial_48_L_affected,2,14,44.462800885008356,46.10444810299731,33.96771728846186
P15,trial_48_L_affected,2,23,74.98722464625395,72.79828689784419,45.44493594507461
P15,trial_48_L_affected,2,24,47.97670556373969,63.40022003011937,30.231720061035688
P15,trial_48_L_affected,2,34,55.527795826713586,68.81729279577884,39.79493661806392
P15,trial_48_L_affected,3,012,60.939058898479566,56.13333674939751,29.737239358327702
P15,trial_48_L_affected,3,013,58.970661247638915,53.5097850416622,31.85380430519892
P15,trial_48_L_affected,3,014,48.97457278338961,45.69815503633064,31.87002070356402
P15,trial_48_L_affected,3,023,63.27219605775635,62.70263860994493,31.51623906498834
P15,trial_48_L_affected,3,024,51.16634475508569,58.860480894119895,28.60410734301369
P15,trial_48_L_affected,3,034,48.057663293732446,60.76389845212299,34.08641312342179
P15,trial_48_L_affected,3,123,61.510363725965966,60.71616774262764,37.65550980047848
P15,trial_48_L_affected,3,124,47.576486230716355,55.13955948106763,27.44710957639805
P15,trial_48_L_affected,3,134,47.895752232667505,54.49242979203377,30.459391354210332
P15,trial_48_L_affected,3,234,50.65399552052813,65.15215157638741,30.95186658796668
P15,trial_48_L_affected,4,0123,60.71198990436151,57.27950354365836,30.511542062486395
P15,trial_48_L_affected,4,0124,51.01299935509554,53.57229346482428,27.160448451287742
P15,trial_48_L_affected,4,0134,50.08490000688125,52.98467709507503,29.46505513539205
P15,trial_48_L_affected,4,0234,51.56864926461762,61.47352733750519,29.803210025454067
P15,trial_48_L_affected,4,1234,49.75452286969386,57.81058536246851,28.34630990985447
P15,trial_48_L_affected,5,01234,51.95443849578266,56.31796046208332,27.849280833380476
P15,trial_49_L_affected,2,01,63.231766475540205,45.05125020310443,35.14360329792529
P15,trial_49_L_affected,2,02,66.44659885455684,60.507437508069536,28.204031078417863
P15,trial_49_L_affected,2,03,59.667594481059865,61.9389158308796,32.86012131779977
P15,trial_49_L_affected,2,04,53.01145271792094,49.70688496085911,38.35334413021922
P15,trial_49_L_affected,2,12,52.26111359470765,66.07337441109405,48.90199788480267
P15,trial_49_L_affected,2,13,58.89144663489225,58.09239348907048,40.38801529630174
P15,trial_49_L_affected,2,14,44.10960241679459,47.251071594387206,32.62122337725769
P15,trial_49_L_affected,2,23,75.71478803991802,71.02660609398814,42.86338683020015
P15,trial_49_L_affected,2,24,47.67213377816478,62.3315168207556,31.917486694446833
P15,trial_49_L_affected,2,34,57.60653826608166,68.75739256201275,41.607345238157095
P15,trial_49_L_affected,3,012,61.19006324927926,54.93733293376902,27.367035079984724
P15,trial_49_L_affected,3,013,59.12656625916115,53.981439635855445,31.613910328779205
P15,trial_49_L_affected,3,014,48.74908635023858,46.044969721079035,29.140534186457113
P15,trial_49_L_affected,3,023,64.46422446519492,62.01841325389902,30.600788683768663
P15,trial_49_L_affected,3,024,50.80720643552254,57.845960823147216,27.839503223300966
P15,trial_49_L_affected,3,034,47.62431374052335,60.707838939539336,33.90491156303127
P15,trial_49_L_affected,3,123,60.68383896173622,60.75665067805973,38.918032391579665
P15,trial_49_L_affected,3,124,47.05250796811254,55.10688975487177,28.41205251272553
P15,trial_49_L_affected,3,134,47.08003952517026,55.36600701239241,31.63139672934363
P15,trial_49_L_affected,3,234,50.71829952971185,64.41178781690088,34.0443601059274
P15,trial_49_L_affected,4,0123,60.9539550652539,57.181574827265116,30.374345452059515
P15,trial_49_L_affected,4,0124,50.46538090347768,53.10264865517373,25.64834796274187
P15,trial_49_L_affected,4,0134,49.447227862608514,53.53392978594896,28.789467112585182
P15,trial_49_L_affected,4,0234,51.27563017546876,60.881165331109614,30.176877527856497
P15,trial_49_L_affected,4,1234,48.943756163581675,57.87642414675284,30.662298391269285
P15,trial_49_L_affected,5,01234,51.3831936490044,56.24937803263228,27.920626690485133
P15,trial_4_R_unaffected,2,01,48.993467930687885,62.67816897687073,36.72985498575775
P15,trial_4_R_unaffected,2,02,45.54267527929356,54.38543542801064,39.51429849924162
P15,trial_4_R_unaffected,2,03,43.58229710115186,50.30587951983653,31.70388189489693
P15,trial_4_R_unaffected,2,04,52.335201963134935,39.83746307799864,40.41462328187385
P15,trial_4_R_unaffected,2,12,64.84116963726436,75.99031552664637,48.805024487666515
P15,trial_4_R_unaffected,2,13,54.139167987521006,54.60189302450322,35.76617036033449
P15,trial_4_R_unaffected,2,14,49.493499052198075,49.7966737184104,41.010665993608846
P15,trial_4_R_unaffected,2,23,48.72831380355748,53.249359469434275,50.96932787253933
P15,trial_4_R_unaffected,2,24,50.640923129645785,47.59702940575786,43.5686279927208
P15,trial_4_R_unaffected,2,34,51.599021366887165,45.375428184422674,37.33009045070661
P15,trial_4_R_unaffected,3,012,48.74883514244567,57.43959670202791,34.31473665638251
P15,trial_4_R_unaffected,3,013,46.98530968747018,52.43910475234377,32.93507930307176
P15,trial_4_R_unaffected,3,014,45.262145200867856,47.044429879052075,36.72909324320959
P15,trial_4_R_unaffected,3,023,45.47272026371548,49.69534850222518,36.58086955834399
P15,trial_4_R_unaffected,3,024,44.99227120267848,44.510546598134965,37.51924693552345
P15,trial_4_R_unaffected,3,034,45.34711256278571,42.53480885963567,32.72881424434354
P15,trial_4_R_unaffected,3,123,55.09066858351685,53.94145529207539,36.35432997850563
P15,trial_4_R_unaffected,3,124,51.69335755000117,50.616889291539024,37.40593579438529
P15,trial_4_R_unaffected,3,134,50.39452937499762,48.06637480590592,33.94388106408731
P15,trial_4_R_unaffected,3,234,50.206189377351876,47.110812471416054,40.075605989532534
P15,trial_4_R_unaffected,4,0123,48.25460445906977,52.00200410703474,33.71623619048064
P15,trial_4_R_unaffected,4,0124,46.65376267630804,48.4142164962474,34.989486819783195
P15,trial_4_R_unaffected,4,0134,46.31801001783079,46.847548289255016,32.828732037600716
P15,trial_4_R_unaffected,4,0234,45.79240117547637,45.34494022490647,35.18788070984459
P15,trial_4_R_unaffected,4,1234,51.26692672399578,49.20424861195853,34.939527672537984
P15,trial_4_R_unaffected,5,01234,47.289658979955625,47.91364300833834,33.44191157884661
P15,trial_50_L_affected,2,01,63.675639998015384,45.32685657254864,34.939734125002516
P15,trial_50_L_affected,2,02,66.07384378136094,61.12267279266014,26.320868977961073
P15,trial_50_L_affected,2,03,59.40167323570979,62.17179573221743,31.536667898008922
P15,trial_50_L_affected,2,04,53.248728835638026,50.9639444533838,36.118337929940985
P15,trial_50_L_affected,2,12,56.82900928138696,65.83765688227125,47.748220815420574
P15,trial_50_L_affected,2,13,61.74825038339634,57.444525389602205,43.0354386598836
P15,trial_50_L_affected,2,14,46.438832599207046,47.58495400463047,36.45408495194906
P15,trial_50_L_affected,2,23,74.51259682782258,71.59806310222106,42.84056335115259
P15,trial_50_L_affected,2,24,49.151566299455986,65.62179833122129,33.95817041737102
P15,trial_50_L_affected,2,34,58.12973287132706,69.33074426731007,45.11342722761015
P15,trial_50_L_affected,3,012,62.67571041428503,55.56113606710236,27.55640658245358
P15,trial_50_L_affected,3,013,60.55800803206908,54.135061926245726,32.357082174858796
P15,trial_50_L_affected,3,014,50.522591034983385,46.89872413415083,30.944505485498496
P15,trial_50_L_affected,3,023,64.26201077397937,62.75225668022048,29.634216657111246
P15,trial_50_L_affected,3,024,51.822001241602145,59.432444516420965,27.03767485482632
P15,trial_50_L_affected,3,034,48.871015935753384,61.16249201632817,33.61020795989454
P15,trial_50_L_affected,3,123,63.40175868186976,61.0589955905924,41.02921397667742
P15,trial_50_L_affected,3,124,49.30536415112519,56.73297370786622,32.50611415891296
P15,trial_50_L_affected,3,134,49.68626711042582,55.20442579330938,34.54318542624346
P15,trial_50_L_affected,3,234,52.32084024062165,66.57847761028367,35.74718513468049
P15,trial_50_L_affected,4,0123,62.341422488689965,57.73099789257616,31.0548305090134
P15,trial_50_L_affected,4,0124,52.40411920919069,54.32988078372528,27.20793995356762
P15,trial_50_L_affected,4,0134,51.46985236024161,53.80150793117238,29.984470767466124
P15,trial_50_L_affected,4,0234,52.51168926146785,62.050063103115974,30.133027866824484
P15,trial_50_L_affected,4,1234,51.50448513898291,58.865161355454525,33.46409818079344
P15,trial_50_L_affected,5,01234,53.3660173330919,57.0957277345888,29.316415264546155
P15,trial_51_L_affected,2,01,64.02098578551353,44.84777712062283,34.679602805890944
P15,trial_51_L_affected,2,02,64.85528946556175,58.95960924592809,31.399516487901813
P15,trial_51_L_affected,2,03,59.2334626187423,61.66839234984164,36.11042462892458
P15,trial_51_L_affected,2,04,51.31533222343074,49.30445668750623,34.06895024517552
P15,trial_51_L_affected,2,12,54.02286503022834,62.940120864428344,46.62923180665965
P15,trial_51_L_affected,2,13,61.99981382673471,57.050550456491116,40.21015344708977
P15,trial_51_L_affected,2,14,45.9834190878769,45.373762449737086,30.708837192773256
P15,trial_51_L_affected,2,23,76.97616094172086,67.50405695861751,44.328932243600256
P15,trial_51_L_affected,2,24,47.370925861791854,59.45490617032267,29.002756284412833
P15,trial_51_L_affected,2,34,57.28422413144886,69.51148035180765,39.964353346237246
P15,trial_51_L_affected,3,012,61.248525859035375,53.59170206372515,30.16464059130968
P15,trial_51_L_affected,3,013,60.4380840887357,52.91891912529491,32.57336747547186
P15,trial_51_L_affected,3,014,50.89453144947615,44.74288046028869,29.830688281701377
P15,trial_51_L_affected,3,023,63.43069533017856,60.590048860669704,32.86507352258993
P15,trial_51_L_affected,3,024,51.19259809474065,56.0670040463548,27.69421139403125
P15,trial_51_L_affected,3,034,49.47289093293215,60.29994794555881,34.11262110862069
P15,trial_51_L_affected,3,123,62.967701619739636,58.93187406902932,39.458008917630124
P15,trial_51_L_affected,3,124,48.07407184571298,52.659756309014945,27.511478883007197
P15,trial_51_L_affected,3,134,49.65441110456798,54.10177248530134,30.87884201347316
P15,trial_51_L_affected,3,234,51.00522520903953,62.80268374902941,31.9461362696233
P15,trial_51_L_affected,4,0123,61.45635001783457,55.65716346551587,32.10659475200977
P15,trial_51_L_affected,4,0124,51.74774312096674,51.366074395065446,26.861373896814015
P15,trial_51_L_affected,4,0134,51.66502681601584,52.32784208903655,29.375385969196078
P15,trial_51_L_affected,4,0234,52.0702762242453,59.50411727384727,30.443090786506538
P15,trial_51_L_affected,4,1234,50.706927754067365,56.080406214490324,30.054264516249194
P15,trial_51_L_affected,5,01234,52.8552802225676,54.70424024418521,28.881543903372982
P15,trial_52_L_affected,2,01,64.24619596998063,47.0862233516312,36.79272644512854
P15,trial_52_L_affected,2,02,65.32079314014985,59.98585891223531,32.41761353129364
P15,trial_52_L_affected,2,03,58.924135405021005,61.09584970859119,35.54272209433425
P15,trial_52_L_affected,2,04,52.84635733117956,48.467208013737334,33.35978409917885
P15,trial_52_L_affected,2,12,54.84148490863416,64.33374154864633,50.97316413424106
P15,trial_52_L_affected,2,13,62.31515630844187,57.566712964093426,41.84748611702618
P15,trial_52_L_affected,2,14,46.97825078152936,45.78875944409867,33.493697937691586
P15,trial_52_L_affected,2,23,76.86094379018449,70.48406390013899,44.099422986331
P15,trial_52_L_affected,2,24,48.34600289255587,60.25290197481417,31.216882334350753
P15,trial_52_L_affected,2,34,57.454492081,68.50328881066245,40.35584320340761
P15,trial_52_L_affected,3,012,61.78760786026732,54.830692557491794,31.76126067067203
P15,trial_52_L_affected,3,013,60.52818224495254,53.00385996318451,33.098150534554996
P15,trial_52_L_affected,3,014,51.402621515617504,45.01189946499192,30.524990883508046
P15,trial_52_L_affected,3,023,63.624839790506805,60.60928573805702,32.84698691013905
P15,trial_52_L_affected,3,024,51.839579929639726,56.362478176766125,28.779589670648853
P15,trial_52_L_affected,3,034,49.52493358934674,59.705712865242525,33.991647844969265
P15,trial_52_L_affected,3,123,63.45598481902195,60.02380205421781,41.31063631090898
P15,trial_52_L_affected,3,124,48.84320888526625,53.26135749430839,29.65528092035358
P15,trial_52_L_affected,3,134,49.856659034298104,54.04771399928744,31.11353971138419
P15,trial_52_L_affected,3,234,51.43006732917613,62.85238476476351,32.711844799975886
P15,trial_52_L_affected,4,0123,61.79649407935842,56.00733733039961,32.759668065123634
P15,trial_52_L_affected,4,0124,52.323080231081,51.89009805137123,28.10052386332724
P15,trial_52_L_affected,4,0134,51.8556535795937,52.179341066183994,29.30531667508237
P15,trial_52_L_affected,4,0234,52.39411301579973,59.41651054490732,30.764955696119667
P15,trial_52_L_affected,4,1234,51.11142575111463,56.3780197225819,30.776682929078508
P15,trial_52_L_affected,5,01234,53.2211783324941,54.84475015368298,29.236669447672398
P15,trial_53_L_affected,2,01,63.10087251646449,46.580374488632806,32.233668975823484
P15,trial_53_L_affected,2,02,65.78660519282853,60.674578826144206,26.480245428817167
P15,trial_53_L_affected,2,03,60.79760189093832,62.09458896186318,29.90588581451385
P15,trial_53_L_affected,2,04,54.0078081331425,49.66488544208838,32.60021079310069
P15,trial_53_L_affected,2,12,57.17353758778775,66.24798702371746,43.264034501939314
P15,trial_53_L_affected,2,13,63.80217908742099,60.613138028223055,37.77164571531745
P15,trial_53_L_affected,2,14,49.161939240406966,49.020569571039786,32.01912506395215
P15,trial_53_L_affected,2,23,77.73172641748808,72.95631387596575,40.2796439810325
P15,trial_53_L_affected,2,24,50.99095599794651,65.36040587758819,28.68052722429729
P15,trial_53_L_affected,2,34,59.091683521544574,75.0835030296916,39.013496111452724
P15,trial_53_L_affected,3,012,62.34951422912367,56.11216161125311,26.135074970808507
P15,trial_53_L_affected,3,013,61.201871856816304,55.674095003209494,29.619359861086494
P15,trial_53_L_affected,3,014,53.33015019911564,47.098498804287104,27.860345486796753
P15,trial_53_L_affected,3,023,64.66268075792493,62.88624886546483,28.299275478897137
P15,trial_53_L_affected,3,024,54.279322981194284,58.50455442379412,24.851057563753717
P15,trial_53_L_affected,3,034,52.30132742759126,61.7669371521689,30.041393601675033
P15,trial_53_L_affected,3,123,65.103567778133,63.00836672616201,35.998372686958405
P15,trial_53_L_affected,3,124,51.37332063565486,57.39201545504712,27.250938827374135
P15,trial_53_L_affected,3,134,52.50358099423628,58.48404253037796,30.875657135743054
P15,trial_53_L_affected,3,234,54.1373430787008,68.56146880689833,31.240077577946266
P15,trial_53_L_affected,4,0123,62.68605700150608,58.78877784013184,28.49091218678524
P15,trial_53_L_affected,4,0124,54.54997832564087,54.27087567960831,24.605487180946813
P15,trial_53_L_affected,4,0134,54.03183686598785,55.19171921711476,27.480365875708987
P15,trial_53_L_affected,4,0234,54.99691546146336,62.336707694830366,27.184549399843203
P15,trial_53_L_affected,4,1234,53.83175910237591,60.88493548065971,29.402867739519078
P15,trial_53_L_affected,5,01234,55.491760154284485,57.97909522461114,26.559687444873095
P15,trial_54_L_affected,2,01,65.92387652013522,45.97303201508827,33.310751364515184
P15,trial_54_L_affected,2,02,68.03381808534346,63.42312761619436,27.988764524365465
P15,trial_54_L_affected,2,03,61.96895347752328,62.657932094663494,32.12873821168205
P15,trial_54_L_affected,2,04,55.26656408250318,49.26198733787913,35.11789792526055
P15,trial_54_L_affected,2,12,59.01034867372652,70.39851619544915,44.91165298926826
P15,trial_54_L_affected,2,13,64.6588218376562,59.39714998834227,38.928925140777814
P15,trial_54_L_affected,2,14,49.640062713092505,47.5236887525661,32.827220852428354
P15,trial_54_L_affected,2,23,78.30738756867349,76.21482778213783,41.343491698093665
P15,trial_54_L_affected,2,24,52.93426844049105,68.00181731670817,29.594668764331693
P15,trial_54_L_affected,2,34,59.27729937947237,71.57619329248548,40.63581024002175
P15,trial_54_L_affected,3,012,64.556600294718,57.217978091360266,27.242385671441554
P15,trial_54_L_affected,3,013,62.92122799668308,54.58124703678471,30.545279706879136
P15,trial_54_L_affected,3,014,54.52597154369799,46.50095058367725,29.780816942903723
P15,trial_54_L_affected,3,023,66.66376638950663,64.6659347529862,29.58166166102138
P15,trial_54_L_affected,3,024,56.45215834347345,60.844284218570515,27.07133275139002
P15,trial_54_L_affected,3,034,54.22311386699614,61.5945883763659,32.83851076966115
P15,trial_54_L_affected,3,123,66.34383916505774,63.7103784559183,37.02894397412247
P15,trial_54_L_affected,3,124,52.71489301328443,57.67865192529283,27.8393755228235
P15,trial_54_L_affected,3,134,53.970481076657,55.79786383130018,30.8960636143688
P15,trial_54_L_affected,3,234,55.87094683940633,69.2824611368513,31.507446640049146
P15,trial_54_L_affected,4,0123,64.63908361965255,59.16855147519007,29.149208370082352
P15,trial_54_L_affected,4,0124,56.3381912366617,55.14007033879625,25.887681620777258
P15,trial_54_L_affected,4,0134,55.80635398430908,53.96188389468444,28.372262100237432
P15,trial_54_L_affected,4,0234,57.23707175524055,63.65993971192346,29.05709720473895
P15,trial_54_L_affected,4,1234,55.569656362445215,60.332232210374684,29.260710410163412
P15,trial_54_L_affected,5,01234,57.47686215201356,58.139211600532,27.381112587899885
P15,trial_55_L_affected,2,01,61.40483309092357,46.682249873383014,35.31441009683871
P15,trial_55_L_affected,2,02,63.53648279500525,58.27783576548106,28.66515648680886
P15,trial_55_L_affected,2,03,56.93750850748955,63.291659630411274,32.40350120162237
P15,trial_55_L_affected,2,04,53.107075374480665,50.29968628770681,36.743296747091144
P15,trial_55_L_affected,2,12,55.73573313687345,62.23172855778886,44.228705516778554
P15,trial_55_L_affected,2,13,63.89252279468057,60.14227340240489,37.81915206265401
P15,trial_55_L_affected,2,14,50.61529235838929,47.68922443881629,32.77358054611195
P15,trial_55_L_affected,2,23,81.2543729917601,67.0785627646535,42.14444994630934
P15,trial_55_L_affected,2,24,51.89740128646069,60.21803342235373,30.028021076247654
P15,trial_55_L_affected,2,34,57.23911796657878,71.93942391320014,40.17308852235598
P15,trial_55_L_affected,3,012,61.02949518367704,53.87632800979397,26.77684554439915
P15,trial_55_L_affected,3,013,59.88549543536247,55.14615953841832,29.04182463568729
P15,trial_55_L_affected,3,014,52.61205608090949,46.98384553045114,30.226608539010176
P15,trial_55_L_affected,3,023,62.683192977264135,61.361293983840525,28.95745092991701
P15,trial_55_L_affected,3,024,54.07909788763713,56.53271793763785,28.35595516777915
P15,trial_55_L_affected,3,034,51.25576509668103,62.250839216521555,33.3227045087314
P15,trial_55_L_affected,3,123,64.94580746657162,60.869564404897616,35.518690755495726
P15,trial_55_L_affected,3,124,52.4940112894728,53.94688500607454,27.75463992316286
P15,trial_55_L_affected,3,134,53.867156425757216,57.07358275064861,30.846431036092298
P15,trial_55_L_affected,3,234,54.99855876856867,64.37341982369064,31.579285284967927
P15,trial_55_L_affected,4,0123,61.55276482654661,56.968334160095154,27.68119682864674
P15,trial_55_L_affected,4,0124,54.38607364993593,52.48309068153316,26.39074422140358
P15,trial_55_L_affected,4,0134,53.919931121554164,54.820343622631256,27.56851201984588
P15,trial_55_L_affected,4,0234,54.81689558117484,60.78632581914202,29.240402367534784
P15,trial_55_L_affected,4,1234,55.06126343033625,58.182588749027765,28.567683080094653
P15,trial_55_L_affected,5,01234,55.533124840533766,56.40989880654481,26.55902683775589
P15,trial_56_L_affected,2,01,62.701706860633244,46.277130469760785,37.00884935736434
P15,trial_56_L_affected,2,02,64.50950371003061,57.53106549412763,30.926637327157973
P15,trial_56_L_affected,2,03,58.713394599586636,62.28437335036596,33.638310588119644
P15,trial_56_L_affected,2,04,55.41123210549483,49.9848082017181,38.05642833076851
P15,trial_56_L_affected,2,12,55.31268165328207,62.77930612347208,46.91039847066288
P15,trial_56_L_affected,2,13,63.31906334502363,59.86298510370725,36.90716138072628
P15,trial_56_L_affected,2,14,52.32521099208603,47.477113891343805,31.631543628086515
P15,trial_56_L_affected,2,23,80.2196778622891,64.4230655666065,41.3566647801239
P15,trial_56_L_affected,2,24,53.09519240962746,58.51974705827092,30.237317487062963
P15,trial_56_L_affected,2,34,57.218677099841585,72.50512773042261,38.835496736999744
P15,trial_56_L_affected,3,012,61.652733506565816,53.537581414605384,28.31985894926464
P15,trial_56_L_affected,3,013,60.623461543723074,54.52736322277704,30.399742102163415
P15,trial_56_L_affected,3,014,54.58030896308958,46.436986001749865,30.58398877595833
P15,trial_56_L_affected,3,023,63.59399320126644,60.160248511226264,30.796269161442968
P15,trial_56_L_affected,3,024,55.754870380381824,55.55559161967598,29.70021589530535
P15,trial_56_L_affected,3,034,53.10211324359584,61.57882613528105,33.10880382042038
P15,trial_56_L_affected,3,123,64.1739571554815,60.00331394254014,35.13664602733803
P15,trial_56_L_affected,3,124,53.577698898993305,53.339917876531125,28.313622339944455
P15,trial_56_L_affected,3,134,54.96554447398346,57.23308169810646,30.939627841330225
P15,trial_56_L_affected,3,234,55.80733643967361,63.29772245136623,31.38420296864244
P15,trial_56_L_affected,4,0123,61.99151347128534,56.172993984059985,28.896826017831966
P15,trial_56_L_affected,4,0124,55.791099152180685,51.851033420134556,27.499561453004173
P15,trial_56_L_affected,4,0134,55.34970660798613,54.35679353824424,28.770262670408982
P15,trial_56_L_affected,4,0234,56.24899551334116,59.77539852216564,30.02626495903318
P15,trial_56_L_affected,4,1234,55.84078527461248,57.68303352365661,29.07872822358031
P15,trial_56_L_affected,5,01234,56.664941040866886,55.71745717124424,27.818563265442034
P15,trial_57_L_affected,2,01,65.5208434230616,44.81029471999736,36.29489679929916
P15,trial_57_L_affected,2,02,65.45116389528984,53.90432076988401,30.6395992546508
P15,trial_57_L_affected,2,03,60.03918370849443,60.13316810515375,33.82240684166924
P15,trial_57_L_affected,2,04,57.950164917337034,47.33594278788665,39.94512554079846
P15,trial_57_L_affected,2,12,56.14524107019975,60.271173226902796,52.311956778659976
P15,trial_57_L_affected,2,13,65.03453681906345,59.243191166246056,43.69663346094259
P15,trial_57_L_affected,2,14,55.14969014639892,47.67536354362018,38.55758116270749
P15,trial_57_L_affected,2,23,81.40301586336373,63.789005373265944,46.560984133705404
P15,trial_57_L_affected,2,24,55.258137939846044,55.99461564438151,34.86647886500402
P15,trial_57_L_affected,2,34,58.971032071723904,71.62003505382116,44.23532251510869
P15,trial_57_L_affected,3,012,63.21771473203722,50.89993934061422,29.818545288700697
P15,trial_57_L_affected,3,013,62.47834479940158,53.66034568602596,32.75631662199605
P15,trial_57_L_affected,3,014,57.453082773489434,45.851547757596805,31.054378527395354
P15,trial_57_L_affected,3,023,64.75559734933366,57.46870602430134,32.23586925350219
P15,trial_57_L_affected,3,024,57.90462010374945,52.83300018634136,30.19687689675902
P15,trial_57_L_affected,3,034,55.90462055793296,59.788084626822084,34.88455889522503
P15,trial_57_L_affected,3,123,65.48225312372699,58.91290089433507,41.64234482103403
P15,trial_57_L_affected,3,124,55.62374070768059,51.606950284018666,34.327634195921036
P15,trial_57_L_affected,3,134,57.565330952009134,56.23837735319064,36.21537809732443
P15,trial_57_L_affected,3,234,58.04797774022625,61.278315092739476,36.073465191559066
P15,trial_57_L_affected,4,0123,63.486558357555786,54.430616108199374,31.506594731091017
P15,trial_57_L_affected,4,0124,57.98224544942083,49.98931826119629,28.973185966734423
P15,trial_57_L_affected,4,0134,57.90434665347833,53.36393491130163,31.060020577445506
P15,trial_57_L_affected,4,0234,58.48634173397046,57.46100961833323,31.81851422464307
P15,trial_57_L_affected,4,1234,58.01284165525542,56.0575698990559,34.48652138335152
P15,trial_57_L_affected,5,01234,58.835434714645544,54.033681867715295,30.365805136600994
P15,trial_58_L_affected,2,01,63.68024744548811,44.94889957717564,36.94895715305422
P15,trial_58_L_affected,2,02,64.36779610011415,54.41520010351401,31.21210606193549
P15,trial_58_L_affected,2,03,59.25963828556792,60.35750173360213,33.8691564770422
P15,trial_58_L_affected,2,04,55.449275343578094,47.985570762685775,40.05236629973513
P15,trial_58_L_affected,2,12,55.814927364214064,60.23378819552008,48.696974451646085
P15,trial_58_L_affected,2,13,63.436328788641006,59.24772041641469,39.45223062193959
P15,trial_58_L_affected,2,14,52.13037632689867,45.93816854239566,36.105321894200415
P15,trial_58_L_affected,2,23,78.74644247888533,64.81493375652703,44.83024250969586
P15,trial_58_L_affected,2,24,52.8611117916444,55.96176960792911,34.90112966310127
P15,trial_58_L_affected,2,34,57.81012621576678,72.44532769112807,43.85924440069993
P15,trial_58_L_affected,3,012,61.93731905308013,51.099601639741074,29.967901019216498
P15,trial_58_L_affected,3,013,61.133296261825805,53.19629140136545,32.57791067259108
P15,trial_58_L_affected,3,014,54.84181541970185,44.827606187206214,29.638428527992442
P15,trial_58_L_affected,3,023,63.632751837246595,57.681779140017376,32.18112352108796
P15,trial_58_L_affected,3,024,55.5864646878184,53.00794471460859,30.847729197379277
P15,trial_58_L_affected,3,034,53.68138318311035,60.29097805102687,35.24116196301206
P15,trial_58_L_affected,3,123,64.17235741758988,59.21501167908101,37.299719823310056
P15,trial_58_L_affected,3,124,53.19919459628211,50.922075446655946,32.62318097651289
P15,trial_58_L_affected,3,134,54.943326830216854,55.631866504941314,34.250970567761215
P15,trial_58_L_affected,3,234,55.82372083519079,61.30783709267872,35.616220975479735
P15,trial_58_L_affected,4,0123,62.240495186957695,54.333734874960825,30.943735970637093
P15,trial_58_L_affected,4,0124,55.759427369362996,49.61925218398086,28.14740814407786
P15,trial_58_L_affected,4,0134,55.63810089983788,52.81317616444956,30.14558245921653
P15,trial_58_L_affected,4,0234,56.34218761401755,57.65915958923253,31.863678633824435
P15,trial_58_L_affected,4,1234,55.664592131852736,55.70401736806619,32.3919708554784
P15,trial_58_L_affected,5,01234,56.744167429047984,53.75740131713627,29.30658099974216
P15,trial_59_L_affected,2,01,65.01938126635567,48.05363324854996,39.019020062536505
P15,trial_59_L_affected,2,02,64.54465090341405,58.01748701106366,31.996146444586994
P15,trial_59_L_affected,2,03,58.9477569364148,61.27631530537572,34.94251345625305
P15,trial_59_L_affected,2,04,55.89818008506022,49.76912610129577,36.821657875736015
P15,trial_59_L_affected,2,12,56.372343651022,63.87553917827301,45.6575178813472
P15,trial_59_L_affected,2,13,63.44742322682875,58.69046787006972,38.931703273055916
P15,trial_59_L_affected,2,14,53.248136813401985,47.700511898873515,34.66819198462838
P15,trial_59_L_affected,2,23,77.9096878587407,64.95294398413883,45.40888655538924
P15,trial_59_L_affected,2,24,53.88664005954004,59.1541160660804,31.07499649836158
P15,trial_59_L_affected,2,34,58.12917722273674,70.24909455588323,41.42089659266854
P15,trial_59_L_affected,3,012,62.602129155620894,53.97616194297012,29.606096345989645
P15,trial_59_L_affected,3,013,61.35317941812836,53.443073850055285,31.38478150245862
P15,trial_59_L_affected,3,014,55.680339465295994,46.519725590334275,30.65020768949295
P15,trial_59_L_affected,3,023,63.546207863808384,59.57911349478932,31.723748978737373
P15,trial_59_L_affected,3,024,56.18973568630431,55.73888775598298,30.265896538041034
P15,trial_59_L_affected,3,034,54.127818588513094,60.4786967750919,34.6194181997628
P15,trial_59_L_affected,3,123,64.23010015446721,60.070395389682126,36.44278800933683
P15,trial_59_L_affected,3,124,54.26737030182283,53.492566834175456,29.74135847759257
P15,trial_59_L_affected,3,134,55.67688895330782,55.61339852757843,31.80984454066728
P15,trial_59_L_affected,3,234,56.449244561767706,62.473568881282375,32.34814827514293
P15,trial_59_L_affected,4,0123,62.46333754624809,55.57252799759594,29.57573659457119
P15,trial_59_L_affected,4,0124,56.54346204669676,51.99606388633125,28.016583913815197
P15,trial_59_L_affected,4,0134,56.19032199245069,53.19665952573217,28.991636152520464
P15,trial_59_L_affected,4,0234,56.77165593707969,59.16328808403581,30.846524821244923
P15,trial_59_L_affected,4,1234,56.41264888117627,56.906917069996545,29.627752175171835
P15,trial_59_L_affected,5,01234,57.29904440440724,55.04383180912458,28.069657338867707
P15,trial_5_R_unaffected,2,01,50.22865171610581,67.62513547940382,44.50389524008378
P15,trial_5_R_unaffected,2,02,44.583830373076346,59.38301175125155,37.86730605985206
P15,trial_5_R_unaffected,2,03,40.99672098707221,47.06203841211654,33.515229903952935
P15,trial_5_R_unaffected,2,04,46.35262650862138,30.816728139550673,44.09251843466899
P15,trial_5_R_unaffected,2,12,67.09838519347504,83.80607658909776,49.94173831811977
P15,trial_5_R_unaffected,2,13,58.060561622411264,53.02540464487389,41.99385288576695
P15,trial_5_R_unaffected,2,14,48.699552974642764,44.20958872624184,42.69909507766736
P15,trial_5_R_unaffected,2,23,56.354026631863405,56.80482934240948,50.80594912062799
P15,trial_5_R_unaffected,2,24,50.9669712281513,47.25182588938038,37.143957874635404
P15,trial_5_R_unaffected,2,34,50.107925316274745,40.219890339336104,34.68391744393057
P15,trial_5_R_unaffected,3,012,48.82393831015564,62.88986373116268,36.06986981347115
P15,trial_5_R_unaffected,3,013,47.19886922025933,51.60791956127266,36.130372730976624
P15,trial_5_R_unaffected,3,014,44.4494789977353,44.47692561105875,41.99248852001588
P15,trial_5_R_unaffected,3,023,45.76358212011831,50.16401327126925,35.224420318648995
P15,trial_5_R_unaffected,3,024,43.2575688138427,45.03189325131669,35.23566790199449
P15,trial_5_R_unaffected,3,034,42.68575526117678,38.402393760232556,33.32554154952555
P15,trial_5_R_unaffected,3,123,59.91072020772825,53.84135994551822,40.94464581706672
P15,trial_5_R_unaffected,3,124,52.29885677654563,48.7806223082646,35.05251239322707
P15,trial_5_R_unaffected,3,134,50.916672282880114,44.14908608467673,36.054653931128
P15,trial_5_R_unaffected,3,234,51.35095740614567,45.718736898208846,36.027593400574965
P15,trial_5_R_unaffected,4,0123,49.410979035219164,53.12862028774942,35.03640027638188
P15,trial_5_R_unaffected,4,0124,46.10425737110812,48.82006395197884,35.678839995576524
P15,trial_5_R_unaffected,4,0134,45.61195493739343,44.01079306826612,35.58418599586111
P15,trial_5_R_unaffected,4,0234,45.24999264165664,44.451621623650446,33.46877068341619
P15,trial_5_R_unaffected,4,1234,52.89034446488734,47.30689400601068,34.49555717707344
P15,trial_5_R_unaffected,5,01234,47.506911226545995,47.13152211526361,34.139595529222795
P15,trial_60_L_affected,2,01,65.0780638198028,48.347722377949935,37.22037154636806
P15,trial_60_L_affected,2,02,64.55843518597004,60.361738594226665,33.918608524093365
P15,trial_60_L_affected,2,03,58.55812141118201,60.80052898810129,36.7649936080281
P15,trial_60_L_affected,2,04,54.77685666343931,49.44399340832202,39.81648982572078
P15,trial_60_L_affected,2,12,56.97801829947162,63.02316636870552,42.031077917208215
P15,trial_60_L_affected,2,13,63.36855297222934,56.03905018644205,38.78257082438403
P15,trial_60_L_affected,2,14,52.817609082849685,45.76230091055928,35.9018259980269
P15,trial_60_L_affected,2,23,77.42671680551024,69.88979601803466,43.603641624086116
P15,trial_60_L_affected,2,24,53.02773154239165,61.61439801004854,33.500660062162154
P15,trial_60_L_affected,2,34,57.144828490070644,68.14308897707706,42.64944281871195
P15,trial_60_L_affected,3,012,62.713770214962096,55.19340112688669,31.02868849744306
P15,trial_60_L_affected,3,013,61.13615605303274,52.35281435608969,32.56271544336347
P15,trial_60_L_affected,3,014,55.57673177814214,45.70185150976997,33.32792555871549
P15,trial_60_L_affected,3,023,63.178961499667366,60.499277761681874,33.27142488918678
P15,trial_60_L_affected,3,024,55.665797570365164,57.531846761452904,32.562209639940356
P15,trial_60_L_affected,3,034,53.56000071232311,59.779431643384406,37.20872260317479
P15,trial_60_L_affected,3,123,64.31756941257697,58.655500660881195,36.94337808990067
P15,trial_60_L_affected,3,124,53.98235666897549,53.61102548448168,31.27624847560486
P15,trial_60_L_affected,3,134,55.048167007185214,53.626896619203116,33.31258449642034
P15,trial_60_L_affected,3,234,55.46733858161067,63.5141246200592,34.285998465668115
P15,trial_60_L_affected,4,0123,62.312873304802615,55.468447755020556,31.350486994688236
P15,trial_60_L_affected,4,0124,56.35136191095901,52.612646802296496,30.36904977998913
P15,trial_60_L_affected,4,0134,55.7680449913917,52.07774694715415,31.295342919015553
P15,trial_60_L_affected,4,0234,56.15301596843481,59.921625777535326,33.244570324165785
P15,trial_60_L_affected,4,1234,55.93188145080172,56.26919203556272,31.519870810687923
P15,trial_60_L_affected,5,01234,56.92102216590695,54.93410053506895,30.452250384908496
P15,trial_61_L_affected,2,01,65.519562200038,46.07124006012755,34.26513711432025
P15,trial_61_L_affected,2,02,65.08872029378003,58.891186980559354,30.915215133668124
P15,trial_61_L_affected,2,03,59.96094891907517,58.38758176948299,35.01764427702975
P15,trial_61_L_affected,2,04,56.89086453806468,48.5039225183455,36.36012201383646
P15,trial_61_L_affected,2,12,56.40270296514,61.259043489399644,41.61670729597292
P15,trial_61_L_affected,2,13,63.20859574201175,55.05612221350475,38.8588506207229
P15,trial_61_L_affected,2,14,53.61524395469691,47.31294531033497,33.93158574208329
P15,trial_61_L_affected,2,23,77.3277322893878,70.77052061356324,42.57801460509896
P15,trial_61_L_affected,2,24,54.432528710882174,63.84270490959537,30.77537574203057
P15,trial_61_L_affected,2,34,59.12440305082219,68.20106106055559,41.9596489242957
P15,trial_61_L_affected,3,012,62.84293891853776,54.031542686274655,29.963993696086515
P15,trial_61_L_affected,3,013,61.71630727543636,51.61852726281619,31.878949796307058
P15,trial_61_L_affected,3,014,56.326525659251566,45.966739031419515,29.856578988323406
P15,trial_61_L_affected,3,023,64.23961536139488,59.63731401956042,32.194312336804465
P15,trial_61_L_affected,3,024,56.7016273177465,57.35996568722072,28.96147370538102
P15,trial_61_L_affected,3,034,54.68419407966597,58.4557922351522,35.581869955501645
P15,trial_61_L_affected,3,123,64.24696502848109,58.39711806672202,37.32254445395752
P15,trial_61_L_affected,3,124,54.58417210999269,55.1026619016169,28.55945724226951
P15,trial_61_L_affected,3,134,55.639955131282306,54.04296007986092,32.26432572795469
P15,trial_61_L_affected,3,234,56.66214097240863,65.16791697381016,33.69561476658534
P15,trial_61_L_affected,4,0123,62.82543085421044,55.17367011860419,31.043210054611507
P15,trial_61_L_affected,4,0124,56.900371338281886,52.763267841631304,27.33359764225802
P15,trial_61_L_affected,4,0134,56.48733134514137,51.893629279474574,30.083335955369137
P15,trial_61_L_affected,4,0234,57.207093523177214,59.71186960295384,31.416807538213927
P15,trial_61_L_affected,4,1234,56.4505992875812,57.30930936284419,30.64969543125518
P15,trial_61_L_affected,5,01234,57.56643186471577,55.11165553697887,29.210295198876878
P15,trial_62_L_affected,2,01,67.0398366881411,45.6754600324795,36.86700849185147
P15,trial_62_L_affected,2,02,67.39511500201608,59.95672926408975,31.981291464261883
P15,trial_62_L_affected,2,03,61.16196298171648,59.92410514818515,35.578125480328964
P15,trial_62_L_affected,2,04,57.59626547823984,49.58007939671537,37.87087912304793
P15,trial_62_L_affected,2,12,57.64636097119277,63.759107845648664,46.05036040815294
P15,trial_62_L_affected,2,13,64.23524907101651,56.25693581988441,39.45018509116002
P15,trial_62_L_affected,2,14,54.357685814711594,47.14019027059584,34.9944189699432
P15,trial_62_L_affected,2,23,78.89519891600506,70.4513523820312,41.38959022795082
P15,trial_62_L_affected,2,24,55.77219587120795,64.12501030798384,32.71809273233969
P15,trial_62_L_affected,2,34,58.82873333069811,68.10433467462492,42.736937433160236
P15,trial_62_L_affected,3,012,64.72573487738578,54.77901408710938,31.148482756978467
P15,trial_62_L_affected,3,013,62.87289839967033,52.30021201581471,31.87172076602999
P15,trial_62_L_affected,3,014,57.53853440737777,46.00052819911152,31.795591753998888
P15,trial_62_L_affected,3,023,65.90191407806391,60.68619620640274,32.674116715612286
P15,trial_62_L_affected,3,024,58.64081341377878,58.03413160292638,31.048719682645345
P15,trial_62_L_affected,3,034,56.180794560969304,59.40975067093538,36.62554958489983
P15,trial_62_L_affected,3,123,65.51999764623969,59.67081275895888,38.36767460522688
P15,trial_62_L_affected,3,124,55.88404696442667,55.56576112929503,31.191007698162124
P15,trial_62_L_affected,3,134,56.72601225401424,54.393589822050956,33.40137229680749
P15,trial_62_L_affected,3,234,57.77743333224943,65.21636613142559,34.573034333858146
P15,trial_62_L_affected,4,0123,64.3030985736694,56.02873071507959,31.365450761890887
P15,trial_62_L_affected,4,0124,58.59989082482947,53.23910206428184,29.715179154772507
P15,trial_62_L_affected,4,0134,57.80561917686021,52.384935522739326,30.901872704803473
P15,trial_62_L_affected,4,0234,58.90165444324465,60.39857941613146,32.655707402306454
P15,trial_62_L_affected,4,1234,57.79597842724865,57.755433205528824,32.106830374409
P15,trial_62_L_affected,5,01234,59.12342841087207,55.690139862503955,30.455323283614597
P15,trial_63_L_affected,2,01,65.69046673310109,46.66157306792291,38.695842215006785
P15,trial_63_L_affected,2,02,65.85745859166248,58.26333519405451,31.51680298646515
P15,trial_63_L_affected,2,03,60.578836716799685,59.561668193119715,35.67196964125197
P15,trial_63_L_affected,2,04,57.95410647302284,48.94320414707997,39.102592073075165
P15,trial_63_L_affected,2,12,56.86806460659039,62.91565170989768,48.00916837106693
P15,trial_63_L_affected,2,13,63.650825108464446,56.481944491213774,40.65757261267189
P15,trial_63_L_affected,2,14,53.50607911689265,48.123046455146856,34.50643188501587
P15,trial_63_L_affected,2,23,77.58552376694553,68.16706436570152,43.95656502898686
P15,trial_63_L_affected,2,24,54.548152796805084,61.67523771848423,31.800852690321403
P15,trial_63_L_affected,2,34,57.81492194548856,66.70949428067603,41.615329981442954
P15,trial_63_L_affected,3,012,63.561641220629134,53.72973527822497,30.606321501364935
P15,trial_63_L_affected,3,013,62.186615456921864,52.313296715868745,32.092253145223
P15,trial_63_L_affected,3,014,56.495351829413686,46.685604188200074,31.022456599260813
P15,trial_63_L_affected,3,023,65.04843689534215,59.47783372431494,32.67198921775239
P15,trial_63_L_affected,3,024,57.444952626436226,56.62740079416711,30.262594554686135
P15,trial_63_L_affected,3,034,55.497922474797036,58.71235547194903,35.58599048035813
P15,trial_63_L_affected,3,123,64.62850081662489,59.14569257955903,39.388686697249035
P15,trial_63_L_affected,3,124,54.64281603138731,54.396214334005606,31.232589246535245
P15,trial_63_L_affected,3,134,56.078963480697475,53.9331967903591,33.94316985463214
P15,trial_63_L_affected,3,234,57.05712028935968,62.885573375850946,34.390972832856555
P15,trial_63_L_affected,4,0123,63.48487467009273,55.24147497790123,31.331415060110462
P15,trial_63_L_affected,4,0124,57.419075609488644,52.46600655461152,29.097075712458846
P15,trial_63_L_affected,4,0134,57.065649669108566,52.20144731711522,30.547038089186525
P15,trial_63_L_affected,4,0234,58.1185611703013,59.038036328124505,32.29089352863318
P15,trial_63_L_affected,4,1234,56.9523070076785,56.49663702568272,32.61224818050084
P15,trial_63_L_affected,5,01234,58.270460675931744,54.80206534407358,30.2729002903829
P15,trial_64_L_affected,2,01,66.03723016007916,46.9878248161233,40.12091134270549
P15,trial_64_L_affected,2,02,65.8205931745019,57.326685386184685,33.245066469731775
P15,trial_64_L_affected,2,03,60.741276833020095,57.55515996181502,36.61320266971143
P15,trial_64_L_affected,2,04,57.28922700464318,46.42009941522345,37.38760394943237
P15,trial_64_L_affected,2,12,55.93048613072248,60.925316539860795,47.63350185124179
P15,trial_64_L_affected,2,13,62.78844283372107,54.34227474998423,41.69865664026278
P15,trial_64_L_affected,2,14,52.08836886475023,46.90481729880591,36.11677048512424
P15,trial_64_L_affected,2,23,76.56971366904904,65.09451898012374,44.04813785017871
P15,trial_64_L_affected,2,24,52.829626822378636,60.64709471184352,32.078411567986436
P15,trial_64_L_affected,2,34,58.02997181340361,65.7918227599705,42.81996520531539
P15,trial_64_L_affected,3,012,63.43680088628448,52.84367129463281,33.520765720385555
P15,trial_64_L_affected,3,013,62.11757217592703,50.51877329715011,34.958872672706455
P15,trial_64_L_affected,3,014,55.981136834226895,45.35827442636155,32.92933618334679
P15,trial_64_L_affected,3,023,64.77717001403342,57.86606183667471,34.483728638814846
P15,trial_64_L_affected,3,024,56.327542275236645,55.475527767680056,30.59310102840454
P15,trial_64_L_affected,3,034,54.74124822508798,57.000740812571486,36.135498686313156
P15,trial_64_L_affected,3,123,63.75478618926331,56.99592276687446,40.40839789063689
P15,trial_64_L_affected,3,124,53.222629362069256,53.143627965770804,31.786316488950863
P15,trial_64_L_affected,3,134,54.59101382856845,52.50737310061429,34.382922685892346
P15,trial_64_L_affected,3,234,55.54764272504167,61.87504753538214,34.56143609274484
P15,trial_64_L_affected,4,0123,63.18052235453997,53.55989721810751,34.010018191256606
P15,trial_64_L_affected,4,0124,56.495168760489925,51.28106120905118,30.160374879741273
P15,trial_64_L_affected,4,0134,56.2406750958457,50.558252890098295,31.926909217697393
P15,trial_64_L_affected,4,0234,56.96123131827588,57.683899971618914,32.81415096426584
P15,trial_64_L_affected,4,1234,55.41829272151004,55.15372437830701,33.186182733115594
P15,trial_64_L_affected,5,01234,57.24844032713789,53.354218807910506,31.474674790407445
P15,trial_65_L_affected,2,01,67.12419546818305,46.420838569037194,37.507428716281034
P15,trial_65_L_affected,2,02,66.03465029286738,57.814252664264565,30.8835797430543
P15,trial_65_L_affected,2,03,61.203498664539836,57.52638133128433,34.02128607781724
P15,trial_65_L_affected,2,04,56.3992077296787,46.351336643074404,35.31769774037642
P15,trial_65_L_affected,2,12,56.76727103385011,64.45480492171394,46.91374146614704
P15,trial_65_L_affected,2,13,63.41660524175108,56.600282910474164,39.4102692193284
P15,trial_65_L_affected,2,14,53.76078126766615,46.5038205205564,34.99751008745797
P15,trial_65_L_affected,2,23,77.3342723048331,67.10320383384914,41.247850604646146
P15,trial_65_L_affected,2,24,53.74948579817572,60.76156299044932,30.01972216946713
P15,trial_65_L_affected,2,34,58.060345820582455,67.05485318417152,38.42246094015522
P15,trial_65_L_affected,3,012,63.91253439980334,53.75111839013555,30.655448481277567
P15,trial_65_L_affected,3,013,62.60550312573976,51.75478980014378,32.59176840880864
P15,trial_65_L_affected,3,014,57.027481742980974,44.978629938659196,30.25523269554671
P15,trial_65_L_affected,3,023,65.03760123925935,58.48843299629155,31.91215573369026
P15,trial_65_L_affected,3,024,56.92447851237253,55.32037147430418,28.73971931089276
P15,trial_65_L_affected,3,034,55.068566378022325,57.11841956635379,33.425832753071354
P15,trial_65_L_affected,3,123,64.10242701106705,59.23347430510683,37.70572036523618
P15,trial_65_L_affected,3,124,54.45870786947856,53.565345571793706,29.706470954905654
P15,trial_65_L_affected,3,134,55.658533460294024,53.66045358094853,32.25975598303339
P15,trial_65_L_affected,3,234,56.24811605454458,62.56674995336038,32.36914039695171
P15,trial_65_L_affected,4,0123,63.49429974696916,54.86851485700444,31.12114031893155
P15,trial_65_L_affected,4,0124,57.37215960818259,51.41826544821956,27.78077048186466
P15,trial_65_L_affected,4,0134,56.97689795794453,51.22181782723026,29.779656747015178
P15,trial_65_L_affected,4,0234,57.483769363079645,57.980631158176074,30.633393970720725
P15,trial_65_L_affected,4,1234,56.36114738037013,56.13289046632654,30.59701730627163
P15,trial_65_L_affected,5,01234,57.93499246177629,54.028221779991014,29.049373707540443
P15,trial_66_L_affected,2,01,67.4787893394426,44.89572831194368,34.33207014251396
P15,trial_66_L_affected,2,02,66.75925161494952,58.76548207853442,28.997650747999646
P15,trial_66_L_affected,2,03,62.010479397357074,58.032728681703354,32.01178429395186
P15,trial_66_L_affected,2,04,59.74016057360532,47.75238350018521,37.435281174849834
P15,trial_66_L_affected,2,12,58.762574133076406,63.413188818163086,46.065437327523895
P15,trial_66_L_affected,2,13,64.71114942254566,56.09434510210171,41.58634744687061
P15,trial_66_L_affected,2,14,55.84002199498863,46.30702443438028,38.1350904548705
P15,trial_66_L_affected,2,23,77.38276473271817,70.54812867673992,42.82043147591374
P15,trial_66_L_affected,2,24,56.854958788585684,63.73068320462517,34.48552816746575
P15,trial_66_L_affected,2,34,61.413656834007234,66.02956127758415,43.79071121024465
P15,trial_66_L_affected,3,012,64.98874128484456,54.13163100173703,30.130544851482192
P15,trial_66_L_affected,3,013,63.62826902473562,51.922054857948964,32.74156386447421
P15,trial_66_L_affected,3,014,58.35247898497707,45.412648810401926,31.51772458805942
P15,trial_66_L_affected,3,023,66.10484074725548,59.92553182873973,30.895794326566993
P15,trial_66_L_affected,3,024,59.001665438199765,56.80036347047314,29.412021359399837
P15,trial_66_L_affected,3,034,57.37409125486254,57.238867908767126,34.374182523501425
P15,trial_66_L_affected,3,123,65.73317241753698,60.15062803434619,40.1404978495201
P15,trial_66_L_affected,3,124,57.0451735916379,54.98030848857575,34.6003595431771
P15,trial_66_L_affected,3,134,57.9731831979335,53.28915705187427,36.860912111813185
P15,trial_66_L_affected,3,234,59.08482714283408,64.3633733574833,36.3403430199114
P15,trial_66_L_affected,4,0123,64.77987533208177,55.85303041169839,31.802819623905933
P15,trial_66_L_affected,4,0124,59.19624184976862,52.43264263740507,29.761584713769636
P15,trial_66_L_affected,4,0134,58.71821789092447,51.42581945360961,31.920077200587034
P15,trial_66_L_affected,4,0234,59.632725962311895,59.10633737077187,31.60047183798177
P15,trial_66_L_affected,4,1234,58.82532202744529,57.169184171043234,35.34751276584962
P15,trial_66_L_affected,5,01234,59.86536158592662,54.92456216331978,31.333108852187223
P15,trial_67_L_affected,2,01,66.2794248301974,46.97714477553851,33.67930707373836
P15,trial_67_L_affected,2,02,65.28404404062638,59.524375542907244,31.54659706940955
P15,trial_67_L_affected,2,03,60.681190538846614,60.66869353281104,33.34420901914721
P15,trial_67_L_affected,2,04,56.60941563144018,50.81679707044868,38.743824158836354
P15,trial_67_L_affected,2,12,56.148139782331484,63.35256842652418,43.26286600508114
P15,trial_67_L_affected,2,13,62.70831149498361,57.070528576433524,36.96162951388836
P15,trial_67_L_affected,2,14,54.22834447566298,46.075283896503926,33.237557848425716
P15,trial_67_L_affected,2,23,75.85842936549878,67.57005248323644,41.94687666064013
P15,trial_67_L_affected,2,24,55.18933459325757,61.787475146088546,33.273334614863906
P15,trial_67_L_affected,2,34,57.730691952433354,68.47749345732535,40.64131976312796
P15,trial_67_L_affected,3,012,63.2324733871273,54.49926184165611,28.681062545243993
P15,trial_67_L_affected,3,013,61.84397251734259,52.8695957245065,29.195838868570828
P15,trial_67_L_affected,3,014,56.796995508661865,46.241903944968314,29.768616539074223
P15,trial_67_L_affected,3,023,64.5655011191404,60.71567364637178,31.192753060780028
P15,trial_67_L_affected,3,024,57.409537403051,57.28435361532106,31.77545558244478
P15,trial_67_L_affected,3,034,55.461040408919864,59.91653022267296,35.29705317199941
P15,trial_67_L_affected,3,123,63.52381408944351,59.604510111940314,36.02456229637944
P15,trial_67_L_affected,3,124,55.282644871397245,53.73702693927789,29.845115667163117
P15,trial_67_L_affected,3,134,56.407182683957316,54.18385929462244,31.142154540608214
P15,trial_67_L_affected,3,234,57.42253543608002,64.0417837897478,33.613856480054885
P15,trial_67_L_affected,4,0123,62.92222912270622,55.97173333078755,29.00945799075756
P15,trial_67_L_affected,4,0124,57.5837956019078,52.50040915542224,28.67392711139309
P15,trial_67_L_affected,4,0134,57.132587943620265,52.571407636670735,28.95714936286622
P15,trial_67_L_affected,4,0234,58.08090643686001,60.070110602358035,31.87632871491743
P15,trial_67_L_affected,4,1234,57.21796918015638,56.85616230354401,29.91099146916581
P15,trial_67_L_affected,5,01234,58.256560774678704,55.285627284929625,28.720725421627897
P15,trial_68_L_affected,2,01,67.05561366833471,47.652328690616265,37.48877378277822
P15,trial_68_L_affected,2,02,65.03141251034324,57.096153680681994,30.130602493992672
P15,trial_68_L_affected,2,03,60.56682280894356,60.555181997937275,31.95111749926583
P15,trial_68_L_affected,2,04,56.12315205025741,51.4122612603853,36.551169333773146
P15,trial_68_L_affected,2,12,56.648118190923626,60.32976871667302,47.7036891408228
P15,trial_68_L_affected,2,13,62.57981833026495,56.34283476668276,38.44774926549795
P15,trial_68_L_affected,2,14,54.43251027036618,47.69960939148004,36.206279691849964
P15,trial_68_L_affected,2,23,74.94292081216453,63.36501642681361,44.52005821016597
P15,trial_68_L_affected,2,24,54.26909423350729,58.720645816142685,34.89280924289558
P15,trial_68_L_affected,2,34,58.56430408660397,68.62782189232502,41.909425547873695
P15,trial_68_L_affected,3,012,63.603012321613846,53.14920308958307,29.589556679001774
P15,trial_68_L_affected,3,013,61.9764731284917,52.59979312893142,29.403539061890992
P15,trial_68_L_affected,3,014,56.71158980075227,47.30825799421564,30.826304939465487
P15,trial_68_L_affected,3,023,64.2512220418877,58.6394828831579,29.66196359996215
P15,trial_68_L_affected,3,024,56.5978479733975,55.642056189166695,30.79272328196727
P15,trial_68_L_affected,3,034,54.99775035165789,60.07929186672836,33.562603129327044
P15,trial_68_L_affected,3,123,63.05967806317404,57.60870311576659,36.93747871519112
P15,trial_68_L_affected,3,124,55.0398985920079,52.91103930784135,33.59631773415473
P15,trial_68_L_affected,3,134,55.963715187981876,54.49464058895219,33.25521250429826
P15,trial_68_L_affected,3,234,56.91758609246882,61.48255070410665,33.93779563782142
P15,trial_68_L_affected,4,0123,62.8843318360048,54.5294496872882,28.738546000765812
P15,trial_68_L_affected,4,0124,57.30080965538479,51.89720593172267,29.41469133141645
P15,trial_68_L_affected,4,0134,56.768010725929834,52.86169521066866,28.80664649642146
P15,trial_68_L_affected,4,0234,57.41476145119307,58.59189258607885,30.596810122997457
P15,trial_68_L_affected,4,1234,56.67195314235405,55.69754465075264,31.957161513318407
P15,trial_68_L_affected,5,01234,57.8292234363058,54.44755480337604,28.651769339584828
P15,trial_69_L_affected,2,01,67.89291458205004,47.0382686377972,35.50718225300569
P15,trial_69_L_affected,2,02,65.16265218154855,55.29818063083281,31.005886154460207
P15,trial_69_L_affected,2,03,61.25224315525207,59.58570449749502,33.78888787355159
P15,trial_69_L_affected,2,04,56.43127732985427,50.433844441731274,34.35297733808404
P15,trial_69_L_affected,2,12,60.058872968887705,59.07870033749707,45.29256792977462
P15,trial_69_L_affected,2,13,66.25118195222949,57.03342949308922,41.27091804943111
P15,trial_69_L_affected,2,14,55.37712875844223,48.12134540963247,33.7976659766107
P15,trial_69_L_affected,2,23,77.63677262007711,60.5710419510059,48.706194453928426
P15,trial_69_L_affected,2,24,53.94899455484524,56.49593901655675,32.570694368274296
P15,trial_69_L_affected,2,34,57.860928399448426,69.91058556430303,40.61025756367537
P15,trial_69_L_affected,3,012,64.73450062969363,52.33564210450509,30.470498053480103
P15,trial_69_L_affected,3,013,63.82677817429394,53.0355978928872,32.76904248727454
P15,trial_69_L_affected,3,014,58.02545850396941,47.14260164541463,29.714609652943135
P15,trial_69_L_affected,3,023,64.93960753866455,57.453939994961665,32.91386695974502
P15,trial_69_L_affected,3,024,57.044070740177,54.22036112014956,29.913669445062304
P15,trial_69_L_affected,3,034,55.636062035056334,59.78683645860027,33.7200578307857
P15,trial_69_L_affected,3,123,66.50428877975969,57.065039173378146,39.91462876468038
P15,trial_69_L_affected,3,124,55.90155338570823,52.27475643461539,31.874152389070623
P15,trial_69_L_affected,3,134,57.662243311650954,55.57020530780621,34.442786347161515
P15,trial_69_L_affected,3,234,56.871037510836345,60.53291230507475,34.54577683820068
P15,trial_69_L_affected,4,0123,64.54331735548362,54.25406636811184,32.22472489458926
P15,trial_69_L_affected,4,0124,58.404618087496914,51.18982049041997,29.0457179991408
P15,trial_69_L_affected,4,0134,58.28848123778726,53.300661409884924,30.63734854841698
P15,trial_69_L_affected,4,0234,57.99696956128659,57.67159067365112,31.648205350920087
P15,trial_69_L_affected,4,1234,58.114305832419134,55.62853383329212,33.14106530728652
P15,trial_69_L_affected,5,01234,59.15035444024597,54.193884839186794,30.45312720020134
P15,trial_6_R_unaffected,2,01,51.906358969711256,69.36204643937684,47.55691696709708
P15,trial_6_R_unaffected,2,02,46.78586333616903,57.590768115716216,47.61673592791443
P15,trial_6_R_unaffected,2,03,43.5566876271792,49.33338823054095,37.291444502048655
P15,trial_6_R_unaffected,2,04,49.23115842072531,34.89379717954593,46.101270275320765
P15,trial_6_R_unaffected,2,12,69.14760696102498,83.94523184649906,59.30073842238009
P15,trial_6_R_unaffected,2,13,59.893052915314755,54.242686942357615,43.98891727581689
P15,trial_6_R_unaffected,2,14,49.51891232259839,46.95557874151304,43.3672740513937
P15,trial_6_R_unaffected,2,23,56.569529692334854,57.13037428158415,63.690235325928
P15,trial_6_R_unaffected,2,24,50.20238181675119,44.96641368665188,44.76786974186854
P15,trial_6_R_unaffected,2,34,50.401500698020506,40.640546395867425,38.65778431866504
P15,trial_6_R_unaffected,3,012,51.120600879568016,62.225654346198375,42.9103756040835
P15,trial_6_R_unaffected,3,013,49.72788813528989,53.83006764122885,39.896453606019165
P15,trial_6_R_unaffected,3,014,46.62200391047602,47.25956107159672,44.18830242266554
P15,trial_6_R_unaffected,3,023,47.412117575153445,49.80234166020714,42.53378936390434
P15,trial_6_R_unaffected,3,024,44.96463998379704,43.97300507592515,41.94315120774442
P15,trial_6_R_unaffected,3,034,44.718814532333056,40.02674517678822,35.643662473621994
P15,trial_6_R_unaffected,3,123,61.49512543415628,53.78608993333412,45.19217515965706
P15,trial_6_R_unaffected,3,124,52.533957952380355,48.86608139760223,39.36176847055545
P15,trial_6_R_unaffected,3,134,51.84042766980747,45.8124702837944,39.19036228653773
P15,trial_6_R_unaffected,3,234,50.977443345709816,44.58868984927082,43.22832684792759
P15,trial_6_R_unaffected,4,0123,51.46825303512983,53.3268711262165,40.38639527504193
P15,trial_6_R_unaffected,4,0124,47.84957800411903,49.07899013980484,40.223988093031686
P15,trial_6_R_unaffected,4,0134,47.61305937624674,46.11046587082024,38.72940010405428
P15,trial_6_R_unaffected,4,0234,46.52550064079909,44.193380158993975,39.46601503723237
P15,trial_6_R_unaffected,4,1234,53.36608062814008,47.48918544326278,39.54329138776092
P15,trial_6_R_unaffected,5,01234,49.05215534400382,47.64209345325441,38.787472756947004
P15,trial_70_L_affected,2,01,66.78337555841594,50.069315190935335,39.04988539513749
P15,trial_70_L_affected,2,02,65.56210694123878,56.26758912976736,32.46268409897229
P15,trial_70_L_affected,2,03,60.46948460788707,61.09558708670204,34.401088544858496
P15,trial_70_L_affected,2,04,57.248661386737446,49.889988617041226,36.173811314145276
P15,trial_70_L_affected,2,12,56.069444834667856,58.86036766440724,43.45970297387568
P15,trial_70_L_affected,2,13,61.81555867348017,58.31653321239244,37.90467751236085
P15,trial_70_L_affected,2,14,53.65604293933041,48.71942739638821,33.773718588899705
P15,trial_70_L_affected,2,23,74.92961139692268,61.746050287518564,45.60158677238454
P15,trial_70_L_affected,2,24,53.07258505073054,56.922871998938966,32.7702651505442
P15,trial_70_L_affected,2,34,57.06461679061107,70.04860253638273,41.33414901455138
P15,trial_70_L_affected,3,012,63.50665709939896,53.37230068025706,30.979599035359303
P15,trial_70_L_affected,3,013,61.627548966168334,54.07820346034274,31.11792909988935
P15,trial_70_L_affected,3,014,56.58976818217104,48.06851439300047,30.659385618990612
P15,trial_70_L_affected,3,023,64.48932197557167,58.47164525817961,32.49494124495338
P15,trial_70_L_affected,3,024,56.510608819657456,54.49611814541656,31.045047148355913
P15,trial_70_L_affected,3,034,54.410870157603476,60.41172140998894,34.62603244929679
P15,trial_70_L_affected,3,123,62.63043058999412,58.233646214249525,36.671866780709244
P15,trial_70_L_affected,3,124,53.98905528169425,52.490178089585115,30.253354851091245
P15,trial_70_L_affected,3,134,54.83547900891359,55.881731113649174,31.844496472486373
P15,trial_70_L_affected,3,234,55.42901276005058,60.970839284377,33.6767343702096
P15,trial_70_L_affected,4,0123,62.74179751650581,55.063593604625034,30.480484877963157
P15,trial_70_L_affected,4,0124,56.940392663245994,51.711107146823615,29.147041667386826
P15,trial_70_L_affected,4,0134,56.223632933881525,53.8338040233247,29.237388234291053
P15,trial_70_L_affected,4,0234,56.94728827515727,58.2129011177011,31.724866134970043
P15,trial_70_L_affected,4,1234,55.53825941487011,55.957903427097584,30.370742922882407
P15,trial_70_L_affected,5,01234,57.29397437977596,54.68376488478419,29.05490954415611
P15,trial_71_L_affected,2,01,65.88180044927795,45.51767777695876,39.19205558943554
P15,trial_71_L_affected,2,02,63.5703970675756,52.49872869113929,35.034793286159754
P15,trial_71_L_affected,2,03,61.2345808822314,59.16983692358432,38.01471920878972
P15,trial_71_L_affected,2,04,58.58672488754311,49.229654024612785,39.36818532542972
P15,trial_71_L_affected,2,12,55.562764883163915,53.43723503375209,46.53237388408596
P15,trial_71_L_affected,2,13,63.779542157664324,55.625190943053425,44.370576323409686
P15,trial_71_L_affected,2,14,55.36067798614756,47.85441885636162,41.60601571607236
P15,trial_71_L_affected,2,23,75.86604738499192,61.55769464707953,46.387355277955926
P15,trial_71_L_affected,2,24,54.88048413400504,54.88367064839546,40.25277474553808
P15,trial_71_L_affected,2,34,60.53276864075996,67.74760749939954,45.68142139698376
P15,trial_71_L_affected,3,012,62.57711868830746,49.137437674767476,34.837693540445784
P15,trial_71_L_affected,3,013,62.44013710932924,51.65856926934795,36.376517489949045
P15,trial_71_L_affected,3,014,57.44538364132528,46.32004353668741,37.174273278520054
P15,trial_71_L_affected,3,023,64.10433923153913,55.96936661259274,36.58917806182322
P15,trial_71_L_affected,3,024,57.11364963853238,52.31581150913485,35.891197323341665
P15,trial_71_L_affected,3,034,56.62915163683963,58.87834535336586,38.90031758144964
P15,trial_71_L_affected,3,123,63.63773937613653,55.013330557166135,43.640937202639385
P15,trial_71_L_affected,3,124,55.42528678294605,50.458535561047874,38.87809599429378
P15,trial_71_L_affected,3,134,57.61496942892631,54.50686751338805,39.52951826168417
P15,trial_71_L_affected,3,234,58.11410642151747,59.088858591147726,40.698687264262944
P15,trial_71_L_affected,4,0123,62.883060566432874,52.14326222318958,36.23519560523733
P15,trial_71_L_affected,4,0124,57.56838999788984,49.29372721183692,35.42130588517892
P15,trial_71_L_affected,4,0134,57.9743870843449,52.26295440961223,35.79512366079441
P15,trial_71_L_affected,4,0234,58.33362944092943,56.24510262525112,37.16709450594179
P15,trial_71_L_affected,4,1234,57.6881531073869,54.07662736253766,38.97363531563097
P15,trial_71_L_affected,5,01234,58.56165923043902,52.58886497810046,35.9512104222018
P15,trial_72_L_affected,2,01,63.58662252749606,46.648947307439016,36.78090388631187
P15,trial_72_L_affected,2,02,64.19982478682697,53.36545792456152,29.90591162144051
P15,trial_72_L_affected,2,03,60.50297342176975,60.386711914930984,30.512895315870104
P15,trial_72_L_affected,2,04,58.975769204363864,49.65412559471084,34.57946023361283
P15,trial_72_L_affected,2,12,54.59294278283307,57.913556640182705,42.129014588321255
P15,trial_72_L_affected,2,13,60.105490553501554,60.15853488225544,38.456348912075164
P15,trial_72_L_affected,2,14,52.8576421715194,48.60776702518907,37.74219425783042
P15,trial_72_L_affected,2,23,73.23132901175411,66.3209536415478,44.07606686185378
P15,trial_72_L_affected,2,24,54.87882677445956,57.32868552567983,34.32970851901085
P15,trial_72_L_affected,2,34,58.49045172793608,69.47717536825347,41.63272935188471
P15,trial_72_L_affected,3,012,61.626255939571024,50.4658118048174,29.67501484551865
P15,trial_72_L_affected,3,013,60.31994784060793,54.02843870541005,30.178458774535645
P15,trial_72_L_affected,3,014,55.41766966530172,47.55624642298603,32.63125885498301
P15,trial_72_L_affected,3,023,63.84671444177838,58.14917076117542,30.35875694030753
P15,trial_72_L_affected,3,024,57.32295205199224,53.525237066121655,30.471177772886644
P15,trial_72_L_affected,3,034,55.89347965131552,59.69745444840117,32.13946104746002
P15,trial_72_L_affected,3,123,60.87984063858936,60.08884568578504,36.96369812670433
P15,trial_72_L_affected,3,124,53.747099283719,52.26374054735186,33.335472373349326
P15,trial_72_L_affected,3,134,54.92532453386483,56.376682001568234,33.914255847653216
P15,trial_72_L_affected,3,234,57.18968782620444,61.882549688507034,34.954597099005866
P15,trial_72_L_affected,4,0123,61.48845322538698,54.87394063141073,29.597863040038273
P15,trial_72_L_affected,4,0124,56.38790001432709,50.58075335683351,30.294700387147675
P15,trial_72_L_affected,4,0134,56.07225757316909,53.743581541583936,29.825412547749046
P15,trial_72_L_affected,4,0234,58.003906350703424,57.950781249558595,30.786887055418294
P15,trial_72_L_affected,4,1234,55.69503536169581,56.7086411561475,32.76101698330677
P15,trial_72_L_affected,5,01234,57.20342459933415,54.51846011653064,29.730910106718785
P15,trial_73_L_affected,2,01,61.44881395716928,48.33482737435157,36.24886327410842
P15,trial_73_L_affected,2,02,61.81374628157131,52.381314826310195,29.247548212994495
P15,trial_73_L_affected,2,03,58.302184097837205,58.34451199046375,30.343957022678516
P15,trial_73_L_affected,2,04,56.819782237272946,47.16441507341842,34.00518523056218
P15,trial_73_L_affected,2,12,52.966333395053205,56.64956069450963,44.31399763277777
P15,trial_73_L_affected,2,13,59.66693229846333,58.49754897214033,39.08080777950117
P15,trial_73_L_affected,2,14,52.3754433316776,48.836973701085824,36.187627936247225
P15,trial_73_L_affected,2,23,73.81913931462479,62.997133067579206,45.265944462999286
P15,trial_73_L_affected,2,24,53.87142830748557,55.80118917184691,33.305067650031454
P15,trial_73_L_affected,2,34,59.18106734020238,67.37556524216032,39.94686236981423
P15,trial_73_L_affected,3,012,59.586575790523135,50.503302399551934,29.04119562889733
P15,trial_73_L_affected,3,013,58.83265614672123,53.12246544630837,30.179801033688268
P15,trial_73_L_affected,3,014,54.18521820323276,47.18624832265456,30.366146179451896
P15,trial_73_L_affected,3,023,61.96858473593002,56.26029629335312,30.25960231301427
P15,trial_73_L_affected,3,024,55.383273227267566,51.86536693905075,29.175503800749066
P15,trial_73_L_affected,3,034,54.34019367793163,57.64296647330446,31.78106972868897
P15,trial_73_L_affected,3,123,60.392604327453334,58.29787683679865,38.0455081646552
P15,trial_73_L_affected,3,124,52.8598473854116,51.35449454050345,32.51266789045434
P15,trial_73_L_affected,3,134,54.30281763390936,55.224666611287184,33.33901864152651
P15,trial_73_L_affected,3,234,56.743680035151755,59.65468182840751,34.25586906693
P15,trial_73_L_affected,4,0123,59.94858564195195,53.71979142639669,29.60094026014068
P15,trial_73_L_affected,4,0124,54.826133623742145,49.79231072948278,28.944377235724716
P15,trial_73_L_affected,4,0134,54.82376518591148,52.6239601176403,28.972504448720684
P15,trial_73_L_affected,4,0234,56.413562181465956,55.975993445718636,30.167185555303217
P15,trial_73_L_affected,4,1234,54.963377282533244,55.15311398978643,32.29071892147251
P15,trial_73_L_affected,5,01234,55.84327126931326,53.19007246718971,29.067436987703612
P15,trial_74_L_affected,2,01,63.2640009500425,48.1472958289875,37.31667810019711
P15,trial_74_L_affected,2,02,63.277292224602874,56.16518475811854,30.552693407204444
P15,trial_74_L_affected,2,03,59.76774258408704,61.02916167937971,29.731093826639476
P15,trial_74_L_affected,2,04,56.46701279901609,51.34193425646364,35.51110217458935
P15,trial_74_L_affected,2,12,52.92824247777924,58.91927636517274,44.531425931223396
P15,trial_74_L_affected,2,13,58.87653617943089,57.1326899664961,35.02493229403211
P15,trial_74_L_affected,2,14,51.87525758771712,47.796797953801054,34.269168328175134
P15,trial_74_L_affected,2,23,71.22749894491315,63.185248597225915,42.77026499159405
P15,trial_74_L_affected,2,24,53.05769776793274,58.78405149497533,33.262142651358666
P15,trial_74_L_affected,2,34,57.6443084913301,68.50298031361194,39.85973135207857
P15,trial_74_L_affected,3,012,60.7817732339524,52.52555671387406,30.273394770967602
P15,trial_74_L_affected,3,013,59.3943608751159,53.07601619239119,28.405856733608054
P15,trial_74_L_affected,3,014,54.55310558138686,47.46357092208469,31.436428077870858
P15,trial_74_L_affected,3,023,62.641338338833464,58.944168479166095,28.53192330457275
P15,trial_74_L_affected,3,024,55.58269482793291,55.13573639754116,30.601555574211865
P15,trial_74_L_affected,3,034,54.186398479982394,60.23209657097135,32.17115047976284
P15,trial_74_L_affected,3,123,59.63422274637854,58.28533056988191,33.772770233736495
P15,trial_74_L_affected,3,124,52.501312861745575,52.74959458635054,31.347182070557366
P15,trial_74_L_affected,3,134,53.42502462960471,54.72547662161934,30.51405744184284
P15,trial_74_L_affected,3,234,55.31727442465306,61.71819005526438,32.53505067208618
P15,trial_74_L_affected,4,0123,60.388648595506794,54.78774575713171,27.948301863674036
P15,trial_74_L_affected,4,0124,55.18278100894911,51.50442702143149,29.70664314661125
P15,trial_74_L_affected,4,0134,54.76682879223709,53.03001868907927,27.804883515608473
P15,trial_74_L_affected,4,0234,56.16182335393057,58.59611863064233,29.587671334473114
P15,trial_74_L_affected,4,1234,54.130964001762614,55.931833031607304,29.556037191460376
P15,trial_74_L_affected,5,01234,55.75974806731695,54.47929261502468,27.851051364264958
P15,trial_75_L_affected,2,01,63.371979537973665,47.27445365455547,42.92247212771959
P15,trial_75_L_affected,2,02,64.18832785757665,54.22052491222388,33.15686111557017
P15,trial_75_L_affected,2,03,59.70760783045827,60.27928865381639,33.37585241361438
P15,trial_75_L_affected,2,04,58.6855262700183,47.49642216447003,34.547322807816435
P15,trial_75_L_affected,2,12,52.427832393751956,58.055977056704094,46.187836676493426
P15,trial_75_L_affected,2,13,59.504621660782135,57.69241041088901,39.242419129379435
P15,trial_75_L_affected,2,14,51.66061181322703,47.472999364492395,36.22961167454241
P15,trial_75_L_affected,2,23,74.37151334040006,62.83683141821234,47.78292883607446
P15,trial_75_L_affected,2,24,53.383724215250126,57.10319559404172,33.565538916707055
P15,trial_75_L_affected,2,34,58.581668514235986,69.14136190185623,40.11893380114409
P15,trial_75_L_affected,3,012,61.154715546162194,50.766825915055584,32.67372307885351
P15,trial_75_L_affected,3,013,59.75545497139751,52.58997959589485,32.175591018718464
P15,trial_75_L_affected,3,014,54.221131285857396,46.16345839174434,32.99861589440243
P15,trial_75_L_affected,3,023,63.58830091573183,57.75962024361089,33.126270757619835
P15,trial_75_L_affected,3,024,55.74778664230894,53.23871858845037,31.04366213030409
P15,trial_75_L_affected,3,034,53.862695736723424,59.21995255630181,32.690341611065215
P15,trial_75_L_affected,3,123,60.441241097903976,58.140995080692036,37.923485456839586
P15,trial_75_L_affected,3,124,52.48632882099036,51.48914351398651,31.96674990292468
P15,trial_75_L_affected,3,134,53.35178444260546,54.56210656886342,32.081854479396476
P15,trial_75_L_affected,3,234,55.86516061412019,60.86913639209138,34.25142999685378
P15,trial_75_L_affected,4,0123,61.020865556355936,53.80504877184908,31.70384199816076
P15,trial_75_L_affected,4,0124,55.03458289668369,49.942932710221335,30.481432420719635
P15,trial_75_L_affected,4,0134,54.563063235383176,52.28984879431108,29.406989589603736
P15,trial_75_L_affected,4,0234,56.30900471944776,57.41601964335428,31.427113959993655
P15,trial_75_L_affected,4,1234,54.25802382507292,55.20446878488681,31.384224940525463
P15,trial_75_L_affected,5,01234,55.78469397736504,53.43910975464335,29.748749055769466
P15,trial_76_L_affected,2,01,58.49434683454514,51.59794257698114,40.42031531938259
P15,trial_76_L_affected,2,02,60.835172597025185,58.99287587692869,31.2455039052987
P15,trial_76_L_affected,2,03,57.49730722174306,60.79498942631728,32.512795473551996
P15,trial_76_L_affected,2,04,56.659518735537645,48.10174111280411,35.892511840406804
P15,trial_76_L_affected,2,12,53.0338405645531,60.83083415612973,38.402909912475124
P15,trial_76_L_affected,2,13,58.44024876761258,57.92626230595379,38.39649651808936
P15,trial_76_L_affected,2,14,50.85552777612717,47.81625851103674,36.551932499000586
P15,trial_76_L_affected,2,23,71.24732114494513,70.24162883689887,41.09264967497801
P15,trial_76_L_affected,2,24,52.81148672083078,62.20049331101505,32.02013323641669
P15,trial_76_L_affected,2,34,59.58611264389387,66.58686783723469,40.59462513282989
P15,trial_76_L_affected,3,012,58.40636974127314,55.05521690756957,31.895405474396917
P15,trial_76_L_affected,3,013,57.21789472568291,53.8037515229303,31.36079441438318
P15,trial_76_L_affected,3,014,52.39773224883817,47.890724592918076,33.45980635617699
P15,trial_76_L_affected,3,023,60.748022279927206,60.88287569891093,30.308368728965345
P15,trial_76_L_affected,3,024,53.9509829769708,56.741327460434505,29.81490521474799
P15,trial_76_L_affected,3,034,52.76867821105983,58.89611120355568,33.44389721061429
P15,trial_76_L_affected,3,123,59.603935339458886,60.59804078780032,36.593753026418355
P15,trial_76_L_affected,3,124,51.96633655297993,54.4945594346771,30.92920714108298
P15,trial_76_L_affected,3,134,52.25934089354647,54.551495539931416,32.48034189432471
P15,trial_76_L_affected,3,234,55.11980046287147,63.763549945709876,33.02200623044179
P15,trial_76_L_affected,4,0123,58.690213561669964,56.55941628131069,30.502057850934424
P15,trial_76_L_affected,4,0124,53.4288207116007,53.03341268737529,30.071042018214573
P15,trial_76_L_affected,4,0134,52.87736845515363,52.95043203900731,29.654527055269682
P15,trial_76_L_affected,4,0234,54.680522395335004,59.605610164130084,30.276326727368627
P15,trial_76_L_affected,4,1234,53.346130592870104,57.29614339711687,31.07038026045884
P15,trial_76_L_affected,5,01234,54.172726967837185,55.55422999362685,29.286812147024172
P15,trial_77_L_affected,2,01,60.31544903030418,50.09313118813267,42.82065234797054
P15,trial_77_L_affected,2,02,61.54041622178705,56.1297666354615,32.31875612093197
P15,trial_77_L_affected,2,03,56.613317924040096,59.487307567005054,33.025884962193615
P15,trial_77_L_affected,2,04,56.0720421168192,47.94635029286389,34.230293127049706
P15,trial_77_L_affected,2,12,52.19388511565904,59.9436233718507,44.32936648549384
P15,trial_77_L_affected,2,13,56.4453053543065,59.098421979185794,38.174557064864864
P15,trial_77_L_affected,2,14,52.020699490803864,47.88579663630851,38.24895411746177
P15,trial_77_L_affected,2,23,68.94238353334882,70.26248216140581,39.53510937993475
P15,trial_77_L_affected,2,24,53.828270181043806,59.536455606459576,32.471634191095866
P15,trial_77_L_affected,2,34,56.669423597618966,67.32297866568445,38.51420320765492
P15,trial_77_L_affected,3,012,59.01102004296498,52.906861123932835,32.89961289002305
P15,trial_77_L_affected,3,013,56.789651788295075,53.551216280937,32.30918086155055
P15,trial_77_L_affected,3,014,53.670514264128244,47.33025253778616,33.71372362448368
P15,trial_77_L_affected,3,023,60.48843535382929,59.08407203237372,30.85951642672551
P15,trial_77_L_affected,3,024,55.21644025643583,54.52388621162084,29.58802341152316
P15,trial_77_L_affected,3,034,53.03023571219009,58.50350499792763,32.154776895056955
P15,trial_77_L_affected,3,123,57.859521520178866,60.7970441122479,36.2801410174856
P15,trial_77_L_affected,3,124,53.035876875752066,53.03410649423529,32.2904307793709
P15,trial_77_L_affected,3,134,52.81524372278501,55.147240995702305,33.59225924959267
P15,trial_77_L_affected,3,234,55.33976702584741,62.51034168653853,32.41732264580781
P15,trial_77_L_affected,4,0123,58.355262951777256,55.5201499469493,30.905284705859827
P15,trial_77_L_affected,4,0124,54.62669778279144,51.382261743423506,30.44687644643896
P15,trial_77_L_affected,4,0134,53.52449332847745,52.80541040416681,30.488022429439187
P15,trial_77_L_affected,4,0234,55.41366157477785,58.20884434050379,29.82795345616581
P15,trial_77_L_affected,4,1234,53.978995143400766,56.79740034120302,31.68227324170792
P15,trial_77_L_affected,5,01234,54.873459820532894,54.60676648378684,29.635176732037323
P15,trial_78_L_affected,2,01,58.19400312437001,49.755265370892495,40.95912789986972
P15,trial_78_L_affected,2,02,60.13787137193304,53.06855085557797,31.003638332073404
P15,trial_78_L_affected,2,03,56.61878916891035,59.81891841499133,31.420743117603024
P15,trial_78_L_affected,2,04,55.600675407080615,48.674563771205705,36.977632201402436
P15,trial_78_L_affected,2,12,50.57657998100194,56.388742067458985,46.59162746437722
P15,trial_78_L_affected,2,13,57.58914695930151,58.84017757462589,38.27262066700014
P15,trial_78_L_affected,2,14,52.1967212993793,50.44267310841481,38.407594657447035
P15,trial_78_L_affected,2,23,72.97358268713825,62.531866992205174,43.21242570506524
P15,trial_78_L_affected,2,24,53.933975895449365,55.83449278550474,34.33873607149707
P15,trial_78_L_affected,2,34,58.18816199265782,71.0569314924362,42.02676179528375
P15,trial_78_L_affected,3,012,57.23194902149366,50.741774511713444,30.448520527257998
P15,trial_78_L_affected,3,013,56.38457617929304,53.50719641809954,30.13388244823831
P15,trial_78_L_affected,3,014,53.46842656179794,48.573602949841,32.16025227449536
P15,trial_78_L_affected,3,023,60.12499545638995,56.771129237768434,29.524618808265636
P15,trial_78_L_affected,3,024,54.9510876890558,52.666033324391044,30.332321569623346
P15,trial_78_L_affected,3,034,53.779898674704704,59.82796345754623,32.758609368364006
P15,trial_78_L_affected,3,123,58.453730688527614,58.192015156190244,36.64197847103915
P15,trial_78_L_affected,3,124,52.544464266958336,51.85613033425756,33.2151658779975
P15,trial_78_L_affected,3,134,53.5751673315433,56.3117138530212,32.582527759649786
P15,trial_78_L_affected,3,234,56.54804972327829,60.5700965018476,33.5248568565808
P15,trial_78_L_affected,4,0123,57.691432422701055,53.77155873082613,29.043899804879036
P15,trial_78_L_affected,4,0124,53.98548334359301,50.4944742943053,29.544277992544302
P15,trial_78_L_affected,4,0134,53.69289303280696,53.651505644221004,28.307095330572764
P15,trial_78_L_affected,4,0234,55.76728400638068,57.038586359578176,29.693300504595552
P15,trial_78_L_affected,4,1234,54.352431599093045,55.68968144767005,31.22793303943854
P15,trial_78_L_affected,5,01234,54.783601335817245,53.822482361103866,28.0782952609948
P15,trial_79_L_affected,2,01,59.71382706441905,50.03648735783194,42.989365451533416
P15,trial_79_L_affected,2,02,61.877874689288575,52.529067540333195,32.83150235044632
P15,trial_79_L_affected,2,03,56.9702920393675,58.96849321630139,36.25363241992127
P15,trial_79_L_affected,2,04,56.30256865497725,46.77624624617392,40.932450353893294
P15,trial_79_L_affected,2,12,52.41303329139157,54.85859458995572,41.3011472421003
P15,trial_79_L_affected,2,13,57.84784248604475,57.4519111177027,40.35466628860087
P15,trial_79_L_affected,2,14,53.71772337578572,50.201278915557815,37.83417289295527
P15,trial_79_L_affected,2,23,73.52610371035969,62.289663115419515,48.75649890085807
P15,trial_79_L_affected,2,24,56.0253468261402,56.0998246652883,35.15713039961316
P15,trial_79_L_affected,2,34,59.592352544846186,71.37360122004017,44.029206267820214
P15,trial_79_L_affected,3,012,58.74683311914258,50.59797234067684,32.541397639758934
P15,trial_79_L_affected,3,013,57.11139965176876,52.46185164802611,34.16242623474089
P15,trial_79_L_affected,3,014,54.96659868378583,47.491715728833725,34.27999400057129
P15,trial_79_L_affected,3,023,61.02253267462634,55.881502333362654,33.99618685372051
P15,trial_79_L_affected,3,024,56.65782573102673,51.79216969768007,32.93372737520974
P15,trial_79_L_affected,3,034,54.84219665057942,58.770107803120325,36.41445302291441
P15,trial_79_L_affected,3,123,59.03778607027047,57.02815135557657,38.17513761455528
P15,trial_79_L_affected,3,124,54.508020499205855,52.205433459177954,33.65199852100476
P15,trial_79_L_affected,3,134,55.033648954991314,56.015661208599376,35.72907904273302
P15,trial_79_L_affected,3,234,58.146261609798664,60.43720622090758,36.464565898826166
P15,trial_79_L_affected,4,0123,58.61487317388822,52.920096757939014,32.53778005959684
P15,trial_79_L_affected,4,0124,55.67744204891556,50.09408935095548,31.83855317847698
P15,trial_79_L_affected,4,0134,54.94703866384793,52.765688384039564,32.50919182405559
P15,trial_79_L_affected,4,0234,57.067177306454596,56.24894941257625,33.73181674841661
P15,trial_79_L_affected,4,1234,55.9509145517343,55.469924808875824,33.88404919438683
P15,trial_79_L_affected,5,01234,56.149188110779406,53.19328656275857,31.862676781502785
P15,trial_7_R_unaffected,2,01,49.852755046233774,68.9898216439003,39.33199133079831
P15,trial_7_R_unaffected,2,02,44.80148898277351,57.35672330424295,41.821230171381536
P15,trial_7_R_unaffected,2,03,42.26719638663647,48.62152610182544,33.99875049513729
P15,trial_7_R_unaffected,2,04,50.64117020808034,35.501622017279594,45.71822903533569
P15,trial_7_R_unaffected,2,12,67.49900053334348,81.76158676729517,53.83752125767195
P15,trial_7_R_unaffected,2,13,59.291265032179375,54.490989493817096,41.69694046157132
P15,trial_7_R_unaffected,2,14,48.94287455357824,47.433746532426156,41.526869229290256
P15,trial_7_R_unaffected,2,23,56.746599645779,57.18833385374498,59.282256208868475
P15,trial_7_R_unaffected,2,24,49.18394511760043,46.04056113640635,43.477969524765534
P15,trial_7_R_unaffected,2,34,50.37582733572962,42.20176373896459,36.93899779776707
P15,trial_7_R_unaffected,3,012,49.13656086715447,62.01870254717118,37.46963736582042
P15,trial_7_R_unaffected,3,013,48.4835177588459,53.15875465232337,36.241051952262104
P15,trial_7_R_unaffected,3,014,45.75090763805772,46.75356018070601,39.68713128086079
P15,trial_7_R_unaffected,3,023,46.36621430336581,49.62726357385008,38.72658086624326
P15,trial_7_R_unaffected,3,024,43.72142349896233,43.815743885508034,38.317955263196986
P15,trial_7_R_unaffected,3,034,43.72652464732481,40.13915769804471,34.0620563357493
P15,trial_7_R_unaffected,3,123,60.66594532459751,53.66019566699899,42.86801062516817
P15,trial_7_R_unaffected,3,124,51.794237471763374,49.26485178319386,37.48318723591611
P15,trial_7_R_unaffected,3,134,51.285754530501094,46.23601527857527,36.24875709434358
P15,trial_7_R_unaffected,3,234,50.57453377619636,45.6390514142284,41.02776284206959
P15,trial_7_R_unaffected,4,0123,50.25209400491423,53.090998374649104,37.03553241190567
P15,trial_7_R_unaffected,4,0124,46.67416909407865,48.71896979495347,36.53257816772581
P15,trial_7_R_unaffected,4,0134,46.60331912590736,45.84176889700174,35.53489319322712
P15,trial_7_R_unaffected,4,0234,45.620484996966105,44.24805753905988,36.516765205770724
P15,trial_7_R_unaffected,4,1234,52.77779819356205,47.96002239489836,37.04802269994757
P15,trial_7_R_unaffected,5,01234,48.0733243875309,47.496739132708264,35.731081733514756
P15,trial_80_L_affected,2,01,62.463693833380056,47.857465957559505,37.655306412520076
P15,trial_80_L_affected,2,02,64.28859285801352,56.51840811664455,29.971149345680544
P15,trial_80_L_affected,2,03,59.75235577648661,61.568155463168374,31.622680148932943
P15,trial_80_L_affected,2,04,56.90958616884334,50.365847735388186,35.53561329113313
P15,trial_80_L_affected,2,12,54.3321746685872,62.07982289375431,45.72790315845387
P15,trial_80_L_affected,2,13,59.713109331390484,60.609050888945625,40.340635849916445
P15,trial_80_L_affected,2,14,53.976259842065396,50.21167769234904,38.03097431609736
P15,trial_80_L_affected,2,23,73.99059820914005,67.30712063652169,46.36499683318546
P15,trial_80_L_affected,2,24,55.97394218482798,62.26047976629202,34.84544245610903
P15,trial_80_L_affected,2,34,59.58684725294722,73.55680013431912,43.18662910377942
P15,trial_80_L_affected,3,012,61.18862424085407,53.23264132986363,28.863621695895592
P15,trial_80_L_affected,3,013,59.427926043966366,54.81113984403969,31.7570685912492
P15,trial_80_L_affected,3,014,55.885253606240454,48.5806179743075,31.850037253705942
P15,trial_80_L_affected,3,023,63.74574078674169,60.27874965390664,30.93124060555343
P15,trial_80_L_affected,3,024,57.6147580571928,56.22453779512446,30.884547646447473
P15,trial_80_L_affected,3,034,55.71360308172356,61.50022163706654,33.716508588234674
P15,trial_80_L_affected,3,123,61.0158809293635,61.97632722089891,37.78341373132405
P15,trial_80_L_affected,3,124,55.178875893733306,55.67238921181483,33.38951377695909
P15,trial_80_L_affected,3,134,55.603805717960036,57.85473653781691,35.34790653455624
P15,trial_80_L_affected,3,234,58.26943783193242,65.72528262515877,36.115783262167476
P15,trial_80_L_affected,4,0123,61.08751702857312,56.68821409243612,30.081452755011405
P15,trial_80_L_affected,4,0124,56.91529384500238,53.01708371438086,29.943035334220685
P15,trial_80_L_affected,4,0134,56.08746187307324,54.92779832647761,30.636116844550077
P15,trial_80_L_affected,4,0234,58.24123553303891,60.461314533644135,31.623879762165938
P15,trial_80_L_affected,4,1234,56.70338884166625,59.20000356998832,33.31502741065573
P15,trial_80_L_affected,5,01234,57.49436118474378,56.558943481713435,30.048299961493033
P15,trial_81_L_affected,2,01,57.572620219114306,47.506162849440294,38.9410165909959
P15,trial_81_L_affected,2,02,60.671938657763725,53.3342810290944,30.584034731875256
P15,trial_81_L_affected,2,03,55.98651187918404,59.99656878876019,32.81993804114963
P15,trial_81_L_affected,2,04,55.78077786857509,44.796254464816116,33.60657532423911
P15,trial_81_L_affected,2,12,53.03611002465304,58.67568646290968,47.335308827413755
P15,trial_81_L_affected,2,13,58.77080009552387,60.03672001931524,42.234494171672786
P15,trial_81_L_affected,2,14,54.3421288978745,46.94709964672077,35.80531259972009
P15,trial_81_L_affected,2,23,74.21922671752702,65.43058128939589,48.33344220198215
P15,trial_81_L_affected,2,24,56.79519450297941,56.47925293753003,30.794103298847073
P15,trial_81_L_affected,2,34,59.58541031891841,69.97260032845908,39.360502029317644
P15,trial_81_L_affected,3,012,57.91008213469649,50.89338490635478,30.12597382449253
P15,trial_81_L_affected,3,013,56.52573350211421,53.76766936403334,33.3442697924833
P15,trial_81_L_affected,3,014,54.623586676954545,45.57467863651149,30.738385363303625
P15,trial_81_L_affected,3,023,60.3477136575421,57.69725278115983,31.505025441178613
P15,trial_81_L_affected,3,024,56.574467194872085,51.861579961150674,28.884850362842588
P15,trial_81_L_affected,3,034,54.53619929565692,58.86057692084705,32.55356514581408
P15,trial_81_L_affected,3,123,60.11809215342822,60.39259738434209,39.50752295344173
P15,trial_81_L_affected,3,124,55.40871091455341,51.57885159960485,30.814266927915327
P15,trial_81_L_affected,3,134,55.561242754447576,56.18451453835249,34.678166835952
P15,trial_81_L_affected,3,234,58.64685395283978,61.4330807962825,33.194569600377875
P15,trial_81_L_affected,4,0123,58.30324395679278,54.74442945845766,31.288019215197785
P15,trial_81_L_affected,4,0124,55.75167011291125,49.53961306329231,28.836727925409676
P15,trial_81_L_affected,4,0134,54.8255670284525,52.98708564300355,30.6235057665288
P15,trial_81_L_affected,4,0234,56.971306197849046,57.08034710199362,30.232743532521162
P15,trial_81_L_affected,4,1234,56.676915225257325,56.49013936495614,32.149969027863726
P15,trial_81_L_affected,5,01234,56.23916924355788,53.89978056275975,29.66658371997808
P15,trial_82_L_affected,2,01,60.2346159224931,47.340046180644215,40.48571042097269
P15,trial_82_L_affected,2,02,61.14342986156875,53.322235886029446,33.581310458146454
P15,trial_82_L_affected,2,03,57.93140306032025,58.28369340070057,35.398689329185295
P15,trial_82_L_affected,2,04,57.379100306007224,44.77227373341789,34.61502905587089
P15,trial_82_L_affected,2,12,53.71813065632701,57.69620499050763,42.79229703872531
P15,trial_82_L_affected,2,13,59.01989690536198,57.90781687573202,38.10181965093221
P15,trial_82_L_affected,2,14,54.57152631508502,47.59577305277364,33.67988586331465
P15,trial_82_L_affected,2,23,71.68385184336836,64.28267565771974,44.27301025448648
P15,trial_82_L_affected,2,24,55.79747646130844,56.47881779983352,30.89007973575521
P15,trial_82_L_affected,2,34,58.73410117816864,71.22539655175322,37.84044449015091
P15,trial_82_L_affected,3,012,58.75523547822241,50.826433360805964,32.853068504234884
P15,trial_82_L_affected,3,013,57.90048148121711,52.11175273363063,33.24834438012328
P15,trial_82_L_affected,3,014,56.227233745121936,45.29435874337087,30.39218665257163
P15,trial_82_L_affected,3,023,60.82040578526293,56.37657013744543,33.10691042755322
P15,trial_82_L_affected,3,024,56.826547562408464,51.76956807449948,30.31955797692641
P15,trial_82_L_affected,3,034,55.608770802232435,58.0804429259612,33.096115832018754
P15,trial_82_L_affected,3,123,59.825081801341305,58.39247620102756,35.92030500138274
P15,trial_82_L_affected,3,124,54.95945540926286,51.7348653119212,30.14476727467911
P15,trial_82_L_affected,3,134,55.8556967938842,55.68781395691691,32.92123908751118
P15,trial_82_L_affected,3,234,57.8879502926356,61.04520570018023,32.064761311976206
P15,trial_82_L_affected,4,0123,58.898611722246194,53.392519209727304,31.92751366201891
P15,trial_82_L_affected,4,0124,56.30994059776336,49.49956888609011,29.369950654586653
P15,trial_82_L_affected,4,0134,55.9073793343629,52.13892167447846,30.575780807728208
P15,trial_82_L_affected,4,0234,57.30089987022253,56.42954557881292,30.9953707824802
P15,trial_82_L_affected,4,1234,56.454364727755994,55.85738073776236,30.8031981747416
P15,trial_82_L_affected,5,01234,56.726603913406315,53.20009859137725,29.864769749741637
P15,trial_83_L_affected,2,01,60.83417378437556,48.470290553883494,38.37362039190268
P15,trial_83_L_affected,2,02,61.462040306001086,54.67617995462872,31.311355833102407
P15,trial_83_L_affected,2,03,57.87028047344326,59.799134900753074,32.259559976991454
P15,trial_83_L_affected,2,04,56.251226654331575,46.58448882002919,37.027515470445486
P15,trial_83_L_affected,2,12,53.49948853419063,61.74749117506819,44.14632632182264
P15,trial_83_L_affected,2,13,58.117591905941396,60.87149619788588,36.95415230507257
P15,trial_83_L_affected,2,14,53.321596818256815,49.83766916091314,34.86271781906426
P15,trial_83_L_affected,2,23,70.0229073664752,65.75764836687641,43.15283692347493
P15,trial_83_L_affected,2,24,54.18257672081604,58.10349940301651,32.783257480411464
P15,trial_83_L_affected,2,34,57.50783423912581,71.04421032867752,38.31105274990806
P15,trial_83_L_affected,3,012,58.98007204455086,52.3413774156766,30.224205215331555
P15,trial_83_L_affected,3,013,57.671035336799235,53.761602266411536,28.747490798902483
P15,trial_83_L_affected,3,014,55.496275873038385,47.26627228672042,29.727822402393382
P15,trial_83_L_affected,3,023,60.68131167899458,57.814530745504,29.955878292807366
P15,trial_83_L_affected,3,024,56.03740373768709,53.450329994110454,30.203966050589063
P15,trial_83_L_affected,3,034,54.64377738416693,59.21012126975339,32.23399415244156
P15,trial_83_L_affected,3,123,58.94567100267389,61.29617183741802,36.22996676243272
P15,trial_83_L_affected,3,124,53.6902170216744,53.76226903045442,30.994513626814093
P15,trial_83_L_affected,3,134,54.416173330203065,57.16662143192042,29.57641618740191
P15,trial_83_L_affected,3,234,56.13488951728905,62.20307632654673,31.305727784660288
P15,trial_83_L_affected,4,0123,58.67281697478423,55.06111588528301,28.29552538875716
P15,trial_83_L_affected,4,0124,55.614845044797654,51.298041361511764,28.305932708349975
P15,trial_83_L_affected,4,0134,55.0065553180531,53.56140417157103,26.581813572542323
P15,trial_83_L_affected,4,0234,56.33974313695338,57.771953759939265,29.251492295775385
P15,trial_83_L_affected,4,1234,55.007748084717505,57.51828826906436,28.88858392670487
P15,trial_83_L_affected,5,01234,55.8521914293948,54.740752213296304,26.7574454100741
P15,trial_84_L_affected,2,01,60.461872098125745,49.297987429575116,42.60751632982674
P15,trial_84_L_affected,2,02,61.70445870013718,55.56814990447381,33.928537651121715
P15,trial_84_L_affected,2,03,56.98284710511535,59.10908750562308,36.26330152173412
P15,trial_84_L_affected,2,04,55.47239339101536,46.14955266319125,37.87577987712946
P15,trial_84_L_affected,2,12,54.209498739523475,59.222000947384046,44.703569151111665
P15,trial_84_L_affected,2,13,58.85583560762687,58.518287271528166,40.14881186206975
P15,trial_84_L_affected,2,14,54.06391419067024,48.44497624591634,36.7437016092149
P15,trial_84_L_affected,2,23,72.41713427124934,65.49323810155732,47.69349047403416
P15,trial_84_L_affected,2,24,55.79104589195735,59.69860528522015,34.08710118706515
P15,trial_84_L_affected,2,34,58.46711189989272,71.63011750344027,44.987247047439446
P15,trial_84_L_affected,3,012,59.11321844898813,52.54663444715879,33.56603804691304
P15,trial_84_L_affected,3,013,57.43845920259644,52.63172289521911,33.9646848199667
P15,trial_84_L_affected,3,014,55.417988233369186,46.17260625633919,31.673251823072263
P15,trial_84_L_affected,3,023,60.83547687180976,58.02115443045,34.0221113066016
P15,trial_84_L_affected,3,024,56.28710731270944,53.74709373206912,32.08370646001357
P15,trial_84_L_affected,3,034,54.21485312440698,58.83865011971162,36.99944315803734
P15,trial_84_L_affected,3,123,60.233716990462476,59.646982123005415,38.330357774707565
P15,trial_84_L_affected,3,124,54.82022638600352,53.34501479325068,31.285519394423698
P15,trial_84_L_affected,3,134,55.08054949005092,55.94834648204204,33.404646990086604
P15,trial_84_L_affected,3,234,57.65562634061091,63.19423815811986,35.826944896051195
P15,trial_84_L_affected,4,0123,58.926455576260196,54.532712308707445,32.74953883607756
P15,trial_84_L_affected,4,0124,55.927043809964296,50.94339515300368,30.02162439432397
P15,trial_84_L_affected,4,0134,54.99098869312817,52.51806390151568,30.924351758386745
P15,trial_84_L_affected,4,0234,56.623813517933776,57.98604318039976,33.24658657814502
P15,trial_84_L_affected,4,1234,56.132304943261516,56.93203412788293,31.60403017193792
P15,trial_84_L_affected,5,01234,56.22627567171533,54.24898591140293,30.487461926906366
P15,trial_85_L_affected,2,01,59.873292804380014,47.03433673039495,37.84318570479165
P15,trial_85_L_affected,2,02,61.54653480833148,51.84188471380118,31.375637715412648
P15,trial_85_L_affected,2,03,58.11444540564116,57.075992469388396,34.222132153262535
P15,trial_85_L_affected,2,04,56.61613273757557,44.96681237389704,34.88703914891649
P15,trial_85_L_affected,2,12,53.9012015610407,55.86235676063793,45.113456533834
P15,trial_85_L_affected,2,13,59.50470457356137,56.71220765825975,38.70927593825287
P15,trial_85_L_affected,2,14,53.57659612956706,47.468147589429975,34.34140068008806
P15,trial_85_L_affected,2,23,72.48212894881846,61.017366949411155,42.44498666415805
P15,trial_85_L_affected,2,24,55.45430716388748,55.060518023047734,31.91937569224015
P15,trial_85_L_affected,2,34,58.85534909595135,69.03368396409712,38.840552688162155
P15,trial_85_L_affected,3,012,59.05387263304393,49.87693977125437,30.4914057792047
P15,trial_85_L_affected,3,013,58.23462395119742,51.66068742829704,32.113801280149
P15,trial_85_L_affected,3,014,55.494708215884934,45.520796309068174,29.60612711135946
P15,trial_85_L_affected,3,023,61.37977215723243,55.10508531586247,32.304319842570095
P15,trial_85_L_affected,3,024,56.62600051277838,50.94444294786792,30.036030686931863
P15,trial_85_L_affected,3,034,55.51894216298392,56.95207447470071,33.28563400153017
P15,trial_85_L_affected,3,123,60.548727602278134,56.61583472026518,37.73618710854862
P15,trial_85_L_affected,3,124,54.49318302702766,50.74370914136469,31.592873916007754
P15,trial_85_L_affected,3,134,55.55407823915833,54.75208566557301,32.822008145951884
P15,trial_85_L_affected,3,234,57.890744290843074,59.52348183688842,32.941457182315936
P15,trial_85_L_affected,4,0123,59.44198135839619,52.48810084774187,31.16161865839105
P15,trial_85_L_affected,4,0124,56.02542343842347,48.89824462727471,28.96668437315199
P15,trial_85_L_affected,4,0134,55.76293345022601,51.627044897623286,29.94659379154321
P15,trial_85_L_affected,4,0234,57.33802926068343,55.291697589938295,31.056465001606654
P15,trial_85_L_affected,4,1234,56.382635968583145,54.60514464314363,31.764873351811865
P15,trial_85_L_affected,5,01234,56.74437841167883,52.350414988236224,29.733098264634503
P15,trial_86_L_affected,2,01,58.08012413004307,49.71617408135087,40.018161059398615
P15,trial_86_L_affected,2,02,59.72943275313242,52.62280614208768,34.92312310699998
P15,trial_86_L_affected,2,03,56.57849896568875,58.821136505788886,33.76953319083332
P15,trial_86_L_affected,2,04,55.420371106437415,45.290661240411104,38.1935738410398
P15,trial_86_L_affected,2,12,51.156750943441544,55.882193596287465,42.912079864818146
P15,trial_86_L_affected,2,13,57.28465459312221,58.35955372217221,36.30645559510793
P15,trial_86_L_affected,2,14,52.16436241680784,48.495822242019194,34.61303071866425
P15,trial_86_L_affected,2,23,71.35674789757933,63.07745807567206,44.321217739937616
P15,trial_86_L_affected,2,24,53.871765320922194,53.94199567789124,34.845918919214746
P15,trial_86_L_affected,2,34,58.4948514075483,69.34749938544944,40.87515681501592
P15,trial_86_L_affected,3,012,56.777538246399644,50.96068276008803,33.280708741579296
P15,trial_86_L_affected,3,013,56.15951440954546,52.79182112219311,31.63723433252162
P15,trial_86_L_affected,3,014,54.047688828441345,46.44193054317959,29.72068021568589
P15,trial_86_L_affected,3,023,59.45322854407445,55.748180255599195,33.013069442776086
P15,trial_86_L_affected,3,024,55.04690716036297,50.992360818086816,32.445127042663856
P15,trial_86_L_affected,3,034,54.18935186226947,58.151006496842314,34.04466956928942
P15,trial_86_L_affected,3,123,58.1556235858531,57.52472539321432,35.65728626432826
P15,trial_86_L_affected,3,124,52.52914651152797,50.895780006846806,31.764875516616886
P15,trial_86_L_affected,3,134,53.79841506781323,55.80146142146328,31.55746151725681
P15,trial_86_L_affected,3,234,56.25855642191109,58.941581200569786,34.517534498890356
P15,trial_86_L_affected,4,0123,57.187538454357565,53.139515280354196,31.459924974247105
P15,trial_86_L_affected,4,0124,54.157117341073246,49.391203372024634,29.939131517795794
P15,trial_86_L_affected,4,0134,54.012820902151645,52.59378675900157,29.212749826380755
P15,trial_86_L_affected,4,0234,55.60726368808443,55.59262251931511,32.025129042683034
P15,trial_86_L_affected,4,1234,54.29266455772689,54.99315203650872,30.822866308446013
P15,trial_86_L_affected,5,01234,54.75625012094671,52.868099751699944,29.538362804852515
P15,trial_87_L_affected,2,01,59.22935115111913,49.81538724654862,42.073147206333445
P15,trial_87_L_affected,2,02,60.72212513219263,54.92059504579148,33.534759587740126
P15,trial_87_L_affected,2,03,56.99611283164771,58.27889716178458,36.07881808135292
P15,trial_87_L_affected,2,04,56.25051988475217,44.163483943072464,36.87300206198299
P15,trial_87_L_affected,2,12,52.20161156577806,59.92419172855583,40.10982780464579
P15,trial_87_L_affected,2,13,57.97096301870261,58.642135165229774,38.753111257577615
P15,trial_87_L_affected,2,14,53.414015388244906,49.110146776380354,35.87489007279603
P15,trial_87_L_affected,2,23,71.49765424825442,66.52464357264503,45.29197882541188
P15,trial_87_L_affected,2,24,55.29650169270797,59.23278620946566,32.92755590508582
P15,trial_87_L_affected,2,34,59.125420010959154,69.21478442867014,42.109179669397435
P15,trial_87_L_affected,3,012,57.99263435249705,52.391289293525496,33.37335129086002
P15,trial_87_L_affected,3,013,56.8849531583375,52.13072031562208,32.56679333639892
P15,trial_87_L_affected,3,014,54.96464981689145,46.42947413389194,32.24347512966188
P15,trial_87_L_affected,3,023,60.3778128913103,57.39196185299453,32.69661390322651
P15,trial_87_L_affected,3,024,55.99221897942949,53.14908541562869,30.88548738801882
P15,trial_87_L_affected,3,034,54.749898408147885,57.45865326044425,34.90178817674635
P15,trial_87_L_affected,3,123,59.18126374852984,59.965102433148594,37.282317665042804
P15,trial_87_L_affected,3,124,54.016890054056205,53.73490665593354,30.89936287418147
P15,trial_87_L_affected,3,134,54.760276417415895,55.53194607435291,31.434491613154975
P15,trial_87_L_affected,3,234,57.46005090885982,62.19999470375219,32.982496834618786
P15,trial_87_L_affected,4,0123,58.20779354815887,54.12795100577433,31.668871141866767
P15,trial_87_L_affected,4,0124,55.260079152421866,50.95651145616946,29.786771289206627
P15,trial_87_L_affected,4,0134,54.792690244701745,52.01823095421297,29.30427800621057
P15,trial_87_L_affected,4,0234,56.54371717254003,57.1076071319263,31.20894736466162
P15,trial_87_L_affected,4,1234,55.56092165970057,56.75384307436875,30.200488620791994
P15,trial_87_L_affected,5,01234,55.783095866573596,53.877281747116804,29.10022679915643
P15,trial_88_L_affected,2,01,70.6596825455866,48.42028065842,82.06992140396639
P15,trial_88_L_affected,2,02,71.42398117185326,56.345195907335274,73.35445315549917
P15,trial_88_L_affected,2,03,68.24551300782535,55.58384243743302,79.1899208922688
P15,trial_88_L_affected,2,04,65.46742722670595,44.66672139945713,76.35085096045782
P15,trial_88_L_affected,2,12,62.163102974707336,59.34716201296773,76.19066331544884
P15,trial_88_L_affected,2,13,68.54561569534839,53.740582558234514,75.8680802665091
P15,trial_88_L_affected,2,14,61.56201691057288,46.899287596413316,73.59131571207007
P15,trial_88_L_affected,2,23,81.18376814236974,64.34032543848481,76.71734567430155
P15,trial_88_L_affected,2,24,63.686065332308,59.467635594654354,68.50028610317317
P15,trial_88_L_affected,2,34,67.94343441144707,64.09289048666876,78.73143814293998
P15,trial_88_L_affected,3,012,69.02719110835386,52.72060692686411,75.05657443720509
P15,trial_88_L_affected,3,013,68.04783469341497,49.06948798640247,73.57961040198582
P15,trial_88_L_affected,3,014,64.34349168709672,44.56422187094142,72.53660368204558
P15,trial_88_L_affected,3,023,71.39873952746412,56.49028023393029,72.98998040632415
P15,trial_88_L_affected,3,024,65.30819044723438,53.46298031111072,69.94955506938828
P15,trial_88_L_affected,3,034,64.53413004223769,54.953675751609296,75.11071434476624
P15,trial_88_L_affected,3,123,69.64545051521554,56.64256783793559,73.24281257477332
P15,trial_88_L_affected,3,124,62.93669616615624,52.91168208461265,68.99219721955798
P15,trial_88_L_affected,3,134,64.20891750554505,52.02619854970255,70.40945936355166
P15,trial_88_L_affected,3,234,66.45926496256409,60.17729916506983,70.35652163325825
P15,trial_88_L_affected,4,0123,69.25574615113048,52.43442908430407,71.94634219372382
P15,trial_88_L_affected,4,0124,64.90119721649641,50.31293093238868,70.4361566987798
P15,trial_88_L_affected,4,0134,64.79914405524686,49.227820331904326,70.27906403710023
P15,trial_88_L_affected,4,0234,66.32646253536225,55.80237526098002,70.92149554634966
P15,trial_88_L_affected,4,1234,65.1151719215086,54.49332851537816,68.68709684660794
P15,trial_88_L_affected,5,01234,65.80191372640661,52.07158409070852,69.52935927313703
P15,trial_89_L_affected,2,01,60.74689600962763,50.87801748631168,43.52147724349846
P15,trial_89_L_affected,2,02,61.44631398309377,56.76985875000537,35.31434290839971
P15,trial_89_L_affected,2,03,57.4803009455729,57.06783167780288,37.20526136298676
P15,trial_89_L_affected,2,04,56.39316543374432,46.94989396088137,38.636740812046725
P15,trial_89_L_affected,2,12,54.15053280734843,57.69979118096705,41.54562707638911
P15,trial_89_L_affected,2,13,59.000798213971706,54.33846558099682,37.939960209795
P15,trial_89_L_affected,2,14,53.5700401551506,49.255905124665006,36.06041771394107
P15,trial_89_L_affected,2,23,70.44017576760696,62.65578643237819,41.22452083592456
P15,trial_89_L_affected,2,24,55.25952615961804,59.16082347190015,33.66797292821026
P15,trial_89_L_affected,2,34,59.272631711076365,64.93222015950032,43.16736254897821
P15,trial_89_L_affected,3,012,59.278293231004206,53.78626747050953,36.15023029318855
P15,trial_89_L_affected,3,013,58.011972464089226,51.14533615793322,33.75427758040784
P15,trial_89_L_affected,3,014,55.67555707140253,47.66139328977018,33.89672092013044
P15,trial_89_L_affected,3,023,60.74267746354483,57.21980536545054,33.86762492881221
P15,trial_89_L_affected,3,024,56.195858857951045,54.45601351877591,32.22613996153457
P15,trial_89_L_affected,3,034,55.17807651645121,56.28614934871882,36.858584241457514
P15,trial_89_L_affected,3,123,60.21221221321744,56.309110561705275,36.63967542042957
P15,trial_89_L_affected,3,124,54.59262238372123,53.55461930332406,32.79844358857507
P15,trial_89_L_affected,3,134,55.21106262833928,53.56099376988652,33.7859972002544
P15,trial_89_L_affected,3,234,57.41942650080622,60.491593446683794,34.47538369908312
P15,trial_89_L_affected,4,0123,59.18441335521638,53.64092540174522,33.30909474648404
P15,trial_89_L_affected,4,0124,55.944485307859104,51.88459124559484,32.20926437248878
P15,trial_89_L_affected,4,0134,55.504563136181496,51.36461368667941,31.966865560373627
P15,trial_89_L_affected,4,0234,56.78613866317784,56.658552021511866,33.13438206680117
P15,trial_89_L_affected,4,1234,56.09505536680938,55.20084857139046,32.54248916090201
P15,trial_89_L_affected,5,01234,56.429544688884604,53.43636908518909,31.75112135271358
P15,trial_8_R_unaffected,2,01,49.74167443090492,71.52773387892684,37.311370641885894
P15,trial_8_R_unaffected,2,02,42.478521486621304,58.256560706935694,39.675046301296504
P15,trial_8_R_unaffected,2,03,39.03587732257413,49.334681693496314,32.174585250823746
P15,trial_8_R_unaffected,2,04,44.42540110176844,34.6766043395008,40.65254841742195
P15,trial_8_R_unaffected,2,12,68.68200883530288,81.98536594278714,53.00520843010563
P15,trial_8_R_unaffected,2,13,58.48285496744284,54.96036381281867,40.41299554168906
P15,trial_8_R_unaffected,2,14,46.55235441920566,48.06515946092828,39.75260881286091
P15,trial_8_R_unaffected,2,23,54.5345893511299,55.31178748975833,55.870419478889936
P15,trial_8_R_unaffected,2,24,47.137544139264925,46.6084872901984,41.49896173510836
P15,trial_8_R_unaffected,2,34,47.28982706758118,43.27633842960866,34.83710804825639
P15,trial_8_R_unaffected,3,012,47.61626540150745,63.083056504189834,36.141486798207296
P15,trial_8_R_unaffected,3,013,46.451222210727394,54.35225125260097,35.04313060654625
P15,trial_8_R_unaffected,3,014,43.47743541414392,47.676400107615656,37.54714547499046
P15,trial_8_R_unaffected,3,023,43.46012396477399,50.53534367047555,36.33684655864651
P15,trial_8_R_unaffected,3,024,41.218515365282904,44.50670574545935,36.40673738222942
P15,trial_8_R_unaffected,3,034,40.564347370448594,40.68214823343637,32.29570977717383
P15,trial_8_R_unaffected,3,123,59.8274657315011,54.28214268627648,40.99688324616618
P15,trial_8_R_unaffected,3,124,50.0233386049033,50.24434366693013,36.57672876207517
P15,trial_8_R_unaffected,3,134,49.1969449133623,47.03573265010624,35.759289469222544
P15,trial_8_R_unaffected,3,234,48.20619106205884,46.069368380132765,39.149305287817924
P15,trial_8_R_unaffected,4,0123,48.17369160580277,54.108116052021195,35.43989754813716
P15,trial_8_R_unaffected,4,0124,44.553704123863966,49.692981612827715,35.05448643809356
P15,trial_8_R_unaffected,4,0134,44.1856644675991,46.73972266873193,34.56058036872679
P15,trial_8_R_unaffected,4,0234,42.87406971540599,44.87792116316334,34.70438741445082
P15,trial_8_R_unaffected,4,1234,50.930334599438794,48.73098856345042,36.16262145255614
P15,trial_8_R_unaffected,5,01234,45.78941892989299,48.350835880261016,34.49291831637972
P15,trial_90_L_affected,2,01,62.821662101940326,47.76702221120696,38.44385005334665
P15,trial_90_L_affected,2,02,62.948484274452234,56.35165252009361,33.09066956965108
P15,trial_90_L_affected,2,03,59.57025211917359,57.53356753208537,34.20053050735145
P15,trial_90_L_affected,2,04,57.54392565032713,46.57175774376297,35.271594714833725
P15,trial_90_L_affected,2,12,54.706944469384965,58.77522994292375,42.42329884847618
P15,trial_90_L_affected,2,13,60.085125672658265,55.10831054483205,36.13447686391022
P15,trial_90_L_affected,2,14,54.949056118929775,46.53152692440267,34.26695851478012
P15,trial_90_L_affected,2,23,71.88968642000489,63.879321061927435,39.52842017191873
P15,trial_90_L_affected,2,24,56.3728904810589,59.29753484219121,32.507217739260376
P15,trial_90_L_affected,2,34,60.154426346239376,66.29812837936566,38.11749902443841
P15,trial_90_L_affected,3,012,60.760888153710525,52.808692237742555,32.79526078258983
P15,trial_90_L_affected,3,013,59.636699377054306,51.08199215811381,31.386440856570708
P15,trial_90_L_affected,3,014,56.97876929813471,45.547912292776,31.345571037172476
P15,trial_90_L_affected,3,023,62.52158956802956,57.55639799168641,31.9933077233305
P15,trial_90_L_affected,3,024,57.54308730068477,54.3212251639802,30.96264086317906
P15,trial_90_L_affected,3,034,56.312700861315584,56.970448616370795,33.4876343869861
P15,trial_90_L_affected,3,123,61.06124479086266,57.302188790980374,35.32641896318895
P15,trial_90_L_affected,3,124,55.63859603280316,52.811103461593504,31.226285108686206
P15,trial_90_L_affected,3,134,56.25059997286056,53.47766230802342,31.41102583906053
P15,trial_90_L_affected,3,234,58.36765676619022,61.30253681691639,32.63088524877326
P15,trial_90_L_affected,4,0123,60.66779061366193,53.75900698339482,31.204436690246176
P15,trial_90_L_affected,4,0124,57.24015077821727,50.98855753381804,30.23716182847634
P15,trial_90_L_affected,4,0134,56.77164711023833,51.15884535106463,29.650400431632974
P15,trial_90_L_affected,4,0234,58.05508247113541,57.17383822937635,31.131440196241837
P15,trial_90_L_affected,4,1234,57.027701862769845,55.454763930955025,30.7466196131508
P15,trial_90_L_affected,5,01234,57.662484185398085,53.45408655004971,29.760539888765148
P15,trial_9_R_unaffected,2,01,49.29180548139023,68.52142417099726,38.38329540475035
P15,trial_9_R_unaffected,2,02,44.66879842067573,57.19930064950709,38.76375709087868
P15,trial_9_R_unaffected,2,03,41.84052491977696,47.3714744878849,32.14848535279855
P15,trial_9_R_unaffected,2,04,49.2996190350396,32.6974857099067,46.27298315747498
P15,trial_9_R_unaffected,2,12,66.59379064160768,86.89986738387078,52.73398255287137
P15,trial_9_R_unaffected,2,13,58.37217534671204,53.529781332348215,41.01312244153461
P15,trial_9_R_unaffected,2,14,47.99517498908411,47.83564198680677,44.0886785668807
P15,trial_9_R_unaffected,2,23,56.35263177511276,55.229050816704984,58.42946687816787
P15,trial_9_R_unaffected,2,24,49.288272414908086,47.84735748825965,43.38562034376667
P15,trial_9_R_unaffected,2,34,49.54706767430909,43.603811565024365,36.72939803497381
P15,trial_9_R_unaffected,3,012,48.551993644772686,62.06676865590518,34.67868161065904
P15,trial_9_R_unaffected,3,013,47.956565295713816,52.484534714128,36.02519639825085
P15,trial_9_R_unaffected,3,014,44.99672856023,46.5832552755352,39.5981754940386
P15,trial_9_R_unaffected,3,023,46.113211082087155,49.10290007978462,36.803218993997405
P15,trial_9_R_unaffected,3,024,43.569998456177515,44.66440804260243,36.555397315896165
P15,trial_9_R_unaffected,3,034,43.23290444796584,39.69647246599212,33.78280140991429
P15,trial_9_R_unaffected,3,123,59.92494073799133,53.44890596794726,40.69427009270153
P15,trial_9_R_unaffected,3,124,51.35380300353023,50.747107699954135,37.610853350787735
P15,trial_9_R_unaffected,3,134,50.520749524010114,46.620404060704786,36.72793292324769
P15,trial_9_R_unaffected,3,234,50.27205194472548,46.676286166385246,40.10525161859818
P15,trial_9_R_unaffected,4,0123,49.740553172097485,52.8285294727889,35.62174769724545
P15,trial_9_R_unaffected,4,0124,46.231694769727625,49.43944111236258,35.200648762728925
P15,trial_9_R_unaffected,4,0134,46.02726511945095,45.7086706786512,35.524313407676146
P15,trial_9_R_unaffected,4,0234,45.33506057306177,44.515760435457395,34.95699839521838
P15,trial_9_R_unaffected,4,1234,52.245645850454586,48.66784196591964,36.33429404510047
P15,trial_9_R_unaffected,5,01234,47.610730855584855,47.7724217822346,34.69395358812107
P17,trial_10_L_unaffected,2,01,53.29643234112408,49.541796180303386,123.42376402718152
P17,trial_10_L_unaffected,2,02,52.310298390650026,56.26404384773818,36.20912374569754
P17,trial_10_L_unaffected,2,12,66.21527215638025,49.12026234229375,63.00504818867807
P17,trial_10_L_unaffected,3,012,54.19713660378537,45.16880287429775,58.90115486535235
P17,trial_11_L_unaffected,2,01,51.63067615531886,52.589586322189604,120.86806877364985
P17,trial_11_L_unaffected,2,02,51.77566725681987,55.27086825011025,31.629257074754207
P17,trial_11_L_unaffected,2,12,66.21922391478348,49.7348423700864,60.89663089443491
P17,trial_11_L_unaffected,3,012,53.18833886107287,43.87379299729692,54.83645376723918
P17,trial_12_L_unaffected,2,01,53.24649993382363,48.02415509381246,112.78320037073463
P17,trial_12_L_unaffected,2,02,50.791546160214146,57.180284397479994,25.702152987196833
P17,trial_12_L_unaffected,2,12,66.43140796581511,48.74672474837439,50.64575720516599
P17,trial_12_L_unaffected,3,012,54.016543352580676,46.731035402566775,46.93430905185549
P17,trial_13_L_unaffected,2,01,53.213219367139395,47.69395396810721,108.65762488920505
P17,trial_13_L_unaffected,2,02,51.49919006573584,56.242064577257864,29.029741335333963
P17,trial_13_L_unaffected,2,12,66.24723156264085,46.94719792336208,53.674359062300624
P17,trial_13_L_unaffected,3,012,54.14928806401573,46.03007567140396,47.914192207291876
P17,trial_14_L_unaffected,2,01,53.714996249892216,44.70029739479211,103.8512933249054
P17,trial_14_L_unaffected,2,02,52.194381577229876,57.19905055404972,31.06351837605462
P17,trial_14_L_unaffected,2,12,67.0877399535373,46.69964812496102,48.58495170908357
P17,trial_14_L_unaffected,3,012,55.055220068065545,45.8357210254195,47.35910744020592
P17,trial_15_L_unaffected,2,01,52.73973079395551,48.4701333532527,100.1049260524724
P17,trial_15_L_unaffected,2,02,54.239213139624,58.25014783669797,27.4904840423937
P17,trial_15_L_unaffected,2,12,68.7086441364117,46.58512575894645,55.10438141716369
P17,trial_15_L_unaffected,3,012,55.866908612136356,47.716406167467035,43.56814256611036
P17,trial_16_L_unaffected,2,01,53.3667543347187,47.104643803836545,105.51691964760467
P17,trial_16_L_unaffected,2,02,53.810021337430655,58.15286458490315,29.12316582340461
P17,trial_16_L_unaffected,2,12,67.50440212897657,46.97079531165537,52.10262732808979
P17,trial_16_L_unaffected,3,012,55.75165412920718,47.75552691749293,46.941084863411334
P17,trial_17_L_unaffected,2,01,73.68065275303283,167.90274509585663,530.0115534239031
P17,trial_17_L_unaffected,2,02,79.18229684441798,173.99743992939122,513.8827591588529
P17,trial_17_L_unaffected,2,12,96.73653818357553,162.2915959888786,514.6400650391015
P17,trial_17_L_unaffected,3,012,80.04988907402249,168.50542938248313,518.6527669153216
P17,trial_18_L_unaffected,2,01,53.16480026602414,47.819447180109634,102.57334313809888
P17,trial_18_L_unaffected,2,02,52.02100289290702,56.739047971486855,31.62599463681375
P17,trial_18_L_unaffected,2,12,65.85515486022481,48.03166232423925,47.33231373493649
P17,trial_18_L_unaffected,3,012,54.262734651288746,47.12584762391835,47.86056045305603
P17,trial_19_L_unaffected,2,01,52.556365870608175,43.71003051601851,107.50667158290555
P17,trial_19_L_unaffected,2,02,50.006955154915836,56.80241476916895,30.89939414166087
P17,trial_19_L_unaffected,2,12,65.83399941339493,48.488975791788356,44.74333993528832
P17,trial_19_L_unaffected,3,012,53.06371729877235,46.203946808811345,49.652663680598785
P17,trial_1_L_unaffected,2,01,54.17726186763503,36.50523819600148,108.31430387229692
P17,trial_1_L_unaffected,2,02,50.88353759005147,53.91530010961744,33.66162419692976
P17,trial_1_L_unaffected,2,12,66.59563850577614,40.84925533824573,53.26330931242848
P17,trial_1_L_unaffected,3,012,53.97235751036618,40.81334339363823,52.83653127686817
P17,trial_20_L_unaffected,2,01,54.10366920315892,45.2677459343897,106.0950083221151
P17,trial_20_L_unaffected,2,02,52.136915534119936,58.50606758045578,35.26294993258726
P17,trial_20_L_unaffected,2,12,67.00690525304177,49.22640901542497,49.91135790451447
P17,trial_20_L_unaffected,3,012,54.664821653396444,48.15577494946298,52.076083479790455
P17,trial_21_L_unaffected,2,01,53.367937572801544,44.42257378453953,106.70412583652566
P17,trial_21_L_unaffected,2,02,51.46161155516532,56.604569026033,30.303599193478284
P17,trial_21_L_unaffected,2,12,66.60783160527795,48.076616287431634,47.49282831240974
P17,trial_21_L_unaffected,3,012,53.97952530526265,46.64671369740458,47.985886288662094
P17,trial_22_L_unaffected,2,01,51.9173767363222,45.78447489566556,109.77434319420531
P17,trial_22_L_unaffected,2,02,50.85273474884795,56.906510315719665,31.433910566454493
P17,trial_22_L_unaffected,2,12,66.62825563745525,46.0879840159845,48.14300543010033
P17,trial_22_L_unaffected,3,012,53.52820736528666,46.62998344022052,49.529653818867644
P17,trial_23_L_unaffected,2,01,52.174159100849344,42.51332850007484,107.43744692060265
P17,trial_23_L_unaffected,2,02,51.41200299893322,58.088787033868215,30.625127982382793
P17,trial_23_L_unaffected,2,12,67.68593656818874,45.6189083574029,48.52057902865312
P17,trial_23_L_unaffected,3,012,53.78418857538439,46.62918868654774,48.567433686609114
P17,trial_24_L_unaffected,2,01,51.419123533745946,43.3973076886516,105.81021961781826
P17,trial_24_L_unaffected,2,02,51.339690421937114,56.334885387588905,32.14899802030514
P17,trial_24_L_unaffected,2,12,66.92452679966689,43.95631789505707,48.33035604696169
P17,trial_24_L_unaffected,3,012,53.40497493626763,45.1808499107884,48.52184226726055
P17,trial_25_L_unaffected,2,01,52.16948632160731,46.43940063986546,99.66952453711852
P17,trial_25_L_unaffected,2,02,50.18298420887938,56.88123233729923,31.74139650521359
P17,trial_25_L_unaffected,2,12,66.72479359850749,46.43769709263846,47.071050207563005
P17,trial_25_L_unaffected,3,012,52.95692787042793,46.89090843701252,44.65586745376632
P17,trial_26_L_unaffected,2,01,50.8882761638627,45.01588903385634,103.40104455251529
P17,trial_26_L_unaffected,2,02,50.16014748204418,56.880846174483494,29.780371221626776
P17,trial_26_L_unaffected,2,12,65.47314939813558,45.55062236036829,44.455616399100826
P17,trial_26_L_unaffected,3,012,52.32342273598229,45.854964655128356,45.62386495490806
P17,trial_27_L_unaffected,2,01,51.55553933230865,45.173471701003024,104.19258652729256
P17,trial_27_L_unaffected,2,02,51.48506411631856,57.38344630100135,33.84493410370192
P17,trial_27_L_unaffected,2,12,67.55709216244514,46.15064078743061,49.889043516848915
P17,trial_27_L_unaffected,3,012,53.81320343247652,46.593709712243054,51.218059103299105
P17,trial_28_L_unaffected,2,01,50.6372256445764,43.615665958940816,107.53677416220421
P17,trial_28_L_unaffected,2,02,50.350173329798835,58.981466127209956,33.2152910184298
P17,trial_28_L_unaffected,2,12,66.46788436108538,49.911018629671176,46.42374570053448
P17,trial_28_L_unaffected,3,012,52.49781170471012,47.8781955540236,51.299139569614894
P17,trial_29_L_unaffected,2,01,50.44538537687859,45.65839092688983,113.33960545684367
P17,trial_29_L_unaffected,2,02,50.17674075716519,58.06515002967229,34.45831211732276
P17,trial_29_L_unaffected,2,12,66.06255795195678,47.0078050848706,48.19954460734351
P17,trial_29_L_unaffected,3,012,52.166977789017366,47.47349644829276,52.43347230665964
P17,trial_2_L_unaffected,2,01,49.97920248897141,48.05418908562063,118.30220818389853
P17,trial_2_L_unaffected,2,02,48.98657403921731,57.39159410795516,34.27896717958249
P17,trial_2_L_unaffected,2,12,61.93880777213897,46.56182364267045,52.44822360931948
P17,trial_2_L_unaffected,3,012,50.75275007006562,45.91848417687322,54.02274999020997
P17,trial_30_L_unaffected,2,01,50.24870086083373,44.032825916517865,106.8436793816054
P17,trial_30_L_unaffected,2,02,51.82361520569624,59.15570497549236,31.12875808470781
P17,trial_30_L_unaffected,2,12,67.43253546356263,45.64595449593575,49.08395261345355
P17,trial_30_L_unaffected,3,012,53.2975360041612,47.074182428643475,48.590329896720064
P17,trial_31_L_unaffected,2,01,51.373434163142576,42.03469880294518,109.57512740574957
P17,trial_31_L_unaffected,2,02,49.719711430753286,58.56031435004084,33.1842714355659
P17,trial_31_L_unaffected,2,12,65.88050574916025,44.624876940295145,48.68174846662936
P17,trial_31_L_unaffected,3,012,52.24786147699075,46.01853065055818,51.25056397033515
P17,trial_32_L_unaffected,2,01,52.00695502437132,46.77379463386004,101.69750502511074
P17,trial_32_L_unaffected,2,02,51.61399239793641,58.50571888699215,29.410715182800082
P17,trial_32_L_unaffected,2,12,67.40125071242015,47.49153681423122,48.8009262267205
P17,trial_32_L_unaffected,3,012,53.990508419137356,47.529695678199246,47.5561272153558
P17,trial_33_L_unaffected,2,01,52.29105994840464,43.474662290633724,108.39904876895264
P17,trial_33_L_unaffected,2,02,52.56876678372958,58.04024745583855,34.49315732992045
P17,trial_33_L_unaffected,2,12,67.90877780446098,46.71678782537699,53.7434705271715
P17,trial_33_L_unaffected,3,012,54.240836788024644,46.76655993634653,52.11831947808151
P17,trial_34_L_unaffected,2,01,52.54890579742027,45.69263465580438,103.47742643895879
P17,trial_34_L_unaffected,2,02,50.448195328228735,57.25990617300606,34.52745970919741
P17,trial_34_L_unaffected,2,12,67.02947122999178,43.878109882790845,51.486837841352454
P17,trial_34_L_unaffected,3,012,52.763566320190584,45.952961812111745,50.554887228516485
P17,trial_35_L_unaffected,2,01,51.5052345053919,44.288260952302316,107.75889236921527
P17,trial_35_L_unaffected,2,02,51.04275366819899,58.22520228660478,30.929312698068333
P17,trial_35_L_unaffected,2,12,67.61469350817796,45.22069919195306,50.84304804768494
P17,trial_35_L_unaffected,3,012,53.26465630668418,46.27339241149633,48.95873448158146
P17,trial_36_L_unaffected,2,01,51.888703612691515,45.28941281371967,106.47920550248628
P17,trial_36_L_unaffected,2,02,50.46776077912877,58.24782073582632,32.896504973613055
P17,trial_36_L_unaffected,2,12,67.27275161575105,46.77309984648679,50.26599383263654
P17,trial_36_L_unaffected,3,012,53.05035532640423,47.49509915935863,50.0605484685627
P17,trial_37_L_unaffected,2,01,51.2514463650882,43.82392943819338,113.28944811283233
P17,trial_37_L_unaffected,2,02,50.333393867449104,58.30862285349069,32.31962439032273
P17,trial_37_L_unaffected,2,12,67.75733395453378,44.47856605793277,50.48568131855127
P17,trial_37_L_unaffected,3,012,52.57474896676842,45.90217964104471,50.79544408476902
P17,trial_38_L_unaffected,2,01,49.83728586312838,43.56617360851224,104.97856961166107
P17,trial_38_L_unaffected,2,02,51.983071598394936,58.504260649794524,30.263915387207277
P17,trial_38_L_unaffected,2,12,68.00785601541284,46.54210391897467,48.93724059415889
P17,trial_38_L_unaffected,3,012,53.317620712567994,47.74265555140762,46.75841596463924
P17,trial_39_L_unaffected,2,01,46.78400995566049,41.04378003994718,103.14049098126586
P17,trial_39_L_unaffected,2,02,50.188776354731225,58.07445918097295,35.5508758432143
P17,trial_39_L_unaffected,2,12,65.54531219879075,45.106342689633365,47.72996975301387
P17,trial_39_L_unaffected,3,012,51.102317639315565,46.09902125590318,49.906210692150694
P17,trial_3_L_unaffected,2,01,53.35134847805245,47.432362706489414,108.35163802979254
P17,trial_3_L_unaffected,2,02,50.36194137031944,54.8805603311113,34.42650538779475
P17,trial_3_L_unaffected,2,12,65.21135311099647,47.3534686802958,56.697343800449445
P17,trial_3_L_unaffected,3,012,53.35903777339867,43.46599508016367,52.02048376611855
P17,trial_40_L_unaffected,2,01,50.084754431594355,45.80856585051324,103.22747776556024
P17,trial_40_L_unaffected,2,02,50.4183596010966,59.62946991381984,30.88155039938249
P17,trial_40_L_unaffected,2,12,66.66646166380214,48.09120502911188,50.71660578998882
P17,trial_40_L_unaffected,3,012,52.69672068332945,48.77722473105684,47.63854081465846
P17,trial_41_L_unaffected,2,01,49.14971182590474,43.285104750044646,107.14367862578831
P17,trial_41_L_unaffected,2,02,49.95137009618439,57.987909248024906,36.896864184437845
P17,trial_41_L_unaffected,2,12,65.97599866152561,46.84950888840587,51.46846256512143
P17,trial_41_L_unaffected,3,012,51.749238761859075,47.31843842121631,52.48962542703762
P17,trial_42_L_unaffected,2,01,48.86209389342987,42.190044717922945,110.52876649320295
P17,trial_42_L_unaffected,2,02,51.27160909489562,56.015153248105996,38.73301427119436
P17,trial_42_L_unaffected,2,12,65.64860789554751,46.59160001243194,48.63595996530867
P17,trial_42_L_unaffected,3,012,51.6410344361506,43.9624340688837,52.953533584060224
P17,trial_43_R_affected,2,01,67.86821849548826,77.07690988202091,63.030308154860904
P17,trial_43_R_affected,2,02,55.679636668966,57.40932862482754,39.38796360984703
P17,trial_43_R_affected,2,12,57.33801524355802,36.57210313312734,74.9295783802066
P17,trial_43_R_affected,3,012,56.53274904123575,53.15154025028174,48.860865119420176
P17,trial_44_R_affected,2,01,68.80285196119804,74.67553580062098,68.49512930937331
P17,trial_44_R_affected,2,02,55.706711328333704,57.98771479128113,35.602265947105494
P17,trial_44_R_affected,2,12,56.96084410937096,36.219616940752715,72.39223925307775
P17,trial_44_R_affected,3,012,56.754280218315664,52.54159373866914,46.643830850311886
P17,trial_45_R_affected,2,01,61.8833209702279,78.01314936826908,62.10208881133542
P17,trial_45_R_affected,2,02,54.39127397961043,59.91981198899021,35.571409999567926
P17,trial_45_R_affected,2,12,55.54460177571264,36.9409777959278,66.12817331634919
P17,trial_45_R_affected,3,012,53.85541789939854,54.63082673310516,41.976353230433126
P17,trial_46_R_affected,2,01,65.62197138282762,82.31931800060978,64.15541998619292
P17,trial_46_R_affected,2,02,56.56837675261648,62.71089007326854,36.18327571048934
P17,trial_46_R_affected,2,12,55.172333071358565,37.06918047188745,65.3481458130326
P17,trial_46_R_affected,3,012,55.96979288293324,55.97060044244606,42.678658908881665
P17,trial_47_R_affected,2,01,66.3568546847103,80.19220560314014,64.74993653685712
P17,trial_47_R_affected,2,02,55.859580234729,63.30326142660654,36.43770324811434
P17,trial_47_R_affected,2,12,56.4146844812784,39.15357472202483,69.245762596176
P17,trial_47_R_affected,3,012,55.98766566426345,56.4329463728569,43.849938234281375
P17,trial_48_R_affected,2,01,65.71290037988845,77.35091571965803,70.09308180604233
P17,trial_48_R_affected,2,02,55.0148159514246,60.49302186264883,37.71445304939183
P17,trial_48_R_affected,2,12,55.66421828183446,36.20970069013254,68.97014028377939
P17,trial_48_R_affected,3,012,55.03984751393555,54.04010142022206,45.9778289385883
P17,trial_49_R_affected,2,01,65.86781796104638,78.7852043776994,69.500294707967
P17,trial_49_R_affected,2,02,55.53428061763501,61.54482533767869,37.8092292350355
P17,trial_49_R_affected,2,12,55.4478114961729,35.653955099210386,67.04016230736865
P17,trial_49_R_affected,3,012,55.65717747503574,55.04426001759858,45.488752558846635
P17,trial_4_L_unaffected,2,01,53.737349776451644,52.12350347653677,111.54501483189952
P17,trial_4_L_unaffected,2,02,50.159043334881105,55.59179494431582,34.21048168696954
P17,trial_4_L_unaffected,2,12,62.76501201779431,50.972663614555245,55.36269996843877
P17,trial_4_L_unaffected,3,012,52.88264613745464,45.25570169743747,53.494330376788874
P17,trial_50_R_affected,2,01,64.95333666453782,77.70184193447355,67.82282156468223
P17,trial_50_R_affected,2,02,55.259022588151694,60.82324931520401,38.13867549972364
P17,trial_50_R_affected,2,12,55.47184306346953,35.38088547776279,69.02137193744662
P17,trial_50_R_affected,3,012,55.290990233896295,54.47092579494206,45.925891929068726
P17,trial_51_R_affected,2,01,64.40935513584935,77.25684065838645,71.06488801384586
P17,trial_51_R_affected,2,02,54.75199262534564,60.32190907927151,38.49656213411761
P17,trial_51_R_affected,2,12,53.25196459087894,33.995591352268235,68.56823880065251
P17,trial_51_R_affected,3,012,54.61088170623901,53.38791680537842,47.4558798479655
P17,trial_52_R_affected,2,01,65.76583422810889,78.59448845678935,68.02378980368076
P17,trial_52_R_affected,2,02,56.82521448687642,60.46951666025512,37.64545984058238
P17,trial_52_R_affected,2,12,54.74576382431407,33.65111508036983,67.22965759909708
P17,trial_52_R_affected,3,012,56.2364307075028,54.14857753724292,45.72930088654667
P17,trial_53_R_affected,2,01,66.17888620176254,77.96206971019582,76.9614454550619
P17,trial_53_R_affected,2,02,55.5248533890201,60.747969400452746,39.86940840485626
P17,trial_53_R_affected,2,12,55.74830269637299,35.69675417061549,72.48047198307503
P17,trial_53_R_affected,3,012,56.02192549064298,53.96736479227859,49.652763023886884
P17,trial_54_R_affected,2,01,66.19075102675791,77.17818960533933,63.80614734294721
P17,trial_54_R_affected,2,02,55.01450459413893,60.84009107739083,36.56859532480538
P17,trial_54_R_affected,2,12,56.21597498889129,37.59298848369409,68.99976407304877
P17,trial_54_R_affected,3,012,55.89382208503629,54.24881190268463,45.07002443433927
P17,trial_55_R_affected,2,01,64.77251192668037,75.37914772040331,70.85806627307372
P17,trial_55_R_affected,2,02,53.35463422558783,57.91234581977586,38.736272627273124
P17,trial_55_R_affected,2,12,55.06372575957727,34.980298792134356,70.78652029207717
P17,trial_55_R_affected,3,012,53.98265048872256,52.06646053147894,48.07063945558351
P17,trial_56_R_affected,2,01,64.91424727503582,76.75361297450775,67.05239795041969
P17,trial_56_R_affected,2,02,54.29853115546284,59.59495328118144,36.21173040780083
P17,trial_56_R_affected,2,12,55.46658432472311,35.68437993049164,70.4962309609359
P17,trial_56_R_affected,3,012,55.03693241084458,53.46317266899506,45.58250786876476
P17,trial_57_R_affected,2,01,63.35636525377262,72.53348845654699,68.18757172385455
P17,trial_57_R_affected,2,02,53.961100620034706,55.82145333774995,38.157354942696664
P17,trial_57_R_affected,2,12,55.34590664937608,33.90596528207067,69.07602433814996
P17,trial_57_R_affected,3,012,53.8355419688281,50.018913955852454,47.3253764766363
P17,trial_58_R_affected,2,01,63.2836298299784,74.61705435680305,66.9133030811965
P17,trial_58_R_affected,2,02,54.32757829502961,58.79113064306003,39.781179437254956
P17,trial_58_R_affected,2,12,55.45492961905561,34.29333470670611,67.87155091932792
P17,trial_58_R_affected,3,012,54.45194268690859,52.43919807600222,47.71907399184174
P17,trial_59_R_affected,2,01,65.56952237739988,76.25166918607908,65.416242992865
P17,trial_59_R_affected,2,02,55.96476960524251,60.911612647020476,39.7284471234833
P17,trial_59_R_affected,2,12,56.150193651604106,36.43235024355975,69.73679942201284
P17,trial_59_R_affected,3,012,56.096178420148085,54.44391500875321,47.215051705046896
P17,trial_5_L_unaffected,2,01,53.58829723496737,46.604156978755675,107.18741041042497
P17,trial_5_L_unaffected,2,02,50.720268266555,54.913798479558714,31.824103361661997
P17,trial_5_L_unaffected,2,12,64.01531932185839,49.08316293477145,54.0567838680671
P17,trial_5_L_unaffected,3,012,53.40499430644442,43.217057839848074,51.86626008001322
P17,trial_60_R_affected,2,01,64.60026032290997,77.36444349944426,68.32160220877309
P17,trial_60_R_affected,2,02,54.562489285336426,60.825635740523886,35.764804220773435
P17,trial_60_R_affected,2,12,56.21231694309277,36.09673186039566,67.17348901437536
P17,trial_60_R_affected,3,012,55.267886203471804,55.13195398041572,45.30518449109667
P17,trial_61_R_affected,2,01,64.619291363923,75.9484007773254,59.997076430423085
P17,trial_61_R_affected,2,02,54.78540531550984,60.44309860678761,37.69374370089244
P17,trial_61_R_affected,2,12,55.04994207907489,34.826220965172084,68.89095388921183
P17,trial_61_R_affected,3,012,55.183054645381276,54.16661176127854,44.974707157835994
P17,trial_62_R_affected,2,01,65.31375684281343,75.96405033902123,65.55504193939488
P17,trial_62_R_affected,2,02,55.16079358846048,61.11302521627636,38.4705684253334
P17,trial_62_R_affected,2,12,56.89304649894548,35.47615271109901,70.83021438829111
P17,trial_62_R_affected,3,012,55.84651185549494,54.67805342671986,46.596741869862434
P17,trial_63_R_affected,2,01,66.1367280582463,82.95971369942647,57.1436463281477
P17,trial_63_R_affected,2,02,55.65014504712263,63.77924235720023,31.759730733495886
P17,trial_63_R_affected,2,12,56.50727488513935,36.14610905537937,65.18843106892098
P17,trial_63_R_affected,3,012,56.29802585936621,57.29413338070997,39.21946140167211
P17,trial_64_R_affected,2,01,63.18661660649864,75.3925896845809,62.51037568389905
P17,trial_64_R_affected,2,02,55.19979008325808,58.13886961968958,36.88434489151436
P17,trial_64_R_affected,2,12,55.624113188295375,34.70826798280974,65.58424392902364
P17,trial_64_R_affected,3,012,55.0428538478851,51.912897627838895,44.409992190593215
P17,trial_65_R_affected,2,01,63.88979842527668,77.19999442591362,64.21085064172085
P17,trial_65_R_affected,2,02,54.16832865784109,61.03410794096096,36.322601386883306
P17,trial_65_R_affected,2,12,55.40844574268095,36.86476071300671,64.34231600541393
P17,trial_65_R_affected,3,012,54.89477736194553,55.23314690709072,43.23173555519979
P17,trial_66_R_affected,2,01,66.80537164882976,78.18826248603635,70.09605953124243
P17,trial_66_R_affected,2,02,56.00924175546948,61.637983870223664,37.28459203308228
P17,trial_66_R_affected,2,12,55.58592470561824,34.88036699999544,67.29640497578548
P17,trial_66_R_affected,3,012,56.75914903358362,54.87880434917744,45.38435400933237
P17,trial_67_R_affected,2,01,65.99118782119135,78.43725885471369,71.1216689365713
P17,trial_67_R_affected,2,02,55.68569348032837,61.629286755796365,36.13089863550259
P17,trial_67_R_affected,2,12,55.23780335833254,35.29513327720717,68.80887442062928
P17,trial_67_R_affected,3,012,56.364895201806654,55.07856104513264,45.41191732920192
P17,trial_68_R_affected,2,01,66.40962344068494,76.65735032874382,67.29648910570269
P17,trial_68_R_affected,2,02,55.31566232778264,61.10185987699082,35.263799181796266
P17,trial_68_R_affected,2,12,55.51850133150785,35.65993782381744,67.67503633836368
P17,trial_68_R_affected,3,012,56.05505951211335,54.66333575568831,43.23728613122152
P17,trial_69_R_affected,2,01,67.82978910484765,75.92080861650979,67.92120016663685
P17,trial_69_R_affected,2,02,56.69388391561111,61.80595739142676,36.34318625604834
P17,trial_69_R_affected,2,12,54.9918674930121,36.8763015479453,67.19208125617946
P17,trial_69_R_affected,3,012,57.15739292699908,55.47622634824494,42.24611670416695
P17,trial_6_L_unaffected,2,01,53.71687548003038,49.207504275822764,116.54841538728768
P17,trial_6_L_unaffected,2,02,51.04376772900587,56.25052544125129,34.68208967258677
P17,trial_6_L_unaffected,2,12,64.49946373000915,47.855358047461294,55.32668933751301
P17,trial_6_L_unaffected,3,012,53.720436173678536,44.40788501695216,55.62130498649585
P17,trial_70_R_affected,2,01,68.07248276321725,76.47531237201981,70.05137895810424
P17,trial_70_R_affected,2,02,56.75518287214312,61.04207823236281,36.53866213324978
P17,trial_70_R_affected,2,12,55.86791171657762,35.22624510140183,66.2085368457643
P17,trial_70_R_affected,3,012,57.147888382684386,54.34109821499159,43.398938543717165
P17,trial_71_R_affected,2,01,71.19687470750354,72.85071970372823,65.71768278647282
P17,trial_71_R_affected,2,02,58.50263870699421,60.10761759412391,35.569753939630495
P17,trial_71_R_affected,2,12,54.94308609543936,37.1450734795712,68.47163369703165
P17,trial_71_R_affected,3,012,59.12146559024916,53.74380387128756,42.75074611766959
P17,trial_72_R_affected,2,01,68.73577535760144,76.41507533407349,68.53096704842552
P17,trial_72_R_affected,2,02,57.486254216149206,61.2412305672339,36.136159139939615
P17,trial_72_R_affected,2,12,56.274078201124844,36.906655674651276,66.1143339552291
P17,trial_72_R_affected,3,012,58.06998151483802,55.12169604236028,43.69963888697772
P17,trial_73_R_affected,2,01,66.10447230511346,73.26146276722879,74.28609657888195
P17,trial_73_R_affected,2,02,56.29683836186713,58.215171448925425,39.03226771783189
P17,trial_73_R_affected,2,12,56.40575473324171,33.244096134990855,67.02765426252726
P17,trial_73_R_affected,3,012,56.853299620293065,52.27192447923932,47.9929774458615
P17,trial_74_R_affected,2,01,66.23133604217394,74.374558905674,72.78144416724818
P17,trial_74_R_affected,2,02,56.249146443313144,58.65679570970399,38.65708397772441
P17,trial_74_R_affected,2,12,57.00110323583566,34.09115375067324,65.92464225464724
P17,trial_74_R_affected,3,012,57.18236050733757,53.19593252662781,47.360728299658476
P17,trial_75_R_affected,2,01,66.79690675389386,76.00410040614761,67.66949030437165
P17,trial_75_R_affected,2,02,55.926550798164854,60.65737037575302,37.86013321144588
P17,trial_75_R_affected,2,12,54.79034762081597,33.79991845852219,69.60335180384749
P17,trial_75_R_affected,3,012,56.62207406453317,54.393986144496644,45.550812764724775
P17,trial_76_R_affected,2,01,66.05502820272312,77.97062453191226,62.58184135773481
P17,trial_76_R_affected,2,02,55.43036476750611,62.15540891744847,36.65669764663877
P17,trial_76_R_affected,2,12,55.85907014313584,37.74806736069967,70.19849359885995
P17,trial_76_R_affected,3,012,56.03048387598901,56.743356047905266,43.73183051581438
P17,trial_77_R_affected,2,01,68.05729297568503,74.67289527270603,66.41116014887753
P17,trial_77_R_affected,2,02,55.81938035596974,59.318753792074745,35.91536290062148
P17,trial_77_R_affected,2,12,54.79187639394343,35.69703547689419,68.62668015429382
P17,trial_77_R_affected,3,012,56.937854396327786,53.35429695096342,43.23472121883472
P17,trial_78_R_affected,2,01,66.23348482053795,74.63389191821331,64.59687381431003
P17,trial_78_R_affected,2,02,55.967577714665055,60.085062729106056,37.75098900646622
P17,trial_78_R_affected,2,12,54.51730600764554,36.55488994356411,66.31097653383642
P17,trial_78_R_affected,3,012,56.45030733591907,54.12594633558727,43.610865967572074
P17,trial_79_R_affected,2,01,66.79805159704667,75.72717468463937,71.33936666242367
P17,trial_79_R_affected,2,02,57.43240120511405,59.71952584096266,38.76309168864951
P17,trial_79_R_affected,2,12,54.95864802962853,35.94831161996659,69.31228502306766
P17,trial_79_R_affected,3,012,57.31583358879134,53.73036891096365,46.29876750081348
P17,trial_7_L_unaffected,2,01,53.4056514632521,47.269978400933354,114.59507513530592
P17,trial_7_L_unaffected,2,02,50.94855226939858,55.59445970122002,34.914877882587895
P17,trial_7_L_unaffected,2,12,65.5170413511472,47.438615465360826,54.98960691567941
P17,trial_7_L_unaffected,3,012,53.95962653490537,44.9727462032579,52.87544876361629
P17,trial_80_R_affected,2,01,65.39636913184113,74.6202956945404,68.79569539074258
P17,trial_80_R_affected,2,02,56.14057425215307,58.756106513740924,39.141936951912776
P17,trial_80_R_affected,2,12,55.90278630845881,33.086760944809,69.43044624149007
P17,trial_80_R_affected,3,012,56.30197665308125,52.92126835186355,47.305398323076425
P17,trial_81_R_affected,2,01,67.8091301987343,75.02892434507673,73.16961510668811
P17,trial_81_R_affected,2,02,58.460124245380584,58.64554212923571,39.204049200990255
P17,trial_81_R_affected,2,12,55.2207793287556,32.097323944329226,69.3332744679698
P17,trial_81_R_affected,3,012,58.36014229406142,52.527902658334575,48.617578329683305
P17,trial_82_R_affected,2,01,65.47266407855844,76.21501428541752,64.72037106696548
P17,trial_82_R_affected,2,02,56.93739985019004,59.56429396871631,38.66441244392878
P17,trial_82_R_affected,2,12,54.091708281508026,32.77148004946043,66.72149914237181
P17,trial_82_R_affected,3,012,56.57517872408436,53.129550604354336,45.93349193784713
P17,trial_83_R_affected,2,01,66.56984312589084,74.7223737462972,70.10875521973136
P17,trial_83_R_affected,2,02,56.76708243504142,60.13328329475087,38.58130522354529
P17,trial_83_R_affected,2,12,56.63191886454555,33.153878404973774,70.46555289980657
P17,trial_83_R_affected,3,012,57.273856097910496,53.182464728923485,46.95188743443003
P17,trial_8_L_unaffected,2,01,54.771463502378225,45.64961579649129,115.46321094941008
P17,trial_8_L_unaffected,2,02,51.956767443568495,56.03677847032967,31.776080190452998
P17,trial_8_L_unaffected,2,12,66.68986675849268,47.799547754868144,56.55312143506327
P17,trial_8_L_unaffected,3,012,54.96727311714782,44.18102067454886,52.80262531297145
P17,trial_9_L_unaffected,2,01,54.11342409492283,46.37234844021902,114.19043744121413
P17,trial_9_L_unaffected,2,02,51.870123013174236,56.837923885123516,30.530974356376685
P17,trial_9_L_unaffected,2,12,66.70220649040532,49.49591112403738,57.46904877831244
P17,trial_9_L_unaffected,3,012,54.624350461871344,45.527974019563864,51.84826792403976
P19,trial_10_L_unaffected,2,01,37.76847515645468,60.58106579261132,56.92301589651457
P19,trial_10_L_unaffected,2,02,56.95614183006991,55.92573756726118,44.22025460060372
P19,trial_10_L_unaffected,2,12,35.16708426813799,69.95318002199545,93.40020971207352
P19,trial_10_L_unaffected,3,012,41.73394848851396,43.955523252753665,42.55806025618929
P19,trial_11_L_unaffected,2,01,37.12111251707231,63.876121458763734,59.400678892388406
P19,trial_11_L_unaffected,2,02,57.22696201398975,54.01534523033478,43.400123737430015
P19,trial_11_L_unaffected,2,12,35.20599588839784,74.4110255365361,95.29458280766289
P19,trial_11_L_unaffected,3,012,42.675104767638565,42.78599278917964,42.434025338969
P19,trial_12_L_unaffected,2,01,37.24966428177078,62.03941443774415,55.014910918985
P19,trial_12_L_unaffected,2,02,58.093253328845435,54.88025969280331,43.555864820703036
P19,trial_12_L_unaffected,2,12,37.730626552299285,65.04040904580492,88.66021139813431
P19,trial_12_L_unaffected,3,012,42.80563812209073,43.46312938687731,42.018098908190815
P19,trial_13_L_unaffected,2,01,35.41230377297132,59.420612141930405,59.412563574883926
P19,trial_13_L_unaffected,2,02,60.455774327757084,53.336331061220264,42.74031524741903
P19,trial_13_L_unaffected,2,12,31.56957551336159,64.15006040305107,85.637492361683
P19,trial_13_L_unaffected,3,012,44.093031820153044,43.03719269411466,39.56253699068551
P19,trial_14_L_unaffected,2,01,37.31423755961108,61.95571855950385,58.07196569820127
P19,trial_14_L_unaffected,2,02,59.042968358346066,56.557296383780034,39.326207612315
P19,trial_14_L_unaffected,2,12,34.019232131042266,64.92243300222376,82.48163447769834
P19,trial_14_L_unaffected,3,012,43.59936854047085,45.536599697071615,35.68535579520766
P19,trial_15_L_unaffected,2,01,39.47493686496359,59.94196116376294,56.25656127790768
P19,trial_15_L_unaffected,2,02,57.041164748798025,54.26659504768151,38.25363610656969
P19,trial_15_L_unaffected,2,12,32.63619509914937,62.42659599105206,80.59908953908773
P19,trial_15_L_unaffected,3,012,42.523042475340254,45.775527680210175,35.9715498221784
P19,trial_16_L_unaffected,2,01,40.21480273021231,60.246151590538766,62.51093158387991
P19,trial_16_L_unaffected,2,02,60.20117438976706,56.93267611513417,36.124925201138794
P19,trial_16_L_unaffected,2,12,36.98008669542818,62.72588052632831,81.78768394123738
P19,trial_16_L_unaffected,3,012,45.543693215633425,46.58417714263135,34.46330016999902
P19,trial_17_L_unaffected,2,01,44.67644351991007,60.174821631009976,56.306872119879635
P19,trial_17_L_unaffected,2,02,60.16440092129969,60.89428030763516,36.612629385011985
P19,trial_17_L_unaffected,2,12,38.885923150265874,61.444026086120324,78.86216364244099
P19,trial_17_L_unaffected,3,012,45.10623251387596,49.111684361945294,33.206611889157294
P19,trial_18_L_unaffected,2,01,42.64329240411116,59.91589694136869,54.08104572460997
P19,trial_18_L_unaffected,2,02,61.16598298798063,51.90069361465902,41.0752579416234
P19,trial_18_L_unaffected,2,12,33.971274999796705,64.4785892154765,83.57904214147801
P19,trial_18_L_unaffected,3,012,46.00030061808731,41.82685214647096,37.90459947106842
P19,trial_19_L_unaffected,2,01,41.32888497127784,60.133906777616225,65.29307710669364
P19,trial_19_L_unaffected,2,02,60.58520323052699,53.09843935675666,44.93331662065364
P19,trial_19_L_unaffected,2,12,35.14889733345117,65.40547114347474,98.37577775706787
P19,trial_19_L_unaffected,3,012,45.17374256000164,41.679501753432184,44.1242591831113
P19,trial_1_L_unaffected,2,01,37.37350138936436,54.61687544623775,52.41877699671612
P19,trial_1_L_unaffected,2,02,58.414912167324495,50.13517688683381,41.77730872971063
P19,trial_1_L_unaffected,2,12,37.05515981740436,83.07742524138202,96.4106026087296
P19,trial_1_L_unaffected,3,012,43.275364337515676,45.18045018386382,38.32983057500157
P19,trial_20_L_unaffected,2,01,40.15267760444682,59.07207290479676,56.379791178611406
P19,trial_20_L_unaffected,2,02,58.26496115072868,54.737822348231106,41.82349891859275
P19,trial_20_L_unaffected,2,12,32.414959633570575,66.67504799643748,86.40511297311146
P19,trial_20_L_unaffected,3,012,43.64360017159096,42.49384943894187,41.81127763927262
P19,trial_21_L_unaffected,2,01,40.32835594728769,59.95010349953542,52.28286160613093
P19,trial_21_L_unaffected,2,02,54.376506127470996,53.82207900541902,45.66024649768326
P19,trial_21_L_unaffected,2,12,32.749345389095815,70.06650218308872,91.18692142158355
P19,trial_21_L_unaffected,3,012,41.51988062189154,42.976891031036516,45.695119966913985
P19,trial_22_L_unaffected,2,01,39.125535828896226,58.377839860253516,51.45352785935346
P19,trial_22_L_unaffected,2,02,57.54882896464974,53.43957065085807,44.22502183445055
P19,trial_22_L_unaffected,2,12,34.6161798607784,68.76937023098657,89.65838567888811
P19,trial_22_L_unaffected,3,012,43.757303510110155,42.834496488923236,43.028786777494126
P19,trial_23_L_unaffected,2,01,39.00802396341498,57.58756513522429,51.11463639608148
P19,trial_23_L_unaffected,2,02,55.65758445363157,55.8163446696428,48.44346215425582
P19,trial_23_L_unaffected,2,12,33.79313856654421,67.19575627611782,93.67875171460213
P19,trial_23_L_unaffected,3,012,42.0350599416637,43.80078055083068,46.13788864857365
P19,trial_24_L_unaffected,2,01,36.65887283147004,58.105193857245894,54.75632986311675
P19,trial_24_L_unaffected,2,02,55.102905298222694,53.99148563393861,42.4790254242235
P19,trial_24_L_unaffected,2,12,35.67277425365545,66.60120370239103,101.04341968748793
P19,trial_24_L_unaffected,3,012,41.250325443957905,41.304973058586654,41.968238762165285
P19,trial_25_L_unaffected,2,01,38.956865122021526,57.62842743916421,46.69911497282036
P19,trial_25_L_unaffected,2,02,53.35817060488286,51.77426253939159,45.514927564746806
P19,trial_25_L_unaffected,2,12,31.860253704741496,69.94119715760166,94.73630614619039
P19,trial_25_L_unaffected,3,012,40.19318005479982,40.7673357856828,45.038124056236406
P19,trial_26_L_unaffected,2,01,38.63163157211633,55.46201453899926,52.05813253719373
P19,trial_26_L_unaffected,2,02,55.44925959424104,51.6706604847023,38.98029626712281
P19,trial_26_L_unaffected,2,12,30.85934006726163,74.55481808658176,84.53230762271195
P19,trial_26_L_unaffected,3,012,40.937691698444794,42.12236103885453,38.165951690667775
P19,trial_27_L_unaffected,2,01,39.66698347880334,58.67290575247984,55.68526399750961
P19,trial_27_L_unaffected,2,02,50.70116622228975,55.1415640778263,44.74959416506152
P19,trial_27_L_unaffected,2,12,34.494376048838205,69.64373015613535,104.44472020309908
P19,trial_27_L_unaffected,3,012,38.582914920570055,43.93009818940278,46.24241564002708
P19,trial_28_L_unaffected,2,01,37.91034211597943,59.54757964398442,59.44632179797504
P19,trial_28_L_unaffected,2,02,53.535442859367336,53.64236676391011,47.60712531207784
P19,trial_28_L_unaffected,2,12,37.11264400549177,63.44874211809694,97.40333758637034
P19,trial_28_L_unaffected,3,012,38.84387098981789,42.075120700924344,47.309940880342886
P19,trial_29_L_unaffected,2,01,40.85242724737113,57.330867985548785,47.9596101171735
P19,trial_29_L_unaffected,2,02,55.031247762823185,50.34829243927129,51.58237197340065
P19,trial_29_L_unaffected,2,12,34.20607478335923,68.27826300650806,91.687133081494
P19,trial_29_L_unaffected,3,012,41.00868691036827,43.71524400474485,46.976725756352664
P19,trial_2_L_unaffected,2,01,35.73402174450373,53.102243601083636,47.514015313259776
P19,trial_2_L_unaffected,2,02,55.96168506721048,46.471567709271824,46.54431452752026
P19,trial_2_L_unaffected,2,12,30.78647592275485,88.80142284581314,93.07664834888384
P19,trial_2_L_unaffected,3,012,41.64476330789591,47.06935657064487,42.800270240548635
P19,trial_30_L_unaffected,2,01,40.968832908039666,56.40083674598224,50.506503184623575
P19,trial_30_L_unaffected,2,02,52.69342373543574,50.73891286679861,49.38316934771792
P19,trial_30_L_unaffected,2,12,37.90592065276052,67.74091498206431,96.80311321774835
P19,trial_30_L_unaffected,3,012,39.977310654180044,43.009138128210225,43.35464328490651
P19,trial_31_L_unaffected,2,01,38.50194571484313,54.939443924479285,55.18406066910758
P19,trial_31_L_unaffected,2,02,53.45179257403616,53.54149962298929,40.99561071101102
P19,trial_31_L_unaffected,2,12,38.66130029290888,73.54564286363373,94.63371999284597
P19,trial_31_L_unaffected,3,012,39.281717278087285,46.30762913414974,38.286402774233814
P19,trial_32_L_unaffected,2,01,40.70929870861328,55.367563864622426,52.48044004686922
P19,trial_32_L_unaffected,2,02,55.15849501604022,52.519664906354606,36.38962595240868
P19,trial_32_L_unaffected,2,12,38.7779897879266,74.23681880340608,89.59294099334431
P19,trial_32_L_unaffected,3,012,41.51768668351139,46.442279328415104,33.57188150388139
P19,trial_33_L_unaffected,2,01,38.59215504279369,57.18266894888332,53.525373609625085
P19,trial_33_L_unaffected,2,02,56.512246178532486,52.407279433655766,39.42743407305828
P19,trial_33_L_unaffected,2,12,40.08875395090361,72.79273178569645,93.2572872112465
P19,trial_33_L_unaffected,3,012,42.697624362874315,46.57089267355977,37.08452156504869
P19,trial_34_L_unaffected,2,01,38.82659626941564,55.978592363020375,54.29260670001121
P19,trial_34_L_unaffected,2,02,54.016796244767065,51.997079229198626,39.88331526939269
P19,trial_34_L_unaffected,2,12,35.40246815503064,69.32940409535387,92.3804247051971
P19,trial_34_L_unaffected,3,012,39.30570980058953,45.33849069823114,38.179271231116644
P19,trial_35_L_unaffected,2,01,37.93984743701631,56.69714488787692,57.9247567692116
P19,trial_35_L_unaffected,2,02,55.42714005635539,52.01714110846701,40.446997775908045
P19,trial_35_L_unaffected,2,12,38.199346427392506,69.03761186727343,101.89085350569674
P19,trial_35_L_unaffected,3,012,40.26632739980763,44.09223888384291,39.13953204523778
P19,trial_36_L_unaffected,2,01,35.151513198049116,55.667599262742556,58.74233174858149
P19,trial_36_L_unaffected,2,02,53.59502625105961,50.97500602263106,44.5037939623372
P19,trial_36_L_unaffected,2,12,36.58221995079759,66.13361693950567,108.29113443752306
P19,trial_36_L_unaffected,3,012,38.260080642267454,42.75903867758347,42.55666023378392
P19,trial_37_L_unaffected,2,01,37.09470074066469,56.8029666011646,61.012868270204876
P19,trial_37_L_unaffected,2,02,53.320771884991494,53.855125275499226,40.151613767435336
P19,trial_37_L_unaffected,2,12,37.93623515355865,61.77109427157916,115.56160192467851
P19,trial_37_L_unaffected,3,012,37.971545623316366,44.76472678666224,39.64350166892766
P19,trial_38_L_unaffected,2,01,35.94644830572633,58.25956066605254,66.45861541270595
P19,trial_38_L_unaffected,2,02,54.202986860291446,57.04838927685078,42.012959435767684
P19,trial_38_L_unaffected,2,12,34.12087073016465,71.40635274517219,118.88999257673434
P19,trial_38_L_unaffected,3,012,38.03015532382748,47.29389158770396,40.942796685852215
P19,trial_39_L_unaffected,2,01,37.50473685831512,58.99044176591184,64.81027284870049
P19,trial_39_L_unaffected,2,02,55.691139293400234,56.53457408898286,37.44588707882616
P19,trial_39_L_unaffected,2,12,39.08523720923531,71.50669635543336,110.12143880019586
P19,trial_39_L_unaffected,3,012,40.071692358794124,46.895164382575466,36.74255878858257
P19,trial_3_L_unaffected,2,01,33.94271398255386,53.93950858596273,49.85701866366653
P19,trial_3_L_unaffected,2,02,56.18204589204173,46.81382708407964,41.50541135768061
P19,trial_3_L_unaffected,2,12,33.76386211711924,86.6551901694209,92.87676179224935
P19,trial_3_L_unaffected,3,012,41.599619243424954,47.32058889594149,37.07790188041354
P19,trial_40_L_unaffected,2,01,37.96852129362556,57.942140766768325,66.61601421648815
P19,trial_40_L_unaffected,2,02,55.00503867453529,57.67829944398236,34.85529706011907
P19,trial_40_L_unaffected,2,12,37.20700428021645,69.71345638741292,114.88268248577667
P19,trial_40_L_unaffected,3,012,38.94314888947087,47.55218623940507,34.24617502774878
P19,trial_41_L_unaffected,2,01,37.50771768019342,57.5953057921331,63.281836401203456
P19,trial_41_L_unaffected,2,02,52.96997379085279,54.332479478765336,35.74030888967371
P19,trial_41_L_unaffected,2,12,35.42137353395851,66.05830844058468,112.19572769137122
P19,trial_41_L_unaffected,3,012,37.491293403700574,43.33566218284223,36.87208728619719
P19,trial_42_L_unaffected,2,01,36.793522081400845,59.12890659190237,66.54604284391961
P19,trial_42_L_unaffected,2,02,55.304610948820454,54.435596670547966,35.61418785916558
P19,trial_42_L_unaffected,2,12,34.1165994486521,71.1545565826788,110.8643547606171
P19,trial_42_L_unaffected,3,012,37.39088812219674,42.93414077888668,35.38582901682761
P19,trial_43_L_unaffected,2,01,38.71206632354954,57.87847311179009,63.64593517266961
P19,trial_43_L_unaffected,2,02,55.58134411474439,54.34664548587523,30.100903523872315
P19,trial_43_L_unaffected,2,12,38.95256924987578,70.35948498369633,101.89891246385413
P19,trial_43_L_unaffected,3,012,38.76926907488318,44.00679184151064,31.514319380738687
P19,trial_44_L_unaffected,2,01,39.106148927371684,59.39299004832366,64.93209550357666
P19,trial_44_L_unaffected,2,02,54.47673623788563,56.17144625538365,32.98331625559754
P19,trial_44_L_unaffected,2,12,37.30542313013077,76.83834302668112,109.49723873825096
P19,trial_44_L_unaffected,3,012,38.50127915797394,45.731220345190685,34.36430153681786
P19,trial_45_L_unaffected,2,01,39.34377567055077,58.62660419332484,64.21897671149507
P19,trial_45_L_unaffected,2,02,55.20935853677019,56.17603297529833,33.00410556941318
P19,trial_45_L_unaffected,2,12,38.89524010580135,71.77673369977155,99.74073732555406
P19,trial_45_L_unaffected,3,012,39.572043491711064,46.501856016032505,34.20366672759231
P19,trial_46_R_affected,2,01,57.14715258664415,77.10853436971658,37.70738432538661
P19,trial_46_R_affected,2,02,41.15689767201004,37.43970197467884,52.99009543177234
P19,trial_46_R_affected,2,12,39.99441496754577,90.91566954156302,98.74431776045887
P19,trial_46_R_affected,3,012,33.76544265225467,36.62942621357393,46.15803110060186
P19,trial_47_R_affected,2,01,55.91359439774262,85.58870693787426,34.98317297690068
P19,trial_47_R_affected,2,02,41.661497118637136,43.929648299273836,44.47401698698749
P19,trial_47_R_affected,2,12,35.24889603105092,86.22390028670307,101.10843352095587
P19,trial_47_R_affected,3,012,34.33338692313325,39.743668922218276,39.407330180277796
P19,trial_48_R_affected,2,01,54.81543685417438,88.05166306347073,38.16582706895288
P19,trial_48_R_affected,2,02,44.427644441476424,50.632890214758575,53.91536629520027
P19,trial_48_R_affected,2,12,38.92501287814491,84.83513279507405,113.49924087082174
P19,trial_48_R_affected,3,012,36.87459601154905,44.48360217525056,46.22806996254673
P19,trial_49_R_affected,2,01,55.97959282049867,86.46604402411374,37.691729556112534
P19,trial_49_R_affected,2,02,45.84515194245355,50.58783482931816,55.85205579885892
P19,trial_49_R_affected,2,12,37.91255658810983,84.9793642020817,116.0277189586839
P19,trial_49_R_affected,3,012,38.066704937881894,44.76899317092922,49.457580069723164
P19,trial_4_L_unaffected,2,01,34.14282466716881,54.513272178505126,49.88810651605925
P19,trial_4_L_unaffected,2,02,54.60506782435678,47.20584150693622,44.887736755592286
P19,trial_4_L_unaffected,2,12,36.542270669087976,86.41962038685968,95.1920769481274
P19,trial_4_L_unaffected,3,012,40.70146510981114,47.020922583026305,40.371287752186575
P19,trial_50_R_affected,2,01,55.85849168007794,89.89358163353673,40.50926610502721
P19,trial_50_R_affected,2,02,46.165404024151236,51.15061809658287,57.21478459670371
P19,trial_50_R_affected,2,12,38.78799600163514,90.25294965639408,116.39889779687327
P19,trial_50_R_affected,3,012,38.43621045342665,44.34421718878856,49.026065296214114
P19,trial_51_R_affected,2,01,56.553685254883,86.13550805427899,40.53555597815796
P19,trial_51_R_affected,2,02,44.348221357600714,46.01362647657205,56.330854653040184
P19,trial_51_R_affected,2,12,37.716704608547566,85.39120427625029,110.23785813509832
P19,trial_51_R_affected,3,012,37.352290866845244,40.19118091157429,48.47270522680427
P19,trial_52_R_affected,2,01,56.63996926182415,84.79353046772681,41.690442045924584
P19,trial_52_R_affected,2,02,46.337369339109486,50.55971144427414,61.50985112675987
P19,trial_52_R_affected,2,12,37.83530056986383,84.07105717508277,111.61366711310691
P19,trial_52_R_affected,3,012,38.8059417264719,43.103767476940334,53.787796869350885
P19,trial_53_R_affected,2,01,57.79091599608428,81.92600801532673,41.29993338134647
P19,trial_53_R_affected,2,02,45.3490450118974,46.49958807649871,57.36493921592319
P19,trial_53_R_affected,2,12,37.64324660967104,83.08301161285198,104.2912552972284
P19,trial_53_R_affected,3,012,37.861908916917415,40.60824102744618,52.10753309986448
P19,trial_54_R_affected,2,01,58.357477063098464,87.1678605625588,42.947906709749226
P19,trial_54_R_affected,2,02,46.4348356981744,53.6953281916069,57.752780394237845
P19,trial_54_R_affected,2,12,35.3496184677982,83.07330438580594,110.46792097575597
P19,trial_54_R_affected,3,012,37.982030575493816,45.260141835121594,50.26386411706746
P19,trial_55_R_affected,2,01,46.562204200971856,109.66051420154078,38.32920653744509
P19,trial_55_R_affected,2,02,25.042842542198382,53.04942707153682,57.11591314680394
P19,trial_55_R_affected,2,12,20.025503691326886,49.80408086156843,40.17749372776144
P19,trial_55_R_affected,3,012,21.066769462024393,36.56142077359353,41.543543815546904
P19,trial_56_R_affected,2,01,304.09646379954995,310.2573631933169,211.57853891224178
P19,trial_56_R_affected,2,02,795.3334531920381,589.5475684729215,824.7800253974827
P19,trial_56_R_affected,2,12,902.2452631988918,820.5278977324181,854.894024392874
P19,trial_56_R_affected,3,012,8669.978334093965,1064.781370821544,1002.0233361640418
P19,trial_57_R_affected,2,01,52.50223991811384,85.1959813066411,37.43045142039189
P19,trial_57_R_affected,2,02,43.55203330151615,48.24302210809447,60.518895266780696
P19,trial_57_R_affected,2,12,39.86328313804835,90.56982909736404,115.04155626260489
P19,trial_57_R_affected,3,012,36.89843458052673,42.03710328951086,49.637531874215675
P19,trial_58_R_affected,2,01,,51.57401338753905,26.30849654161797
P19,trial_58_R_affected,2,02,,25.970559181723438,39.01869337014989
P19,trial_58_R_affected,2,12,,67.17161596075314,64.19851799863784
P19,trial_58_R_affected,3,012,,31.58437018610907,32.05131446371214
P19,trial_59_R_affected,2,01,53.915939110636444,75.09942285940821,38.11625392725498
P19,trial_59_R_affected,2,02,42.2300182500453,36.9605431098759,54.89574317830028
P19,trial_59_R_affected,2,12,45.440703936841246,69.43805355602956,101.09846796753715
P19,trial_59_R_affected,3,012,36.59358450185785,32.8745824164058,46.644275265891345
P19,trial_5_L_unaffected,2,01,33.83605094669568,54.43102674527703,46.839052546482655
P19,trial_5_L_unaffected,2,02,55.2085439059007,48.455138897282566,47.618530899800504
P19,trial_5_L_unaffected,2,12,34.64765652880483,86.14064512088565,98.97084203934506
P19,trial_5_L_unaffected,3,012,40.17342209368117,48.71702187732676,44.3627508340304
P19,trial_60_R_affected,2,01,49.36123651115881,79.55914362238919,36.03988596481011
P19,trial_60_R_affected,2,02,41.78308085734444,43.27183826778492,57.90761859347991
P19,trial_60_R_affected,2,12,44.78503124455594,72.54162660784837,102.94989544202319
P19,trial_60_R_affected,3,012,37.42816349605987,36.58858120929749,47.51858255617504
P19,trial_61_R_affected,2,01,51.40671298359245,77.92603648267256,36.227336996557355
P19,trial_61_R_affected,2,02,41.385712922140684,38.38251501515461,53.643816711164966
P19,trial_61_R_affected,2,12,44.05531811990262,76.2058196420827,100.93535039935043
P19,trial_61_R_affected,3,012,36.77620816634334,34.25314274180393,44.09991923100485
P19,trial_62_R_affected,2,01,50.30349007853887,78.9510611386824,35.829865977308316
P19,trial_62_R_affected,2,02,40.114957635887855,36.899640705145956,51.944176864062804
P19,trial_62_R_affected,2,12,45.4041884975373,76.89886812045947,95.68793548189862
P19,trial_62_R_affected,3,012,36.320820621876834,32.63559814408133,42.65188296316532
P19,trial_63_R_affected,2,01,51.63996727933627,77.72649002792599,38.89208850959244
P19,trial_63_R_affected,2,02,37.81051564007763,36.53371126665352,58.302495251834614
P19,trial_63_R_affected,2,12,44.669912758408465,72.63541285688247,96.46613741688641
P19,trial_63_R_affected,3,012,34.13670489676305,31.89665863801608,48.83105668114371
P19,trial_64_R_affected,2,01,50.98950517179798,79.32724513126644,38.59354867048326
P19,trial_64_R_affected,2,02,37.79392698072242,38.719469027076606,46.662774723011275
P19,trial_64_R_affected,2,12,40.06611595231618,68.18541552865925,84.9262603972035
P19,trial_64_R_affected,3,012,32.57701629631623,33.660554262175864,40.144600846238724
P19,trial_65_R_affected,2,01,52.35543087993159,77.36121969832365,35.92193567063189
P19,trial_65_R_affected,2,02,39.566589042399826,41.88950226362438,58.76782773422089
P19,trial_65_R_affected,2,12,46.42723086744614,77.27586615724555,100.83540533112635
P19,trial_65_R_affected,3,012,34.274445551757,37.10268885027056,48.9321276521071
P19,trial_66_R_affected,2,01,52.32245251650632,77.40054292668212,34.46687927518894
P19,trial_66_R_affected,2,02,42.06761351864317,40.8672737331016,43.130642831891244
P19,trial_66_R_affected,2,12,45.63672796024767,103.27198543802754,96.40892801615455
P19,trial_66_R_affected,3,012,34.394774301627464,39.825222330988325,42.99137915470372
P19,trial_67_R_affected,2,01,53.047943235910296,79.78681666815231,38.43915738240118
P19,trial_67_R_affected,2,02,42.978216829026685,44.81919279639633,51.357344740557885
P19,trial_67_R_affected,2,12,40.82589369344441,73.58592146731341,102.99126358804011
P19,trial_67_R_affected,3,012,36.537229554892356,39.82104630346365,45.36864115800092
P19,trial_68_R_affected,2,01,50.616027128055094,79.40360141017996,35.17963304172555
P19,trial_68_R_affected,2,02,42.172779048074005,42.29931078331997,52.454912955045415
P19,trial_68_R_affected,2,12,42.00801057711969,74.92935461320164,104.55605051027986
P19,trial_68_R_affected,3,012,35.86323669010711,37.67159423617717,47.85879410698513
P19,trial_69_R_affected,2,01,45.5853933541975,94.53284045499295,40.81644366114698
P19,trial_69_R_affected,2,02,30.30936422367634,46.98760665701666,40.444646476563115
P19,trial_69_R_affected,2,12,28.138663554892084,35.05959566483553,48.041406828865284
P19,trial_69_R_affected,3,012,25.6266407415132,34.05594695016823,30.70803644954611
P19,trial_6_L_unaffected,2,01,39.384452982883836,62.83495282809861,58.09135702463037
P19,trial_6_L_unaffected,2,02,57.36057151728937,52.19972032997273,39.38391021974168
P19,trial_6_L_unaffected,2,12,36.62821337113505,75.37757909553665,89.59626305705211
P19,trial_6_L_unaffected,3,012,43.40598220680378,45.21425390012186,36.98409384376873
P19,trial_70_R_affected,2,01,54.23611706915098,80.16885837563092,40.52167649675571
P19,trial_70_R_affected,2,02,41.76456471357935,42.0471360096829,49.852183320561444
P19,trial_70_R_affected,2,12,35.58482401161598,79.99586723958768,95.3334979664288
P19,trial_70_R_affected,3,012,35.4493232211216,36.016266648918254,42.222544080184925
P19,trial_71_R_affected,2,01,55.046088335465136,82.73841350649677,43.1936241942605
P19,trial_71_R_affected,2,02,42.38271278097026,36.15337105235857,29.754335260145126
P19,trial_71_R_affected,2,12,38.01079138578292,83.90970380179077,93.35657494937698
P19,trial_71_R_affected,3,012,34.94905118973371,34.63873902324916,29.346420619752376
P19,trial_72_R_affected,2,01,53.22442229083168,80.57705326421527,41.042793021616575
P19,trial_72_R_affected,2,02,39.12579932999555,39.42580699805887,42.81975398639188
P19,trial_72_R_affected,2,12,32.61892454016366,74.60055194189624,84.99775351784338
P19,trial_72_R_affected,3,012,33.77657846364998,31.166758815388647,34.38567916821552
P19,trial_73_R_affected,2,01,53.429953092153745,80.44950329444907,39.64423829854427
P19,trial_73_R_affected,2,02,41.15307449096041,40.80967417846354,46.12098551018623
P19,trial_73_R_affected,2,12,38.21287013187469,82.4460737109285,101.11570573162335
P19,trial_73_R_affected,3,012,36.35520187958382,38.0219491345629,41.46752301886242
P19,trial_74_R_affected,2,01,51.45197144005483,80.30336538949054,37.57522734751521
P19,trial_74_R_affected,2,02,40.881331513928856,43.92837881585294,50.42910544192673
P19,trial_74_R_affected,2,12,40.405927172374646,82.86378775130767,92.97196481756714
P19,trial_74_R_affected,3,012,35.47413085719789,38.54635866681274,46.402539970613404
P19,trial_75_R_affected,2,01,50.870230854652874,78.73009951249347,35.33442101099514
P19,trial_75_R_affected,2,02,41.09784844122905,40.453072669497026,48.187873720453645
P19,trial_75_R_affected,2,12,40.997351067819714,86.3654444120277,97.55596374977343
P19,trial_75_R_affected,3,012,35.90540763279538,36.52300548552232,42.135465372161256
P19,trial_76_R_affected,2,01,50.171481697010044,78.23271381228867,33.16674934030863
P19,trial_76_R_affected,2,02,40.336643008243996,38.65316107874834,50.15396618297651
P19,trial_76_R_affected,2,12,40.272216933554404,83.7756068328361,104.05558445180219
P19,trial_76_R_affected,3,012,35.56836053653756,35.41254349318768,45.60738120059567
P19,trial_77_R_affected,2,01,50.37864937939646,78.43416011053883,33.64552077729789
P19,trial_77_R_affected,2,02,41.15600187341131,40.575929255649314,53.36596893189733
P19,trial_77_R_affected,2,12,43.165418586466444,83.42257623824587,106.14637904658147
P19,trial_77_R_affected,3,012,36.132207694257666,35.751155291733035,47.97194528683151
P19,trial_78_R_affected,2,01,50.093652349930736,78.46774793021936,35.39293827767152
P19,trial_78_R_affected,2,02,42.04735387496683,46.56159430967092,57.95153088202387
P19,trial_78_R_affected,2,12,43.2395662287264,80.7946500865643,112.46536150686609
P19,trial_78_R_affected,3,012,36.37036481673796,40.23115024013868,50.78789922669952
P19,trial_79_R_affected,2,01,48.43120922893705,79.86421939417616,34.14446133964723
P19,trial_79_R_affected,2,02,38.347695702907664,45.86649360329442,57.4525002019105
P19,trial_79_R_affected,2,12,39.85535853966905,84.12364697897132,111.41476099481926
P19,trial_79_R_affected,3,012,34.60885631928597,36.36049607711298,49.64376148023588
P19,trial_7_L_unaffected,2,01,41.809378540019765,62.46906102452616,56.80968899969344
P19,trial_7_L_unaffected,2,02,58.174067929774154,57.817712218015075,39.040810273044535
P19,trial_7_L_unaffected,2,12,36.724011483181584,73.73299372996881,90.01642101210425
P19,trial_7_L_unaffected,3,012,43.82261419985824,48.128162600911324,36.69554126249479
P19,trial_80_R_affected,2,01,53.751662279793564,77.92350883819054,40.51835171058731
P19,trial_80_R_affected,2,02,38.46478401718954,40.476166737043776,49.99049552626204
P19,trial_80_R_affected,2,12,38.233934094920315,83.0931939931143,98.64812115834212
P19,trial_80_R_affected,3,012,32.60125259019778,37.463883961584656,43.404730064682255
P19,trial_81_R_affected,2,01,53.536758412050546,83.55285133970514,39.19558134657092
P19,trial_81_R_affected,2,02,42.69715925653334,47.30864979430376,49.63450549586268
P19,trial_81_R_affected,2,12,39.297534109716516,84.72734660324502,101.65373018819038
P19,trial_81_R_affected,3,012,36.270922220111174,43.160575967971596,42.99079327287174
P19,trial_82_R_affected,2,01,51.640579436314546,84.89388300574022,36.99057364207689
P19,trial_82_R_affected,2,02,42.60570452213474,51.41462044055825,53.62316386553399
P19,trial_82_R_affected,2,12,38.69978202764741,86.69757652185203,107.74498800196739
P19,trial_82_R_affected,3,012,36.495506466798005,44.63100418292718,46.28929088492664
P19,trial_83_R_affected,2,01,52.86989657520795,82.53089816750122,33.85708462714907
P19,trial_83_R_affected,2,02,42.09443776129432,48.17315539193755,52.122566827553015
P19,trial_83_R_affected,2,12,41.786766083525094,86.18717101057081,105.0576129143803
P19,trial_83_R_affected,3,012,35.777341719970785,42.05004866631969,48.49766599429298
P19,trial_84_R_affected,2,01,50.78226523171244,82.20721646425913,33.16412821176383
P19,trial_84_R_affected,2,02,40.38345167495273,45.87660802328159,55.95714039926235
P19,trial_84_R_affected,2,12,41.7647192778915,80.45511605327573,109.05426194888783
P19,trial_84_R_affected,3,012,35.13302294831937,39.651383740033246,49.34579576339988
P19,trial_85_R_affected,2,01,55.129501131453644,76.93259775123798,36.52226809322802
P19,trial_85_R_affected,2,02,38.10449124914117,39.696515006888205,42.50197183389651
P19,trial_85_R_affected,2,12,33.39564866782536,86.0919636323063,98.80615182842192
P19,trial_85_R_affected,3,012,30.840581643027782,38.97921512673008,40.48421165664094
P19,trial_86_R_affected,2,01,53.78093168668065,77.51815427998102,37.257815115508976
P19,trial_86_R_affected,2,02,46.56368440710542,43.89998117590867,47.828842576201936
P19,trial_86_R_affected,2,12,42.352768903111055,83.46357708350138,96.13555629403872
P19,trial_86_R_affected,3,012,39.18630538316175,41.245009889254824,43.07690642275707
P19,trial_87_R_affected,2,01,54.56333841495661,77.83483399639455,36.06573983783355
P19,trial_87_R_affected,2,02,46.08749462474925,42.68311142677657,49.76237686943844
P19,trial_87_R_affected,2,12,41.28351598278827,82.80708204055662,104.94636964865276
P19,trial_87_R_affected,3,012,39.317510397620914,38.853739649013,45.79329702716701
P19,trial_88_R_affected,2,01,52.662128785811355,79.07525032618476,31.921087945509573
P19,trial_88_R_affected,2,02,45.28023422476105,45.336787397592616,47.49655839753162
P19,trial_88_R_affected,2,12,46.632697672358425,90.00177482076762,99.48947049639295
P19,trial_88_R_affected,3,012,38.74151751126819,39.27536813931854,42.399148007768744
P19,trial_89_R_affected,2,01,54.59101600718546,77.95749745346534,35.05387873797921
P19,trial_89_R_affected,2,02,42.91193540932895,42.72730017695658,49.62669821869192
P19,trial_89_R_affected,2,12,43.51733599867837,87.38318948157543,99.7114306832857
P19,trial_89_R_affected,3,012,37.640643672946766,36.53252428682064,42.29540599768221
P19,trial_8_L_unaffected,2,01,39.75011940706682,64.21072819129112,59.82279975139847
P19,trial_8_L_unaffected,2,02,61.74778240290935,59.98692074551651,43.656339428289
P19,trial_8_L_unaffected,2,12,36.67360853630813,73.9043609225086,92.81516793895855
P19,trial_8_L_unaffected,3,012,45.332566966515806,47.72482992081422,40.32119044877143
P19,trial_90_R_affected,2,01,,56.93018815769284,29.745254339000276
P19,trial_90_R_affected,2,02,,37.13719203422937,39.59150274474196
P19,trial_90_R_affected,2,12,,112.09833943777699,63.94966966792089
P19,trial_90_R_affected,3,012,,46.252465495698004,34.06868024239034
P19,trial_91_R_affected,2,01,55.729342855630684,74.65692023378095,37.180157535034134
P19,trial_91_R_affected,2,02,42.27145235887525,38.229047758772744,39.956427753725585
P19,trial_91_R_affected,2,12,37.98837947243189,91.35713532550567,96.58317141216696
P19,trial_91_R_affected,3,012,35.686608858166295,35.95968530031574,38.83680852629865
P19,trial_92_R_affected,2,01,50.167530573656855,92.04874298447241,38.53212249017606
P19,trial_92_R_affected,2,02,42.48521498924952,53.001619124662334,31.042692896371
P19,trial_92_R_affected,2,12,23.828487214712357,61.88938575027239,64.34458291666493
P19,trial_92_R_affected,3,012,33.201149309577026,38.910004214519056,25.379695442836734
P19,trial_93_R_affected,2,01,52.47754797113969,80.8369120224444,36.5559129893286
P19,trial_93_R_affected,2,02,44.02956889051145,45.25924213272143,39.06793384820196
P19,trial_93_R_affected,2,12,37.654643323148946,90.5518968796272,91.34047212369207
P19,trial_93_R_affected,3,012,37.421236748742466,40.604557955848364,37.028452132778746
P19,trial_94_R_affected,2,01,53.161780219793975,78.96753194605877,36.75008890474004
P19,trial_94_R_affected,2,02,45.56078618080255,46.76448725366254,51.76644000150846
P19,trial_94_R_affected,2,12,40.743655166774275,83.54508797575194,103.18103982772948
P19,trial_94_R_affected,3,012,37.59007647338657,39.43153216873231,45.5007895119726
P19,trial_9_L_unaffected,2,01,36.541302275609006,60.01995924642508,58.62965767869987
P19,trial_9_L_unaffected,2,02,59.99504808048453,57.39360039076984,42.41141458985672
P19,trial_9_L_unaffected,2,12,34.87454839449867,73.18167720686242,90.34006558548788
P19,trial_9_L_unaffected,3,012,44.172933256744955,45.399488854251835,40.69016080949352
P251,trial_10_R_unaffected,2,01,50.30894129340268,97.53785881348975,40.22538502077103
P251,trial_10_R_unaffected,2,02,46.193779118127665,72.62669037014815,28.944978350596674
P251,trial_10_R_unaffected,2,03,47.4971026138727,66.54938757809542,39.729710235186495
P251,trial_10_R_unaffected,2,12,53.14857354962868,73.43366221771366,44.68009557703161
P251,trial_10_R_unaffected,2,13,48.89826309011077,71.95473868126416,40.18725150784361
P251,trial_10_R_unaffected,2,23,46.242692536115115,60.096958558362026,29.378580287814128
P251,trial_10_R_unaffected,3,012,48.7914552646633,76.49629247780334,34.19993546655229
P251,trial_10_R_unaffected,3,013,47.935664288996776,72.434235843649,39.147146194480165
P251,trial_10_R_unaffected,3,023,45.51304491387437,66.87363957472996,29.247000666158723
P251,trial_10_R_unaffected,3,123,47.676650729795185,69.41745076569661,34.92009443554559
P251,trial_10_R_unaffected,4,0123,47.10166095753924,70.16285948376529,33.97035018179961
P251,trial_11_R_unaffected,2,01,46.88319397392153,92.9615189855453,36.634243845865164
P251,trial_11_R_unaffected,2,02,40.60946129886959,67.24475129816373,29.97800608537329
P251,trial_11_R_unaffected,2,03,43.423285562615845,64.87207651598578,36.55551738846403
P251,trial_11_R_unaffected,2,12,55.7820852611339,67.94168354093117,41.09936889977188
P251,trial_11_R_unaffected,2,13,52.150559165636835,70.54758928222395,35.95624159819872
P251,trial_11_R_unaffected,2,23,48.84940257063132,54.64983724195037,28.55272587788846
P251,trial_11_R_unaffected,3,012,44.97067763848224,71.42615271278319,33.60280605605954
P251,trial_11_R_unaffected,3,013,46.54437958306483,70.33437958413435,35.4210408794562
P251,trial_11_R_unaffected,3,023,42.99431282569221,62.784270164126866,28.65189157455573
P251,trial_11_R_unaffected,3,123,51.07094649048361,66.20382338480165,33.07989297113238
P251,trial_11_R_unaffected,4,0123,45.97505411573742,66.59202377316981,32.28955588538685
P251,trial_12_R_unaffected,2,01,51.773185447616584,120.8419321137598,80.79149664173795
P251,trial_12_R_unaffected,2,02,45.057068892985356,93.83419340764588,73.95811454858023
P251,trial_12_R_unaffected,2,03,45.45187917795915,95.4337456618167,78.59165865900673
P251,trial_12_R_unaffected,2,12,56.59078701765878,81.915103048071,77.9228526795463
P251,trial_12_R_unaffected,2,13,51.64170787601259,87.4412588279849,74.09857226461202
P251,trial_12_R_unaffected,2,23,46.81420666079321,71.9058863717228,65.50763205576087
P251,trial_12_R_unaffected,3,012,49.68635935565671,96.61788795676999,75.95900393355673
P251,trial_12_R_unaffected,3,013,48.91169270569207,95.26616993062873,76.13854453568803
P251,trial_12_R_unaffected,3,023,44.948016431588954,89.26703144528675,72.06185973084501
P251,trial_12_R_unaffected,3,123,50.2394575717677,82.28602793258128,71.52354179174374
P251,trial_12_R_unaffected,4,0123,48.14632799959753,90.31223371424505,73.71116998634231
P251,trial_13_R_unaffected,2,01,50.97894849601621,97.2472205636048,64.17063954108407
P251,trial_13_R_unaffected,2,02,46.951343224765324,71.53058530429598,59.28845268391519
P251,trial_13_R_unaffected,2,03,47.984635245127,77.81746389983635,65.96516101645011
P251,trial_13_R_unaffected,2,12,59.08159010843971,80.07733259903762,76.42878849822117
P251,trial_13_R_unaffected,2,13,52.07100026039113,83.6165595036416,72.27679262973717
P251,trial_13_R_unaffected,2,23,49.16541099144822,64.2777237060503,65.7111790854232
P251,trial_13_R_unaffected,3,012,50.53778518089327,76.50078694994755,63.491418501962215
P251,trial_13_R_unaffected,3,013,49.81425259071957,81.65985022120972,67.46005394784824
P251,trial_13_R_unaffected,3,023,47.015740485367786,71.78087291689013,61.70684304454378
P251,trial_13_R_unaffected,3,123,51.096763198562606,77.78447704230459,69.97485705151732
P251,trial_13_R_unaffected,4,0123,49.25761000157592,76.01263862979165,65.34706873206567
P251,trial_14_R_unaffected,2,01,51.696484998689584,104.5334823742425,56.4642419514745
P251,trial_14_R_unaffected,2,02,47.06828626633688,79.27054603525508,48.43189364834748
P251,trial_14_R_unaffected,2,03,49.09979891931007,81.44507863925054,55.569254134889626
P251,trial_14_R_unaffected,2,12,60.04055016924248,81.56840173363268,59.58513029775136
P251,trial_14_R_unaffected,2,13,54.401635308765805,82.74449697472271,51.483332794955295
P251,trial_14_R_unaffected,2,23,50.72014925041118,64.46128568109104,41.538391884892945
P251,trial_14_R_unaffected,3,012,51.143284621065064,83.79510066094726,52.08766365367145
P251,trial_14_R_unaffected,3,013,51.29134370477648,85.02064183542342,53.18826690738086
P251,trial_14_R_unaffected,3,023,47.9140124077841,76.44837710687037,47.375481046877844
P251,trial_14_R_unaffected,3,123,53.06535788295284,77.82668839074115,48.26447454461433
P251,trial_14_R_unaffected,4,0123,50.5133392779733,80.14462633756034,49.97246196431057
P251,trial_15_R_unaffected,2,01,53.8451492832247,94.24923711418738,64.92280998130886
P251,trial_15_R_unaffected,2,02,49.75822231844533,70.33513124631003,61.141788214041874
P251,trial_15_R_unaffected,2,03,50.61233365830045,76.72432077111083,69.27683279875164
P251,trial_15_R_unaffected,2,12,60.93411286260849,79.97067050014526,76.01873262493875
P251,trial_15_R_unaffected,2,13,53.78121291299641,81.71260195881514,72.44072686759776
P251,trial_15_R_unaffected,2,23,49.38626129636844,62.78025461307033,65.9532145751531
P251,trial_15_R_unaffected,3,012,53.2767855755534,75.20120980739074,64.54297569844154
P251,trial_15_R_unaffected,3,013,51.98510998342606,80.19719755116667,68.90443607571784
P251,trial_15_R_unaffected,3,023,49.11853361600639,70.40701635694118,63.70698579564177
P251,trial_15_R_unaffected,3,123,52.47460721651402,76.23622499753183,70.2850754770798
P251,trial_15_R_unaffected,4,0123,51.3239590462715,74.65400329460674,66.58849385568075
P251,trial_16_R_unaffected,2,01,51.70818952778111,98.63987705789894,43.904997032019885
P251,trial_16_R_unaffected,2,02,46.17228097700098,69.94212106104625,31.670419176450505
P251,trial_16_R_unaffected,2,03,48.65368420045435,72.09589447275856,40.948690485298506
P251,trial_16_R_unaffected,2,12,59.992670961898575,75.47520738296483,49.87370406157467
P251,trial_16_R_unaffected,2,13,53.90146326166843,76.32956799472657,42.25114108604517
P251,trial_16_R_unaffected,2,23,49.18536702085085,57.54700579739219,31.41633302621295
P251,trial_16_R_unaffected,3,012,50.74963257143366,74.59376268264941,37.07354587749677
P251,trial_16_R_unaffected,3,013,50.806930893941036,76.61055561700147,41.03268619618149
P251,trial_16_R_unaffected,3,023,46.83336294282512,67.59945323812417,32.30360225799475
P251,trial_16_R_unaffected,3,123,52.28772229228183,71.12024359521482,37.833245237866926
P251,trial_16_R_unaffected,4,0123,49.766330220707715,71.46331109744101,36.51719484001854
P251,trial_17_R_unaffected,2,01,51.379744428957444,96.67996084732775,47.464451196757594
P251,trial_17_R_unaffected,2,02,45.54263118139225,70.12360281036815,36.221868983916444
P251,trial_17_R_unaffected,2,03,48.51114826135283,73.7588384994805,44.23097169439036
P251,trial_17_R_unaffected,2,12,61.74478913176761,76.95836455888752,51.16116136753448
P251,trial_17_R_unaffected,2,13,55.855901631414305,78.00324375499639,44.6568518231666
P251,trial_17_R_unaffected,2,23,52.206652594008446,59.50130757689473,32.76432777498931
P251,trial_17_R_unaffected,3,012,50.43754701022628,74.8455610595914,41.72069255106297
P251,trial_17_R_unaffected,3,013,51.26146791695742,77.92686915087343,44.510949823044555
P251,trial_17_R_unaffected,3,023,47.404152982213404,68.713231775203,36.03512325085577
P251,trial_17_R_unaffected,3,123,54.36421033186694,72.78250760309434,40.304227599268295
P251,trial_17_R_unaffected,4,0123,50.43111356100603,72.74176961716012,40.3811036245875
P251,trial_18_R_unaffected,2,01,50.63015742574979,103.06369622590795,52.79176855105915
P251,trial_18_R_unaffected,2,02,45.401711804706196,80.55767681509207,46.23952032287419
P251,trial_18_R_unaffected,2,03,48.30370711027555,82.48440142293694,54.78546158982116
P251,trial_18_R_unaffected,2,12,57.84750939756002,79.64474671008854,52.61000184429281
P251,trial_18_R_unaffected,2,13,53.666668940344984,79.9547534519932,47.06438165608532
P251,trial_18_R_unaffected,2,23,49.923229888539275,61.73194371083981,40.46231073065857
P251,trial_18_R_unaffected,3,012,49.58626083260003,83.80852637811763,48.18034982703378
P251,trial_18_R_unaffected,3,013,50.018834759436565,83.71291533971797,50.09637505452023
P251,trial_18_R_unaffected,3,023,46.56238577906613,76.81101645788857,45.870467982728485
P251,trial_18_R_unaffected,3,123,51.80634655440883,75.34277654386712,43.99377258793642
P251,trial_18_R_unaffected,4,0123,49.0262714106171,79.23938582127738,46.7983130183493
P251,trial_19_R_unaffected,2,01,51.054179118662596,95.17531637201314,48.917813171949476
P251,trial_19_R_unaffected,2,02,46.17545833513546,69.02964712883453,40.29696896517472
P251,trial_19_R_unaffected,2,03,48.881822029807424,73.18190145100763,49.770197818662666
P251,trial_19_R_unaffected,2,12,60.155906485007456,78.49548665018798,60.68727288106556
P251,trial_19_R_unaffected,2,13,54.4440552710274,78.13150084562785,54.45335229631404
P251,trial_19_R_unaffected,2,23,50.75655743653305,58.43951779226869,46.156591598001484
P251,trial_19_R_unaffected,3,012,50.73015773966384,73.82002865477163,45.84307955508246
P251,trial_19_R_unaffected,3,013,50.91828455581837,77.28158987867302,50.9185436434548
P251,trial_19_R_unaffected,3,023,47.47588161320018,67.55407146744528,42.63689374536504
P251,trial_19_R_unaffected,3,123,52.920780895442824,72.815920735337,50.77679493360497
P251,trial_19_R_unaffected,4,0123,50.10851253818474,71.87473350334521,47.137972837191676
P251,trial_20_R_unaffected,2,01,51.45049246653917,94.9589150844943,40.86309564726725
P251,trial_20_R_unaffected,2,02,46.827225678805014,65.70748550381626,31.625442499636584
P251,trial_20_R_unaffected,2,03,49.552721209983666,68.07081996487874,38.86088098234411
P251,trial_20_R_unaffected,2,12,60.74029291231386,77.22978997986647,49.78907248915631
P251,trial_20_R_unaffected,2,13,55.30721408466598,76.69780782408246,41.88708632073549
P251,trial_20_R_unaffected,2,23,52.42224316550827,55.800523381288414,37.1842740281964
P251,trial_20_R_unaffected,3,012,50.69870001112996,71.61038245389167,36.4276710765824
P251,trial_20_R_unaffected,3,013,51.47080845135071,74.75952192983186,39.744728902815076
P251,trial_20_R_unaffected,3,023,48.50954806088704,63.765518322476396,32.58563427878167
P251,trial_20_R_unaffected,3,123,54.043311920437525,71.19472829906809,38.65815752236141
P251,trial_20_R_unaffected,4,0123,50.780539884564234,69.25750179059125,36.2734200284792
P251,trial_21_R_unaffected,2,01,58.84573694383271,115.11734898334885,79.18549742521374
P251,trial_21_R_unaffected,2,02,52.29328738613842,88.24906729505273,71.10200977873723
P251,trial_21_R_unaffected,2,03,54.47684579698915,91.78077192894011,79.1029502302708
P251,trial_21_R_unaffected,2,12,64.31362637137771,87.26347006000319,79.48590727856809
P251,trial_21_R_unaffected,2,13,60.03316537324361,88.89216940642171,74.5719866140775
P251,trial_21_R_unaffected,2,23,55.6837645469617,71.6594605891834,64.8968569395622
P251,trial_21_R_unaffected,3,012,56.78669380464707,91.85030792357603,74.6740994116074
P251,trial_21_R_unaffected,3,013,56.888368123560525,92.81869477945719,76.6462480076825
P251,trial_21_R_unaffected,3,023,53.086170406025516,85.41536680889473,70.58684029615763
P251,trial_21_R_unaffected,3,123,58.183618844720456,83.77687819100252,70.9148162762929
P251,trial_21_R_unaffected,4,0123,55.82095164774929,87.62375870980829,73.10091939451635
P251,trial_23_L_affected,2,01,68.26848189657701,94.7717201762784,84.83844568620293
P251,trial_23_L_affected,2,02,56.24577312101188,86.47743353161542,77.06140569105456
P251,trial_23_L_affected,2,03,60.273385274166685,101.08458484307957,77.57936540655082
P251,trial_23_L_affected,2,12,66.75856258534134,79.02993855353517,72.9792723055083
P251,trial_23_L_affected,2,13,71.07094023395595,102.165188922225,74.80224569087876
P251,trial_23_L_affected,2,23,70.87817474604283,100.86447421148098,83.79461569991521
P251,trial_23_L_affected,3,012,60.57604354450599,86.59863878444855,74.14718252588725
P251,trial_23_L_affected,3,013,64.99376352773874,98.2583233202422,75.18045265498013
P251,trial_23_L_affected,3,023,59.81498951545375,94.18118569079812,78.23341673109017
P251,trial_23_L_affected,3,123,68.81338373348636,96.01991445009956,74.21537715879477
P251,trial_23_L_affected,4,0123,62.950512767565,93.63053826007058,74.72010454951996
P251,trial_24_L_affected,2,01,64.2216308685771,72.0388604338388,65.24286350953282
P251,trial_24_L_affected,2,02,52.13028376919798,61.17432766736688,48.42323160050337
P251,trial_24_L_affected,2,03,55.44962054240759,81.27427117300277,48.822867275359556
P251,trial_24_L_affected,2,12,63.082454848064,58.196899589467776,50.81936734420879
P251,trial_24_L_affected,2,13,66.95412903876142,86.30743745916513,53.92587693697541
P251,trial_24_L_affected,2,23,67.29705880696235,87.1237897370153,60.43335279232141
P251,trial_24_L_affected,3,012,56.51239338458007,62.60973199623197,48.834160347354874
P251,trial_24_L_affected,3,013,60.725471712526115,78.965940029617,51.901182922384656
P251,trial_24_L_affected,3,023,55.4654651497807,72.65269029473885,50.43965957267182
P251,trial_24_L_affected,3,123,64.93547792507249,79.1619171367064,52.04898942887435
P251,trial_24_L_affected,4,0123,58.795965674165814,73.05143110309338,50.08882245081973
P251,trial_25_L_affected,2,01,67.47119007254975,92.67545360893389,84.9026460518549
P251,trial_25_L_affected,2,02,55.80162649470561,81.91052698811103,70.65906837663148
P251,trial_25_L_affected,2,03,59.60330512973714,100.85405453765908,71.93395280702879
P251,trial_25_L_affected,2,12,65.95621669233495,78.33423457165362,77.76559835920195
P251,trial_25_L_affected,2,13,69.7825045704972,105.68290061037213,79.47813787832449
P251,trial_25_L_affected,2,23,69.32780187642362,106.2848160987243,83.62730186421219
P251,trial_25_L_affected,3,012,60.01629903122458,83.26653301951909,72.49981445948116
P251,trial_25_L_affected,3,013,64.32585800105281,98.7406016247431,76.26668480213307
P251,trial_25_L_affected,3,023,58.77383100301315,92.24619908635381,73.1395817589455
P251,trial_25_L_affected,3,123,67.25565138343514,98.68164936760476,77.65452180881636
P251,trial_25_L_affected,4,0123,61.9630685602919,92.80804709557836,74.47098739529754
P251,trial_26_L_affected,2,01,65.98668199734625,71.46698196051524,62.0523781921049
P251,trial_26_L_affected,2,02,52.8443280622679,61.36986121519196,42.54105848666444
P251,trial_26_L_affected,2,03,56.570023035661634,83.77624013230445,44.16207734554818
P251,trial_26_L_affected,2,12,63.35965364766008,58.1001017357724,46.089220121895764
P251,trial_26_L_affected,2,13,67.72326654992229,87.52146334057292,51.45772468263045
P251,trial_26_L_affected,2,23,67.32267615400927,87.74184434003381,56.25724337401489
P251,trial_26_L_affected,3,012,57.52476989361885,62.44132210530668,43.93029089710713
P251,trial_26_L_affected,3,013,61.92836490909132,80.36640014987077,48.312972291692866
P251,trial_26_L_affected,3,023,56.14104986908087,74.07754847814569,45.23195018606095
P251,trial_26_L_affected,3,123,65.18055320831795,79.64154161342442,48.578510620389146
P251,trial_26_L_affected,4,0123,59.57741465152216,73.97679637662591,45.75839158527685
P251,trial_27_L_affected,2,01,69.16411601793106,109.60063460656332,115.56986366181701
P251,trial_27_L_affected,2,02,57.04994610606115,101.8595341520511,105.12740226058288
P251,trial_27_L_affected,2,03,61.19346437451885,115.22914154385265,104.41268242133543
P251,trial_27_L_affected,2,12,66.0118173288328,93.0591052392782,106.96627711267506
P251,trial_27_L_affected,2,13,69.88585913702636,114.0161624761402,104.32300769688837
P251,trial_27_L_affected,2,23,67.68406573408315,110.04167670979065,106.56305303719323
P251,trial_27_L_affected,3,012,61.21022847558208,101.43659209713225,104.58195207935839
P251,trial_27_L_affected,3,013,64.9903518693537,111.69511726492547,104.60400628593108
P251,trial_27_L_affected,3,023,59.76973188873486,107.98437724090104,104.87626861989854
P251,trial_27_L_affected,3,123,67.02248969880637,107.997007319409,102.74969718487257
P251,trial_27_L_affected,4,0123,62.66294669818252,107.19982238102759,103.7263756128128
P251,trial_28_L_affected,2,01,70.24206822068582,96.3619048953352,96.6203649633251
P251,trial_28_L_affected,2,02,59.00002265932817,88.11224873740227,87.64482166885475
P251,trial_28_L_affected,2,03,62.58599839218805,103.74736348753179,84.50655067105112
P251,trial_28_L_affected,2,12,68.83799547863482,79.96871429747752,86.40146969574545
P251,trial_28_L_affected,2,13,72.88429423630713,106.06486599841989,88.90102800068975
P251,trial_28_L_affected,2,23,72.40183855137835,111.12289206128392,97.01951215088151
P251,trial_28_L_affected,3,012,63.26970115360694,87.95533592900574,87.34638676763956
P251,trial_28_L_affected,3,013,67.41848247441543,100.65859180278979,87.48874386424463
P251,trial_28_L_affected,3,023,62.03111652936736,96.58887766422836,87.84659351063722
P251,trial_28_L_affected,3,123,70.52473342908783,100.3520625291485,88.8365348372303
P251,trial_28_L_affected,4,0123,65.25700037860479,95.89183693266183,87.41397882026432
P251,trial_29_L_affected,2,01,68.39226951335314,89.1540447699728,83.43740974090187
P251,trial_29_L_affected,2,02,56.05361200751949,81.8346175160652,74.63689232644026
P251,trial_29_L_affected,2,03,60.1537346587502,96.61924027798113,75.55750926637553
P251,trial_29_L_affected,2,12,66.14470523158732,76.60592326388888,72.87554888487529
P251,trial_29_L_affected,2,13,70.08215244436114,98.11968977802884,73.26837408382305
P251,trial_29_L_affected,2,23,68.69418189182433,98.3020167126682,77.999501013012
P251,trial_29_L_affected,3,012,60.6531786053404,82.1780850807796,73.56078006046637
P251,trial_29_L_affected,3,013,64.68030210035303,93.78225339214775,73.81163841147807
P251,trial_29_L_affected,3,023,59.07997868753802,89.99058203119547,75.41096500589035
P251,trial_29_L_affected,3,123,67.57914588042323,92.4445528736699,72.03736674024238
P251,trial_29_L_affected,4,0123,62.39166685669089,89.46397389632196,73.17923597776836
P251,trial_2_R_unaffected,2,01,44.64527796762699,99.16929001752206,36.26315417658914
P251,trial_2_R_unaffected,2,02,43.95688530918404,67.30495724452226,23.809701257762548
P251,trial_2_R_unaffected,2,03,43.780664952717714,62.97780794070356,29.117661801107147
P251,trial_2_R_unaffected,2,12,52.8341195493214,79.97258063846321,42.57366928897471
P251,trial_2_R_unaffected,2,13,44.863941606550085,78.3191635050816,36.63191780461256
P251,trial_2_R_unaffected,2,23,44.54659421710172,59.10847335759509,25.437634464341755
P251,trial_2_R_unaffected,3,012,45.63209283525486,76.54146977701446,30.248790634410128
P251,trial_2_R_unaffected,3,013,44.18968273894158,76.11534677611237,33.11297448228671
P251,trial_2_R_unaffected,3,023,42.54001738266081,63.43941597730285,23.10165640364659
P251,trial_2_R_unaffected,3,123,44.62576517180004,73.46653402650932,32.90309854882738
P251,trial_2_R_unaffected,4,0123,43.85814015854138,71.74702975143441,29.27673470882353
P251,trial_30_L_affected,2,01,63.96395299046423,73.0368354143058,59.08573657135934
P251,trial_30_L_affected,2,02,50.681577788435156,63.285717752007294,41.59524413363393
P251,trial_30_L_affected,2,03,54.77003429553632,82.25828089219365,41.47692863372841
P251,trial_30_L_affected,2,12,62.247772389828754,59.293181089989744,49.55380610214932
P251,trial_30_L_affected,2,13,66.3344537415629,87.0611574693482,50.22127448600234
P251,trial_30_L_affected,2,23,64.75952219609519,88.23281405412635,54.06509059360728
P251,trial_30_L_affected,3,012,55.87321497865753,64.39836577291378,43.85651098525085
P251,trial_30_L_affected,3,013,60.31752194433983,79.89521855951686,46.780047920574766
P251,trial_30_L_affected,3,023,54.109316927479654,74.53241939253299,43.611679740644256
P251,trial_30_L_affected,3,123,63.67311956066505,80.32314771685928,48.23523721836011
P251,trial_30_L_affected,4,0123,57.89227850667479,74.54240621191555,44.87836953026495
P251,trial_31_L_affected,2,01,64.77772378533292,75.71675873109895,59.194671508842816
P251,trial_31_L_affected,2,02,51.34646272427879,66.78322520643688,45.27675783593877
P251,trial_31_L_affected,2,03,54.99218283577379,84.01070755828202,45.6087304407741
P251,trial_31_L_affected,2,12,62.911203781476,60.26007053369298,49.501714075200425
P251,trial_31_L_affected,2,13,66.11406822542506,86.11391133934234,47.802496743661074
P251,trial_31_L_affected,2,23,62.90825495679468,86.16766171670587,52.84799025287597
P251,trial_31_L_affected,3,012,56.534254224202215,67.05323260582936,45.411051629690114
P251,trial_31_L_affected,3,013,60.622484933945834,80.75918699581118,46.55965895257363
P251,trial_31_L_affected,3,023,54.18812878296353,76.22916728853363,46.3259684046512
P251,trial_31_L_affected,3,123,63.432352679001355,79.37502161365967,46.56450629626826
P251,trial_31_L_affected,4,0123,58.16071240045304,75.60284844928532,45.47131803175742
P251,trial_32_L_affected,2,01,70.06309790365371,72.86980315342562,61.52417492962301
P251,trial_32_L_affected,2,02,58.5691190076428,64.07449878280096,48.36549530310424
P251,trial_32_L_affected,2,03,61.67427222884393,83.1711475605072,50.367072774986624
P251,trial_32_L_affected,2,12,66.98552649958783,61.897172034738226,57.53709453412595
P251,trial_32_L_affected,2,13,70.530816008697,88.25502498454027,56.06713453038828
P251,trial_32_L_affected,2,23,69.18309849747571,91.66984413158436,62.35082492105884
P251,trial_32_L_affected,3,012,62.61129177598653,65.13826355492986,48.69857768692593
P251,trial_32_L_affected,3,013,66.17740133156299,81.02045406136413,52.25878599368389
P251,trial_32_L_affected,3,023,60.87132146398836,75.68850571415908,51.1709450236821
P251,trial_32_L_affected,3,123,68.08470860871051,81.67768974542521,54.12634916865447
P251,trial_32_L_affected,4,0123,63.910116513422466,75.64887655225009,50.663613863619005
P251,trial_33_L_affected,2,01,65.66663573302219,77.16246655175493,61.5742834526819
P251,trial_33_L_affected,2,02,53.72709528147676,67.96286356525283,44.477192496801955
P251,trial_33_L_affected,2,03,57.06539383687371,85.67296161506374,46.041119102911495
P251,trial_33_L_affected,2,12,62.72535426006212,64.83830713977589,55.11347887760526
P251,trial_33_L_affected,2,13,66.47549905487526,90.71677470800981,55.321947002228974
P251,trial_33_L_affected,2,23,65.35196726912073,91.25236510331595,59.75697660707594
P251,trial_33_L_affected,3,012,57.923551612853714,68.97974113640318,46.17641838820529
P251,trial_33_L_affected,3,013,61.67448668102382,83.69086757106177,50.58964202148743
P251,trial_33_L_affected,3,023,56.260832616072,78.39674697149937,47.28812796242355
P251,trial_33_L_affected,3,123,63.947933845953294,84.14554626211908,52.84398419464406
P251,trial_33_L_affected,4,0123,59.36737927131941,78.504323953218,48.35924395356082
P251,trial_34_L_affected,2,01,69.25942344111328,72.44073139288456,62.08259205238351
P251,trial_34_L_affected,2,02,57.65881071447615,64.68813624415807,45.002596138639134
P251,trial_34_L_affected,2,03,60.11933743434275,82.75492924278502,46.63641570423385
P251,trial_34_L_affected,2,12,67.35397252673802,59.55658910462363,50.32103043088609
P251,trial_34_L_affected,2,13,70.13915638072008,85.78184725798322,49.580754702134406
P251,trial_34_L_affected,2,23,68.60454079930089,87.68074719213931,53.410773045056374
P251,trial_34_L_affected,3,012,61.92676985079613,64.84305165492101,45.489228457377266
P251,trial_34_L_affected,3,013,65.27312813119218,79.57386774387555,48.191418020760175
P251,trial_34_L_affected,3,023,59.88119481076,74.97930855115001,46.609116525652155
P251,trial_34_L_affected,3,123,67.84572434331123,79.63298440732467,46.96187803317832
P251,trial_34_L_affected,4,0123,63.21366697562184,74.52584056912525,45.97190023715402
P251,trial_35_L_affected,2,01,67.7901639036197,73.44125465780313,59.56586792509917
P251,trial_35_L_affected,2,02,57.181221052949674,65.95714963970963,41.950197936488095
P251,trial_35_L_affected,2,03,59.45724282874593,83.30460554660534,45.0175020670224
P251,trial_35_L_affected,2,12,64.94553770285336,65.0448459909572,50.874670360363666
P251,trial_35_L_affected,2,13,67.85212756103458,88.3428750245493,49.6736208571765
P251,trial_35_L_affected,2,23,66.82920696896856,89.00499446366966,54.13769838932953
P251,trial_35_L_affected,3,012,60.614289242359035,67.10012037609661,42.32250698084601
P251,trial_35_L_affected,3,013,63.72954339696769,81.31460037344755,46.75807188728386
P251,trial_35_L_affected,3,023,59.045361873335686,76.7088153119614,44.964261244036386
P251,trial_35_L_affected,3,123,65.77629055983594,82.39128373790585,46.94201173883172
P251,trial_35_L_affected,4,0123,61.74569770873931,76.73185864353981,44.245716927778155
P251,trial_36_L_affected,2,01,69.00523103298094,82.82233253745709,73.92923814631297
P251,trial_36_L_affected,2,02,58.24414595249964,74.54990259063797,58.93654636512916
P251,trial_36_L_affected,2,03,61.08506840795424,90.13414419807249,60.39246732598139
P251,trial_36_L_affected,2,12,66.39699436743754,70.90733502980702,60.31858835968667
P251,trial_36_L_affected,2,13,69.42143860995041,94.21115829817444,61.58519729819471
P251,trial_36_L_affected,2,23,69.05347969206744,94.61997530589976,66.94213030751467
P251,trial_36_L_affected,3,012,61.78368069046701,75.34714009793656,58.68816140688693
P251,trial_36_L_affected,3,013,65.01308455187561,88.19018535804852,61.35997586350004
P251,trial_36_L_affected,3,023,60.371350509734974,83.8084062709159,60.49786812833925
P251,trial_36_L_affected,3,123,67.32165656790613,88.3950085092428,59.19123114953002
P251,trial_36_L_affected,4,0123,63.02351273095002,83.71169782640767,59.283830367820464
P251,trial_37_L_affected,2,01,66.03119295399432,75.24944250996822,63.41147072946698
P251,trial_37_L_affected,2,02,54.67797598043583,67.03453275431191,46.043652226327
P251,trial_37_L_affected,2,03,57.549070794640386,84.08523891861174,45.932016825884325
P251,trial_37_L_affected,2,12,63.919666264223494,63.859817304155904,50.5956141024928
P251,trial_37_L_affected,2,13,67.29605035463979,88.49624366216472,53.4702869028161
P251,trial_37_L_affected,2,23,66.6700530762456,89.1665471747752,59.45176033071906
P251,trial_37_L_affected,3,012,58.65000224751778,67.88789603394837,47.12342034917071
P251,trial_37_L_affected,3,013,62.29984874129571,81.86589782460237,50.71267784648396
P251,trial_37_L_affected,3,023,57.0588871002648,76.85309624719885,48.1509616288081
P251,trial_37_L_affected,3,123,65.04513902985155,82.26780502610512,51.03586793440579
P251,trial_37_L_affected,4,0123,60.161042538186265,76.93476537984269,48.593639419829294
P251,trial_38_L_affected,2,01,65.86874607924963,90.73959231185722,76.2315568572112
P251,trial_38_L_affected,2,02,54.66028291725742,82.45822169432765,63.313752757507125
P251,trial_38_L_affected,2,03,58.50174348521841,95.93926865412708,63.0598187687656
P251,trial_38_L_affected,2,12,63.961988738804976,75.2548167041716,62.775713149815026
P251,trial_38_L_affected,2,13,67.57693086166125,97.40065800668405,64.6886507365269
P251,trial_38_L_affected,2,23,66.46229785617585,95.36496383137089,70.40631422604478
P251,trial_38_L_affected,3,012,58.49951813998633,82.610184810955,63.02208614703686
P251,trial_38_L_affected,3,013,62.59940950027579,93.47137143965817,64.36222891229983
P251,trial_38_L_affected,3,023,57.5404575070575,89.64231937586881,63.99660172810123
P251,trial_38_L_affected,3,123,65.17222353284343,91.39196703890013,62.963547388742526
P251,trial_38_L_affected,4,0123,60.378438629637,89.08528442177317,63.011849905690276
P251,trial_39_L_affected,2,01,69.15218436294805,73.65335184450156,60.783920848394544
P251,trial_39_L_affected,2,02,57.66477052434655,65.00950396823744,45.987993383953196
P251,trial_39_L_affected,2,03,60.65793030589923,83.56654530687965,47.83093693929789
P251,trial_39_L_affected,2,12,67.3042876116142,63.11348605889712,52.13699944281114
P251,trial_39_L_affected,2,13,70.45500010340153,90.03732709671655,54.69943946296799
P251,trial_39_L_affected,2,23,69.01932031158512,92.39614977918943,60.10951823190886
P251,trial_39_L_affected,3,012,61.88096798669756,66.24332770138169,46.78375611400085
P251,trial_39_L_affected,3,013,65.64023585133009,82.0612293130096,50.659546367336176
P251,trial_39_L_affected,3,023,60.054844341260754,76.59143126281454,49.030476784388156
P251,trial_39_L_affected,3,123,68.10351749061532,83.89616141624398,52.44067675072493
P251,trial_39_L_affected,4,0123,63.38334902038367,76.97301209462702,48.83222125928551
P251,trial_3_R_unaffected,2,01,44.03837516439043,96.8500928161279,37.80063945856409
P251,trial_3_R_unaffected,2,02,41.74395791846947,65.9914096750959,24.590251777381
P251,trial_3_R_unaffected,2,03,42.85919805639223,63.014964468326575,29.778860195301416
P251,trial_3_R_unaffected,2,12,52.14342114037664,76.96895620999109,45.39103709106717
P251,trial_3_R_unaffected,2,13,45.52830046257523,75.77509681619881,37.685358639680125
P251,trial_3_R_unaffected,2,23,44.32353761568151,58.271138143920204,27.142447140318417
P251,trial_3_R_unaffected,3,012,44.24524444021044,74.1052098511158,31.276688439475326
P251,trial_3_R_unaffected,3,013,43.973633903931315,74.01228101111172,34.25764539061281
P251,trial_3_R_unaffected,3,023,41.29975740043425,62.65265987964294,24.025995045012458
P251,trial_3_R_unaffected,3,123,44.5377293735779,71.19727229362455,33.921119620144665
P251,trial_3_R_unaffected,4,0123,43.11922261683936,69.7131924965338,30.343863991580765
P251,trial_40_L_affected,2,01,67.06047704601504,75.33885217333501,59.57820613308783
P251,trial_40_L_affected,2,02,55.44371339772347,66.04122000429363,39.792473950357774
P251,trial_40_L_affected,2,03,57.94360733591722,82.74466029020006,41.388040413132764
P251,trial_40_L_affected,2,12,65.35236173687917,61.86799238432509,48.430928722415004
P251,trial_40_L_affected,2,13,67.73517142552507,87.12565313007366,50.574757599095186
P251,trial_40_L_affected,2,23,65.50323422263304,88.38167469654276,54.105985142515856
P251,trial_40_L_affected,3,012,59.64972131913028,66.8771576021242,41.81263769394676
P251,trial_40_L_affected,3,013,62.95641215218832,80.58981119539044,46.68817204088192
P251,trial_40_L_affected,3,023,57.407299599727516,75.58785294151765,42.90626487004532
P251,trial_40_L_affected,3,123,65.41449617275116,80.95801169851148,47.533164048054275
P251,trial_40_L_affected,4,0123,60.79208759611362,75.65766333692379,44.00090794867099
P251,trial_41_L_affected,2,01,67.39406363505127,82.18677832853557,72.23903411296763
P251,trial_41_L_affected,2,02,55.97888323059115,73.75995472450127,58.85297907974881
P251,trial_41_L_affected,2,03,58.79163476648564,92.43206025614805,57.86744296403592
P251,trial_41_L_affected,2,12,64.46501985377057,71.4837474157962,61.03329810481145
P251,trial_41_L_affected,2,13,67.35012932755068,97.65546034355185,64.89978266236871
P251,trial_41_L_affected,2,23,66.47956792254924,97.8147417328648,72.06077418876252
P251,trial_41_L_affected,3,012,59.8730159881082,74.90413391015241,59.45868690269299
P251,trial_41_L_affected,3,013,63.09614598837636,90.18928263482825,61.99889222407172
P251,trial_41_L_affected,3,023,58.14215395717204,84.88362703880475,60.67575879907547
P251,trial_41_L_affected,3,123,65.11156277771501,91.01305824373728,63.42691594360086
P251,trial_41_L_affected,4,0123,60.988176780538026,84.9799797259049,60.791241362673205
P251,trial_4_R_unaffected,2,01,44.095006130572855,99.73392839394171,36.773670294803445
P251,trial_4_R_unaffected,2,02,41.38524434689083,66.2312732478169,23.05454381929511
P251,trial_4_R_unaffected,2,03,42.9245497120903,62.787577769011264,29.834548492175504
P251,trial_4_R_unaffected,2,12,53.30654172353076,77.50308297470374,44.22119826597351
P251,trial_4_R_unaffected,2,13,45.80359606032777,77.48111354419267,38.057102183006876
P251,trial_4_R_unaffected,2,23,44.43153144474215,58.62164696496393,26.134750338456136
P251,trial_4_R_unaffected,3,012,44.20572216665176,75.26478968487693,30.347184079217975
P251,trial_4_R_unaffected,3,013,44.21405949572872,75.3834585928851,34.319399663440755
P251,trial_4_R_unaffected,3,023,41.15635523710213,62.74841272701659,22.98299958485324
P251,trial_4_R_unaffected,3,123,44.669936071077736,72.35824109274715,33.7340147607542
P251,trial_4_R_unaffected,4,0123,43.16638085050429,70.68071020805971,29.853737394374814
P251,trial_5_R_unaffected,2,01,44.46133362047898,97.56754515259308,39.34926637218212
P251,trial_5_R_unaffected,2,02,42.107900629119115,67.1453734241627,24.202607622370145
P251,trial_5_R_unaffected,2,03,43.441662508850484,62.49297658319487,29.94351583865517
P251,trial_5_R_unaffected,2,12,52.61517006636904,74.26998139128392,43.7602546989515
P251,trial_5_R_unaffected,2,13,45.72756702684497,75.79945112088404,38.00273374292726
P251,trial_5_R_unaffected,2,23,44.62082512259698,59.53606753869159,25.917487402766547
P251,trial_5_R_unaffected,3,012,44.1550643562044,75.00871750625788,31.46297400099219
P251,trial_5_R_unaffected,3,013,44.06932223860903,74.04142234570715,34.82863595136093
P251,trial_5_R_unaffected,3,023,42.04045389815643,63.07200598181709,23.80286492208307
P251,trial_5_R_unaffected,3,123,44.92577438262109,71.23938912392829,33.7069433430139
P251,trial_5_R_unaffected,4,0123,43.38286633938469,70.01969106207306,30.385363222763385
P251,trial_6_R_unaffected,2,01,44.60162067518825,95.40312989953703,38.28411987751246
P251,trial_6_R_unaffected,2,02,41.58315479209023,66.83064226814413,25.240448999553283
P251,trial_6_R_unaffected,2,03,43.21180405571544,62.83184294293258,30.5348129125042
P251,trial_6_R_unaffected,2,12,52.47460640357624,74.87172486176122,43.25332216538682
P251,trial_6_R_unaffected,2,13,45.45613307218575,75.89077315091443,36.86728206047638
P251,trial_6_R_unaffected,2,23,44.05430881756496,58.833797109494036,27.226225991456577
P251,trial_6_R_unaffected,3,012,43.92774142447268,74.55820921793183,31.647901799149924
P251,trial_6_R_unaffected,3,013,43.67555428190515,73.95100103863388,34.33404733444286
P251,trial_6_R_unaffected,3,023,41.29775700335892,62.91138109328426,24.251215632772094
P251,trial_6_R_unaffected,3,123,44.388390238205844,71.33208479516395,32.70848137142513
P251,trial_6_R_unaffected,4,0123,42.82378348561908,69.92288449092061,30.170991923802422
P251,trial_7_R_unaffected,2,01,42.984908224253,101.14148004652947,36.86142901089747
P251,trial_7_R_unaffected,2,02,40.957457664373294,69.37612634063443,22.20177570713065
P251,trial_7_R_unaffected,2,03,42.662458613104384,62.17481096872813,30.063561361868995
P251,trial_7_R_unaffected,2,12,52.53558988538893,77.20004824427323,42.5733051138466
P251,trial_7_R_unaffected,2,13,45.71033989634485,77.48730742574668,37.67777444373827
P251,trial_7_R_unaffected,2,23,45.44206726447452,60.90692814100169,26.705006544061074
P251,trial_7_R_unaffected,3,012,43.457325714509174,77.7263068303555,29.43987835759307
P251,trial_7_R_unaffected,3,013,43.77356182140674,75.49773628506811,34.01189455300072
P251,trial_7_R_unaffected,3,023,41.36199400980296,64.20925666044288,21.873130691477176
P251,trial_7_R_unaffected,3,123,44.99293615934553,73.33925851726619,32.568781617077235
P251,trial_7_R_unaffected,4,0123,43.04595282433322,71.87073218383985,28.8379806737065
P251,trial_8_R_unaffected,2,01,44.17971806750778,98.86994595952808,39.21512151967267
P251,trial_8_R_unaffected,2,02,41.7203412262056,67.55943414083355,24.600357251906214
P251,trial_8_R_unaffected,2,03,43.92544270842744,61.55315352865238,32.15484464594538
P251,trial_8_R_unaffected,2,12,52.18675230922841,76.53753985860698,44.66027143763065
P251,trial_8_R_unaffected,2,13,46.43056985056481,77.35540021780149,39.47376362367307
P251,trial_8_R_unaffected,2,23,46.112973582470616,60.095881190360494,27.68134990769623
P251,trial_8_R_unaffected,3,012,44.168226493136196,76.43331645483813,31.965415432239553
P251,trial_8_R_unaffected,3,013,44.62158885286222,75.03146370195009,36.15530269404338
P251,trial_8_R_unaffected,3,023,41.88657954423751,63.100535335212754,24.102784766657425
P251,trial_8_R_unaffected,3,123,45.421014659611586,72.93333333799525,34.43190127268761
P251,trial_8_R_unaffected,4,0123,43.57951203528154,71.17682355495518,31.073081075759678
P251,trial_9_R_unaffected,2,01,44.446641404648574,95.79016394433344,39.469194948065045
P251,trial_9_R_unaffected,2,02,41.198688895556856,68.16621994306225,24.902698770590998
P251,trial_9_R_unaffected,2,03,44.059291412404505,64.36289406774894,33.261651138441366
P251,trial_9_R_unaffected,2,12,52.31655238025574,74.15092189898337,44.09244321856391
P251,trial_9_R_unaffected,2,13,47.7119814604956,75.64346396959523,39.88594802366193
P251,trial_9_R_unaffected,2,23,46.156910764483605,60.090249854533816,27.35785122933202
P251,trial_9_R_unaffected,3,012,44.20174035985746,75.01301181833591,32.19720931516558
P251,trial_9_R_unaffected,3,013,45.32612380997276,74.2149832850852,36.91816722623195
P251,trial_9_R_unaffected,3,023,42.18162013268629,64.39500270149281,25.37652353689525
P251,trial_9_R_unaffected,3,123,46.326089272676505,71.44389340132976,34.82422873119957
P251,trial_9_R_unaffected,4,0123,44.151824947324236,70.52161430315849,31.85536015102833
P252,trial_43_R_unaffected,2,01,36.51671463716001,87.11436784996907,49.04095430752678
P252,trial_43_R_unaffected,2,02,22.98622431427775,56.99438889150732,48.40277208997605
P252,trial_43_R_unaffected,2,03,29.183083620181986,60.104189263806724,48.46784164394327
P252,trial_43_R_unaffected,2,12,43.187049797127564,67.27070104697822,55.801379411822396
P252,trial_43_R_unaffected,2,13,41.20026680766423,63.450890418037424,50.29835054565368
P252,trial_43_R_unaffected,2,23,37.78081719568433,43.65945277025893,52.073478598403916
P252,trial_43_R_unaffected,3,012,27.92075401188243,63.12157689019723,47.88614573594411
P252,trial_43_R_unaffected,3,013,32.36905490102718,64.64917324798749,47.68450057016997
P252,trial_43_R_unaffected,3,023,27.04680254039332,55.38412041510529,47.491859752475165
P252,trial_43_R_unaffected,3,123,38.71226455409213,57.74162531064462,50.03329646322686
P252,trial_43_R_unaffected,4,0123,30.061722093971483,58.81601283841598,47.249349586758306
P252,trial_44_R_unaffected,2,01,32.65305940072787,89.57624311972457,45.69336132682396
P252,trial_44_R_unaffected,2,02,21.566349913763204,60.6730046617617,46.34340032147681
P252,trial_44_R_unaffected,2,03,28.976288834435753,60.15990028907195,45.54684689204526
P252,trial_44_R_unaffected,2,12,39.34522326485478,68.01181618309938,41.1695454329247
P252,trial_44_R_unaffected,2,13,41.137489990935016,65.96687468380975,38.60810711507626
P252,trial_44_R_unaffected,2,23,39.676502317410225,46.32231275862625,45.65731917511239
P252,trial_44_R_unaffected,3,012,25.59020259006103,67.48515737125992,42.502526997013966
P252,trial_44_R_unaffected,3,013,30.974835193164363,67.93487304944337,40.42668243068184
P252,trial_44_R_unaffected,3,023,26.765128254268166,57.730262918894255,43.6392067125746
P252,trial_44_R_unaffected,3,123,38.35280001729956,60.45488178277234,37.93106394288286
P252,trial_44_R_unaffected,4,0123,29.00863436843445,62.60578109216016,39.892029338625335
P252,trial_46_R_unaffected,2,01,32.60051161354237,80.98108159875072,21.036595059211358
P252,trial_46_R_unaffected,2,02,24.14022866897757,48.010625035217124,22.840156492701137
P252,trial_46_R_unaffected,2,03,33.12420830861105,49.068358091477656,22.22178091587046
P252,trial_46_R_unaffected,2,12,42.171154602889935,62.060669678437414,30.22563279631263
P252,trial_46_R_unaffected,2,13,40.66268088902466,59.79118712611696,23.430805751132922
P252,trial_46_R_unaffected,2,23,38.63577808157645,34.517201342589,32.127612395497906
P252,trial_46_R_unaffected,3,012,27.045026194381887,58.11329906552674,17.75822751441655
P252,trial_46_R_unaffected,3,013,32.344691417617064,60.36113423888333,17.260197309067898
P252,trial_46_R_unaffected,3,023,29.626905052392548,45.90841666569181,20.881078866349
P252,trial_46_R_unaffected,3,123,38.120335603582255,52.61316865602101,22.961924268554334
P252,trial_46_R_unaffected,4,0123,30.391987202451475,53.60907151935896,16.659276786506545
P252,trial_47_R_unaffected,2,01,32.92909581726111,84.39527768676163,21.50133553767281
P252,trial_47_R_unaffected,2,02,23.95612016683331,50.68634028623079,23.835335855309346
P252,trial_47_R_unaffected,2,03,30.54154565424855,52.13765610885075,23.058939979904945
P252,trial_47_R_unaffected,2,12,39.89228861296999,61.131585460652175,32.71293626345858
P252,trial_47_R_unaffected,2,13,40.7588555506192,59.38089215430507,23.547621736195772
P252,trial_47_R_unaffected,2,23,40.79321229285959,34.736249809809856,34.18923032175068
P252,trial_47_R_unaffected,3,012,27.551868465555962,59.7527580693194,19.228335600581772
P252,trial_47_R_unaffected,3,013,31.74223819115887,61.504787248563105,18.191837424410927
P252,trial_47_R_unaffected,3,023,28.63225297564758,48.18164946495581,21.410941684103037
P252,trial_47_R_unaffected,3,123,38.59629942417866,52.23670040454566,23.037148141127208
P252,trial_47_R_unaffected,4,0123,30.2856699416796,54.657041197671106,17.80634613620051
P252,trial_48_R_unaffected,2,01,30.47763891218507,85.44266165362484,22.49132701372161
P252,trial_48_R_unaffected,2,02,22.966755678563104,52.43034925928444,23.189667410296103
P252,trial_48_R_unaffected,2,03,30.233908268912817,54.898663208371616,24.011237701854775
P252,trial_48_R_unaffected,2,12,40.239904644079736,59.15111473039957,30.73104049097316
P252,trial_48_R_unaffected,2,13,40.62347521348516,59.229480282884936,25.10059176253696
P252,trial_48_R_unaffected,2,23,40.24331744487724,34.858997812066285,34.09130587850629
P252,trial_48_R_unaffected,3,012,26.48399130634544,60.73053464999993,19.092625536930516
P252,trial_48_R_unaffected,3,013,31.03857550584603,62.45117367898124,19.33141052995209
P252,trial_48_R_unaffected,3,023,27.92578942894347,49.78073697058573,21.663446355313233
P252,trial_48_R_unaffected,3,123,38.10205556873792,51.91950019846238,24.005389428311922
P252,trial_48_R_unaffected,4,0123,29.576751950480364,55.382693233604634,18.24816088755683
P252,trial_49_R_unaffected,2,01,30.890375987612753,88.37245402166606,25.616173072405296
P252,trial_49_R_unaffected,2,02,21.70020008186852,52.27011600793782,25.00592370771629
P252,trial_49_R_unaffected,2,03,28.957849500864395,54.97257271981295,27.464223870348246
P252,trial_49_R_unaffected,2,12,41.26552274754191,61.778916434705394,30.214765826450005
P252,trial_49_R_unaffected,2,13,40.698859946180164,60.34143131560495,25.62158631289458
P252,trial_49_R_unaffected,2,23,39.45485471451135,34.5111995916187,33.45778631560261
P252,trial_49_R_unaffected,3,012,26.156116753260555,61.2029014880152,20.96233074573138
P252,trial_49_R_unaffected,3,013,30.712179155896703,63.02344472544422,20.992526798625942
P252,trial_49_R_unaffected,3,023,26.75508692803846,49.530430353045375,23.594564432754876
P252,trial_49_R_unaffected,3,123,38.187426799686946,52.65722718379088,24.600637251288543
P252,trial_49_R_unaffected,4,0123,29.159699039989768,55.45824334375936,19.746630727263693
P252,trial_50_R_unaffected,2,01,30.21761840963992,89.22762265216018,24.409452094569243
P252,trial_50_R_unaffected,2,02,21.64649713789014,53.267761997292126,25.241711159327824
P252,trial_50_R_unaffected,2,03,29.141373653443726,56.2348925753408,28.57467881297008
P252,trial_50_R_unaffected,2,12,39.33654468996095,61.28046093436934,31.89233167507082
P252,trial_50_R_unaffected,2,13,40.480809877283555,59.75634823397404,26.611217370263773
P252,trial_50_R_unaffected,2,23,38.77013055660191,33.72505006321493,33.55949151587575
P252,trial_50_R_unaffected,3,012,25.597580744902277,61.59886517116648,21.18107133368499
P252,trial_50_R_unaffected,3,013,30.22391044559537,62.98146203112416,21.188456123713845
P252,trial_50_R_unaffected,3,023,26.51023639936816,50.21423566622345,23.7588309889685
P252,trial_50_R_unaffected,3,123,37.51749960811543,52.18958602224077,25.27984122920681
P252,trial_50_R_unaffected,4,0123,28.543931591590187,55.470018589957675,20.3255678967957
P252,trial_51_R_unaffected,2,01,31.185430160684103,89.04763415675217,24.40590497533525
P252,trial_51_R_unaffected,2,02,21.56677466642754,54.148048764451126,24.682858992895763
P252,trial_51_R_unaffected,2,03,29.172901433351907,56.553436515883774,27.129577573812675
P252,trial_51_R_unaffected,2,12,40.28438103340684,59.577628111152364,30.472577592290598
P252,trial_51_R_unaffected,2,13,40.27923642625952,59.331504403738734,26.265172582161945
P252,trial_51_R_unaffected,2,23,39.41482284297941,34.28145497967902,32.151988670672345
P252,trial_51_R_unaffected,3,012,25.749297162881863,62.00726477293261,20.82062344668085
P252,trial_51_R_unaffected,3,013,30.63602311924797,62.77483681826502,20.89813953208136
P252,trial_51_R_unaffected,3,023,26.642136064041818,50.898897008839,23.298334746927175
P252,trial_51_R_unaffected,3,123,37.486659174191864,51.93752947921509,24.745189926358375
P252,trial_51_R_unaffected,4,0123,28.782165938251737,55.697284807474716,20.01362623950108
P252,trial_52_R_unaffected,2,01,31.31323481538294,89.80556249604757,26.03228020882329
P252,trial_52_R_unaffected,2,02,21.09496699646592,55.09885306213917,24.74401620484345
P252,trial_52_R_unaffected,2,03,29.318236307873846,56.95177587560304,28.173665921388963
P252,trial_52_R_unaffected,2,12,40.69499533364516,59.23082318540804,31.26191230403648
P252,trial_52_R_unaffected,2,13,41.18079131035184,59.59146780464041,26.599189755594097
P252,trial_52_R_unaffected,2,23,40.6052339172575,35.69268854237097,32.87863959111237
P252,trial_52_R_unaffected,3,012,25.766382818283795,62.829907922715435,20.89301481974855
P252,trial_52_R_unaffected,3,013,31.131708013208826,63.4045675764088,21.73542680439049
P252,trial_52_R_unaffected,3,023,26.89183582705683,51.78031622599985,23.57403131711496
P252,trial_52_R_unaffected,3,123,38.2727814850031,52.34027925133561,24.583448632615404
P252,trial_52_R_unaffected,4,0123,29.214970411507217,56.45910266737368,20.01191565366772
P252,trial_53_R_unaffected,2,01,30.825287184780716,82.03320534385881,23.952677478954115
P252,trial_53_R_unaffected,2,02,21.19677705036675,51.24075900699457,25.368074295386972
P252,trial_53_R_unaffected,2,03,29.60290962165451,52.94372920835427,25.426519794398303
P252,trial_53_R_unaffected,2,12,41.38936349322358,59.79494786802814,31.050709144181074
P252,trial_53_R_unaffected,2,13,40.782668453647055,59.460635172334996,24.819096530731237
P252,trial_53_R_unaffected,2,23,39.72660497864949,35.70060290240839,34.356614623633774
P252,trial_53_R_unaffected,3,012,25.27175942483291,59.40626283001413,19.985104249347465
P252,trial_53_R_unaffected,3,013,30.599512524844606,60.68777180271505,20.039934762674022
P252,trial_53_R_unaffected,3,023,27.226426314325398,48.67493742016171,23.499156976288123
P252,trial_53_R_unaffected,3,123,38.48637112644861,52.73951462261498,23.91098188070417
P252,trial_53_R_unaffected,4,0123,29.022734788093437,54.42163635373525,18.93611988784449
P252,trial_54_R_unaffected,2,01,32.945882693359124,93.9591963338679,28.50506313087901
P252,trial_54_R_unaffected,2,02,22.504958086753586,57.28115366867599,27.648533880565598
P252,trial_54_R_unaffected,2,03,28.466172819118906,57.583451848405296,31.49989343228091
P252,trial_54_R_unaffected,2,12,42.16037787157418,61.38832572870443,31.7790493202731
P252,trial_54_R_unaffected,2,13,41.39022990174364,60.74960577049706,26.6700617353763
P252,trial_54_R_unaffected,2,23,40.711970518533306,37.161835578876406,35.73374484046255
P252,trial_54_R_unaffected,3,012,27.108205673621526,65.11959729155356,22.325250010973868
P252,trial_54_R_unaffected,3,013,30.929832447224133,64.24961539636647,22.863562026985544
P252,trial_54_R_unaffected,3,023,26.781916203478332,52.97528065096993,26.578797349965356
P252,trial_54_R_unaffected,3,123,38.934067533509925,53.859440365191354,25.992786889838495
P252,trial_54_R_unaffected,4,0123,29.450540119433402,57.55398047474398,21.24518357241286
P252,trial_55_R_unaffected,2,01,32.17025154470799,87.76014482506218,26.09132546242935
P252,trial_55_R_unaffected,2,02,22.121981341433457,54.863308210489166,24.890548542520513
P252,trial_55_R_unaffected,2,03,29.670837040417812,56.20032538395441,29.02432577291295
P252,trial_55_R_unaffected,2,12,41.850979468452444,59.83225727092175,31.749750404666603
P252,trial_55_R_unaffected,2,13,41.769945396037066,59.574553538555335,27.399401143398496
P252,trial_55_R_unaffected,2,23,40.66539827490401,36.345045431110336,34.70390139893625
P252,trial_55_R_unaffected,3,012,26.461569283231906,62.22590916335278,20.46211943796531
P252,trial_55_R_unaffected,3,013,31.151465266234638,62.40744259147108,21.98440260967725
P252,trial_55_R_unaffected,3,023,27.286708069273786,51.467225682570096,24.461791801126523
P252,trial_55_R_unaffected,3,123,39.02512276092154,52.867049774298124,26.167153301050913
P252,trial_55_R_unaffected,4,0123,29.483240342016288,55.99962459888112,20.189621693413702
P252,trial_56_R_unaffected,2,01,31.788376764945617,93.15142216468642,27.213754291753066
P252,trial_56_R_unaffected,2,02,22.18840429398997,57.79855866989926,26.68396613125369
P252,trial_56_R_unaffected,2,03,29.836584364082146,60.131532586303855,31.582797697678167
P252,trial_56_R_unaffected,2,12,41.257978683208194,59.0400533121219,31.41641516540827
P252,trial_56_R_unaffected,2,13,41.484163189955034,58.80532850628436,26.81615858467125
P252,trial_56_R_unaffected,2,23,40.27446150457822,35.4438027922544,33.04458752619175
P252,trial_56_R_unaffected,3,012,26.76370983173572,64.59789646171488,22.16785629125157
P252,trial_56_R_unaffected,3,013,31.34282037128196,63.958994051100866,22.839945375499997
P252,trial_56_R_unaffected,3,023,27.171597607224818,54.041193168011915,26.07962953707011
P252,trial_56_R_unaffected,3,123,38.55001612887888,51.76124358917015,25.640570783189222
P252,trial_56_R_unaffected,4,0123,29.592351938823406,57.229255510143695,21.4786502699028
P252,trial_57_R_unaffected,2,01,30.89310895183075,87.91186183714521,27.110688300637342
P252,trial_57_R_unaffected,2,02,22.667486091922907,55.3655638613032,28.57461332288816
P252,trial_57_R_unaffected,2,03,28.773716806738413,57.417819243559585,30.975924625877504
P252,trial_57_R_unaffected,2,12,42.896900094488416,58.497373275538834,34.51890035070149
P252,trial_57_R_unaffected,2,13,41.382766097853306,59.24643716938979,27.237424975627764
P252,trial_57_R_unaffected,2,23,41.13094129547065,35.909522884242605,37.33977748680274
P252,trial_57_R_unaffected,3,012,26.718283591365818,62.520154088085135,22.991478255254904
P252,trial_57_R_unaffected,3,013,30.721159072844593,62.701560124027665,22.95151921191951
P252,trial_57_R_unaffected,3,023,27.327494423989023,51.85998686520454,27.368347067916353
P252,trial_57_R_unaffected,3,123,39.03840632665728,52.546744029495386,27.380981566822204
P252,trial_57_R_unaffected,4,0123,29.55560449517113,56.16060444205071,22.008438808942024
P252,trial_58_R_unaffected,2,01,31.016498099982712,90.43191313005369,27.18042775140423
P252,trial_58_R_unaffected,2,02,24.963472416310097,56.90134789948929,27.88085548406137
P252,trial_58_R_unaffected,2,03,31.701126831970488,58.35262934112862,29.3010926828198
P252,trial_58_R_unaffected,2,12,41.92898855785099,58.619209882047095,34.2463172418624
P252,trial_58_R_unaffected,2,13,41.29700770009103,59.55965845643263,25.945702356787535
P252,trial_58_R_unaffected,2,23,40.67932059906072,36.61814692383663,38.65115144120896
P252,trial_58_R_unaffected,3,012,28.685589839351586,64.04076262797167,21.590461352200307
P252,trial_58_R_unaffected,3,013,32.595173853988626,64.33285607610674,22.42068804445964
P252,trial_58_R_unaffected,3,023,29.775361114834855,53.300058398107566,27.042916822629785
P252,trial_58_R_unaffected,3,123,39.07289769629735,52.74772253593462,25.15798477548744
P252,trial_58_R_unaffected,4,0123,31.525712963040384,57.596208926294814,21.10850130889574
P252,trial_59_R_unaffected,2,01,31.882483694368396,82.44685400631525,25.23292088712142
P252,trial_59_R_unaffected,2,02,23.501808384406786,48.57714060509268,26.24778453691197
P252,trial_59_R_unaffected,2,03,31.000147551474,50.777581561037856,25.651744051816596
P252,trial_59_R_unaffected,2,12,41.22793815455289,62.00376633894383,34.799405049614926
P252,trial_59_R_unaffected,2,13,40.398509729381395,60.085867913419946,25.228016712933115
P252,trial_59_R_unaffected,2,23,38.370028224703745,33.52866325440672,35.43985086178212
P252,trial_59_R_unaffected,3,012,27.42071638566531,58.26977336959845,21.314722140858123
P252,trial_59_R_unaffected,3,013,32.128549274404584,60.9604063285871,20.926052978222597
P252,trial_59_R_unaffected,3,023,28.693586514447027,46.41542490776609,24.525816583261648
P252,trial_59_R_unaffected,3,123,37.85229929307325,52.75761525542234,24.135478632658913
P252,trial_59_R_unaffected,4,0123,30.45558083774898,53.71953191241521,19.959844517250296
P252,trial_60_R_unaffected,2,01,31.674297747165003,89.29809375313033,27.29804900779145
P252,trial_60_R_unaffected,2,02,24.740759514106667,54.068849907028095,27.17484726651324
P252,trial_60_R_unaffected,2,03,31.02930100086844,54.600809006903006,27.822256502975872
P252,trial_60_R_unaffected,2,12,42.6349927125533,61.26936385147282,32.6336227067605
P252,trial_60_R_unaffected,2,13,41.511961699336965,59.572546960248424,25.52910711481713
P252,trial_60_R_unaffected,2,23,39.79834599435107,35.23551950771817,35.72471806541146
P252,trial_60_R_unaffected,3,012,28.64415821397622,62.38448708456425,22.583464287510903
P252,trial_60_R_unaffected,3,013,32.73446027206011,62.787931618774735,22.034968883031684
P252,trial_60_R_unaffected,3,023,29.251411784720762,50.46872173540608,25.596967899901305
P252,trial_60_R_unaffected,3,123,39.016002915151894,52.90163076805195,24.795927255640013
P252,trial_60_R_unaffected,4,0123,31.36404859080892,56.00789047288394,21.176094497101534
P252,trial_61_R_unaffected,2,01,31.242311940636274,85.6329346010702,28.44858409869358
P252,trial_61_R_unaffected,2,02,24.505477826381906,52.634100504536406,27.255506198104985
P252,trial_61_R_unaffected,2,03,31.64256856142113,53.92610761606693,28.983672069079066
P252,trial_61_R_unaffected,2,12,41.566024316183494,60.488979853401155,34.11059841239994
P252,trial_61_R_unaffected,2,13,40.632762936017784,59.639602466862165,26.96315148137376
P252,trial_61_R_unaffected,2,23,39.81765712019114,35.396136521892274,36.21329327480327
P252,trial_61_R_unaffected,3,012,27.833313230653435,60.75171649309068,21.76309848179224
P252,trial_61_R_unaffected,3,013,32.220605143918796,61.72922888232444,22.222707422997956
P252,trial_61_R_unaffected,3,023,29.347500690094385,49.511649518775194,26.618185676728316
P252,trial_61_R_unaffected,3,123,38.10110510224643,52.960448968035266,26.255955706424217
P252,trial_61_R_unaffected,4,0123,30.7910101978375,55.081969295625505,21.0748229674041
P252,trial_62_R_unaffected,2,01,32.7178434802585,90.18528292060283,27.64808757819412
P252,trial_62_R_unaffected,2,02,23.44084394934688,54.3870323019046,27.18144983594015
P252,trial_62_R_unaffected,2,03,30.937613263625295,55.565370911373606,28.930251448862837
P252,trial_62_R_unaffected,2,12,42.37315076929676,62.214276616392596,32.139573607383404
P252,trial_62_R_unaffected,2,13,41.863570918797606,59.92876565209764,25.8720881135965
P252,trial_62_R_unaffected,2,23,40.05776262655279,35.16534443879962,34.664810823302254
P252,trial_62_R_unaffected,3,012,27.808603997401317,62.77576542169515,22.72757685846873
P252,trial_62_R_unaffected,3,013,32.59395403574912,63.17773968243567,22.525409568748582
P252,trial_62_R_unaffected,3,023,28.870452270140603,50.84902249768233,26.268046678886087
P252,trial_62_R_unaffected,3,123,39.128538613722874,53.20134984445865,24.839275806457955
P252,trial_62_R_unaffected,4,0123,30.899320610721897,56.26538066890359,21.61385170520798
P252,trial_63_L_affected,2,01,32.70522078796714,48.70525894646294,55.046446819417184
P252,trial_63_L_affected,2,02,28.482297067175367,46.948355830736794,30.0047082000386
P252,trial_63_L_affected,2,03,39.07708084580129,66.50557634849925,30.49144047608957
P252,trial_63_L_affected,2,12,37.97735569360564,40.91661223702881,36.70537564302054
P252,trial_63_L_affected,2,13,44.72069049813092,65.68312306274397,41.087624022790735
P252,trial_63_L_affected,2,23,57.535355977647,65.21696962577379,42.72606688220002
P252,trial_63_L_affected,3,012,28.663331704494944,44.873648678750804,35.157925633163956
P252,trial_63_L_affected,3,013,35.88526540077181,58.3638715088436,37.464043811305174
P252,trial_63_L_affected,3,023,36.22153642305718,56.5822271588619,28.75667003426014
P252,trial_63_L_affected,3,123,43.20857959023018,58.96644239122739,34.33085711168258
P252,trial_63_L_affected,4,0123,34.57755519817715,53.8263290197834,31.639586390790754
P252,trial_64_L_affected,2,01,35.02259480994021,47.84248702108351,53.646877209906606
P252,trial_64_L_affected,2,02,29.403941359787073,45.825607147719936,29.327699060636597
P252,trial_64_L_affected,2,03,38.886078202790465,67.28152838925764,30.98500518500004
P252,trial_64_L_affected,2,12,39.16546233151225,40.4010589462126,39.69771977197073
P252,trial_64_L_affected,2,13,45.7994842787741,66.27968114379202,42.83719579843497
P252,trial_64_L_affected,2,23,57.47472845598489,64.39679489023568,46.99012946004046
P252,trial_64_L_affected,3,012,30.50001508615543,44.00421031371426,34.212530032844775
P252,trial_64_L_affected,3,013,37.24204898844785,58.601278142866676,37.59734703327376
P252,trial_64_L_affected,3,023,36.49356804268608,56.325269528419625,29.053283189006663
P252,trial_64_L_affected,3,123,43.77229616784137,58.61398971675949,35.602641699905476
P252,trial_64_L_affected,4,0123,35.66127686920748,53.56868790230403,31.517455608849147
P252,trial_65_L_affected,2,01,34.624887217215914,47.255309613271955,53.11225160461718
P252,trial_65_L_affected,2,02,30.447711616239694,44.82327507072337,27.646308275886692
P252,trial_65_L_affected,2,03,38.00753641507587,68.21540635708521,30.912935726109463
P252,trial_65_L_affected,2,12,39.05177766112664,39.58351719972318,43.0601468275256
P252,trial_65_L_affected,2,13,45.19208869560064,65.7791173011482,43.811912264420116
P252,trial_65_L_affected,2,23,56.86087311858467,62.28590490524463,44.32260274085304
P252,trial_65_L_affected,3,012,30.54953277356788,42.90990184246732,32.82659994689935
P252,trial_65_L_affected,3,013,36.92360868210958,58.36682262446564,37.34412922715297
P252,trial_65_L_affected,3,023,36.89184876433544,55.70634261838103,27.583713970555827
P252,trial_65_L_affected,3,123,43.74443152417068,57.840153667687794,36.89492234266215
P252,trial_65_L_affected,4,0123,35.72628611599136,52.84006590170804,30.789482176473253
P252,trial_66_L_affected,2,01,35.48497136330554,48.42673430088759,54.616070582898196
P252,trial_66_L_affected,2,02,29.829564573764745,46.3112633100746,28.13540933791052
P252,trial_66_L_affected,2,03,37.81442401193974,67.69919349276334,30.72612747076248
P252,trial_66_L_affected,2,12,40.41822483500903,40.529954620645654,41.81610862469775
P252,trial_66_L_affected,2,13,45.758582201015194,66.53352899445882,43.05809781748165
P252,trial_66_L_affected,2,23,56.52089996503426,62.693568948745636,47.712431149197364
P252,trial_66_L_affected,3,012,30.610215081297213,44.40859983698097,33.415315777371276
P252,trial_66_L_affected,3,013,36.802830741849085,59.09288729436038,37.63765331444517
P252,trial_66_L_affected,3,023,36.60837210511465,56.79280432818513,28.544321544221205
P252,trial_66_L_affected,3,123,44.116613315483484,58.670429017511324,35.832226961632486
P252,trial_66_L_affected,4,0123,35.62701904400644,53.996087009554834,30.953046533216725
P252,trial_67_L_affected,2,01,37.30002299594523,48.092422716740835,58.04630717379243
P252,trial_67_L_affected,2,02,31.668064692319835,45.43859222752619,31.47092683804332
P252,trial_67_L_affected,2,03,38.383618681141854,68.6125936649332,34.2623957755317
P252,trial_67_L_affected,2,12,40.98178004348939,39.29355347920085,46.583551061264224
P252,trial_67_L_affected,2,13,46.281494193901224,66.18830667814113,47.02292759669866
P252,trial_67_L_affected,2,23,56.439289713845405,62.37392648866146,54.49892084887829
P252,trial_67_L_affected,3,012,32.02654694963582,43.493012460477786,36.01218541796645
P252,trial_67_L_affected,3,013,37.783756409848195,59.027539965887215,41.218524542381516
P252,trial_67_L_affected,3,023,37.63472891062923,56.34357873617842,33.197430864347
P252,trial_67_L_affected,3,123,44.782262804755916,57.8098956191001,40.398852384413814
P252,trial_67_L_affected,4,0123,36.62364737174873,53.38875091174071,34.852514406527675
P252,trial_68_L_affected,2,01,37.61666029169626,47.83340633209243,54.28271098241301
P252,trial_68_L_affected,2,02,30.67367225387947,45.97127377322039,27.016163828668873
P252,trial_68_L_affected,2,03,38.516997286472105,68.73290887943737,30.046359661901846
P252,trial_68_L_affected,2,12,40.6714841203505,40.52881238946153,44.27949770488924
P252,trial_68_L_affected,2,13,46.390820620903206,66.81945451995595,44.28692955521098
P252,trial_68_L_affected,2,23,55.909613473735,62.85092182876245,46.95689599225194
P252,trial_68_L_affected,3,012,31.755749566075927,44.04453675502369,32.77243412667402
P252,trial_68_L_affected,3,013,38.223210215408805,59.516310364674055,37.69869067537414
P252,trial_68_L_affected,3,023,37.13774562712243,56.981063526410736,27.90006197685519
P252,trial_68_L_affected,3,123,44.18947895468396,58.425008622716064,37.18246395573992
P252,trial_68_L_affected,4,0123,36.49086488233737,54.045569721179476,30.88890576227782
P252,trial_69_L_affected,2,01,36.88323276127131,47.71911300195373,57.18169180035784
P252,trial_69_L_affected,2,02,30.867860995001184,45.609517750332195,30.39751121296811
P252,trial_69_L_affected,2,03,38.31277476568214,68.43398590509454,29.800577297584034
P252,trial_69_L_affected,2,12,39.900975262890434,40.196426778246085,42.1178804718175
P252,trial_69_L_affected,2,13,45.12425867368402,66.89014542061194,43.92326073302337
P252,trial_69_L_affected,2,23,54.85300182023604,62.243098064040666,47.596619116661714
P252,trial_69_L_affected,3,012,31.601658771848886,43.813374490346035,36.21448103647393
P252,trial_69_L_affected,3,013,37.80353051474867,59.30399422464326,38.94815799536882
P252,trial_69_L_affected,3,023,37.01621113527003,56.65719643560247,29.56946350965029
P252,trial_69_L_affected,3,123,43.18068594364819,58.63459317301533,37.183751352504856
P252,trial_69_L_affected,4,0123,36.166429424244576,53.856404284337685,32.92818582108285
P252,trial_70_L_affected,2,01,37.22814917337244,47.211026365168166,54.71349897501858
P252,trial_70_L_affected,2,02,29.791437461467826,44.359401628713385,28.18830316573582
P252,trial_70_L_affected,2,03,36.877567736795,68.38500287557018,28.377646078003757
P252,trial_70_L_affected,2,12,41.360691352970676,39.10705617366701,42.42224995344678
P252,trial_70_L_affected,2,13,45.24791881747782,67.18963250002156,42.314968886460214
P252,trial_70_L_affected,2,23,55.50781208553264,62.99397963738942,49.001236912708244
P252,trial_70_L_affected,3,012,30.997333757320934,42.766405770128195,33.570220717825215
P252,trial_70_L_affected,3,013,36.939025330854996,59.11632488835718,36.866789213463065
P252,trial_70_L_affected,3,023,36.12705214584562,56.18411746666253,28.342202605315947
P252,trial_70_L_affected,3,123,43.576822177399016,58.349917257378806,35.5853233755575
P252,trial_70_L_affected,4,0123,35.47862829442121,53.352221591193945,30.795747208006915
P252,trial_71_L_affected,2,01,37.27974106449634,46.417643331467985,53.78425358744579
P252,trial_71_L_affected,2,02,29.802277205143096,44.424935636311204,27.923681173995977
P252,trial_71_L_affected,2,03,37.19902032730074,67.90271815414474,29.793502221353013
P252,trial_71_L_affected,2,12,40.72434476760735,38.70279560797543,41.67277112959938
P252,trial_71_L_affected,2,13,45.793330821440136,65.78743284607967,43.119781076013766
P252,trial_71_L_affected,2,23,56.16167170571185,62.034924887344005,47.62118395331438
P252,trial_71_L_affected,3,012,31.161552915418724,42.47275921635258,33.26346336974474
P252,trial_71_L_affected,3,013,37.31569422988565,58.23270603352568,37.15933612927906
P252,trial_71_L_affected,3,023,36.33008080296894,55.75062694909136,28.3032695712666
P252,trial_71_L_affected,3,123,43.94592428616906,57.37603684018843,36.10038764310647
P252,trial_71_L_affected,4,0123,35.78646235579005,52.73354761511763,30.93637105806427
P252,trial_72_L_affected,2,01,36.427126670611194,46.750790604328614,55.547465811818626
P252,trial_72_L_affected,2,02,29.9416660940248,45.804123633117584,28.043501424650913
P252,trial_72_L_affected,2,03,36.09716430321237,68.9244207172853,30.293750332831898
P252,trial_72_L_affected,2,12,40.569302149359046,41.10895994660763,43.76530637222704
P252,trial_72_L_affected,2,13,44.29507971187487,66.66610300333018,43.959715941821194
P252,trial_72_L_affected,2,23,55.370657373822496,61.707539889299916,49.39750468324545
P252,trial_72_L_affected,3,012,30.85598973127371,43.75730962352789,33.87253940313036
P252,trial_72_L_affected,3,013,36.3929078654145,59.12126844807499,38.20945144808836
P252,trial_72_L_affected,3,023,35.913210677589845,56.91805387467853,28.83813531945842
P252,trial_72_L_affected,3,123,42.944116029562664,58.69050351170955,36.762790293767864
P252,trial_72_L_affected,4,0123,35.17690304159741,53.91779762786091,31.44183687158977
P252,trial_73_L_affected,2,01,37.126371134321225,45.83582929087733,53.24628406598786
P252,trial_73_L_affected,2,02,29.257083663246696,45.918199027930676,30.538277607466604
P252,trial_73_L_affected,2,03,36.06670193759984,68.33819377295549,30.81854140947669
P252,trial_73_L_affected,2,12,40.7053443081551,41.65041856043467,46.28013467331541
P252,trial_73_L_affected,2,13,46.070288733724155,66.30181627587861,46.90575070408407
P252,trial_73_L_affected,2,23,56.5219197404497,62.88065827869829,52.956797359546826
P252,trial_73_L_affected,3,012,31.12338448903333,43.65154489385389,34.80525141632101
P252,trial_73_L_affected,3,013,37.22675565043561,58.31529004431078,38.5188035933615
P252,trial_73_L_affected,3,023,35.955716857016746,57.123356479525796,31.303237342388737
P252,trial_73_L_affected,3,123,44.527477904647455,58.67712947267542,41.061855592463075
P252,trial_73_L_affected,4,0123,35.85073286920716,53.75619492343166,33.36773830428344
P252,trial_74_L_affected,2,01,37.69144003633326,45.09049574618185,52.43452780462687
P252,trial_74_L_affected,2,02,31.349490582025922,44.63283517770648,28.501978978849348
P252,trial_74_L_affected,2,03,37.906878646094455,67.50713572893837,30.07647846761913
P252,trial_74_L_affected,2,12,40.735780563251346,39.608124683755854,43.31179673095306
P252,trial_74_L_affected,2,13,45.73420087106956,64.50211390518105,45.74084745610927
P252,trial_74_L_affected,2,23,56.80592459717229,60.70993826632445,53.82593212002893
P252,trial_74_L_affected,3,012,32.346731428515476,42.41061304758084,33.86168734613255
P252,trial_74_L_affected,3,013,38.07307650725497,57.22664683428676,37.94674628460461
P252,trial_74_L_affected,3,023,37.430183029714044,55.87931856345234,29.845942527352882
P252,trial_74_L_affected,3,123,44.283826243025615,56.93799185903081,39.032438685530906
P252,trial_74_L_affected,4,0123,36.763837667373004,52.46170253613882,32.27975355457261
P252,trial_75_L_affected,2,01,38.39011704399122,45.843310320282555,51.18783017541366
P252,trial_75_L_affected,2,02,32.25020660132202,46.575895765215776,25.48942533249732
P252,trial_75_L_affected,2,03,38.15169388802781,69.38251209674588,29.144245645968585
P252,trial_75_L_affected,2,12,40.81161456902387,42.17878235035403,45.35817140314022
P252,trial_75_L_affected,2,13,45.61698062365382,66.0183455286856,45.70781777885183
P252,trial_75_L_affected,2,23,56.30361691785051,62.73715910016404,50.211877328996614
P252,trial_75_L_affected,3,012,33.05650442655178,44.064463208405435,31.501090002596793
P252,trial_75_L_affected,3,013,38.697095144808344,58.961969268023005,37.2087175911751
P252,trial_75_L_affected,3,023,38.090328051872206,57.94666755293682,27.82963430133199
P252,trial_75_L_affected,3,123,44.15646969377116,58.62921927217966,38.52956335908979
P252,trial_75_L_affected,4,0123,37.355747470773444,54.338907990843516,30.887231903009518
P252,trial_76_L_affected,2,01,38.11231766282648,46.55121810229234,52.581138004798866
P252,trial_76_L_affected,2,02,31.480029784530814,46.388364076567555,28.761615168663262
P252,trial_76_L_affected,2,03,38.1078157252435,68.7419763167921,29.51610447141847
P252,trial_76_L_affected,2,12,40.17498897166317,41.57101442541816,42.025938104547244
P252,trial_76_L_affected,2,13,45.4507339623248,66.48664137442513,44.41618276261343
P252,trial_76_L_affected,2,23,56.23448765120181,62.7383688874306,52.20339695027138
P252,trial_76_L_affected,3,012,32.404064117569455,44.19012288335144,33.755605212527136
P252,trial_76_L_affected,3,013,38.496506486319404,59.031331506638296,37.640932757962005
P252,trial_76_L_affected,3,023,37.45300551864139,57.32952991235531,28.471563775036426
P252,trial_76_L_affected,3,123,43.573253145402994,58.86950848119807,37.241835582628966
P252,trial_76_L_affected,4,0123,36.814047801216255,54.203647954706156,31.32769088061399
P252,trial_77_L_affected,2,01,38.8666127294407,45.140583343553686,52.373389373225706
P252,trial_77_L_affected,2,02,31.83447328198868,44.49275665597028,27.799106900029173
P252,trial_77_L_affected,2,03,36.38784773918321,69.31329595145908,31.328333944936283
P252,trial_77_L_affected,2,12,40.46294126194842,39.17132291124043,41.73955965026104
P252,trial_77_L_affected,2,13,45.33652143011144,66.09380885844685,45.30966130857186
P252,trial_77_L_affected,2,23,56.00904907761914,62.43248984496497,52.96388002283874
P252,trial_77_L_affected,3,012,33.01412056229136,42.07785124399582,32.46634204181933
P252,trial_77_L_affected,3,013,38.16070003152152,58.51156417767413,37.76234900375887
P252,trial_77_L_affected,3,023,37.17317685553997,56.282306571012164,29.82967350425727
P252,trial_77_L_affected,3,123,44.05796387736168,57.69756846926331,38.30334952888418
P252,trial_77_L_affected,4,0123,36.893750767311396,52.941212256691074,31.638223124962195
P252,trial_78_L_affected,2,01,37.957684212651465,46.190168934888284,51.983934417708134
P252,trial_78_L_affected,2,02,30.29037143659995,45.71467671681336,27.68495853773861
P252,trial_78_L_affected,2,03,35.21867037732497,70.31996323638998,28.736490537759607
P252,trial_78_L_affected,2,12,40.20232395817979,41.333963842772796,45.382549933908344
P252,trial_78_L_affected,2,13,44.50099265243177,68.21801377334496,45.3994541383277
P252,trial_78_L_affected,2,23,54.77291842306015,65.12486267312183,50.78902685292878
P252,trial_78_L_affected,3,012,31.794299845358456,43.53600406090643,32.778774172659865
P252,trial_78_L_affected,3,013,37.01289694073897,59.85683255462262,36.876895728384355
P252,trial_78_L_affected,3,023,35.89848426464799,58.01771010460833,28.903287755055818
P252,trial_78_L_affected,3,123,43.23503899630553,60.03922721763735,39.62938749424043
P252,trial_78_L_affected,4,0123,35.7504114154429,54.663213104194796,31.540579133833837
P252,trial_79_L_affected,2,01,37.06124165901773,47.50065764230234,52.95074511720234
P252,trial_79_L_affected,2,02,31.167381379547322,45.76056031941023,27.685451163889137
P252,trial_79_L_affected,2,03,36.41581984277393,70.67285697156116,28.967298487971213
P252,trial_79_L_affected,2,12,39.9063153964854,39.963544145897416,40.66098281532417
P252,trial_79_L_affected,2,13,44.26153996428958,68.39306414562331,42.84723760432625
P252,trial_79_L_affected,2,23,54.797308276277334,64.80004900618333,49.23526102603202
P252,trial_79_L_affected,3,012,31.874247796976583,43.83911837247977,32.67947146624508
P252,trial_79_L_affected,3,013,36.97805018324205,60.675331190856866,36.73644735445368
P252,trial_79_L_affected,3,023,36.67541223438633,57.861785412641815,28.56296638778323
P252,trial_79_L_affected,3,123,42.993535780532206,59.78891918001269,36.45628967279435
P252,trial_79_L_affected,4,0123,35.914193356494806,54.8380528887238,30.776760830260148
P252,trial_80_L_affected,2,01,38.54855467922654,48.68547287689786,50.46387473490107
P252,trial_80_L_affected,2,02,32.78440807458478,47.44114237815401,27.9128358016566
P252,trial_80_L_affected,2,03,38.04162796079995,69.57406727182409,31.48015644055047
P252,trial_80_L_affected,2,12,40.13405310909193,41.59790772030378,43.217567384966635
P252,trial_80_L_affected,2,13,44.45307783858966,66.68117261823421,45.454497276470384
P252,trial_80_L_affected,2,23,55.598807904839006,62.615523893199985,52.87090072602861
P252,trial_80_L_affected,3,012,33.2403671448969,45.54613091262634,33.12282812519382
P252,trial_80_L_affected,3,013,38.5864835487387,60.2988081527271,38.47277868743817
P252,trial_80_L_affected,3,023,38.02677358073848,57.99789221492628,29.910043496775547
P252,trial_80_L_affected,3,123,42.91372374448242,58.80331997683506,38.40614691449389
P252,trial_80_L_affected,4,0123,37.11903656421796,55.09220392058795,32.485325672545294
P252,trial_81_L_affected,2,01,39.73733375719483,45.34054980434293,49.02712357821942
P252,trial_81_L_affected,2,02,32.78277815655651,45.210560101984036,27.910501572197063
P252,trial_81_L_affected,2,03,36.689615372744825,70.09022970482526,31.13096826796579
P252,trial_81_L_affected,2,12,40.15241440107786,40.38247107921484,44.624026219341864
P252,trial_81_L_affected,2,13,45.384820905270686,66.79742519961466,46.409063894254345
P252,trial_81_L_affected,2,23,56.31428169656796,64.35373406179916,54.656123952632456
P252,trial_81_L_affected,3,012,33.903372894929646,43.03379222488031,32.11774708447597
P252,trial_81_L_affected,3,013,38.91553123378404,59.438282922229696,37.31684685400196
P252,trial_81_L_affected,3,023,37.74994194695678,57.3370891381453,29.29879932931183
P252,trial_81_L_affected,3,123,44.00300427631005,58.65155087574546,39.648826160261535
P252,trial_81_L_affected,4,0123,37.555883144339006,54.02904377248453,31.455103354359114
P252,trial_82_L_affected,2,01,39.134961848376946,47.12396929950949,50.858307106182195
P252,trial_82_L_affected,2,02,33.869981697762476,47.56170582222765,26.96023666671367
P252,trial_82_L_affected,2,03,40.23062740484298,69.14779339106944,29.3276440355989
P252,trial_82_L_affected,2,12,39.89109838903147,42.60562611297713,44.49039472640008
P252,trial_82_L_affected,2,13,45.742233685659755,65.78289446857575,45.73834312147722
P252,trial_82_L_affected,2,23,55.93664280396759,62.915302568182085,46.75759102296315
P252,trial_82_L_affected,3,012,34.25042275197773,45.15443561199117,32.6698778227291
P252,trial_82_L_affected,3,013,40.26342346682369,59.320893058649304,37.40295054646247
P252,trial_82_L_affected,3,023,39.31834368649904,57.99699688713951,27.096450916504182
P252,trial_82_L_affected,3,123,43.75547318226475,58.81733107796816,38.83311520890344
P252,trial_82_L_affected,4,0123,38.44877761492697,54.70756518987784,31.256659154190718
P252,trial_83_L_affected,2,01,39.36744398132466,46.28926668260008,50.125079245877835
P252,trial_83_L_affected,2,02,32.77509754259906,46.55275404412742,27.672537395788247
P252,trial_83_L_affected,2,03,39.24842046164117,67.92194615271637,28.728413322620646
P252,trial_83_L_affected,2,12,39.38499667213948,41.24700490910719,40.46861617598443
P252,trial_83_L_affected,2,13,45.35634654676253,64.71626655153396,42.99443231029364
P252,trial_83_L_affected,2,23,55.61930477643469,62.36110875467511,46.126361404824394
P252,trial_83_L_affected,3,012,33.42736833827415,44.166976360246515,32.710538167579024
P252,trial_83_L_affected,3,013,39.71110074983363,58.156420968175745,35.99312266113094
P252,trial_83_L_affected,3,023,38.31975451895788,56.899499923229754,27.435479323839047
P252,trial_83_L_affected,3,123,43.10948166484227,57.88089206130574,36.18043719909351
P252,trial_83_L_affected,4,0123,37.59698390457629,53.65608946052833,30.416475454624788
