part,trial,arm,traj,label,unit,rmse,r,bias,lag_s
P07,trial_10_L_unaffected,unaffected,eev,End-effector velocity,mm/s,194.13103819949282,0.6603007087789408,-10.23197157028347,-0.016666666666666666
P07,trial_10_L_unaffected,unaffected,eav,Elbow angular velocity,deg/s,37.28690336744135,0.6955525351675185,0.6516915758110078,-0.016666666666666666
P07,trial_10_L_unaffected,unaffected,elbow,Elbow extension,deg,9.042892234189242,0.9606091102248147,-0.22297456001800647,-0.016666666666666666
P07,trial_10_L_unaffected,unaffected,flex,Shoulder flexion,deg,5.6555615519183995,0.9301033976454117,1.956949573012841,-0.016666666666666666
P07,trial_10_L_unaffected,unaffected,abd,Shoulder abduction,deg,5.1419228844086975,0.7665065461574307,-6.799161471153652,-0.016666666666666666
P07,trial_10_L_unaffected,unaffected,trunk,Trunk displacement,mm,6.362529189005364,0.9181575666356746,6.541769624501882,-0.016666666666666666
P07,trial_13_L_unaffected,unaffected,eev,End-effector velocity,mm/s,168.02998374729987,0.7637459628421158,-11.601136030014128,0.0
P07,trial_13_L_unaffected,unaffected,eav,Elbow angular velocity,deg/s,35.787381217027495,0.733561823359437,2.254109981183485,0.0
P07,trial_13_L_unaffected,unaffected,elbow,Elbow extension,deg,8.011417944231145,0.9645869486512437,0.38693527734131805,0.0
P07,trial_13_L_unaffected,unaffected,flex,Shoulder flexion,deg,7.739475295029249,0.9042058640132995,-4.88713962082167,0.0
P07,trial_13_L_unaffected,unaffected,abd,Shoulder abduction,deg,5.038807254209389,0.728662220033529,-8.003877846706194,0.0
P07,trial_13_L_unaffected,unaffected,trunk,Trunk displacement,mm,7.383356865500288,0.8604350518874061,8.917348829627903,0.0
P07,trial_14_L_unaffected,unaffected,eev,End-effector velocity,mm/s,141.9339945201071,0.7573352611979631,-7.893004707156822,-0.03333333333333333
P07,trial_14_L_unaffected,unaffected,eav,Elbow angular velocity,deg/s,40.25450667211457,0.651720827132016,2.3744191483400066,-0.03333333333333333
P07,trial_14_L_unaffected,unaffected,elbow,Elbow extension,deg,9.494999599994237,0.9571514184133774,-0.15722410700213377,-0.03333333333333333
P07,trial_14_L_unaffected,unaffected,flex,Shoulder flexion,deg,5.332159196213175,0.9354317370151417,1.6608468518716717,-0.03333333333333333
P07,trial_14_L_unaffected,unaffected,abd,Shoulder abduction,deg,4.699317928384984,0.7176542714048948,-7.4802281531590396,-0.03333333333333333
P07,trial_14_L_unaffected,unaffected,trunk,Trunk displacement,mm,6.061275364583196,0.9296341958915442,6.883347945815859,-0.03333333333333333
P07,trial_15_L_unaffected,unaffected,eev,End-effector velocity,mm/s,160.8580667368618,0.7537942194058667,-14.982671220145273,-0.016666666666666666
P07,trial_15_L_unaffected,unaffected,eav,Elbow angular velocity,deg/s,31.05387665458814,0.7953245986618964,1.670165989448689,-0.016666666666666666
P07,trial_15_L_unaffected,unaffected,elbow,Elbow extension,deg,8.032527929814044,0.9710814609683682,0.627451845319972,-0.016666666666666666
P07,trial_15_L_unaffected,unaffected,flex,Shoulder flexion,deg,7.394887973465704,0.8957441157708884,-5.463982026121543,-0.016666666666666666
P07,trial_15_L_unaffected,unaffected,abd,Shoulder abduction,deg,4.690151838851116,0.8023630671112376,-7.258208627338245,-0.016666666666666666
P07,trial_15_L_unaffected,unaffected,trunk,Trunk displacement,mm,5.241836453307155,0.9362623980967628,9.179917252350753,-0.016666666666666666
P07,trial_17_L_unaffected,unaffected,eev,End-effector velocity,mm/s,182.6016087456647,0.7444683654913999,-13.505509024480602,-0.016666666666666666
P07,trial_17_L_unaffected,unaffected,eav,Elbow angular velocity,deg/s,33.98169408209081,0.7578891271710042,0.5580576275460531,-0.016666666666666666
P07,trial_17_L_unaffected,unaffected,elbow,Elbow extension,deg,7.278014145676713,0.9748160002170285,-0.19958394824591288,-0.016666666666666666
P07,trial_17_L_unaffected,unaffected,flex,Shoulder flexion,deg,7.43893300196781,0.9077047591363151,-7.25840752008609,-0.016666666666666666
P07,trial_17_L_unaffected,unaffected,abd,Shoulder abduction,deg,5.8809847030402995,0.7457509765542344,-7.17497266679794,-0.016666666666666666
P07,trial_17_L_unaffected,unaffected,trunk,Trunk displacement,mm,6.938029080273719,0.8985665805136227,8.888715417222887,-0.016666666666666666
P07,trial_18_L_unaffected,unaffected,eev,End-effector velocity,mm/s,158.4956791391569,0.6997553034575974,-8.261894380545867,-0.05
P07,trial_18_L_unaffected,unaffected,eav,Elbow angular velocity,deg/s,34.870862528923986,0.6906971526626497,2.3758227915024133,-0.05
P07,trial_18_L_unaffected,unaffected,elbow,Elbow extension,deg,8.878929599335748,0.9634476372761356,-0.17688656880196135,-0.05
P07,trial_18_L_unaffected,unaffected,flex,Shoulder flexion,deg,7.698489212545423,0.865282060458327,-6.540828866085581,-0.05
P07,trial_18_L_unaffected,unaffected,abd,Shoulder abduction,deg,5.217063698933339,0.7431815071289996,-7.749338044459316,-0.05
P07,trial_18_L_unaffected,unaffected,trunk,Trunk displacement,mm,5.223789748039087,0.9439285366289802,7.863815405721511,-0.05
P07,trial_19_L_unaffected,unaffected,eev,End-effector velocity,mm/s,173.93127194152444,0.6751037098517306,-8.726497356256663,-0.03333333333333333
P07,trial_19_L_unaffected,unaffected,eav,Elbow angular velocity,deg/s,34.99277350597707,0.7077960492508256,1.5177137324586438,-0.03333333333333333
P07,trial_19_L_unaffected,unaffected,elbow,Elbow extension,deg,8.660808817362902,0.9593483475587301,-0.052911018126965914,-0.03333333333333333
P07,trial_19_L_unaffected,unaffected,flex,Shoulder flexion,deg,5.665285586331246,0.9266888318767894,0.27377547106243316,-0.03333333333333333
P07,trial_19_L_unaffected,unaffected,abd,Shoulder abduction,deg,4.717554292133783,0.7517026788842947,-8.757015933101183,-0.03333333333333333
P07,trial_19_L_unaffected,unaffected,trunk,Trunk displacement,mm,5.604214290957912,0.9082813240519284,7.316694512250073,-0.03333333333333333
P07,trial_20_L_unaffected,unaffected,eev,End-effector velocity,mm/s,148.41236957074747,0.7522615689088208,-4.32775732765472,-0.016666666666666666
P07,trial_20_L_unaffected,unaffected,eav,Elbow angular velocity,deg/s,37.30321713002997,0.6895762935593879,0.47260630302008644,-0.016666666666666666
P07,trial_20_L_unaffected,unaffected,elbow,Elbow extension,deg,8.345070167319253,0.9599433798000258,-0.5846061269625827,-0.016666666666666666
P07,trial_20_L_unaffected,unaffected,abd,Shoulder abduction,deg,4.125012884715891,0.8122292214167782,-7.044339108622775,-0.016666666666666666
P07,trial_20_L_unaffected,unaffected,trunk,Trunk displacement,mm,4.9801967257693915,0.9663197133764155,6.385503475317424,-0.016666666666666666
P07,trial_21_L_unaffected,unaffected,eev,End-effector velocity,mm/s,178.40203461435135,0.6902620026949224,-15.087069379726497,-0.016666666666666666
P07,trial_21_L_unaffected,unaffected,eav,Elbow angular velocity,deg/s,35.57616066734422,0.7353193756747829,4.279461473602249,-0.016666666666666666
P07,trial_21_L_unaffected,unaffected,elbow,Elbow extension,deg,9.119556055995163,0.9626536290649215,-0.4238210912936606,-0.016666666666666666
P07,trial_21_L_unaffected,unaffected,flex,Shoulder flexion,deg,8.084580413966915,0.8216986377214426,-7.482498140796724,-0.016666666666666666
P07,trial_21_L_unaffected,unaffected,abd,Shoulder abduction,deg,4.806640191834538,0.8223329339774647,-6.754052186167188,-0.016666666666666666
P07,trial_21_L_unaffected,unaffected,trunk,Trunk displacement,mm,5.456714004804871,0.8821925606749675,7.603800023384352,-0.016666666666666666
P07,trial_22_L_unaffected,unaffected,eev,End-effector velocity,mm/s,147.64696668189546,0.7827713132762513,-10.889317022491499,-0.016666666666666666
P07,trial_22_L_unaffected,unaffected,eav,Elbow angular velocity,deg/s,31.01183537787248,0.7859656001365531,0.8007975064780449,-0.016666666666666666
P07,trial_22_L_unaffected,unaffected,elbow,Elbow extension,deg,7.270599893964757,0.9700811363846465,-0.95218246794429,-0.016666666666666666
P07,trial_22_L_unaffected,unaffected,flex,Shoulder flexion,deg,8.002332811465742,0.9134311336996397,-4.702214973282983,-0.016666666666666666
P07,trial_22_L_unaffected,unaffected,abd,Shoulder abduction,deg,3.5064636336691204,0.8780464783728492,-6.379850019407891,-0.016666666666666666
P07,trial_22_L_unaffected,unaffected,trunk,Trunk displacement,mm,5.617007690972023,0.9481081845548207,4.613901855761139,-0.016666666666666666
P07,trial_23_L_unaffected,unaffected,eev,End-effector velocity,mm/s,178.67383485640167,0.6939717649518699,-9.545263590392267,-0.03333333333333333
P07,trial_23_L_unaffected,unaffected,eav,Elbow angular velocity,deg/s,36.21235157215712,0.7319532649263367,1.6373490134814674,-0.03333333333333333
P07,trial_23_L_unaffected,unaffected,elbow,Elbow extension,deg,9.282729683880875,0.9626516065699536,-0.3486900041575571,-0.03333333333333333
P07,trial_23_L_unaffected,unaffected,flex,Shoulder flexion,deg,7.536277951905667,0.8919131236731896,-6.291123485920051,-0.03333333333333333
P07,trial_23_L_unaffected,unaffected,abd,Shoulder abduction,deg,5.211858841737414,0.7473548788094827,-6.72405333717979,-0.03333333333333333
P07,trial_23_L_unaffected,unaffected,trunk,Trunk displacement,mm,5.733685751115881,0.8983739610647127,9.639957225264451,-0.03333333333333333
P07,trial_24_L_unaffected,unaffected,eev,End-effector velocity,mm/s,167.70172726154695,0.679968970124807,-8.019058179158847,-0.016666666666666666
P07,trial_24_L_unaffected,unaffected,eav,Elbow angular velocity,deg/s,34.0912198328148,0.6942496137365312,0.7620102858254593,-0.016666666666666666
P07,trial_24_L_unaffected,unaffected,elbow,Elbow extension,deg,8.670536008830952,0.9634976474473599,0.303826918046395,-0.016666666666666666
P07,trial_24_L_unaffected,unaffected,flex,Shoulder flexion,deg,8.760090296142371,0.8831521585801164,-4.933070176780034,-0.016666666666666666
P07,trial_24_L_unaffected,unaffected,abd,Shoulder abduction,deg,4.870556518247451,0.7176240721289209,-7.375855717801751,-0.016666666666666666
P07,trial_24_L_unaffected,unaffected,trunk,Trunk displacement,mm,8.670164095835903,0.7718347548853194,4.267373533171631,-0.016666666666666666
P07,trial_26_L_unaffected,unaffected,eev,End-effector velocity,mm/s,162.00757894664275,0.7356788921535583,-5.423691900948015,-0.016666666666666666
P07,trial_26_L_unaffected,unaffected,eav,Elbow angular velocity,deg/s,33.87794175270276,0.731578312848073,2.6849563615309737,-0.016666666666666666
P07,trial_26_L_unaffected,unaffected,elbow,Elbow extension,deg,8.4234189619231,0.9626098189773675,-0.4719084672783363,-0.016666666666666666
P07,trial_26_L_unaffected,unaffected,flex,Shoulder flexion,deg,8.92784303295228,0.8677806132210524,-3.328641415555764,-0.016666666666666666
P07,trial_26_L_unaffected,unaffected,abd,Shoulder abduction,deg,4.548326747005469,0.8234329926052346,-6.628122299905997,-0.016666666666666666
P07,trial_26_L_unaffected,unaffected,trunk,Trunk displacement,mm,6.397314612401487,0.9273650577372802,7.900424427918516,-0.016666666666666666
P07,trial_27_L_unaffected,unaffected,eev,End-effector velocity,mm/s,178.49189278720056,0.6989614969705121,-8.436373111577153,-0.016666666666666666
P07,trial_27_L_unaffected,unaffected,eav,Elbow angular velocity,deg/s,39.36099804923869,0.6752316689883269,0.5387186477814528,-0.016666666666666666
P07,trial_27_L_unaffected,unaffected,elbow,Elbow extension,deg,9.451505571232222,0.9600395507651527,-0.03477395290601199,-0.016666666666666666
P07,trial_27_L_unaffected,unaffected,abd,Shoulder abduction,deg,5.013608904831632,0.8006863103237583,-6.120789946023117,-0.016666666666666666
P07,trial_27_L_unaffected,unaffected,trunk,Trunk displacement,mm,5.447590298148153,0.9187144081720785,8.95894257216708,-0.016666666666666666
P07,trial_28_L_unaffected,unaffected,eev,End-effector velocity,mm/s,176.62758863907,0.6763405496064777,-6.199436465220872,-0.016666666666666666
P07,trial_28_L_unaffected,unaffected,eav,Elbow angular velocity,deg/s,35.26755946445054,0.7080096498072618,1.9021830424767363,-0.016666666666666666
P07,trial_28_L_unaffected,unaffected,elbow,Elbow extension,deg,9.304136080612286,0.9615272312278635,-0.44752377371108537,-0.016666666666666666
P07,trial_28_L_unaffected,unaffected,flex,Shoulder flexion,deg,8.675532187214236,0.8447874633363499,-5.863941034049614,-0.016666666666666666
P07,trial_28_L_unaffected,unaffected,abd,Shoulder abduction,deg,4.725772284501934,0.7844507234420657,-6.551286205230885,-0.016666666666666666
P07,trial_28_L_unaffected,unaffected,trunk,Trunk displacement,mm,6.671274556041157,0.9239695140086497,7.944942727801752,-0.016666666666666666
P07,trial_2_L_unaffected,unaffected,eev,End-effector velocity,mm/s,182.2638541789337,0.702835502666042,-10.588276916285508,0.0
P07,trial_2_L_unaffected,unaffected,eav,Elbow angular velocity,deg/s,39.878711206402286,0.7517350135199813,3.8715622214009584,0.0
P07,trial_2_L_unaffected,unaffected,elbow,Elbow extension,deg,9.067347779699334,0.9669219439799953,1.2188798151013933,0.0
P07,trial_2_L_unaffected,unaffected,abd,Shoulder abduction,deg,5.042702998557169,0.8141415284234214,-5.1193271935005855,0.0
P07,trial_2_L_unaffected,unaffected,trunk,Trunk displacement,mm,4.9157778746016945,0.951435423059428,6.823825439820999,0.0
P07,trial_30_L_unaffected,unaffected,eev,End-effector velocity,mm/s,156.25620686075058,0.7320540431245207,-9.435239314708095,-0.016666666666666666
P07,trial_30_L_unaffected,unaffected,eav,Elbow angular velocity,deg/s,34.59353053352406,0.7381154742951727,1.4193718758725928,-0.016666666666666666
P07,trial_30_L_unaffected,unaffected,elbow,Elbow extension,deg,8.454590526577336,0.9701344806901819,-1.2337834149522686,-0.016666666666666666
P07,trial_30_L_unaffected,unaffected,flex,Shoulder flexion,deg,4.890167041656948,0.9247114630303249,-7.9902144608414964,-0.016666666666666666
P07,trial_30_L_unaffected,unaffected,abd,Shoulder abduction,deg,4.836010371820342,0.8031790253846974,-6.27295632662815,-0.016666666666666666
P07,trial_30_L_unaffected,unaffected,trunk,Trunk displacement,mm,5.382297078339453,0.9409567764909413,8.730630552712432,-0.016666666666666666
P07,trial_31_L_unaffected,unaffected,eev,End-effector velocity,mm/s,156.4439627714157,0.744204067259226,-6.864873601729519,0.016666666666666666
P07,trial_31_L_unaffected,unaffected,eav,Elbow angular velocity,deg/s,34.26703867244122,0.718949942782748,0.2227982404844674,0.016666666666666666
P07,trial_31_L_unaffected,unaffected,elbow,Elbow extension,deg,6.9047975447676855,0.9779773020146437,1.4480593630378775,0.016666666666666666
P07,trial_31_L_unaffected,unaffected,flex,Shoulder flexion,deg,7.1706338356809685,0.8949982550767664,-6.779679140198118,0.016666666666666666
P07,trial_31_L_unaffected,unaffected,abd,Shoulder abduction,deg,4.304093860834556,0.8133667825266723,-6.801340666218658,0.016666666666666666
P07,trial_31_L_unaffected,unaffected,trunk,Trunk displacement,mm,3.7192524842537353,0.9666343576123033,5.563080137616803,0.016666666666666666
P07,trial_32_L_unaffected,unaffected,eev,End-effector velocity,mm/s,160.36084934588538,0.757885892737753,-11.641776369710174,0.0
P07,trial_32_L_unaffected,unaffected,eav,Elbow angular velocity,deg/s,29.237960848394916,0.8118373568954499,5.461155542856712,0.0
P07,trial_32_L_unaffected,unaffected,elbow,Elbow extension,deg,7.35313389548973,0.9762315675493152,3.4661877223200137,0.0
P07,trial_32_L_unaffected,unaffected,flex,Shoulder flexion,deg,7.0775480161864746,0.906643626805897,-0.8302960783927141,0.0
P07,trial_32_L_unaffected,unaffected,abd,Shoulder abduction,deg,4.7940719822783295,0.8174136944322035,-7.100643613244494,0.0
P07,trial_32_L_unaffected,unaffected,trunk,Trunk displacement,mm,5.213185045119563,0.935796115851078,6.971655199229304,0.0
P07,trial_33_L_unaffected,unaffected,eev,End-effector velocity,mm/s,175.11137950148134,0.672589070308361,-12.175455307982661,-0.016666666666666666
P07,trial_33_L_unaffected,unaffected,eav,Elbow angular velocity,deg/s,32.37527180910291,0.7412539915297782,0.4036190686095101,-0.016666666666666666
P07,trial_33_L_unaffected,unaffected,elbow,Elbow extension,deg,8.41213064561242,0.9674207369193372,-0.10986167456163029,-0.016666666666666666
P07,trial_33_L_unaffected,unaffected,flex,Shoulder flexion,deg,7.991000085633303,0.8967747405334439,-5.556275321406084,-0.016666666666666666
P07,trial_33_L_unaffected,unaffected,abd,Shoulder abduction,deg,5.651261116826252,0.7719912903668683,-7.270170520041907,-0.016666666666666666
P07,trial_33_L_unaffected,unaffected,trunk,Trunk displacement,mm,6.2896327126625895,0.8203899376409792,8.180810169927721,-0.016666666666666666
P07,trial_34_L_unaffected,unaffected,eev,End-effector velocity,mm/s,174.74280314853547,0.7106258052849116,-14.405323259767775,-0.016666666666666666
P07,trial_34_L_unaffected,unaffected,eav,Elbow angular velocity,deg/s,39.092834760006156,0.6531732518513652,1.4606223962692961,-0.016666666666666666
P07,trial_34_L_unaffected,unaffected,elbow,Elbow extension,deg,9.415245854203718,0.9583193413592733,-0.10291273448878534,-0.016666666666666666
P07,trial_34_L_unaffected,unaffected,flex,Shoulder flexion,deg,7.425993915165241,0.9120331846211392,-5.204072663732589,-0.016666666666666666
P07,trial_34_L_unaffected,unaffected,abd,Shoulder abduction,deg,5.928410756509419,0.7644725098348164,-7.368237400784916,-0.016666666666666666
P07,trial_34_L_unaffected,unaffected,trunk,Trunk displacement,mm,6.93726085799218,0.7508392301185927,9.567674947562887,-0.016666666666666666
P07,trial_35_L_unaffected,unaffected,eev,End-effector velocity,mm/s,160.5107079817706,0.7421915460527923,-9.692649615213313,0.0
P07,trial_35_L_unaffected,unaffected,eav,Elbow angular velocity,deg/s,35.994350235145674,0.7117159174564818,1.4394463747548019,0.0
P07,trial_35_L_unaffected,unaffected,elbow,Elbow extension,deg,8.124337370505117,0.9731597715587377,0.9748899359494472,0.0
P07,trial_35_L_unaffected,unaffected,flex,Shoulder flexion,deg,6.433988475120017,0.9158660659106298,-6.911020461994601,0.0
P07,trial_35_L_unaffected,unaffected,abd,Shoulder abduction,deg,5.545799861575184,0.7916408871403077,-6.951788010997735,0.0
P07,trial_35_L_unaffected,unaffected,trunk,Trunk displacement,mm,5.845018324295295,0.9030839690220226,7.326782634482977,0.0
P07,trial_36_L_unaffected,unaffected,eev,End-effector velocity,mm/s,155.77589169086156,0.7386977578260918,-16.610444857946852,0.0
P07,trial_36_L_unaffected,unaffected,eav,Elbow angular velocity,deg/s,31.448460197298612,0.7747047474134493,4.3312593437091245,0.0
P07,trial_36_L_unaffected,unaffected,elbow,Elbow extension,deg,8.217150786819479,0.9660087593296202,0.8431963240645546,0.0
P07,trial_36_L_unaffected,unaffected,flex,Shoulder flexion,deg,6.188757849513765,0.9305901873082625,2.1117988604015365,0.0
P07,trial_36_L_unaffected,unaffected,abd,Shoulder abduction,deg,5.234673056595927,0.7896674024460334,-7.18758925078807,0.0
P07,trial_36_L_unaffected,unaffected,trunk,Trunk displacement,mm,10.09006494715057,-0.32400238271540566,17.653560039349486,0.0
P07,trial_37_L_unaffected,unaffected,eev,End-effector velocity,mm/s,180.1529255135858,0.7221826433453418,-13.676480443586371,0.0
P07,trial_37_L_unaffected,unaffected,eav,Elbow angular velocity,deg/s,32.885346329133434,0.771073313508238,2.7847658134000843,0.0
P07,trial_37_L_unaffected,unaffected,elbow,Elbow extension,deg,7.0130562466084125,0.9740540871686334,0.48215724552229694,0.0
P07,trial_37_L_unaffected,unaffected,flex,Shoulder flexion,deg,6.207484559669672,0.9360575350424022,0.03184247577733987,0.0
P07,trial_37_L_unaffected,unaffected,abd,Shoulder abduction,deg,4.634375677433334,0.7912202829552725,-7.351498935278036,0.0
P07,trial_37_L_unaffected,unaffected,trunk,Trunk displacement,mm,11.787645014184532,-0.43048680990180405,23.233163976330587,0.0
P07,trial_38_L_unaffected,unaffected,eev,End-effector velocity,mm/s,169.0189311919125,0.7114005462029169,-13.439056585063241,0.0
P07,trial_38_L_unaffected,unaffected,eav,Elbow angular velocity,deg/s,31.81913681622407,0.7669278313325572,2.9856216512210736,0.0
P07,trial_38_L_unaffected,unaffected,elbow,Elbow extension,deg,7.818761590138685,0.9721356551536249,0.2055887867923676,0.0
P07,trial_38_L_unaffected,unaffected,flex,Shoulder flexion,deg,7.265963924374944,0.902220893200275,0.06696761564104638,0.0
P07,trial_38_L_unaffected,unaffected,abd,Shoulder abduction,deg,5.558008184722079,0.7668783741814074,-7.415436222679382,0.0
P07,trial_38_L_unaffected,unaffected,trunk,Trunk displacement,mm,4.988827272881832,0.8080899318565505,6.86748857800826,0.0
P07,trial_41_L_unaffected,unaffected,eev,End-effector velocity,mm/s,149.7913111732694,0.7781275298259877,-5.148368569124538,0.0
P07,trial_41_L_unaffected,unaffected,eav,Elbow angular velocity,deg/s,28.918198134624593,0.7789054146203142,2.022769925318511,0.0
P07,trial_41_L_unaffected,unaffected,elbow,Elbow extension,deg,7.097714743104561,0.9773815937708369,-0.908707316719681,0.0
P07,trial_41_L_unaffected,unaffected,flex,Shoulder flexion,deg,7.2903031422119975,0.9238616353271972,-6.100565067054207,0.0
P07,trial_41_L_unaffected,unaffected,abd,Shoulder abduction,deg,6.251119607049932,0.8605588631555143,-8.643094549761987,0.0
P07,trial_41_L_unaffected,unaffected,trunk,Trunk displacement,mm,7.713730048558175,0.7669785198130432,9.742956606547818,0.0
P07,trial_42_L_unaffected,unaffected,eev,End-effector velocity,mm/s,171.7902790036616,0.7174698980481674,-7.720742547805475,0.0
P07,trial_42_L_unaffected,unaffected,eav,Elbow angular velocity,deg/s,34.6022900565948,0.7368653410527458,2.0170010083756695,0.0
P07,trial_42_L_unaffected,unaffected,elbow,Elbow extension,deg,7.977060784111436,0.9724980891858406,-0.8257177132304157,0.0
P07,trial_42_L_unaffected,unaffected,flex,Shoulder flexion,deg,7.755564286832924,0.9022400705023417,-6.6542744966723655,0.0
P07,trial_42_L_unaffected,unaffected,abd,Shoulder abduction,deg,5.4507183946959215,0.8018303395577414,-7.936134320544173,0.0
P07,trial_42_L_unaffected,unaffected,trunk,Trunk displacement,mm,6.670656912096143,0.8679179721207451,7.191874825571768,0.0
P07,trial_43_R_affected,affected,eev,End-effector velocity,mm/s,90.85455639469346,0.7767241812568335,-13.911727763993166,0.016666666666666666
P07,trial_43_R_affected,affected,eav,Elbow angular velocity,deg/s,17.298407424021466,0.6902703638609973,2.6993130440880306,0.016666666666666666
P07,trial_43_R_affected,affected,elbow,Elbow extension,deg,6.398892252629633,0.9779999660051827,4.259816675333544,0.016666666666666666
P07,trial_43_R_affected,affected,flex,Shoulder flexion,deg,2.530118428456448,0.9701762339808888,8.978693552917083,0.016666666666666666
P07,trial_43_R_affected,affected,abd,Shoulder abduction,deg,5.048448563814265,0.798128093054952,-12.016599849444953,0.016666666666666666
P07,trial_43_R_affected,affected,trunk,Trunk displacement,mm,7.5178888972559434,0.9812259250583505,-2.2857264375418977,0.016666666666666666
P07,trial_44_R_affected,affected,eev,End-effector velocity,mm/s,132.1243231216498,0.6844197227318072,-12.822922008165717,0.0
P07,trial_44_R_affected,affected,eav,Elbow angular velocity,deg/s,20.337937280024146,0.6977677005590335,3.2682117464940603,0.0
P07,trial_44_R_affected,affected,elbow,Elbow extension,deg,8.281396028063872,0.9729365273131566,3.1659217078631716,0.0
P07,trial_44_R_affected,affected,flex,Shoulder flexion,deg,9.679829164546662,0.8293061031487908,2.5611863439489837,0.0
P07,trial_44_R_affected,affected,abd,Shoulder abduction,deg,6.666397815826522,0.7854339547751574,-11.923410877928664,0.0
P07,trial_44_R_affected,affected,trunk,Trunk displacement,mm,14.821775237039523,0.8332340540955091,10.289823147001822,0.0
P07,trial_46_R_affected,affected,eev,End-effector velocity,mm/s,140.05236160702287,0.6629306349786958,-15.048883910569408,-0.016666666666666666
P07,trial_46_R_affected,affected,eav,Elbow angular velocity,deg/s,19.957174407037954,0.6803096619312644,2.865214101608963,-0.016666666666666666
P07,trial_46_R_affected,affected,elbow,Elbow extension,deg,8.18593804047266,0.9753432708552905,3.1756410315295454,-0.016666666666666666
P07,trial_46_R_affected,affected,flex,Shoulder flexion,deg,8.282498826158472,0.8734595936039637,1.8096621244714004,-0.016666666666666666
P07,trial_46_R_affected,affected,abd,Shoulder abduction,deg,7.52686041839402,0.772567459565116,-12.709071245051707,-0.016666666666666666
P07,trial_46_R_affected,affected,trunk,Trunk displacement,mm,20.05216549676847,0.7357943672332452,15.173265038527163,-0.016666666666666666
P07,trial_48_R_affected,affected,eev,End-effector velocity,mm/s,132.69750458227549,0.7604090539840423,-15.668356455028963,0.0
P07,trial_48_R_affected,affected,eav,Elbow angular velocity,deg/s,23.886985509846248,0.6461698408267413,4.815464429991694,0.0
P07,trial_48_R_affected,affected,elbow,Elbow extension,deg,6.866580201519202,0.9741129537064132,4.941479947060158,0.0
P07,trial_48_R_affected,affected,flex,Shoulder flexion,deg,8.690223576296415,0.8256665143133859,2.4760173754283277,0.0
P07,trial_48_R_affected,affected,abd,Shoulder abduction,deg,6.884718903894652,0.47545840883809354,-11.89673951863358,0.0
P07,trial_48_R_affected,affected,trunk,Trunk displacement,mm,12.672442325606065,0.9531758329958292,3.1168886774311666,0.0
P07,trial_49_R_affected,affected,eev,End-effector velocity,mm/s,133.42059201269936,0.7253222046479938,-18.15663164200117,-0.016666666666666666
P07,trial_49_R_affected,affected,eav,Elbow angular velocity,deg/s,25.259639200764653,0.5957392051252307,3.956604703710493,-0.016666666666666666
P07,trial_49_R_affected,affected,elbow,Elbow extension,deg,7.967451200268623,0.9746376811367436,3.5727218153811755,-0.016666666666666666
P07,trial_49_R_affected,affected,flex,Shoulder flexion,deg,7.68322618308864,0.9113367946671179,-0.6270116413665927,-0.016666666666666666
P07,trial_49_R_affected,affected,abd,Shoulder abduction,deg,7.768666653219233,0.8471065913891556,-13.372488052850542,-0.016666666666666666
P07,trial_49_R_affected,affected,trunk,Trunk displacement,mm,20.420426517280085,0.8166179272412245,9.712926233965009,-0.016666666666666666
P07,trial_52_R_affected,affected,eev,End-effector velocity,mm/s,138.48162975838073,0.7124286158756105,-15.613783502503733,-0.016666666666666666
P07,trial_52_R_affected,affected,eav,Elbow angular velocity,deg/s,21.07385708511647,0.6392467402595683,4.564726344993518,-0.016666666666666666
P07,trial_52_R_affected,affected,elbow,Elbow extension,deg,7.942556654098796,0.9818552215843416,2.9620984852356687,-0.016666666666666666
P07,trial_52_R_affected,affected,flex,Shoulder flexion,deg,8.590592812939711,0.8962251768710331,-1.239329818814537,-0.016666666666666666
P07,trial_52_R_affected,affected,abd,Shoulder abduction,deg,8.410523309806498,0.902612098313766,-13.644374991416571,-0.016666666666666666
P07,trial_52_R_affected,affected,trunk,Trunk displacement,mm,30.388874733927338,0.6896731353815501,16.41851443685176,-0.016666666666666666
P07,trial_53_R_affected,affected,eev,End-effector velocity,mm/s,143.11902169054864,0.7342750165107378,-18.19880966819907,0.0
P07,trial_53_R_affected,affected,eav,Elbow angular velocity,deg/s,26.864809458769567,0.5752531800770616,4.5887022611332915,0.0
P07,trial_53_R_affected,affected,elbow,Elbow extension,deg,8.091836341838805,0.9720902354928275,3.039645547656639,0.0
P07,trial_53_R_affected,affected,flex,Shoulder flexion,deg,8.76800091075221,0.881100761245161,1.8917186471197196,0.0
P07,trial_53_R_affected,affected,abd,Shoulder abduction,deg,7.462856414070898,0.8338853149410155,-12.997522055463023,0.0
P07,trial_53_R_affected,affected,trunk,Trunk displacement,mm,26.267599976234717,0.7898357175834634,10.379909154089214,0.0
P07,trial_54_R_affected,affected,eev,End-effector velocity,mm/s,133.2581630882748,0.7579832630704074,-15.356680112014958,-0.016666666666666666
P07,trial_54_R_affected,affected,eav,Elbow angular velocity,deg/s,22.90872270933282,0.6606888082797524,4.023378632974194,-0.016666666666666666
P07,trial_54_R_affected,affected,elbow,Elbow extension,deg,7.983609366320955,0.9793428532729137,2.8087561757634085,-0.016666666666666666
P07,trial_54_R_affected,affected,flex,Shoulder flexion,deg,8.182540425351945,0.9202894256568306,3.0034619876896467,-0.016666666666666666
P07,trial_54_R_affected,affected,abd,Shoulder abduction,deg,7.745418145842752,0.8698052788002663,-12.840012378175928,-0.016666666666666666
P07,trial_54_R_affected,affected,trunk,Trunk displacement,mm,27.669626820274875,0.7603993047094174,14.229782521004532,-0.016666666666666666
P07,trial_55_R_affected,affected,eev,End-effector velocity,mm/s,115.6449542854411,0.7909395076987108,-15.065980656889328,-0.016666666666666666
P07,trial_55_R_affected,affected,eav,Elbow angular velocity,deg/s,19.693889577603482,0.7008889274703368,4.11387095830524,-0.016666666666666666
P07,trial_55_R_affected,affected,elbow,Elbow extension,deg,7.349176584219187,0.9813269770384853,3.667505746912266,-0.016666666666666666
P07,trial_55_R_affected,affected,flex,Shoulder flexion,deg,9.116743118305005,0.8929554295852267,3.4128635275524313,-0.016666666666666666
P07,trial_55_R_affected,affected,abd,Shoulder abduction,deg,8.419508493949836,0.8135752821654185,-12.719485932199765,-0.016666666666666666
P07,trial_55_R_affected,affected,trunk,Trunk displacement,mm,23.024271404328253,0.8350471835006816,9.955953123545703,-0.016666666666666666
P07,trial_56_R_affected,affected,eev,End-effector velocity,mm/s,86.2975693571683,0.871316266987646,-14.065575589122938,0.03333333333333333
P07,trial_56_R_affected,affected,eav,Elbow angular velocity,deg/s,14.49709069303264,0.8154802045757179,3.1755391804480015,0.03333333333333333
P07,trial_56_R_affected,affected,elbow,Elbow extension,deg,6.546648721258593,0.9883212297675463,2.301159091892993,0.03333333333333333
P07,trial_56_R_affected,affected,flex,Shoulder flexion,deg,9.21717588861486,0.8921429611443163,2.4981073025432825,0.03333333333333333
P07,trial_56_R_affected,affected,abd,Shoulder abduction,deg,7.599721954821699,0.8269926519303726,-12.416750287362666,0.03333333333333333
P07,trial_56_R_affected,affected,trunk,Trunk displacement,mm,25.148119196462094,0.772672269320673,8.439783833029672,0.03333333333333333
P07,trial_57_R_affected,affected,eev,End-effector velocity,mm/s,102.29312489206411,0.8307914454702204,-12.879598240556595,0.03333333333333333
P07,trial_57_R_affected,affected,eav,Elbow angular velocity,deg/s,19.948162692488562,0.7218245806685207,3.9495335136632717,0.03333333333333333
P07,trial_57_R_affected,affected,elbow,Elbow extension,deg,7.138149525141053,0.9843538585265369,2.9522978304919003,0.03333333333333333
P07,trial_57_R_affected,affected,flex,Shoulder flexion,deg,7.373730853732422,0.9430477888861551,4.5045700057871185,0.03333333333333333
P07,trial_57_R_affected,affected,abd,Shoulder abduction,deg,7.613483900934208,0.7864554372374706,-12.16709224158514,0.03333333333333333
P07,trial_57_R_affected,affected,trunk,Trunk displacement,mm,30.069017038771346,0.5470997894798649,21.465416656947138,0.03333333333333333
P07,trial_59_R_affected,affected,eev,End-effector velocity,mm/s,113.68874323895183,0.7590859477386406,-16.814052804677814,-0.016666666666666666
P07,trial_59_R_affected,affected,eav,Elbow angular velocity,deg/s,16.17208349027435,0.7103449510777626,3.0475739427572908,-0.016666666666666666
P07,trial_59_R_affected,affected,elbow,Elbow extension,deg,5.381463635866642,0.9832391206967039,6.179845234972734,-0.016666666666666666
P07,trial_59_R_affected,affected,flex,Shoulder flexion,deg,5.459820189205026,0.9561851846862759,6.93767880229727,-0.016666666666666666
P07,trial_59_R_affected,affected,abd,Shoulder abduction,deg,10.85697887660774,0.6138492127590103,-18.583792534974293,-0.016666666666666666
P07,trial_59_R_affected,affected,trunk,Trunk displacement,mm,39.3222202285315,0.6342899624302792,17.14752968773185,-0.016666666666666666
P07,trial_60_R_affected,affected,eev,End-effector velocity,mm/s,151.1505529157372,0.6340454806262913,-17.813567437211507,-0.03333333333333333
P07,trial_60_R_affected,affected,eav,Elbow angular velocity,deg/s,24.000183815892022,0.6223747923318732,4.075696467175063,-0.03333333333333333
P07,trial_60_R_affected,affected,elbow,Elbow extension,deg,8.55853928370226,0.9693814227881355,0.2285218629952117,-0.03333333333333333
P07,trial_60_R_affected,affected,flex,Shoulder flexion,deg,9.878735061020592,0.8137983001205735,-0.25480232973571193,-0.03333333333333333
P07,trial_60_R_affected,affected,abd,Shoulder abduction,deg,7.133659622172425,0.8463454888361863,-13.130849477222258,-0.03333333333333333
P07,trial_60_R_affected,affected,trunk,Trunk displacement,mm,26.054213124017497,0.7456689903531502,12.776788502700533,-0.03333333333333333
P07,trial_61_R_affected,affected,eev,End-effector velocity,mm/s,116.3884402515627,0.8135295285802983,-20.71539857314295,0.016666666666666666
P07,trial_61_R_affected,affected,eav,Elbow angular velocity,deg/s,18.254020751053996,0.7457714399856445,4.523361369012024,0.016666666666666666
P07,trial_61_R_affected,affected,elbow,Elbow extension,deg,7.19425435240145,0.9838729993627587,4.247795463919738,0.016666666666666666
P07,trial_61_R_affected,affected,flex,Shoulder flexion,deg,10.404442304153257,0.772021059712309,0.9180871517372442,0.016666666666666666
P07,trial_61_R_affected,affected,abd,Shoulder abduction,deg,7.731589925224621,0.703637405980613,-12.173246667383431,0.016666666666666666
P07,trial_61_R_affected,affected,trunk,Trunk displacement,mm,27.731199586476226,0.7511501562354453,14.274277059495112,0.016666666666666666
P07,trial_62_R_affected,affected,eev,End-effector velocity,mm/s,101.23139695660083,0.8303132098663184,-17.28129947473972,0.016666666666666666
P07,trial_62_R_affected,affected,eav,Elbow angular velocity,deg/s,16.263648023637035,0.741365108445416,4.382847158309127,0.016666666666666666
P07,trial_62_R_affected,affected,elbow,Elbow extension,deg,7.055192468021479,0.9882783195479903,1.8263247133240816,0.016666666666666666
P07,trial_62_R_affected,affected,flex,Shoulder flexion,deg,8.303164445489289,0.895354951262095,0.09308610131492705,0.016666666666666666
P07,trial_62_R_affected,affected,abd,Shoulder abduction,deg,8.060852315609333,0.8771348698978061,-12.932343408412882,0.016666666666666666
P07,trial_62_R_affected,affected,trunk,Trunk displacement,mm,36.79211438382819,0.5944659825068421,21.392770331958918,0.016666666666666666
P07,trial_63_R_affected,affected,eev,End-effector velocity,mm/s,91.49214546726124,0.8556767251198386,-14.9039914788359,0.0
P07,trial_63_R_affected,affected,eav,Elbow angular velocity,deg/s,13.698981878238392,0.8789684724282103,4.578411054471352,0.0
P07,trial_63_R_affected,affected,elbow,Elbow extension,deg,6.191271811856044,0.9789083802783526,4.142411422862009,0.0
P07,trial_63_R_affected,affected,flex,Shoulder flexion,deg,7.4876057759076895,0.9385793548022128,4.992941481132518,0.0
P07,trial_63_R_affected,affected,abd,Shoulder abduction,deg,6.7380493439733815,0.35665404697595987,-10.951387593208253,0.0
P07,trial_63_R_affected,affected,trunk,Trunk displacement,mm,11.350193700782537,0.9098021006494564,2.857362177709499,0.0
P07,trial_64_R_affected,affected,eev,End-effector velocity,mm/s,137.36885324916997,0.7154998372509511,-13.293329664381178,0.0
P07,trial_64_R_affected,affected,eav,Elbow angular velocity,deg/s,25.241721565273487,0.5463609730124073,3.5207700956239942,0.0
P07,trial_64_R_affected,affected,elbow,Elbow extension,deg,7.928543019273114,0.9827989970030888,1.9774648042902225,0.0
P07,trial_64_R_affected,affected,flex,Shoulder flexion,deg,8.519466333243223,0.8876307274799881,0.1115068918589395,0.0
P07,trial_64_R_affected,affected,abd,Shoulder abduction,deg,7.664427907776393,0.9305667033727931,-13.65489401019137,0.0
P07,trial_64_R_affected,affected,trunk,Trunk displacement,mm,31.247170992233915,0.6293807189599169,18.73997269519455,0.0
P07,trial_65_R_affected,affected,eev,End-effector velocity,mm/s,131.93938015262947,0.7495919155870705,-16.90213722417926,0.016666666666666666
P07,trial_65_R_affected,affected,eav,Elbow angular velocity,deg/s,20.6103057728631,0.7001472272588666,4.482716894257995,0.016666666666666666
P07,trial_65_R_affected,affected,elbow,Elbow extension,deg,8.5000646449654,0.9868369080116864,1.6300146471672605,0.016666666666666666
P07,trial_65_R_affected,affected,flex,Shoulder flexion,deg,8.881880814294416,0.9088416157506505,-1.6045587911119352,0.016666666666666666
P07,trial_65_R_affected,affected,abd,Shoulder abduction,deg,8.647171235158288,0.9036069023711032,-14.478781645818007,0.016666666666666666
P07,trial_65_R_affected,affected,trunk,Trunk displacement,mm,33.22386009712293,0.6966829836461715,19.417936136357532,0.016666666666666666
P07,trial_66_R_affected,affected,eev,End-effector velocity,mm/s,139.6489429629441,0.7051935050089115,-17.267913072638166,-0.016666666666666666
P07,trial_66_R_affected,affected,eav,Elbow angular velocity,deg/s,24.27884942220254,0.5855789925782943,4.463832579323979,-0.016666666666666666
P07,trial_66_R_affected,affected,elbow,Elbow extension,deg,8.52193570904279,0.9798419553535802,2.4803254346697776,-0.016666666666666666
P07,trial_66_R_affected,affected,flex,Shoulder flexion,deg,9.011493953607214,0.8872745229107442,-0.8104593596359201,-0.016666666666666666
P07,trial_66_R_affected,affected,abd,Shoulder abduction,deg,8.203861575002385,0.8859632342692221,-12.72504925029829,-0.016666666666666666
P07,trial_66_R_affected,affected,trunk,Trunk displacement,mm,31.715259944749363,0.654026652542744,19.158469883391724,-0.016666666666666666
P07,trial_67_R_affected,affected,eev,End-effector velocity,mm/s,128.57172946455304,0.7634784019123508,-21.961280822731993,0.0
P07,trial_67_R_affected,affected,eav,Elbow angular velocity,deg/s,22.071018901978878,0.6359625147899393,5.104092431951938,0.0
P07,trial_67_R_affected,affected,elbow,Elbow extension,deg,8.130169166561762,0.9865241257300126,1.8099860150113964,0.0
P07,trial_67_R_affected,affected,flex,Shoulder flexion,deg,8.709262695798918,0.8786462019143465,0.3738269461493269,0.0
P07,trial_67_R_affected,affected,abd,Shoulder abduction,deg,7.789549430598492,0.845805056269839,-12.433410512663142,0.0
P07,trial_67_R_affected,affected,trunk,Trunk displacement,mm,23.409425694461316,0.774119566455057,11.764012792596144,0.0
P07,trial_68_R_affected,affected,eev,End-effector velocity,mm/s,112.0200454475939,0.743894337230313,-16.112121803962168,-0.016666666666666666
P07,trial_68_R_affected,affected,eav,Elbow angular velocity,deg/s,14.163478760381668,0.7383550626515892,2.3810114806549083,-0.016666666666666666
P07,trial_68_R_affected,affected,elbow,Elbow extension,deg,5.466835176649254,0.9841373664343311,6.255810082765418,-0.016666666666666666
P07,trial_68_R_affected,affected,flex,Shoulder flexion,deg,5.076687125477684,0.9700724406349813,8.098864211692177,-0.016666666666666666
P07,trial_68_R_affected,affected,abd,Shoulder abduction,deg,11.13063706419643,0.911642315768373,-18.267968560003858,-0.016666666666666666
P07,trial_68_R_affected,affected,trunk,Trunk displacement,mm,33.750581595207464,0.5588108674121549,19.96844753368895,-0.016666666666666666
P07,trial_69_R_affected,affected,eev,End-effector velocity,mm/s,124.06381562532023,0.7675423787247743,-16.528707082963177,0.0
P07,trial_69_R_affected,affected,eav,Elbow angular velocity,deg/s,20.377834972212472,0.6007165088739517,3.1478655469140855,0.0
P07,trial_69_R_affected,affected,elbow,Elbow extension,deg,5.800551812221774,0.9819704011559544,5.475718188426996,0.0
P07,trial_69_R_affected,affected,flex,Shoulder flexion,deg,4.538618517744359,0.976388205100178,8.13571251031167,0.0
P07,trial_69_R_affected,affected,abd,Shoulder abduction,deg,10.601215073572774,0.9271102248050723,-18.062383931399584,0.0
P07,trial_69_R_affected,affected,trunk,Trunk displacement,mm,34.191344504400476,0.5577772801772163,14.754615628270939,0.0
P07,trial_71_R_affected,affected,eev,End-effector velocity,mm/s,119.68537975726906,0.7680326357372027,-23.297249505157446,0.0
P07,trial_71_R_affected,affected,eav,Elbow angular velocity,deg/s,20.863374575352328,0.6542685602521826,5.298831655736494,0.0
P07,trial_71_R_affected,affected,elbow,Elbow extension,deg,7.698227964009925,0.9871032044946686,3.0795718303159343,0.0
P07,trial_71_R_affected,affected,flex,Shoulder flexion,deg,8.549222274872559,0.8825224199409007,0.921433892079767,0.0
P07,trial_71_R_affected,affected,abd,Shoulder abduction,deg,7.769245698888811,0.9111467887331202,-12.3532951706222,0.0
P07,trial_71_R_affected,affected,trunk,Trunk displacement,mm,26.12852593998152,0.6440408357197556,13.419978024319894,0.0
P07,trial_72_R_affected,affected,eev,End-effector velocity,mm/s,110.46642941191256,0.7719209617077799,-27.84701510383647,0.0
P07,trial_72_R_affected,affected,eav,Elbow angular velocity,deg/s,20.163622806026186,0.6354947277586871,3.3913489514846944,0.0
P07,trial_72_R_affected,affected,elbow,Elbow extension,deg,8.792656942727236,0.9808440616992757,2.8175903253313104,0.0
P07,trial_72_R_affected,affected,flex,Shoulder flexion,deg,5.939834367649628,0.926291299399871,0.22236234259525706,0.0
P07,trial_72_R_affected,affected,abd,Shoulder abduction,deg,6.377504167600505,0.9109876776836191,-12.669808439337194,0.0
P07,trial_72_R_affected,affected,trunk,Trunk displacement,mm,24.10291259195999,0.7450507744678183,12.584670007609674,0.0
P07,trial_73_R_affected,affected,eev,End-effector velocity,mm/s,97.22003752250411,0.8381379479599654,-15.646346527248614,0.05
P07,trial_73_R_affected,affected,eav,Elbow angular velocity,deg/s,18.05091359209432,0.7375827114365111,3.6299374300534355,0.05
P07,trial_73_R_affected,affected,elbow,Elbow extension,deg,6.989418316160829,0.9853512097948152,2.804998028127396,0.05
P07,trial_73_R_affected,affected,flex,Shoulder flexion,deg,11.11932714153268,0.8195327243015634,1.645399816646724,0.05
P07,trial_73_R_affected,affected,abd,Shoulder abduction,deg,7.678874278276502,0.8337182816019932,-11.934093287443543,0.05
P07,trial_73_R_affected,affected,trunk,Trunk displacement,mm,22.079554950541624,0.7720781659248732,11.437846054798815,0.05
P07,trial_74_R_affected,affected,eev,End-effector velocity,mm/s,145.35119320813936,0.6851029925629882,-26.48407294059899,0.0
P07,trial_74_R_affected,affected,eav,Elbow angular velocity,deg/s,22.554937293117373,0.6181861622903994,4.748849237186241,0.0
P07,trial_74_R_affected,affected,elbow,Elbow extension,deg,8.917162142122143,0.9805487319233562,1.145750572769962,0.0
P07,trial_74_R_affected,affected,flex,Shoulder flexion,deg,8.394888532615102,0.8988313395426333,-1.0240098038493843,0.0
P07,trial_74_R_affected,affected,abd,Shoulder abduction,deg,7.970700827439031,0.9263225270425072,-14.465240841709742,0.0
P07,trial_74_R_affected,affected,trunk,Trunk displacement,mm,28.606409420418633,0.6976347081756059,25.875253694372596,0.0
P07,trial_75_R_affected,affected,eev,End-effector velocity,mm/s,124.40058940420604,0.7887091227564998,-21.522528074750085,0.016666666666666666
P07,trial_75_R_affected,affected,eav,Elbow angular velocity,deg/s,22.946419531622862,0.5986625572533114,4.626866828340992,0.016666666666666666
P07,trial_75_R_affected,affected,elbow,Elbow extension,deg,7.525841138547077,0.9828794227606543,2.4255740237829246,0.016666666666666666
P07,trial_75_R_affected,affected,abd,Shoulder abduction,deg,8.140105490223972,0.885349749067483,-12.369042195324704,0.016666666666666666
P07,trial_75_R_affected,affected,trunk,Trunk displacement,mm,29.850798410866375,0.6628715284055907,18.757824534840537,0.016666666666666666
P07,trial_76_R_affected,affected,eev,End-effector velocity,mm/s,110.24877436064034,0.7399745319754214,-19.573614900087737,0.0
P07,trial_76_R_affected,affected,eav,Elbow angular velocity,deg/s,16.941779361557664,0.6741647855743227,3.7865997896429016,0.0
P07,trial_76_R_affected,affected,elbow,Elbow extension,deg,7.518037617172667,0.9860795056581795,1.1958319722527218,0.0
P07,trial_76_R_affected,affected,flex,Shoulder flexion,deg,7.699044969744037,0.934646699571888,0.2614084890047996,0.0
P07,trial_76_R_affected,affected,abd,Shoulder abduction,deg,8.621921978266348,0.8790578707068857,-13.796754865706363,0.0
P07,trial_76_R_affected,affected,trunk,Trunk displacement,mm,33.462930978113896,0.29825748563679033,25.883102839552194,0.0
P07,trial_77_R_affected,affected,eev,End-effector velocity,mm/s,105.63291998630574,0.8245854187326034,-21.405460836566576,0.016666666666666666
P07,trial_77_R_affected,affected,eav,Elbow angular velocity,deg/s,18.584100159797547,0.7223710188690854,4.6883792257036285,0.016666666666666666
P07,trial_77_R_affected,affected,elbow,Elbow extension,deg,8.095916745933726,0.9857374505436105,3.006554056908542,0.016666666666666666
P07,trial_77_R_affected,affected,abd,Shoulder abduction,deg,7.678843598095506,0.9002984611880929,-12.185416702658628,0.016666666666666666
P07,trial_77_R_affected,affected,trunk,Trunk displacement,mm,26.10902771157896,0.6834486000411772,15.610333679591124,0.016666666666666666
P07,trial_78_R_affected,affected,eev,End-effector velocity,mm/s,120.68211596914642,0.7632144885026532,-13.292873351373645,-0.016666666666666666
P07,trial_78_R_affected,affected,eav,Elbow angular velocity,deg/s,24.27621748153707,0.5337278603390406,4.118011142918245,-0.016666666666666666
P07,trial_78_R_affected,affected,elbow,Elbow extension,deg,7.574094813116173,0.9845635918083446,3.0057304298671688,-0.016666666666666666
P07,trial_78_R_affected,affected,flex,Shoulder flexion,deg,7.323439232568125,0.9213682294863323,0.8691957108855334,-0.016666666666666666
P07,trial_78_R_affected,affected,abd,Shoulder abduction,deg,7.3933137895365935,0.8858832626722538,-12.582945782653686,-0.016666666666666666
P07,trial_78_R_affected,affected,trunk,Trunk displacement,mm,22.69482078262059,0.8465612260196314,16.04977592484086,-0.016666666666666666
P07,trial_79_R_affected,affected,eev,End-effector velocity,mm/s,113.67929905252382,0.8336874429404422,-20.930988895021763,0.0
P07,trial_79_R_affected,affected,eav,Elbow angular velocity,deg/s,21.817030636517362,0.6855815423971258,4.275219462266058,0.0
P07,trial_79_R_affected,affected,elbow,Elbow extension,deg,7.68348377504315,0.9848527344297507,3.4532477475091845,0.0
P07,trial_79_R_affected,affected,flex,Shoulder flexion,deg,9.109329055450113,0.8590454714227531,0.5948081658514216,0.0
P07,trial_79_R_affected,affected,abd,Shoulder abduction,deg,7.047724092955392,0.8938874634618579,-11.836792788207042,0.0
P07,trial_79_R_affected,affected,trunk,Trunk displacement,mm,27.554918451671814,0.7295356260731621,12.202323997845761,0.0
P07,trial_7_L_unaffected,unaffected,eev,End-effector velocity,mm/s,154.01744661159694,0.7151862888016192,-11.15019694500516,-0.03333333333333333
P07,trial_7_L_unaffected,unaffected,eav,Elbow angular velocity,deg/s,30.923862876665464,0.7960393265055284,2.3656202141219365,-0.03333333333333333
P07,trial_7_L_unaffected,unaffected,elbow,Elbow extension,deg,8.872683296811953,0.9644854098124436,-0.03321988610031933,-0.03333333333333333
P07,trial_7_L_unaffected,unaffected,flex,Shoulder flexion,deg,6.381477432141819,0.8919958306610681,-1.577681157394028,-0.03333333333333333
P07,trial_7_L_unaffected,unaffected,abd,Shoulder abduction,deg,4.776005397035518,0.8045513894960041,-6.555315231944712,-0.03333333333333333
P07,trial_7_L_unaffected,unaffected,trunk,Trunk displacement,mm,5.290021268259151,0.9338925684123635,6.413553109713566,-0.03333333333333333
P07,trial_80_R_affected,affected,eev,End-effector velocity,mm/s,106.172212899872,0.7289169230483744,-21.15640871900542,-0.016666666666666666
P07,trial_80_R_affected,affected,eav,Elbow angular velocity,deg/s,19.099832758808652,0.5436701893503842,3.3774286272766956,-0.016666666666666666
P07,trial_80_R_affected,affected,elbow,Elbow extension,deg,7.024458580970761,0.9874023960268011,2.609017710912655,-0.016666666666666666
P07,trial_80_R_affected,affected,flex,Shoulder flexion,deg,5.224812059983142,0.9572567782329306,1.8397522621664788,-0.016666666666666666
P07,trial_80_R_affected,affected,abd,Shoulder abduction,deg,7.947401844935122,0.8802486883022528,-14.374282524328022,-0.016666666666666666
P07,trial_80_R_affected,affected,trunk,Trunk displacement,mm,24.270432050694176,0.6281036809226225,14.624447356880639,-0.016666666666666666
P07,trial_81_R_affected,affected,eev,End-effector velocity,mm/s,119.68963993375344,0.7291942077018456,-21.602323669938887,0.016666666666666666
P07,trial_81_R_affected,affected,eav,Elbow angular velocity,deg/s,21.670785160483323,0.5903460290691912,3.5514492943866967,0.016666666666666666
P07,trial_81_R_affected,affected,elbow,Elbow extension,deg,7.568885218020051,0.9872388280793344,1.8528282165968935,0.016666666666666666
P07,trial_81_R_affected,affected,flex,Shoulder flexion,deg,7.7674797371178155,0.9197970395853191,-0.5098403574894143,0.016666666666666666
P07,trial_81_R_affected,affected,abd,Shoulder abduction,deg,7.419539571348389,0.9423078843345214,-13.0413532017837,0.016666666666666666
P07,trial_81_R_affected,affected,trunk,Trunk displacement,mm,31.164877232556528,0.595090453609088,20.61974282891534,0.016666666666666666
P07,trial_82_R_affected,affected,eev,End-effector velocity,mm/s,139.58427356993806,0.5737737185687486,-35.249227278461404,0.0
P07,trial_82_R_affected,affected,eav,Elbow angular velocity,deg/s,19.993036622472992,0.586352920734372,3.894853697340814,0.0
P07,trial_82_R_affected,affected,elbow,Elbow extension,deg,9.089702667296502,0.9825950727103212,1.9749327449843972,0.0
P07,trial_82_R_affected,affected,flex,Shoulder flexion,deg,8.614291577249338,0.8898114000953019,-6.743460712652453,0.0
P07,trial_82_R_affected,affected,abd,Shoulder abduction,deg,8.500746369181014,0.9120070765750522,-15.78886830710286,0.0
P07,trial_82_R_affected,affected,trunk,Trunk displacement,mm,32.793644790133754,0.4832042079700376,25.928559042849045,0.0
P07,trial_83_R_affected,affected,eev,End-effector velocity,mm/s,94.63966170567467,0.8197624460465645,-19.17900722845308,0.0
P07,trial_83_R_affected,affected,eav,Elbow angular velocity,deg/s,17.5882309147357,0.714911226680267,3.664263638768516,0.0
P07,trial_83_R_affected,affected,elbow,Elbow extension,deg,8.0129794459316,0.9850937051135842,1.2583513040981007,0.0
P07,trial_83_R_affected,affected,flex,Shoulder flexion,deg,6.2806565248255355,0.9494126679362354,0.9064809982726468,0.0
P07,trial_83_R_affected,affected,abd,Shoulder abduction,deg,8.481748849889815,0.8901280315446705,-13.708574949846973,0.0
P07,trial_83_R_affected,affected,trunk,Trunk displacement,mm,29.014878489569533,0.35343223842100774,21.837775649870746,0.0
P07,trial_8_L_unaffected,unaffected,eev,End-effector velocity,mm/s,153.16260403967325,0.7455184700748937,-13.30771480776901,-0.016666666666666666
P07,trial_8_L_unaffected,unaffected,eav,Elbow angular velocity,deg/s,29.484310405387337,0.8147082694993649,3.100496369408251,-0.016666666666666666
P07,trial_8_L_unaffected,unaffected,elbow,Elbow extension,deg,8.313239146279926,0.9704292900935897,0.21464002096602708,-0.016666666666666666
P07,trial_8_L_unaffected,unaffected,flex,Shoulder flexion,deg,5.039092399314489,0.9286449615503494,1.4471837491528199,-0.016666666666666666
P07,trial_8_L_unaffected,unaffected,abd,Shoulder abduction,deg,4.687915761028699,0.7523196100558853,-7.912432237840892,-0.016666666666666666
P07,trial_8_L_unaffected,unaffected,trunk,Trunk displacement,mm,5.8732977662923185,0.9211529491043292,8.630803252359343,-0.016666666666666666
P07,trial_9_L_unaffected,unaffected,eev,End-effector velocity,mm/s,157.6559894112531,0.7546729546594135,-7.6801097801235105,-0.016666666666666666
P07,trial_9_L_unaffected,unaffected,eav,Elbow angular velocity,deg/s,36.29738032501074,0.7459188035088599,1.4262765267955726,-0.016666666666666666
P07,trial_9_L_unaffected,unaffected,elbow,Elbow extension,deg,9.01333933602707,0.9611307858294348,0.3916025756970203,-0.016666666666666666
P07,trial_9_L_unaffected,unaffected,flex,Shoulder flexion,deg,5.263202798630261,0.9385605062710185,0.7731476681397472,-0.016666666666666666
P07,trial_9_L_unaffected,unaffected,abd,Shoulder abduction,deg,4.6620500735278565,0.7977234618549252,-6.693799465788489,-0.016666666666666666
P07,trial_9_L_unaffected,unaffected,trunk,Trunk displacement,mm,6.21281890320269,0.9306500703431831,8.960129822767772,-0.016666666666666666
P08,trial_10_R_unaffected,unaffected,eev,End-effector velocity,mm/s,116.22566573596546,0.8375258775696174,-24.038250484765946,0.0
P08,trial_10_R_unaffected,unaffected,eav,Elbow angular velocity,deg/s,20.34631349386259,0.8336575850820058,0.7014237654280003,0.0
P08,trial_10_R_unaffected,unaffected,elbow,Elbow extension,deg,6.241191776132655,0.9667325293425746,-3.7969654987050827,0.0
P08,trial_10_R_unaffected,unaffected,flex,Shoulder flexion,deg,11.810902864946229,0.896993878298516,3.4314720581798377,0.0
P08,trial_10_R_unaffected,unaffected,abd,Shoulder abduction,deg,6.840579001383662,0.15340548605327434,-13.7609108190072,0.0
P08,trial_10_R_unaffected,unaffected,trunk,Trunk displacement,mm,5.719256085070388,0.9060909738735288,8.926613287994167,0.0
P08,trial_13_R_unaffected,unaffected,eev,End-effector velocity,mm/s,113.68890581003318,0.8273921935385673,-19.941800215248378,-0.03333333333333333
P08,trial_13_R_unaffected,unaffected,eav,Elbow angular velocity,deg/s,17.907838911191877,0.8383135453242301,1.3833103583879427,-0.03333333333333333
P08,trial_13_R_unaffected,unaffected,elbow,Elbow extension,deg,6.352813612489514,0.9672997194499962,-4.187476978374069,-0.03333333333333333
P08,trial_13_R_unaffected,unaffected,flex,Shoulder flexion,deg,12.45522931194811,0.8253232474468252,6.460974739451417,-0.03333333333333333
P08,trial_13_R_unaffected,unaffected,abd,Shoulder abduction,deg,6.473107561584211,0.18775416205939097,-12.320683752259814,-0.03333333333333333
P08,trial_13_R_unaffected,unaffected,trunk,Trunk displacement,mm,6.21898157451578,0.9488747806309769,8.466499803246673,-0.03333333333333333
P08,trial_14_R_unaffected,unaffected,eev,End-effector velocity,mm/s,107.9885497563375,0.8525934714241401,-26.66506612522401,0.0
P08,trial_14_R_unaffected,unaffected,eav,Elbow angular velocity,deg/s,19.49820121142786,0.8256649352487475,2.094272883294651,0.0
P08,trial_14_R_unaffected,unaffected,elbow,Elbow extension,deg,6.257240899110059,0.9730371901901776,-3.450989683628276,0.0
P08,trial_14_R_unaffected,unaffected,flex,Shoulder flexion,deg,11.300834490411432,0.8512412801886421,4.859724144648323,0.0
P08,trial_14_R_unaffected,unaffected,abd,Shoulder abduction,deg,6.129537274149306,0.41249054688793013,-13.075370226160235,0.0
P08,trial_14_R_unaffected,unaffected,trunk,Trunk displacement,mm,6.001368558017628,0.9179840283529374,11.866244561218029,0.0
P08,trial_15_R_unaffected,unaffected,eev,End-effector velocity,mm/s,126.77829589221088,0.8134812358797188,-24.166525008591936,-0.016666666666666666
P08,trial_15_R_unaffected,unaffected,eav,Elbow angular velocity,deg/s,25.473833296527133,0.736908845214006,2.7081440863037605,-0.016666666666666666
P08,trial_15_R_unaffected,unaffected,elbow,Elbow extension,deg,8.71331614152121,0.960906627172407,-3.988489673723841,-0.016666666666666666
P08,trial_15_R_unaffected,unaffected,flex,Shoulder flexion,deg,13.881577926804582,0.6434369580198134,-1.9762884720083298,-0.016666666666666666
P08,trial_15_R_unaffected,unaffected,abd,Shoulder abduction,deg,4.133038734412355,0.4449931634363824,-12.585070072008433,-0.016666666666666666
P08,trial_15_R_unaffected,unaffected,trunk,Trunk displacement,mm,8.194775078638347,0.7696942459823657,13.427344855960083,-0.016666666666666666
P08,trial_16_R_unaffected,unaffected,eev,End-effector velocity,mm/s,140.93808267125144,0.7496655755479538,-24.85260882912671,-0.016666666666666666
P08,trial_16_R_unaffected,unaffected,eav,Elbow angular velocity,deg/s,26.531716033612582,0.7161471634420554,1.6171177073762835,-0.016666666666666666
P08,trial_16_R_unaffected,unaffected,elbow,Elbow extension,deg,7.74263214716525,0.9577431245390251,-4.88859631884143,-0.016666666666666666
P08,trial_16_R_unaffected,unaffected,flex,Shoulder flexion,deg,12.617806234185512,0.7449331132419071,4.8267364181126515,-0.016666666666666666
P08,trial_16_R_unaffected,unaffected,abd,Shoulder abduction,deg,5.845600358442295,0.4553446089272908,-11.460820325388053,-0.016666666666666666
P08,trial_16_R_unaffected,unaffected,trunk,Trunk displacement,mm,5.566594922613622,0.9239888033275981,8.417127964659878,-0.016666666666666666
P08,trial_19_R_unaffected,unaffected,eev,End-effector velocity,mm/s,141.50914779725193,0.752481381333224,-22.784242799463332,-0.016666666666666666
P08,trial_19_R_unaffected,unaffected,eav,Elbow angular velocity,deg/s,26.457666025290198,0.7322730401632392,3.2150811001137325,-0.016666666666666666
P08,trial_19_R_unaffected,unaffected,elbow,Elbow extension,deg,8.489695362061523,0.9621240253084812,-5.0413124064241694,-0.016666666666666666
P08,trial_19_R_unaffected,unaffected,flex,Shoulder flexion,deg,17.330833268167105,-0.015656902751516592,-3.526269762336222,-0.016666666666666666
P08,trial_19_R_unaffected,unaffected,abd,Shoulder abduction,deg,3.7626206902242783,0.623654932177008,-13.758697506933377,-0.016666666666666666
P08,trial_19_R_unaffected,unaffected,trunk,Trunk displacement,mm,8.24392125816671,0.7542109709707925,12.683065496456628,-0.016666666666666666
P08,trial_20_R_unaffected,unaffected,eev,End-effector velocity,mm/s,111.01921188692056,0.8322702727703716,-24.63966577599065,0.0
P08,trial_20_R_unaffected,unaffected,eav,Elbow angular velocity,deg/s,22.123907001563516,0.8091145744655737,2.1085958785749597,0.0
P08,trial_20_R_unaffected,unaffected,elbow,Elbow extension,deg,6.942942527775544,0.9734092461070227,-4.112853612022495,0.0
P08,trial_20_R_unaffected,unaffected,flex,Shoulder flexion,deg,10.809978995325157,0.841166274241605,3.646923378859831,0.0
P08,trial_20_R_unaffected,unaffected,abd,Shoulder abduction,deg,5.355194452701663,0.6369023562423246,-13.279449235353502,0.0
P08,trial_20_R_unaffected,unaffected,trunk,Trunk displacement,mm,4.664999267423501,0.9005012793217062,8.830292598795658,0.0
P08,trial_21_R_unaffected,unaffected,eev,End-effector velocity,mm/s,144.48775987134715,0.7496711939811546,-23.61729061560808,0.016666666666666666
P08,trial_21_R_unaffected,unaffected,eav,Elbow angular velocity,deg/s,27.455019149028505,0.745098677082109,3.2666892063417454,0.016666666666666666
P08,trial_21_R_unaffected,unaffected,elbow,Elbow extension,deg,7.914727514665879,0.9655551441475657,-4.9916912123854,0.016666666666666666
P08,trial_21_R_unaffected,unaffected,flex,Shoulder flexion,deg,16.764670692848735,0.030518650897822228,-2.6897302780436205,0.016666666666666666
P08,trial_21_R_unaffected,unaffected,abd,Shoulder abduction,deg,3.717582111271095,0.7217284025144469,-13.6867910045554,0.016666666666666666
P08,trial_21_R_unaffected,unaffected,trunk,Trunk displacement,mm,7.155366273795244,0.9007846425569296,9.721953250257055,0.016666666666666666
P08,trial_22_R_unaffected,unaffected,eev,End-effector velocity,mm/s,141.5455928968874,0.7836321919609401,-24.42134424371041,0.0
P08,trial_22_R_unaffected,unaffected,eav,Elbow angular velocity,deg/s,26.179873225139783,0.7846791598498041,2.110169819228384,0.0
P08,trial_22_R_unaffected,unaffected,elbow,Elbow extension,deg,7.22600302204426,0.957676140926889,-5.015509265030547,0.0
P08,trial_22_R_unaffected,unaffected,flex,Shoulder flexion,deg,12.28667159937891,0.8106154140366587,6.334666310689112,0.0
P08,trial_22_R_unaffected,unaffected,abd,Shoulder abduction,deg,5.6822518853861625,0.5920515280875623,-12.42254931595599,0.0
P08,trial_22_R_unaffected,unaffected,trunk,Trunk displacement,mm,5.900474651278042,0.9332419871695954,7.816197916599736,0.0
P08,trial_23_R_unaffected,unaffected,eev,End-effector velocity,mm/s,138.9382532232297,0.7501394998005354,-22.3427694341877,0.016666666666666666
P08,trial_23_R_unaffected,unaffected,eav,Elbow angular velocity,deg/s,22.66947378041762,0.7744761895164894,1.0031459065009047,0.016666666666666666
P08,trial_23_R_unaffected,unaffected,elbow,Elbow extension,deg,6.298572553730627,0.9795995613211145,-3.6884880747506776,0.016666666666666666
P08,trial_23_R_unaffected,unaffected,flex,Shoulder flexion,deg,9.877870425126376,0.8375485942353699,0.8966351822258944,0.016666666666666666
P08,trial_23_R_unaffected,unaffected,abd,Shoulder abduction,deg,6.214066995858232,0.48346386394565555,-16.61193139362889,0.016666666666666666
P08,trial_23_R_unaffected,unaffected,trunk,Trunk displacement,mm,4.859934884675459,0.8900165960397414,10.172146811650052,0.016666666666666666
P08,trial_24_R_unaffected,unaffected,eev,End-effector velocity,mm/s,116.2022958633133,0.7903911611029703,-20.719875659870425,-0.016666666666666666
P08,trial_24_R_unaffected,unaffected,eav,Elbow angular velocity,deg/s,21.340907602154694,0.7613468260103717,1.8943363490028773,-0.016666666666666666
P08,trial_24_R_unaffected,unaffected,elbow,Elbow extension,deg,6.842747946158411,0.9673593993742965,-4.84809455599187,-0.016666666666666666
P08,trial_24_R_unaffected,unaffected,flex,Shoulder flexion,deg,11.897772940857216,0.815550691870885,5.775245133148606,-0.016666666666666666
P08,trial_24_R_unaffected,unaffected,abd,Shoulder abduction,deg,6.467486498884175,0.30318763201957055,-13.722012066190915,-0.016666666666666666
P08,trial_24_R_unaffected,unaffected,trunk,Trunk displacement,mm,6.1601491778557795,0.7738857947422247,8.945228747238456,-0.016666666666666666
P08,trial_25_R_unaffected,unaffected,eev,End-effector velocity,mm/s,123.78523708049647,0.744292208968848,-26.66147110835869,-0.016666666666666666
P08,trial_25_R_unaffected,unaffected,eav,Elbow angular velocity,deg/s,23.706927868547005,0.6758611948539943,2.771568583264489,-0.016666666666666666
P08,trial_25_R_unaffected,unaffected,elbow,Elbow extension,deg,8.372307966536885,0.9662988072323211,-5.663394997032623,-0.016666666666666666
P08,trial_25_R_unaffected,unaffected,flex,Shoulder flexion,deg,15.214575169820467,-0.12266773184366626,-5.723000750355944,-0.016666666666666666
P08,trial_25_R_unaffected,unaffected,abd,Shoulder abduction,deg,3.670112621777122,0.649395329026965,-14.551271510018779,-0.016666666666666666
P08,trial_25_R_unaffected,unaffected,trunk,Trunk displacement,mm,6.220446862018295,0.8114680993278225,9.082100903374666,-0.016666666666666666
P08,trial_26_R_unaffected,unaffected,eev,End-effector velocity,mm/s,124.37202579175559,0.7799558118651474,-26.05755081613603,0.0
P08,trial_26_R_unaffected,unaffected,eav,Elbow angular velocity,deg/s,22.112165407384623,0.7604256295125638,2.681640214494157,0.0
P08,trial_26_R_unaffected,unaffected,elbow,Elbow extension,deg,8.244135022574868,0.9675196458757753,-4.926354801102248,0.0
P08,trial_26_R_unaffected,unaffected,flex,Shoulder flexion,deg,15.389955346147644,0.08742311518335577,-4.110444246305778,0.0
P08,trial_26_R_unaffected,unaffected,abd,Shoulder abduction,deg,3.767008232993419,0.49757875725932516,-14.400707965258338,0.0
P08,trial_26_R_unaffected,unaffected,trunk,Trunk displacement,mm,6.888318884959889,0.5713036402913116,10.92551222147685,0.0
P08,trial_27_R_unaffected,unaffected,eev,End-effector velocity,mm/s,124.87103518803998,0.7943770683786546,-30.891654765053108,-0.016666666666666666
P08,trial_27_R_unaffected,unaffected,eav,Elbow angular velocity,deg/s,27.887923769693277,0.6853634709108417,4.165083611076905,-0.016666666666666666
P08,trial_27_R_unaffected,unaffected,elbow,Elbow extension,deg,8.891332813326711,0.9590868699744998,-4.654542607774278,-0.016666666666666666
P08,trial_27_R_unaffected,unaffected,flex,Shoulder flexion,deg,15.24230085570636,0.22181772086465298,-3.5999288911033136,-0.016666666666666666
P08,trial_27_R_unaffected,unaffected,abd,Shoulder abduction,deg,3.580370400522844,0.6538972946389793,-14.178941140273865,-0.016666666666666666
P08,trial_27_R_unaffected,unaffected,trunk,Trunk displacement,mm,5.576956613240441,0.8120570695489908,9.049532071170104,-0.016666666666666666
P08,trial_29_R_unaffected,unaffected,eev,End-effector velocity,mm/s,120.72271193492926,0.8073350232505517,-28.559449214223644,0.0
P08,trial_29_R_unaffected,unaffected,eav,Elbow angular velocity,deg/s,25.00459020661217,0.6906405310616633,1.4346055758044127,0.0
P08,trial_29_R_unaffected,unaffected,elbow,Elbow extension,deg,7.120319845362834,0.9578657074220653,-3.5916194540919766,0.0
P08,trial_29_R_unaffected,unaffected,flex,Shoulder flexion,deg,9.738111020125489,0.9094424917838763,3.9330921017909226,0.0
P08,trial_29_R_unaffected,unaffected,abd,Shoulder abduction,deg,6.506082576610852,0.2258156399949255,-14.56069395965803,0.0
P08,trial_29_R_unaffected,unaffected,trunk,Trunk displacement,mm,3.7590682069115684,0.8317331093827791,6.842747096365853,0.0
P08,trial_2_R_unaffected,unaffected,eev,End-effector velocity,mm/s,95.01935985100876,0.8644955729429783,-19.571108621259803,0.0
P08,trial_2_R_unaffected,unaffected,eav,Elbow angular velocity,deg/s,17.33931805996576,0.8662127642204109,2.0999226762854373,0.0
P08,trial_2_R_unaffected,unaffected,elbow,Elbow extension,deg,5.7518093039499965,0.9744552959064783,-4.546326690656515,0.0
P08,trial_2_R_unaffected,unaffected,abd,Shoulder abduction,deg,6.045569262828675,0.18365286047558496,-12.774984445799966,0.0
P08,trial_2_R_unaffected,unaffected,trunk,Trunk displacement,mm,3.7950889035555124,0.8525300835498774,2.697202881991214,0.0
P08,trial_30_R_unaffected,unaffected,eev,End-effector velocity,mm/s,111.30180782154443,0.8206583041729724,-25.105768125071403,0.0
P08,trial_30_R_unaffected,unaffected,eav,Elbow angular velocity,deg/s,22.387735940621415,0.7591733694112132,2.289081451954741,0.0
P08,trial_30_R_unaffected,unaffected,elbow,Elbow extension,deg,8.06083298203263,0.9749084614924751,-5.541196189675561,0.0
P08,trial_30_R_unaffected,unaffected,flex,Shoulder flexion,deg,13.434348672063374,0.61403709110112,-2.47467870907934,0.0
P08,trial_30_R_unaffected,unaffected,abd,Shoulder abduction,deg,3.8871725766292458,0.5106944678946638,-15.078088959703631,0.0
P08,trial_30_R_unaffected,unaffected,trunk,Trunk displacement,mm,7.210658824800002,0.6393759284381701,11.01086324090793,0.0
P08,trial_32_R_unaffected,unaffected,eev,End-effector velocity,mm/s,134.46901913241297,0.7461590016293052,-22.34589297634762,-0.016666666666666666
P08,trial_32_R_unaffected,unaffected,eav,Elbow angular velocity,deg/s,26.788018978090047,0.6230331459357794,2.086868408066791,-0.016666666666666666
P08,trial_32_R_unaffected,unaffected,elbow,Elbow extension,deg,7.879055921711319,0.9590492540024789,-3.915017332608338,-0.016666666666666666
P08,trial_32_R_unaffected,unaffected,flex,Shoulder flexion,deg,9.579219654467385,0.915447192892879,4.2653914301751215,-0.016666666666666666
P08,trial_32_R_unaffected,unaffected,abd,Shoulder abduction,deg,5.816167831858815,0.2907771164090197,-14.295254064893042,-0.016666666666666666
P08,trial_32_R_unaffected,unaffected,trunk,Trunk displacement,mm,5.021770084264531,0.8606524727135666,6.997705690137419,-0.016666666666666666
P08,trial_33_R_unaffected,unaffected,eev,End-effector velocity,mm/s,131.07129131953013,0.7434376485294851,-27.419456620286013,0.0
P08,trial_33_R_unaffected,unaffected,eav,Elbow angular velocity,deg/s,26.829903689910065,0.6319026331497619,2.7207981733828923,0.0
P08,trial_33_R_unaffected,unaffected,elbow,Elbow extension,deg,8.012791182334052,0.9586831103071259,-3.218065116839295,0.0
P08,trial_33_R_unaffected,unaffected,flex,Shoulder flexion,deg,8.955019540101826,0.8812190582173519,4.424685795314999,0.0
P08,trial_33_R_unaffected,unaffected,abd,Shoulder abduction,deg,5.569127600135998,0.3714804098966605,-14.368888698554748,0.0
P08,trial_33_R_unaffected,unaffected,trunk,Trunk displacement,mm,6.125696561871686,0.77459826997021,10.193716695372343,0.0
P08,trial_34_R_unaffected,unaffected,eev,End-effector velocity,mm/s,111.25555933525492,0.790834144202172,-25.897915164347225,0.0
P08,trial_34_R_unaffected,unaffected,eav,Elbow angular velocity,deg/s,20.96248185367266,0.7503605478596816,2.0230886008959623,0.0
P08,trial_34_R_unaffected,unaffected,elbow,Elbow extension,deg,6.945382660865891,0.9670047942349868,-3.814747568586994,0.0
P08,trial_34_R_unaffected,unaffected,flex,Shoulder flexion,deg,11.259615180909453,0.8662240713424739,4.333183172198568,0.0
P08,trial_34_R_unaffected,unaffected,abd,Shoulder abduction,deg,6.444102812606967,0.20454505612120025,-14.3373983256369,0.0
P08,trial_34_R_unaffected,unaffected,trunk,Trunk displacement,mm,5.47506133597822,0.8157406868756363,10.26358183748361,0.0
P08,trial_35_R_unaffected,unaffected,eev,End-effector velocity,mm/s,92.6928784779276,0.8250478280872482,-18.997224386357853,0.0
P08,trial_35_R_unaffected,unaffected,eav,Elbow angular velocity,deg/s,18.268431462772902,0.7725899213805628,2.4309299402487388,0.0
P08,trial_35_R_unaffected,unaffected,elbow,Elbow extension,deg,6.200498396449987,0.9771189706665236,-4.036026086521158,0.0
P08,trial_35_R_unaffected,unaffected,flex,Shoulder flexion,deg,11.218847659909871,0.860919917369392,5.118001148962593,0.0
P08,trial_35_R_unaffected,unaffected,abd,Shoulder abduction,deg,5.606384610843802,0.45716589138056485,-13.150640447637231,0.0
P08,trial_35_R_unaffected,unaffected,trunk,Trunk displacement,mm,5.6722790251227755,0.9624659180687702,9.039663481049445,0.0
P08,trial_37_R_unaffected,unaffected,eev,End-effector velocity,mm/s,117.7125708828632,0.7617386739117977,-27.80213319985592,-0.03333333333333333
P08,trial_37_R_unaffected,unaffected,eav,Elbow angular velocity,deg/s,21.570444629623307,0.7133825437753356,1.4147352426478488,-0.03333333333333333
P08,trial_37_R_unaffected,unaffected,elbow,Elbow extension,deg,7.388640868264463,0.9624137575711302,-4.143929590914485,-0.03333333333333333
P08,trial_37_R_unaffected,unaffected,flex,Shoulder flexion,deg,10.60053026444852,0.8760433222161119,5.340263518979701,-0.03333333333333333
P08,trial_37_R_unaffected,unaffected,abd,Shoulder abduction,deg,5.991243710239867,0.3909862440802252,-13.88235627853035,-0.03333333333333333
P08,trial_37_R_unaffected,unaffected,trunk,Trunk displacement,mm,6.715481109763338,0.9463806756207176,9.580978490022456,-0.03333333333333333
P08,trial_38_R_unaffected,unaffected,eev,End-effector velocity,mm/s,102.67499539722003,0.8424236346848051,-24.27226830484726,0.016666666666666666
P08,trial_38_R_unaffected,unaffected,eav,Elbow angular velocity,deg/s,22.338891690255977,0.7331447955058825,1.441978387939102,0.016666666666666666
P08,trial_38_R_unaffected,unaffected,elbow,Elbow extension,deg,6.6752237586193175,0.9705060639807508,-3.8441025186282225,0.016666666666666666
P08,trial_38_R_unaffected,unaffected,flex,Shoulder flexion,deg,9.832654536170082,0.9057014975725466,5.939070482248095,0.016666666666666666
P08,trial_38_R_unaffected,unaffected,abd,Shoulder abduction,deg,5.480951494601438,0.350918439868995,-13.774699976432974,0.016666666666666666
P08,trial_38_R_unaffected,unaffected,trunk,Trunk displacement,mm,6.484597041586856,0.49049294754347894,13.167993574717205,0.016666666666666666
P08,trial_39_R_unaffected,unaffected,eev,End-effector velocity,mm/s,117.60993549792866,0.8329002249749863,-23.378663566762683,0.0
P08,trial_39_R_unaffected,unaffected,eav,Elbow angular velocity,deg/s,25.70172506751304,0.7288643699295936,3.4139757568596862,0.0
P08,trial_39_R_unaffected,unaffected,elbow,Elbow extension,deg,7.847011015440624,0.9670565289211732,-4.213934392104915,0.0
P08,trial_39_R_unaffected,unaffected,flex,Shoulder flexion,deg,14.743291297948476,0.3163399422463322,-1.571109036209158,0.0
P08,trial_39_R_unaffected,unaffected,abd,Shoulder abduction,deg,3.04397335266611,0.8274295789104817,-13.807066717631532,0.0
P08,trial_39_R_unaffected,unaffected,trunk,Trunk displacement,mm,6.054903352213238,0.874549977231676,9.57439191066326,0.0
P08,trial_3_R_unaffected,unaffected,eev,End-effector velocity,mm/s,135.07950092152475,0.7646368810743527,-20.403429845141893,-0.016666666666666666
P08,trial_3_R_unaffected,unaffected,eav,Elbow angular velocity,deg/s,23.324928887094266,0.8054248273446546,1.6194001384000436,-0.016666666666666666
P08,trial_3_R_unaffected,unaffected,elbow,Elbow extension,deg,6.811910226067195,0.9641644806931989,-3.9168602662865246,-0.016666666666666666
P08,trial_3_R_unaffected,unaffected,abd,Shoulder abduction,deg,6.260311588469396,0.3536466719912135,-13.803513953839564,-0.016666666666666666
P08,trial_3_R_unaffected,unaffected,trunk,Trunk displacement,mm,5.098497221849751,0.7084359300580614,5.170241148344342,-0.016666666666666666
P08,trial_40_R_unaffected,unaffected,eev,End-effector velocity,mm/s,100.74200845523559,0.8646187657399801,-21.38451786868905,0.0
P08,trial_40_R_unaffected,unaffected,eav,Elbow angular velocity,deg/s,20.782664897864027,0.7950488873857336,1.5093734227593836,0.0
P08,trial_40_R_unaffected,unaffected,elbow,Elbow extension,deg,7.3775032025249825,0.9676488807185207,-4.47314634466903,0.0
P08,trial_40_R_unaffected,unaffected,flex,Shoulder flexion,deg,9.466499532467457,0.8964976084573206,4.651291761631991,0.0
P08,trial_40_R_unaffected,unaffected,abd,Shoulder abduction,deg,5.325905496041659,0.41645934443283344,-13.723635936811728,0.0
P08,trial_40_R_unaffected,unaffected,trunk,Trunk displacement,mm,5.985586529392187,0.4870420253866153,11.747312660026411,0.0
P08,trial_42_R_unaffected,unaffected,eev,End-effector velocity,mm/s,132.8950758865543,0.8053777588012583,-24.762821173529424,-0.016666666666666666
P08,trial_42_R_unaffected,unaffected,eav,Elbow angular velocity,deg/s,28.868868715272544,0.6981608119840559,2.7898647960729193,-0.016666666666666666
P08,trial_42_R_unaffected,unaffected,elbow,Elbow extension,deg,8.84775019060184,0.9588059735542008,-4.684004517492577,-0.016666666666666666
P08,trial_42_R_unaffected,unaffected,flex,Shoulder flexion,deg,18.616856301535773,-0.46642677691389833,-3.50502566980808,-0.016666666666666666
P08,trial_42_R_unaffected,unaffected,abd,Shoulder abduction,deg,3.726996638741425,0.6089433342238652,-13.880734385620446,-0.016666666666666666
P08,trial_42_R_unaffected,unaffected,trunk,Trunk displacement,mm,6.921383774730685,0.7390526081026886,10.790104383011219,-0.016666666666666666
P08,trial_44_R_unaffected,unaffected,eev,End-effector velocity,mm/s,117.47149244754503,0.7996186703403659,-22.799819103461374,-0.016666666666666666
P08,trial_44_R_unaffected,unaffected,eav,Elbow angular velocity,deg/s,20.621886377502364,0.7870443566590225,2.4094308171346825,-0.016666666666666666
P08,trial_44_R_unaffected,unaffected,elbow,Elbow extension,deg,7.5602295733858895,0.9631834274161127,-4.431170512590409,-0.016666666666666666
P08,trial_44_R_unaffected,unaffected,flex,Shoulder flexion,deg,10.49280474740174,0.871309265764338,4.515304623017152,-0.016666666666666666
P08,trial_44_R_unaffected,unaffected,abd,Shoulder abduction,deg,5.7334220278479355,0.45007343996278554,-13.808921440305582,-0.016666666666666666
P08,trial_44_R_unaffected,unaffected,trunk,Trunk displacement,mm,4.944221436235538,0.7245419455477,11.324700758461216,-0.016666666666666666
P08,trial_46_R_unaffected,unaffected,eev,End-effector velocity,mm/s,106.00320823826493,0.8138136745315483,-20.79725025831261,0.0
P08,trial_46_R_unaffected,unaffected,eav,Elbow angular velocity,deg/s,20.840659389632062,0.7576260526990002,1.440371810253742,0.0
P08,trial_46_R_unaffected,unaffected,elbow,Elbow extension,deg,7.109139615003622,0.9739386047334841,-4.5747322482838255,0.0
P08,trial_46_R_unaffected,unaffected,flex,Shoulder flexion,deg,9.784542886945323,0.8652631106943209,3.34292062548265,0.0
P08,trial_46_R_unaffected,unaffected,abd,Shoulder abduction,deg,6.02943709512946,0.3001647604674421,-15.301201514588321,0.0
P08,trial_46_R_unaffected,unaffected,trunk,Trunk displacement,mm,4.924437976423233,0.9378904555387076,8.26240638555687,0.0
P08,trial_47_R_unaffected,unaffected,eev,End-effector velocity,mm/s,108.7732975839577,0.8016347763832653,-20.095611347893374,-0.016666666666666666
P08,trial_47_R_unaffected,unaffected,eav,Elbow angular velocity,deg/s,20.923705930313577,0.7610147548276234,2.912256194453597,-0.016666666666666666
P08,trial_47_R_unaffected,unaffected,elbow,Elbow extension,deg,8.627031759414221,0.9811835382628918,-5.806163327879181,-0.016666666666666666
P08,trial_47_R_unaffected,unaffected,flex,Shoulder flexion,deg,14.644525638005286,0.24625023206864735,-6.896515810524161,-0.016666666666666666
P08,trial_47_R_unaffected,unaffected,abd,Shoulder abduction,deg,3.8578580095328507,0.276245503029214,-15.791600798394342,-0.016666666666666666
P08,trial_47_R_unaffected,unaffected,trunk,Trunk displacement,mm,7.073154057875444,0.7619172602425612,14.4753744348015,-0.016666666666666666
P08,trial_48_R_unaffected,unaffected,eev,End-effector velocity,mm/s,100.31677996564213,0.8232709043391795,-20.31592169395427,-0.016666666666666666
P08,trial_48_R_unaffected,unaffected,eav,Elbow angular velocity,deg/s,18.402844249289615,0.8034208243497639,1.7381755405462938,-0.016666666666666666
P08,trial_48_R_unaffected,unaffected,elbow,Elbow extension,deg,6.6813124472472,0.9743319187903284,-4.18197861478013,-0.016666666666666666
P08,trial_48_R_unaffected,unaffected,flex,Shoulder flexion,deg,8.779471971417808,0.9157350698046587,4.049287082221919,-0.016666666666666666
P08,trial_48_R_unaffected,unaffected,abd,Shoulder abduction,deg,5.8114002597668035,-0.006123954579998557,-14.058283806247854,-0.016666666666666666
P08,trial_48_R_unaffected,unaffected,trunk,Trunk displacement,mm,4.5817547439255515,0.9113762205320686,9.348558846605085,-0.016666666666666666
P08,trial_4_R_unaffected,unaffected,eev,End-effector velocity,mm/s,127.34953256636307,0.8042252474769801,-25.40797040161208,0.0
P08,trial_4_R_unaffected,unaffected,eav,Elbow angular velocity,deg/s,24.68357508770368,0.7810254489446561,2.77852062252531,0.0
P08,trial_4_R_unaffected,unaffected,elbow,Elbow extension,deg,8.02278607402337,0.963156414772843,-4.917803263845261,0.0
P08,trial_4_R_unaffected,unaffected,abd,Shoulder abduction,deg,4.637450684002034,0.263311735257451,-14.533900920710721,0.0
P08,trial_4_R_unaffected,unaffected,trunk,Trunk displacement,mm,5.366558148475491,0.6565576979567166,10.426588444438424,0.0
P08,trial_50_L_affected,affected,eev,End-effector velocity,mm/s,80.93166801518532,0.8455754597152195,-16.37623564446161,0.03333333333333333
P08,trial_50_L_affected,affected,eav,Elbow angular velocity,deg/s,20.741718668644854,0.7445968888280109,1.9865084501186139,0.03333333333333333
P08,trial_50_L_affected,affected,elbow,Elbow extension,deg,5.779283846182306,0.9788853845240769,-7.035925126309399,0.03333333333333333
P08,trial_50_L_affected,affected,flex,Shoulder flexion,deg,16.80344900744678,0.7778909709010762,1.5531224944001598,0.03333333333333333
P08,trial_50_L_affected,affected,abd,Shoulder abduction,deg,2.7575160128870806,0.8371766497478628,-6.354408244738578,0.03333333333333333
P08,trial_50_L_affected,affected,trunk,Trunk displacement,mm,6.387192231556157,0.9366118862965661,10.69891583114878,0.03333333333333333
P08,trial_51_L_affected,affected,eev,End-effector velocity,mm/s,101.63347026144228,0.8306679822762993,-24.073209150238362,0.0
P08,trial_51_L_affected,affected,eav,Elbow angular velocity,deg/s,15.583275650522356,0.845740434766157,1.1919139537774,0.0
P08,trial_51_L_affected,affected,elbow,Elbow extension,deg,5.510642066602419,0.9790021015516707,-7.224316209472265,0.0
P08,trial_51_L_affected,affected,flex,Shoulder flexion,deg,13.673338567392591,0.9079487660532685,6.748969843047865,0.0
P08,trial_51_L_affected,affected,abd,Shoulder abduction,deg,3.0684884792763807,0.618705692898105,-6.828721093187543,0.0
P08,trial_51_L_affected,affected,trunk,Trunk displacement,mm,6.817872436112938,0.8884375153070873,13.690383533806864,0.0
P08,trial_52_L_affected,affected,eev,End-effector velocity,mm/s,116.32404211446136,0.8177431947284852,-25.995252486061958,0.0
P08,trial_52_L_affected,affected,eav,Elbow angular velocity,deg/s,19.439919421178153,0.804404155950921,2.187194380885409,0.0
P08,trial_52_L_affected,affected,elbow,Elbow extension,deg,5.769195274008839,0.9734624457634844,-5.972506616809797,0.0
P08,trial_52_L_affected,affected,flex,Shoulder flexion,deg,13.195523854126776,0.9470420802406062,7.8719135360439125,0.0
P08,trial_52_L_affected,affected,abd,Shoulder abduction,deg,3.54158334846794,0.5573472998854412,-7.424009645656272,0.0
P08,trial_52_L_affected,affected,trunk,Trunk displacement,mm,6.899523560178542,0.9536486028812186,12.36808598774846,0.0
P08,trial_53_L_affected,affected,eev,End-effector velocity,mm/s,140.11617294926137,0.7508283075125346,-30.371601366779583,-0.016666666666666666
P08,trial_53_L_affected,affected,eav,Elbow angular velocity,deg/s,24.210868523861464,0.7256119326952679,4.655675135023662,-0.016666666666666666
P08,trial_53_L_affected,affected,elbow,Elbow extension,deg,7.462447078971747,0.9574639267611051,-10.004187283354025,-0.016666666666666666
P08,trial_53_L_affected,affected,flex,Shoulder flexion,deg,16.69109709009668,0.7977042081055657,3.720225996282999,-0.016666666666666666
P08,trial_53_L_affected,affected,abd,Shoulder abduction,deg,2.614479575756557,0.8272196096703611,-5.8455390271532375,-0.016666666666666666
P08,trial_53_L_affected,affected,trunk,Trunk displacement,mm,6.955646337711423,0.9455313655323535,12.657961410388188,-0.016666666666666666
P08,trial_54_L_affected,affected,eev,End-effector velocity,mm/s,124.37546256816921,0.7853574312299172,-27.794058216777817,-0.016666666666666666
P08,trial_54_L_affected,affected,eav,Elbow angular velocity,deg/s,19.43251410576259,0.7755912224955372,1.8716143429575183,-0.016666666666666666
P08,trial_54_L_affected,affected,elbow,Elbow extension,deg,5.905435734816361,0.9672616014519468,-6.0813991944073225,-0.016666666666666666
P08,trial_54_L_affected,affected,flex,Shoulder flexion,deg,12.83166077034573,0.933611679385728,7.831434860706655,-0.016666666666666666
P08,trial_54_L_affected,affected,abd,Shoulder abduction,deg,3.0699923937333335,0.6569277526294836,-6.760430497951603,-0.016666666666666666
P08,trial_54_L_affected,affected,trunk,Trunk displacement,mm,7.051008978370512,0.9101222733840232,11.943681938018786,-0.016666666666666666
P08,trial_55_L_affected,affected,eev,End-effector velocity,mm/s,99.56856759903567,0.844616589475426,-27.504096478759017,0.016666666666666666
P08,trial_55_L_affected,affected,eav,Elbow angular velocity,deg/s,20.922712487407303,0.7561132573588895,4.275340096193023,0.016666666666666666
P08,trial_55_L_affected,affected,elbow,Elbow extension,deg,5.425613172725418,0.9829505046527055,-8.028891717067694,0.016666666666666666
P08,trial_55_L_affected,affected,flex,Shoulder flexion,deg,15.593702152877425,0.8107598785756014,3.2689515503860633,0.016666666666666666
P08,trial_55_L_affected,affected,abd,Shoulder abduction,deg,3.132497326405563,0.7782848508925615,-5.335655135991877,0.016666666666666666
P08,trial_55_L_affected,affected,trunk,Trunk displacement,mm,5.962684815286633,0.9234064926612829,11.580928782412263,0.016666666666666666
P08,trial_56_L_affected,affected,eev,End-effector velocity,mm/s,84.89692713849429,0.874310126504721,-26.05831173516312,-0.016666666666666666
P08,trial_56_L_affected,affected,eav,Elbow angular velocity,deg/s,16.03058292119602,0.8265618911798283,2.6660853206531248,-0.016666666666666666
P08,trial_56_L_affected,affected,elbow,Elbow extension,deg,4.8808071724670175,0.9856722541360322,-6.091245719611304,-0.016666666666666666
P08,trial_56_L_affected,affected,flex,Shoulder flexion,deg,12.608961861644968,0.9332273635491013,6.046523195358341,-0.016666666666666666
P08,trial_56_L_affected,affected,abd,Shoulder abduction,deg,2.841429701122785,0.8079420559500509,-6.348576019891579,-0.016666666666666666
P08,trial_56_L_affected,affected,trunk,Trunk displacement,mm,6.079813891412416,0.9393965259104448,10.741820689597349,-0.016666666666666666
P08,trial_57_L_affected,affected,eev,End-effector velocity,mm/s,133.39241093331646,0.7636370387816812,-29.02504273072309,0.0
P08,trial_57_L_affected,affected,eav,Elbow angular velocity,deg/s,23.667370866226214,0.6902464976874011,2.8505190964344425,0.0
P08,trial_57_L_affected,affected,elbow,Elbow extension,deg,6.55693438130558,0.9635010401878158,-7.188217649270577,0.0
P08,trial_57_L_affected,affected,flex,Shoulder flexion,deg,12.728051039969236,0.9204538611388181,7.779541597211911,0.0
P08,trial_57_L_affected,affected,abd,Shoulder abduction,deg,3.06126588513604,0.7478504162805162,-5.850867154320103,0.0
P08,trial_57_L_affected,affected,trunk,Trunk displacement,mm,6.411166523050017,0.9309811648729841,11.18874266488462,0.0
P08,trial_58_L_affected,affected,eev,End-effector velocity,mm/s,100.60363821339244,0.8320563374677657,-29.220407255887494,0.016666666666666666
P08,trial_58_L_affected,affected,eav,Elbow angular velocity,deg/s,17.217651664665496,0.7980798410496462,2.5169066006125855,0.016666666666666666
P08,trial_58_L_affected,affected,elbow,Elbow extension,deg,5.4745147479848,0.9796891284380341,-6.471707647582557,0.016666666666666666
P08,trial_58_L_affected,affected,flex,Shoulder flexion,deg,12.228991677572736,0.9133956323999353,7.281368551981816,0.016666666666666666
P08,trial_58_L_affected,affected,abd,Shoulder abduction,deg,3.466928678915535,0.5978843440664694,-6.418095188080003,0.016666666666666666
P08,trial_58_L_affected,affected,trunk,Trunk displacement,mm,5.640453742216813,0.8960659028715463,10.611776203318508,0.016666666666666666
P08,trial_59_L_affected,affected,eev,End-effector velocity,mm/s,97.33620977898775,0.8451397373344639,-26.383895187272053,0.0
P08,trial_59_L_affected,affected,eav,Elbow angular velocity,deg/s,20.128314581115912,0.7726504452081077,3.419160422844164,0.0
P08,trial_59_L_affected,affected,elbow,Elbow extension,deg,5.449429952252646,0.9814998759479128,-7.673183272850109,0.0
P08,trial_59_L_affected,affected,flex,Shoulder flexion,deg,15.383897140965525,0.8773365619040038,4.506814575606798,0.0
P08,trial_59_L_affected,affected,abd,Shoulder abduction,deg,2.85989971795239,0.7053569387710105,-5.466484989842065,0.0
P08,trial_59_L_affected,affected,trunk,Trunk displacement,mm,5.8139521635278,0.9574347792456964,12.594464299620563,0.0
P08,trial_60_L_affected,affected,eev,End-effector velocity,mm/s,101.16113886446846,0.8296669268937655,-23.934521630589348,0.016666666666666666
P08,trial_60_L_affected,affected,eav,Elbow angular velocity,deg/s,17.682893091083148,0.8061770574045873,4.248068017095385,0.016666666666666666
P08,trial_60_L_affected,affected,elbow,Elbow extension,deg,5.559942111640828,0.9845637124690035,-8.90086852856686,0.016666666666666666
P08,trial_60_L_affected,affected,flex,Shoulder flexion,deg,16.644132738742478,0.8182940335795712,3.3873131192228616,0.016666666666666666
P08,trial_60_L_affected,affected,abd,Shoulder abduction,deg,3.3635880348160403,0.5803048291934928,-6.429284110778386,0.016666666666666666
P08,trial_60_L_affected,affected,trunk,Trunk displacement,mm,5.546724969251001,0.940647711599361,10.308976861853854,0.016666666666666666
P08,trial_61_L_affected,affected,eev,End-effector velocity,mm/s,112.73172367221272,0.7619601433170675,-27.66862558051439,-0.016666666666666666
P08,trial_61_L_affected,affected,eav,Elbow angular velocity,deg/s,17.494988573201365,0.7683445301214502,2.2948919099811893,-0.016666666666666666
P08,trial_61_L_affected,affected,elbow,Elbow extension,deg,5.682399341154254,0.9768388560575124,-5.750550844547865,-0.016666666666666666
P08,trial_61_L_affected,affected,flex,Shoulder flexion,deg,12.118121580456235,0.9077296690400334,5.7769418650528435,-0.016666666666666666
P08,trial_61_L_affected,affected,abd,Shoulder abduction,deg,2.912865808249858,0.7843871745400265,-6.516039806558557,-0.016666666666666666
P08,trial_61_L_affected,affected,trunk,Trunk displacement,mm,6.297429269495741,0.9117647977510103,12.540218322546318,-0.016666666666666666
P08,trial_62_L_affected,affected,eev,End-effector velocity,mm/s,125.80866888401462,0.7787360533921769,-25.87988608717088,0.0
P08,trial_62_L_affected,affected,eav,Elbow angular velocity,deg/s,24.497397592270307,0.7317472930983188,3.590278747392827,0.0
P08,trial_62_L_affected,affected,elbow,Elbow extension,deg,7.412873779634121,0.968142169749592,-9.38583389148101,0.0
P08,trial_62_L_affected,affected,flex,Shoulder flexion,deg,16.577232106091284,0.6029866967137602,1.7266589201177802,0.0
P08,trial_62_L_affected,affected,abd,Shoulder abduction,deg,2.701963630163398,0.8261093377490796,-5.648391626909333,0.0
P08,trial_62_L_affected,affected,trunk,Trunk displacement,mm,7.712746741506456,0.9413138697246674,14.57642146535779,0.0
P08,trial_63_L_affected,affected,eev,End-effector velocity,mm/s,105.05765171032856,0.8284007442812072,-25.680449746765202,0.0
P08,trial_63_L_affected,affected,eav,Elbow angular velocity,deg/s,17.92299789090276,0.8265878080088738,3.1965841312525756,0.0
P08,trial_63_L_affected,affected,elbow,Elbow extension,deg,5.439154239400143,0.9810927230600871,-5.665776122920127,0.0
P08,trial_63_L_affected,affected,flex,Shoulder flexion,deg,12.741704000338988,0.908668822249053,5.743825065060786,0.0
P08,trial_63_L_affected,affected,abd,Shoulder abduction,deg,2.7670919341471096,0.6937843852048879,-5.716519114986123,0.0
P08,trial_63_L_affected,affected,trunk,Trunk displacement,mm,7.035234833560087,0.9372679576208236,14.198884682248874,0.0
P08,trial_64_L_affected,affected,eev,End-effector velocity,mm/s,120.01182867326938,0.7462988981265811,-24.913811603254015,-0.03333333333333333
P08,trial_64_L_affected,affected,eav,Elbow angular velocity,deg/s,24.369959124833823,0.6517665312018112,3.9839635126778923,-0.03333333333333333
P08,trial_64_L_affected,affected,elbow,Elbow extension,deg,6.799277013501673,0.9709831277556723,-7.470389696470482,-0.03333333333333333
P08,trial_64_L_affected,affected,flex,Shoulder flexion,deg,15.61278844201642,0.6331543732510042,2.486970007194716,-0.03333333333333333
P08,trial_64_L_affected,affected,abd,Shoulder abduction,deg,2.783399662594266,0.9194124095681087,-6.13568807640208,-0.03333333333333333
P08,trial_64_L_affected,affected,trunk,Trunk displacement,mm,6.053154738346743,0.8873873205803184,12.772078625073261,-0.03333333333333333
P08,trial_65_L_affected,affected,eev,End-effector velocity,mm/s,100.29603522055076,0.8387976683521621,-21.706758654519884,0.0
P08,trial_65_L_affected,affected,eav,Elbow angular velocity,deg/s,19.78788658137556,0.7858917649136502,4.228209560221236,0.0
P08,trial_65_L_affected,affected,elbow,Elbow extension,deg,5.928935082659586,0.9733961570143693,-8.661240147567579,0.0
P08,trial_65_L_affected,affected,flex,Shoulder flexion,deg,16.524656549069974,0.7962022871558773,4.8670951098647395,0.0
P08,trial_65_L_affected,affected,abd,Shoulder abduction,deg,2.689806545729013,0.7536994121329208,-5.147095381201657,0.0
P08,trial_65_L_affected,affected,trunk,Trunk displacement,mm,4.84373264801217,0.9331085682951648,10.082941398043292,0.0
P08,trial_67_L_affected,affected,eev,End-effector velocity,mm/s,117.98955263927415,0.7885770506056988,-24.082581033084832,0.0
P08,trial_67_L_affected,affected,eav,Elbow angular velocity,deg/s,23.009015201616222,0.7712134869013796,4.897384487694262,0.0
P08,trial_67_L_affected,affected,elbow,Elbow extension,deg,6.963416024032533,0.9744411577424372,-8.852536977520113,0.0
P08,trial_67_L_affected,affected,flex,Shoulder flexion,deg,16.843981667561202,0.7199602444225058,4.180513015228797,0.0
P08,trial_67_L_affected,affected,abd,Shoulder abduction,deg,2.3575209565502924,0.8472742406433684,-5.555330756879922,0.0
P08,trial_67_L_affected,affected,trunk,Trunk displacement,mm,5.2821383272079006,0.9344463313357491,10.256140871873473,0.0
P08,trial_68_L_affected,affected,eev,End-effector velocity,mm/s,102.55407423720057,0.8540450493044882,-27.42798610163519,0.016666666666666666
P08,trial_68_L_affected,affected,eav,Elbow angular velocity,deg/s,17.599494565979825,0.8489239497597166,4.412389025333982,0.016666666666666666
P08,trial_68_L_affected,affected,elbow,Elbow extension,deg,5.783983185600512,0.9843006407118293,-7.987124326246666,0.016666666666666666
P08,trial_68_L_affected,affected,flex,Shoulder flexion,deg,16.907595865898575,0.4110872777541795,2.3864055323895794,0.016666666666666666
P08,trial_68_L_affected,affected,abd,Shoulder abduction,deg,2.3789012255477173,0.9035793827942638,-5.935398247710078,0.016666666666666666
P08,trial_68_L_affected,affected,trunk,Trunk displacement,mm,5.720698474577159,0.8787546787106236,11.038654774071782,0.016666666666666666
P08,trial_69_L_affected,affected,eev,End-effector velocity,mm/s,88.08151326339348,0.8618787911086079,-21.425099144607234,0.016666666666666666
P08,trial_69_L_affected,affected,eav,Elbow angular velocity,deg/s,18.22948471740398,0.833287981149686,3.881949502459202,0.016666666666666666
P08,trial_69_L_affected,affected,elbow,Elbow extension,deg,5.901105814828939,0.9840369986396581,-7.767108422085668,0.016666666666666666
P08,trial_69_L_affected,affected,flex,Shoulder flexion,deg,15.886059413923206,0.5356984823634223,4.319885427467145,0.016666666666666666
P08,trial_69_L_affected,affected,abd,Shoulder abduction,deg,2.6808494727504737,0.890449143929879,-5.26213935402305,0.016666666666666666
P08,trial_69_L_affected,affected,trunk,Trunk displacement,mm,6.7591497761407044,0.9068663054710893,10.322873823223276,0.016666666666666666
P08,trial_6_R_unaffected,unaffected,eev,End-effector velocity,mm/s,124.72202029585281,0.8278332411544596,-26.741234959749285,0.0
P08,trial_6_R_unaffected,unaffected,eav,Elbow angular velocity,deg/s,25.46401167605081,0.7628385789022434,1.9025098594749912,0.0
P08,trial_6_R_unaffected,unaffected,elbow,Elbow extension,deg,6.642381156234372,0.9648819431946358,-3.8574285495248026,0.0
P08,trial_6_R_unaffected,unaffected,abd,Shoulder abduction,deg,7.135798813350789,-0.09476423278291887,-14.162065374763708,0.0
P08,trial_6_R_unaffected,unaffected,trunk,Trunk displacement,mm,5.772793381817156,0.8879566451308722,8.482667872123768,0.0
P08,trial_72_L_affected,affected,eev,End-effector velocity,mm/s,79.26219351947515,0.8627076594230128,-11.34306031571743,0.016666666666666666
P08,trial_72_L_affected,affected,eav,Elbow angular velocity,deg/s,17.303135887368022,0.8393455818703934,2.9169681879462064,0.016666666666666666
P08,trial_72_L_affected,affected,elbow,Elbow extension,deg,6.444533680658919,0.9819783853570258,-7.889079634625681,0.016666666666666666
P08,trial_72_L_affected,affected,flex,Shoulder flexion,deg,17.587913128374364,0.11621364792671877,4.186672285245887,0.016666666666666666
P08,trial_72_L_affected,affected,abd,Shoulder abduction,deg,2.41614941591965,0.8825886034169252,-3.8996258025347337,0.016666666666666666
P08,trial_72_L_affected,affected,trunk,Trunk displacement,mm,7.187077873379828,0.8729021856380991,9.595281295990896,0.016666666666666666
P08,trial_73_L_affected,affected,eev,End-effector velocity,mm/s,121.16380230847766,0.7184106923312357,-23.74970079604491,-0.016666666666666666
P08,trial_73_L_affected,affected,eav,Elbow angular velocity,deg/s,21.089269866241004,0.7456990822332233,3.3715457719868946,-0.016666666666666666
P08,trial_73_L_affected,affected,elbow,Elbow extension,deg,6.445069351563714,0.9682719852542688,-5.378677331181761,-0.016666666666666666
P08,trial_73_L_affected,affected,flex,Shoulder flexion,deg,12.533945109156472,0.8973156394826157,5.861695957700447,-0.016666666666666666
P08,trial_73_L_affected,affected,abd,Shoulder abduction,deg,1.8861761784061595,0.8732446842640826,-4.589612886165518,-0.016666666666666666
P08,trial_73_L_affected,affected,trunk,Trunk displacement,mm,6.788920846707219,0.95563972762856,10.652713184875733,-0.016666666666666666
P08,trial_74_L_affected,affected,eev,End-effector velocity,mm/s,107.41144991208333,0.777391177199732,-23.07665195092798,0.0
P08,trial_74_L_affected,affected,eav,Elbow angular velocity,deg/s,15.742883169388017,0.8254073009744995,2.6623410285840774,0.0
P08,trial_74_L_affected,affected,elbow,Elbow extension,deg,5.514253777739284,0.9777135559062629,-4.977768165795429,0.0
P08,trial_74_L_affected,affected,flex,Shoulder flexion,deg,12.721323442654969,0.9175395500851091,5.415207980803162,0.0
P08,trial_74_L_affected,affected,abd,Shoulder abduction,deg,2.4169399808285243,0.8834594989039716,-5.122580280791508,0.0
P08,trial_74_L_affected,affected,trunk,Trunk displacement,mm,6.665379736375934,0.965479606387259,10.301601279258195,0.0
P08,trial_75_L_affected,affected,eev,End-effector velocity,mm/s,130.80537784944906,0.7279316274907152,-26.322510203115687,-0.016666666666666666
P08,trial_75_L_affected,affected,eav,Elbow angular velocity,deg/s,21.56615065029434,0.7442689431875241,2.498426285454134,-0.016666666666666666
P08,trial_75_L_affected,affected,elbow,Elbow extension,deg,6.50372377491986,0.9694967920990109,-6.409122538513797,-0.016666666666666666
P08,trial_75_L_affected,affected,flex,Shoulder flexion,deg,12.506004330187118,0.9019894909888727,6.806593226922762,-0.016666666666666666
P08,trial_75_L_affected,affected,abd,Shoulder abduction,deg,2.431544204008629,0.8951285275994828,-5.1347058101846805,-0.016666666666666666
P08,trial_75_L_affected,affected,trunk,Trunk displacement,mm,7.519791997008822,0.8223615577223404,12.688596374719697,-0.016666666666666666
P08,trial_76_L_affected,affected,eev,End-effector velocity,mm/s,113.10355638369144,0.7890595772152973,-31.797790088584282,0.016666666666666666
P08,trial_76_L_affected,affected,eav,Elbow angular velocity,deg/s,15.97951813432972,0.8315494964596601,1.434982877896084,0.016666666666666666
P08,trial_76_L_affected,affected,elbow,Elbow extension,deg,5.7737659538428785,0.9793165969991958,-7.299852571086696,0.016666666666666666
P08,trial_76_L_affected,affected,flex,Shoulder flexion,deg,11.219449745084844,0.890310782998272,6.3156558990958604,0.016666666666666666
P08,trial_76_L_affected,affected,abd,Shoulder abduction,deg,2.7865370256945354,0.7103324445179748,-4.16630318877267,0.016666666666666666
P08,trial_76_L_affected,affected,trunk,Trunk displacement,mm,4.992466316525775,0.9581337438360917,9.454811026503583,0.016666666666666666
P08,trial_77_L_affected,affected,eev,End-effector velocity,mm/s,115.79493344292567,0.8111921213418916,-30.701551033986412,0.016666666666666666
P08,trial_77_L_affected,affected,eav,Elbow angular velocity,deg/s,21.98853759659357,0.7805465593258241,2.122194808965869,0.016666666666666666
P08,trial_77_L_affected,affected,elbow,Elbow extension,deg,5.97423442997518,0.9770325630738789,-5.6971646577949375,0.016666666666666666
P08,trial_77_L_affected,affected,flex,Shoulder flexion,deg,11.72383374711761,0.9260245975444614,6.7217316689845505,0.016666666666666666
P08,trial_77_L_affected,affected,abd,Shoulder abduction,deg,2.4252795738257515,0.8008918320751858,-4.283997907282538,0.016666666666666666
P08,trial_77_L_affected,affected,trunk,Trunk displacement,mm,6.417685420327157,0.9766057936738812,11.40540491234696,0.016666666666666666
P08,trial_78_L_affected,affected,eev,End-effector velocity,mm/s,125.62786245102563,0.7922607482217143,-27.922124735692616,0.0
P08,trial_78_L_affected,affected,eav,Elbow angular velocity,deg/s,20.679870184569484,0.8036611248929705,2.2978174961036117,0.0
P08,trial_78_L_affected,affected,elbow,Elbow extension,deg,6.446183649752121,0.9708948148419999,-5.332700811007068,0.0
P08,trial_78_L_affected,affected,flex,Shoulder flexion,deg,12.293382002204645,0.9142754690531639,7.351204977090172,0.0
P08,trial_78_L_affected,affected,abd,Shoulder abduction,deg,2.7491637708458283,0.8200489458157901,-4.776338919585858,0.0
P08,trial_78_L_affected,affected,trunk,Trunk displacement,mm,6.545813527645889,0.8723685823168909,14.238263717520876,0.0
P08,trial_79_L_affected,affected,eev,End-effector velocity,mm/s,131.72110577587006,0.802198784679239,-26.083256695837573,0.016666666666666666
P08,trial_79_L_affected,affected,eav,Elbow angular velocity,deg/s,25.132348317948303,0.7896949799310006,3.4838428414913505,0.016666666666666666
P08,trial_79_L_affected,affected,elbow,Elbow extension,deg,7.189890364818941,0.9712714336245086,-6.592145965965143,0.016666666666666666
P08,trial_79_L_affected,affected,flex,Shoulder flexion,deg,15.91419395341926,0.7564763841174861,2.7275940233300044,0.016666666666666666
P08,trial_79_L_affected,affected,abd,Shoulder abduction,deg,2.70562441338002,0.8359765954694032,-4.087368025051875,0.016666666666666666
P08,trial_79_L_affected,affected,trunk,Trunk displacement,mm,6.421857268638348,0.9151078024453104,11.390917096890396,0.016666666666666666
P08,trial_7_R_unaffected,unaffected,eev,End-effector velocity,mm/s,125.23848125663969,0.8271250047861242,-27.501545166484696,0.0
P08,trial_7_R_unaffected,unaffected,eav,Elbow angular velocity,deg/s,25.982466546606418,0.7503751482238107,1.5530979890056609,0.0
P08,trial_7_R_unaffected,unaffected,elbow,Elbow extension,deg,6.7333656729116,0.9640800696324436,-3.738020279515575,0.0
P08,trial_7_R_unaffected,unaffected,flex,Shoulder flexion,deg,11.994488634406924,0.8793283707535113,3.2747765488118232,0.0
P08,trial_7_R_unaffected,unaffected,abd,Shoulder abduction,deg,6.830060588423014,0.060624059835317594,-14.603247825634314,0.0
P08,trial_7_R_unaffected,unaffected,trunk,Trunk displacement,mm,5.333820378712376,0.9063075701779103,7.153059638956888,0.0
P08,trial_80_L_affected,affected,eev,End-effector velocity,mm/s,126.59649524009393,0.7699561638205578,-28.465184724576684,0.0
P08,trial_80_L_affected,affected,eav,Elbow angular velocity,deg/s,21.417944800777143,0.7792259000333099,2.4863681797029105,0.0
P08,trial_80_L_affected,affected,elbow,Elbow extension,deg,5.88623049776913,0.9731128447945306,-5.246993471027535,0.0
P08,trial_80_L_affected,affected,flex,Shoulder flexion,deg,12.452393402580368,0.9323818037330738,7.360648993906936,0.0
P08,trial_80_L_affected,affected,abd,Shoulder abduction,deg,2.67668823147695,0.7590599859010285,-4.326140723045711,0.0
P08,trial_80_L_affected,affected,trunk,Trunk displacement,mm,8.097804859880595,0.9711230240955657,14.39106951375745,0.0
P08,trial_81_L_affected,affected,eev,End-effector velocity,mm/s,116.01529850670386,0.7649558393330868,-20.243222365163074,0.016666666666666666
P08,trial_81_L_affected,affected,eav,Elbow angular velocity,deg/s,24.18347181203546,0.7536255839963129,4.23021316213632,0.016666666666666666
P08,trial_81_L_affected,affected,elbow,Elbow extension,deg,7.262181085790859,0.968388827018272,-7.293775294669739,0.016666666666666666
P08,trial_81_L_affected,affected,flex,Shoulder flexion,deg,16.60379318072737,0.6162686801108738,3.0480494117410775,0.016666666666666666
P08,trial_81_L_affected,affected,abd,Shoulder abduction,deg,2.1726955801245755,0.837973168755715,-3.5671731954807124,0.016666666666666666
P08,trial_81_L_affected,affected,trunk,Trunk displacement,mm,6.400343953503542,0.951427484361767,10.515071445704697,0.016666666666666666
P08,trial_82_L_affected,affected,eev,End-effector velocity,mm/s,87.18114397085438,0.8445018981989111,-23.879130848702363,0.0
P08,trial_82_L_affected,affected,eav,Elbow angular velocity,deg/s,17.06085017349205,0.818595874871582,2.3313006902074225,0.0
P08,trial_82_L_affected,affected,elbow,Elbow extension,deg,5.568669753914771,0.9823339712566027,-6.549154320934236,0.0
P08,trial_82_L_affected,affected,flex,Shoulder flexion,deg,12.079479092211304,0.9160412146642782,5.412832059619801,0.0
P08,trial_82_L_affected,affected,abd,Shoulder abduction,deg,2.0044637120480364,0.8658356050520034,-4.529931155514783,0.0
P08,trial_82_L_affected,affected,trunk,Trunk displacement,mm,5.873122326826618,0.982631445116722,8.42376262201397,0.0
P08,trial_83_L_affected,affected,eev,End-effector velocity,mm/s,102.97623700341438,0.785932533432224,-29.880921848127112,0.0
P08,trial_83_L_affected,affected,eav,Elbow angular velocity,deg/s,19.249645999294557,0.7884577703073119,1.2562071554585497,0.0
P08,trial_83_L_affected,affected,elbow,Elbow extension,deg,5.7733260881133415,0.9801421920702162,-5.606748122839688,0.0
P08,trial_83_L_affected,affected,flex,Shoulder flexion,deg,11.672574721765944,0.9050716984580537,5.956958675125787,0.0
P08,trial_83_L_affected,affected,abd,Shoulder abduction,deg,2.2393172890181416,0.8362304900860917,-4.307056505928356,0.0
P08,trial_83_L_affected,affected,trunk,Trunk displacement,mm,5.99588386639746,0.9557391806193051,12.080874527291876,0.0
P08,trial_84_L_affected,affected,eev,End-effector velocity,mm/s,107.70230211295424,0.7596058099752683,-25.410759320613437,-0.016666666666666666
P08,trial_84_L_affected,affected,eav,Elbow angular velocity,deg/s,16.981170987878905,0.7960370619345905,1.5318708226581876,-0.016666666666666666
P08,trial_84_L_affected,affected,elbow,Elbow extension,deg,5.432398256020719,0.9781929104535018,-6.096233342352322,-0.016666666666666666
P08,trial_84_L_affected,affected,flex,Shoulder flexion,deg,11.634677014605323,0.9244478356194101,5.666484762785797,-0.016666666666666666
P08,trial_84_L_affected,affected,abd,Shoulder abduction,deg,2.506906056994804,0.8148902279674123,-5.016355439691263,-0.016666666666666666
P08,trial_84_L_affected,affected,trunk,Trunk displacement,mm,5.5020924775605975,0.9668921783692277,11.345537157862163,-0.016666666666666666
P08,trial_85_L_affected,affected,eev,End-effector velocity,mm/s,114.78516009960832,0.7745073605139673,-23.740185906233695,0.016666666666666666
P08,trial_85_L_affected,affected,eav,Elbow angular velocity,deg/s,18.419032314806984,0.8126469419479524,2.440628201159422,0.016666666666666666
P08,trial_85_L_affected,affected,elbow,Elbow extension,deg,6.327217901218689,0.9712736836096664,-5.474368382623951,0.016666666666666666
P08,trial_85_L_affected,affected,flex,Shoulder flexion,deg,14.274756786505913,0.844562464780286,3.116074169568771,0.016666666666666666
P08,trial_85_L_affected,affected,abd,Shoulder abduction,deg,2.2643659569381174,0.8301984222573621,-5.229439315388338,0.016666666666666666
P08,trial_85_L_affected,affected,trunk,Trunk displacement,mm,6.850580720695229,0.9477797925655687,12.98165289342421,0.016666666666666666
P08,trial_86_L_affected,affected,eev,End-effector velocity,mm/s,72.19055049113096,0.8992550224860568,-27.130948514999872,0.0
P08,trial_86_L_affected,affected,eav,Elbow angular velocity,deg/s,13.043647858410992,0.8809132272795303,2.553939155540966,0.0
P08,trial_86_L_affected,affected,elbow,Elbow extension,deg,3.8103741243493507,0.9915715070014601,-4.560392714800746,0.0
P08,trial_86_L_affected,affected,flex,Shoulder flexion,deg,11.902388057791123,0.8275645587345963,3.1659417693137,0.0
P08,trial_86_L_affected,affected,abd,Shoulder abduction,deg,2.7990149275938925,0.8379478589710256,-5.097720080266854,0.0
P08,trial_86_L_affected,affected,trunk,Trunk displacement,mm,6.073304910049689,0.9803459928265399,11.849557260278136,0.0
P08,trial_87_L_affected,affected,eev,End-effector velocity,mm/s,108.72428865255017,0.7900929482625535,-22.9802078973477,0.0
P08,trial_87_L_affected,affected,eav,Elbow angular velocity,deg/s,22.388564272179707,0.7702696185106906,4.2991670348514335,0.0
P08,trial_87_L_affected,affected,elbow,Elbow extension,deg,6.748010067663001,0.9732896125773794,-8.180569831223865,0.0
P08,trial_87_L_affected,affected,flex,Shoulder flexion,deg,15.808685014729566,0.7384455757511269,2.6951103321721983,0.0
P08,trial_87_L_affected,affected,abd,Shoulder abduction,deg,2.01851248297686,0.8812954985291694,-4.427648944968126,0.0
P08,trial_87_L_affected,affected,trunk,Trunk displacement,mm,6.1846449096295055,0.9393172853373594,12.493649316626193,0.0
P08,trial_88_L_affected,affected,eev,End-effector velocity,mm/s,103.50927597618977,0.8088357803661471,-26.145079177793733,-0.016666666666666666
P08,trial_88_L_affected,affected,eav,Elbow angular velocity,deg/s,22.194644620577844,0.7706422152007554,3.0182215938202397,-0.016666666666666666
P08,trial_88_L_affected,affected,elbow,Elbow extension,deg,7.275551735795464,0.958476295182552,-8.780833001540094,-0.016666666666666666
P08,trial_88_L_affected,affected,flex,Shoulder flexion,deg,14.6948417203102,0.8947223259734942,4.1368476382251975,-0.016666666666666666
P08,trial_88_L_affected,affected,abd,Shoulder abduction,deg,1.9815488240758807,0.81196493779658,-3.9795434898034654,-0.016666666666666666
P08,trial_88_L_affected,affected,trunk,Trunk displacement,mm,4.661770039280109,0.9050121697722335,7.155212011633036,-0.016666666666666666
P08,trial_89_L_affected,affected,eev,End-effector velocity,mm/s,114.98013019975154,0.7955599921348859,-22.600263516537556,0.0
P08,trial_89_L_affected,affected,eav,Elbow angular velocity,deg/s,18.842110655608323,0.82464074799135,2.4699490588702364,0.0
P08,trial_89_L_affected,affected,elbow,Elbow extension,deg,6.418066421973607,0.9709848774518597,-4.913173011471051,0.0
P08,trial_89_L_affected,affected,flex,Shoulder flexion,deg,11.660569488744182,0.9358383322580489,6.431924069961656,0.0
P08,trial_89_L_affected,affected,abd,Shoulder abduction,deg,2.503633742568351,0.8434205039815476,-4.8976421832898005,0.0
P08,trial_89_L_affected,affected,trunk,Trunk displacement,mm,6.715249115146538,0.9355383634310991,12.904198063492617,0.0
P08,trial_9_R_unaffected,unaffected,eev,End-effector velocity,mm/s,111.10643529431539,0.8461886018305256,-23.951052633762604,0.016666666666666666
P08,trial_9_R_unaffected,unaffected,eav,Elbow angular velocity,deg/s,20.33160299694408,0.8216005216069205,1.4181397224081962,0.016666666666666666
P08,trial_9_R_unaffected,unaffected,elbow,Elbow extension,deg,7.134473745037379,0.9666348217840913,-4.518971752633935,0.016666666666666666
P08,trial_9_R_unaffected,unaffected,flex,Shoulder flexion,deg,18.903773290249845,-0.3554459555307289,-2.037381852284968,0.016666666666666666
P08,trial_9_R_unaffected,unaffected,abd,Shoulder abduction,deg,4.937256222440853,0.3079471647872849,-13.878485764986658,0.016666666666666666
P08,trial_9_R_unaffected,unaffected,trunk,Trunk displacement,mm,7.151910788891766,0.8513485005691558,9.06974066367471,0.016666666666666666
P10,trial_10_R_unaffected,unaffected,eev,End-effector velocity,mm/s,145.23048567621572,0.7079446184239786,-25.438789556137777,-0.03333333333333333
P10,trial_10_R_unaffected,unaffected,eav,Elbow angular velocity,deg/s,24.52195495129596,0.7371802503211182,2.6212499507809395,-0.03333333333333333
P10,trial_10_R_unaffected,unaffected,elbow,Elbow extension,deg,8.156314119551185,0.9610342272800946,-2.3840246148943853,-0.03333333333333333
P10,trial_10_R_unaffected,unaffected,flex,Shoulder flexion,deg,4.653230749577207,0.9420607503058689,3.8932453623066148,-0.03333333333333333
P10,trial_10_R_unaffected,unaffected,abd,Shoulder abduction,deg,4.4426120168117045,0.7183148585762588,-8.936608955780711,-0.03333333333333333
P10,trial_10_R_unaffected,unaffected,trunk,Trunk displacement,mm,10.826980661380219,0.9445928697765557,14.299827918961292,-0.03333333333333333
P10,trial_11_R_unaffected,unaffected,eev,End-effector velocity,mm/s,153.65288719342638,0.6840914575730566,-30.08151538268573,-0.05
P10,trial_11_R_unaffected,unaffected,eav,Elbow angular velocity,deg/s,25.23562677295693,0.7147139846711107,2.303599482072534,-0.05
P10,trial_11_R_unaffected,unaffected,elbow,Elbow extension,deg,8.341041624459224,0.9614469730944649,-1.8824236434793613,-0.05
P10,trial_11_R_unaffected,unaffected,flex,Shoulder flexion,deg,4.908247352313246,0.9316970414764709,3.106606831633103,-0.05
P10,trial_11_R_unaffected,unaffected,abd,Shoulder abduction,deg,4.7628295292264795,0.7712786579538669,-8.911876920626344,-0.05
P10,trial_11_R_unaffected,unaffected,trunk,Trunk displacement,mm,11.068061016111558,0.9469054161822192,14.053558112587142,-0.05
P10,trial_12_R_unaffected,unaffected,eev,End-effector velocity,mm/s,143.22823630186596,0.6892261636684908,-27.498308090475074,-0.016666666666666666
P10,trial_12_R_unaffected,unaffected,eav,Elbow angular velocity,deg/s,24.159858625231877,0.7376895503753061,1.517688016267206,-0.016666666666666666
P10,trial_12_R_unaffected,unaffected,elbow,Elbow extension,deg,7.877834364272054,0.9664763719910651,-2.1171551922817327,-0.016666666666666666
P10,trial_12_R_unaffected,unaffected,flex,Shoulder flexion,deg,3.768762948421104,0.9348761238141977,6.113553517297494,-0.016666666666666666
P10,trial_12_R_unaffected,unaffected,abd,Shoulder abduction,deg,3.6729123039194636,0.6358714269269199,-8.45253269422429,-0.016666666666666666
P10,trial_12_R_unaffected,unaffected,trunk,Trunk displacement,mm,8.05461261095027,0.9726918393351429,7.320609311503205,-0.016666666666666666
P10,trial_13_R_unaffected,unaffected,eev,End-effector velocity,mm/s,146.66980921098624,0.6608075774988715,-25.389309627582858,-0.03333333333333333
P10,trial_13_R_unaffected,unaffected,eav,Elbow angular velocity,deg/s,23.666219512061296,0.7495513644654774,2.2240379903122935,-0.03333333333333333
P10,trial_13_R_unaffected,unaffected,elbow,Elbow extension,deg,8.565739708570838,0.957514497230191,-2.062539162113353,-0.03333333333333333
P10,trial_13_R_unaffected,unaffected,flex,Shoulder flexion,deg,5.08585992494204,0.8861041033751235,6.216198576202812,-0.03333333333333333
P10,trial_13_R_unaffected,unaffected,abd,Shoulder abduction,deg,4.002761459991965,0.5875764313578252,-7.775950780172452,-0.03333333333333333
P10,trial_13_R_unaffected,unaffected,trunk,Trunk displacement,mm,8.604015711170241,0.9692906538790305,8.956431597594106,-0.03333333333333333
P10,trial_14_R_unaffected,unaffected,eev,End-effector velocity,mm/s,133.32267482350653,0.7430905192937689,-24.850054713373197,0.0
P10,trial_14_R_unaffected,unaffected,eav,Elbow angular velocity,deg/s,24.060965160882198,0.7620986166316905,2.294841508352828,0.0
P10,trial_14_R_unaffected,unaffected,elbow,Elbow extension,deg,7.13252481854913,0.9682379496016487,-1.3292752786170354,0.0
P10,trial_14_R_unaffected,unaffected,flex,Shoulder flexion,deg,3.9433569959918024,0.9437567463981453,6.606425962562592,0.0
P10,trial_14_R_unaffected,unaffected,abd,Shoulder abduction,deg,3.5908749334518477,0.6477678559027793,-8.267775200362923,0.0
P10,trial_14_R_unaffected,unaffected,trunk,Trunk displacement,mm,8.756712417205009,0.969847345255236,11.038341001035704,0.0
P10,trial_15_R_unaffected,unaffected,eev,End-effector velocity,mm/s,135.82486867137771,0.7540024587783268,-22.768563160939372,0.0
P10,trial_15_R_unaffected,unaffected,eav,Elbow angular velocity,deg/s,25.25697396234862,0.7767507156418567,2.5968852316282827,0.0
P10,trial_15_R_unaffected,unaffected,elbow,Elbow extension,deg,7.817772467395683,0.9648577443190633,-1.4900527919423778,0.0
P10,trial_15_R_unaffected,unaffected,flex,Shoulder flexion,deg,4.124965338302644,0.940234115486054,7.0959067246649905,0.0
P10,trial_15_R_unaffected,unaffected,abd,Shoulder abduction,deg,3.750810167844795,0.7172066897466687,-8.37112586639946,0.0
P10,trial_15_R_unaffected,unaffected,trunk,Trunk displacement,mm,7.527076351356434,0.9817149218390715,9.618361794883645,0.0
P10,trial_16_R_unaffected,unaffected,eev,End-effector velocity,mm/s,121.38420831990032,0.8266349193094693,-29.637789318323144,0.016666666666666666
P10,trial_16_R_unaffected,unaffected,eav,Elbow angular velocity,deg/s,20.71108726945498,0.832726929142949,2.3818485776298504,0.016666666666666666
P10,trial_16_R_unaffected,unaffected,elbow,Elbow extension,deg,6.174385375054616,0.9766615980769334,-1.155589390200463,0.016666666666666666
P10,trial_16_R_unaffected,unaffected,flex,Shoulder flexion,deg,4.079679512816629,0.9455824333087309,6.229159062322023,0.016666666666666666
P10,trial_16_R_unaffected,unaffected,abd,Shoulder abduction,deg,3.691382776343457,0.761744496654961,-8.839172239102503,0.016666666666666666
P10,trial_16_R_unaffected,unaffected,trunk,Trunk displacement,mm,6.849595243339019,0.9879556846756357,9.102591611729029,0.016666666666666666
P10,trial_17_R_unaffected,unaffected,eev,End-effector velocity,mm/s,134.94002873117873,0.7511574017518852,-26.678150835891284,0.0
P10,trial_17_R_unaffected,unaffected,eav,Elbow angular velocity,deg/s,22.219243837261303,0.7852023322051026,3.1154146433828687,0.0
P10,trial_17_R_unaffected,unaffected,elbow,Elbow extension,deg,7.153814575191279,0.9713401394172072,-1.0151930644475717,0.0
P10,trial_17_R_unaffected,unaffected,flex,Shoulder flexion,deg,4.2324784295854885,0.9485491846804267,5.538958691721808,0.0
P10,trial_17_R_unaffected,unaffected,abd,Shoulder abduction,deg,4.351425395566132,0.7691967356628122,-8.837431633938891,0.0
P10,trial_17_R_unaffected,unaffected,trunk,Trunk displacement,mm,8.763878264906877,0.9721014649032824,12.621583833229158,0.0
P10,trial_18_R_unaffected,unaffected,eev,End-effector velocity,mm/s,166.7126354508472,0.6196734704863103,-29.865534231577143,-0.03333333333333333
P10,trial_18_R_unaffected,unaffected,eav,Elbow angular velocity,deg/s,25.14156383552831,0.7288413672049808,1.6293823207176505,-0.03333333333333333
P10,trial_18_R_unaffected,unaffected,elbow,Elbow extension,deg,7.980393837676904,0.9582080853516978,-1.283482473471754,-0.03333333333333333
P10,trial_18_R_unaffected,unaffected,flex,Shoulder flexion,deg,4.404409645059634,0.9352499403075819,6.567427303213187,-0.03333333333333333
P10,trial_18_R_unaffected,unaffected,abd,Shoulder abduction,deg,4.122353496128677,0.6934970123697225,-8.782762291042411,-0.03333333333333333
P10,trial_18_R_unaffected,unaffected,trunk,Trunk displacement,mm,9.503782962749167,0.9602583443523921,10.787215596234683,-0.03333333333333333
P10,trial_19_R_unaffected,unaffected,eev,End-effector velocity,mm/s,124.86732234547713,0.7700559695642747,-26.5713860529615,0.0
P10,trial_19_R_unaffected,unaffected,eav,Elbow angular velocity,deg/s,18.308307312609728,0.8498951072660796,2.593226551719148,0.0
P10,trial_19_R_unaffected,unaffected,elbow,Elbow extension,deg,6.568966013329911,0.9740538866474099,-0.4477127759182869,0.0
P10,trial_19_R_unaffected,unaffected,flex,Shoulder flexion,deg,3.749476851625227,0.9533231720225829,6.530894345091347,0.0
P10,trial_19_R_unaffected,unaffected,abd,Shoulder abduction,deg,4.0636086098520865,0.7539868543063815,-9.155425598562163,0.0
P10,trial_19_R_unaffected,unaffected,trunk,Trunk displacement,mm,8.955409866031168,0.9760440943895664,12.469728296322954,0.0
P10,trial_1_R_unaffected,unaffected,eev,End-effector velocity,mm/s,132.25774360537056,0.726907361949989,-25.59641530886171,0.0
P10,trial_1_R_unaffected,unaffected,eav,Elbow angular velocity,deg/s,26.711481762065254,0.7317698919373392,3.8438191617872954,0.0
P10,trial_1_R_unaffected,unaffected,elbow,Elbow extension,deg,8.263888884279933,0.9717518081358932,-2.141307487013591,0.0
P10,trial_1_R_unaffected,unaffected,flex,Shoulder flexion,deg,5.121739792826845,0.9115865081856315,4.479656128441162,0.0
P10,trial_1_R_unaffected,unaffected,abd,Shoulder abduction,deg,3.0255835864982124,0.7459713219168637,-9.594099345856423,0.0
P10,trial_1_R_unaffected,unaffected,trunk,Trunk displacement,mm,9.175699768591485,0.9771977260482158,10.211159662742617,0.0
P10,trial_23_R_unaffected,unaffected,eev,End-effector velocity,mm/s,213.0237191693497,-0.08000825770987215,-32.1881669673981,0.03333333333333333
P10,trial_23_R_unaffected,unaffected,eav,Elbow angular velocity,deg/s,36.86603503345661,-0.08702396746695876,3.0580330047081126,0.03333333333333333
P10,trial_23_R_unaffected,unaffected,elbow,Elbow extension,deg,26.262946672615158,0.5320589164076762,-4.648134061413257,0.03333333333333333
P10,trial_23_R_unaffected,unaffected,flex,Shoulder flexion,deg,10.12909914388382,0.586108773808862,2.7151645548028607,0.03333333333333333
P10,trial_23_R_unaffected,unaffected,abd,Shoulder abduction,deg,4.9400442080213205,0.6012235831673032,-8.064295224617037,0.03333333333333333
P10,trial_23_R_unaffected,unaffected,trunk,Trunk displacement,mm,38.527423405043734,0.41909000228679655,-11.771620755908392,0.03333333333333333
P10,trial_24_R_unaffected,unaffected,eev,End-effector velocity,mm/s,225.30473205100427,-0.1300122873824471,-24.090741594081152,1.5666666666666667
P10,trial_24_R_unaffected,unaffected,eav,Elbow angular velocity,deg/s,39.414577060378456,-0.0788038483457232,6.001203528717867,1.5666666666666667
P10,trial_24_R_unaffected,unaffected,elbow,Elbow extension,deg,29.633653054678273,0.5004279230644262,3.980031566172753,1.5666666666666667
P10,trial_24_R_unaffected,unaffected,flex,Shoulder flexion,deg,9.206779590265345,0.453614322636302,6.679566072086592,1.5666666666666667
P10,trial_24_R_unaffected,unaffected,abd,Shoulder abduction,deg,4.667061889288723,0.43004635661096086,-8.081197603549537,1.5666666666666667
P10,trial_24_R_unaffected,unaffected,trunk,Trunk displacement,mm,33.14946822138173,0.561356224955979,13.863212703934622,1.5666666666666667
P10,trial_25_R_unaffected,unaffected,eev,End-effector velocity,mm/s,154.54524221310783,0.5687647818281412,-40.167727810591614,0.9666666666666667
P10,trial_25_R_unaffected,unaffected,eav,Elbow angular velocity,deg/s,24.53179318085152,0.6949280366223639,3.667588652468489,0.9666666666666667
P10,trial_25_R_unaffected,unaffected,elbow,Elbow extension,deg,10.732663645597539,0.9426955217936343,-2.2986471376531434,0.9666666666666667
P10,trial_25_R_unaffected,unaffected,flex,Shoulder flexion,deg,4.15641516295026,0.8561385975902976,1.6393628707405157,0.9666666666666667
P10,trial_25_R_unaffected,unaffected,abd,Shoulder abduction,deg,4.043663103615971,0.5113327428580222,-8.118494601995422,0.9666666666666667
P10,trial_25_R_unaffected,unaffected,trunk,Trunk displacement,mm,23.790568722887468,0.7227146186591108,5.644645632353128,0.9666666666666667
P10,trial_26_R_unaffected,unaffected,eev,End-effector velocity,mm/s,108.25447272942327,0.8132847581769643,-40.42353985997018,0.03333333333333333
P10,trial_26_R_unaffected,unaffected,eav,Elbow angular velocity,deg/s,13.00664527309085,0.9119836564350042,2.4247664066684402,0.03333333333333333
P10,trial_26_R_unaffected,unaffected,elbow,Elbow extension,deg,6.16873924580105,0.9814928256908131,-2.206801859491333,0.03333333333333333
P10,trial_26_R_unaffected,unaffected,flex,Shoulder flexion,deg,5.306253817503745,0.8549397946130264,5.027719623046009,0.03333333333333333
P10,trial_26_R_unaffected,unaffected,abd,Shoulder abduction,deg,3.9696756570355056,0.7425051589519371,-8.996915167466959,0.03333333333333333
P10,trial_26_R_unaffected,unaffected,trunk,Trunk displacement,mm,14.659875618342614,0.903758714235237,17.68274097564132,0.03333333333333333
P10,trial_27_R_unaffected,unaffected,eev,End-effector velocity,mm/s,123.05404675699879,0.7678231668546199,-36.797140007906094,-0.26666666666666666
P10,trial_27_R_unaffected,unaffected,eav,Elbow angular velocity,deg/s,21.9399373348487,0.7881404295752984,4.236720926905115,-0.26666666666666666
P10,trial_27_R_unaffected,unaffected,elbow,Elbow extension,deg,7.746878792110219,0.9714754934255837,-0.9239558740369184,-0.26666666666666666
P10,trial_27_R_unaffected,unaffected,flex,Shoulder flexion,deg,3.3368562199647975,0.9308345747855038,1.8910561622340754,-0.26666666666666666
P10,trial_27_R_unaffected,unaffected,abd,Shoulder abduction,deg,3.88443983942869,0.783890490534654,-8.38734650966421,-0.26666666666666666
P10,trial_27_R_unaffected,unaffected,trunk,Trunk displacement,mm,13.723048697512796,0.9058761169623415,1.8371966222203295,-0.26666666666666666
P10,trial_28_R_unaffected,unaffected,eev,End-effector velocity,mm/s,276.02544489063484,-0.3022617769272853,-35.71422668772391,-0.35
P10,trial_28_R_unaffected,unaffected,eav,Elbow angular velocity,deg/s,55.40667639890433,-0.19874746053785658,-0.7641447775293388,-0.35
P10,trial_28_R_unaffected,unaffected,elbow,Elbow extension,deg,31.391114070461523,0.5177053667484028,-6.498694405770223,-0.35
P10,trial_28_R_unaffected,unaffected,flex,Shoulder flexion,deg,11.483618508342875,0.3759441828618823,3.017612546511398,-0.35
P10,trial_28_R_unaffected,unaffected,abd,Shoulder abduction,deg,7.388433949613661,0.24685132736266163,-8.840618764063763,-0.35
P10,trial_28_R_unaffected,unaffected,trunk,Trunk displacement,mm,38.847210770220684,0.269912444337785,16.4695233798258,-0.35
P10,trial_2_R_unaffected,unaffected,eev,End-effector velocity,mm/s,152.99449186197512,0.6688673261685987,-30.128204935692523,0.0
P10,trial_2_R_unaffected,unaffected,eav,Elbow angular velocity,deg/s,27.322903527850592,0.7188038688760283,4.124624748691998,0.0
P10,trial_2_R_unaffected,unaffected,elbow,Elbow extension,deg,8.311755818374612,0.9708522235023695,-2.433876985770733,0.0
P10,trial_2_R_unaffected,unaffected,flex,Shoulder flexion,deg,5.312730362387841,0.9377128417626468,5.785358806300641,0.0
P10,trial_2_R_unaffected,unaffected,abd,Shoulder abduction,deg,3.577563284566006,0.9009146832356552,-9.505260482379494,0.0
P10,trial_2_R_unaffected,unaffected,trunk,Trunk displacement,mm,7.727116812428628,0.9560954087511846,10.841927252123114,0.0
P10,trial_31_R_unaffected,unaffected,eev,End-effector velocity,mm/s,213.15081194692246,-0.11457595868800624,-17.842222132047866,2.0166666666666666
P10,trial_31_R_unaffected,unaffected,eav,Elbow angular velocity,deg/s,42.887102043917814,-0.15185058610399466,6.199667253362859,2.0166666666666666
P10,trial_31_R_unaffected,unaffected,elbow,Elbow extension,deg,31.556788335535934,0.42501894418160835,1.7216534275980808,2.0166666666666666
P10,trial_31_R_unaffected,unaffected,flex,Shoulder flexion,deg,12.449429297922704,0.01999799405742427,6.492834196917523,2.0166666666666666
P10,trial_31_R_unaffected,unaffected,abd,Shoulder abduction,deg,4.716808121283622,0.3282029287968912,-6.830547417473461,2.0166666666666666
P10,trial_31_R_unaffected,unaffected,trunk,Trunk displacement,mm,29.59800671942962,0.5503899957478662,21.966713344407065,2.0166666666666666
P10,trial_32_R_unaffected,unaffected,eev,End-effector velocity,mm/s,88.18587614941875,0.8487185768247032,-29.818578646658427,0.11666666666666667
P10,trial_32_R_unaffected,unaffected,eav,Elbow angular velocity,deg/s,19.327772028010322,0.8274319660087148,3.6831361817080523,0.11666666666666667
P10,trial_32_R_unaffected,unaffected,elbow,Elbow extension,deg,6.006094677809504,0.9802448615133025,-0.39761749600001944,0.11666666666666667
P10,trial_32_R_unaffected,unaffected,flex,Shoulder flexion,deg,2.86308848105574,0.9596813738603358,8.375355159748674,0.11666666666666667
P10,trial_32_R_unaffected,unaffected,abd,Shoulder abduction,deg,3.0605607010012994,0.7524285449262945,-8.782033582511973,0.11666666666666667
P10,trial_32_R_unaffected,unaffected,trunk,Trunk displacement,mm,9.521215627069127,0.9593226773256264,12.870157724380777,0.11666666666666667
P10,trial_33_R_unaffected,unaffected,eev,End-effector velocity,mm/s,122.86769940014138,0.7256715690920766,-34.01189236290482,0.2
P10,trial_33_R_unaffected,unaffected,eav,Elbow angular velocity,deg/s,21.45664663279217,0.7866883763174874,3.623179337670078,0.2
P10,trial_33_R_unaffected,unaffected,elbow,Elbow extension,deg,7.914335931008371,0.9687815718646402,-3.9057509886411377,0.2
P10,trial_33_R_unaffected,unaffected,flex,Shoulder flexion,deg,4.693915924233745,0.888178593863333,8.398801721504018,0.2
P10,trial_33_R_unaffected,unaffected,abd,Shoulder abduction,deg,2.8282565880569646,0.8000444921969057,-8.178995593718176,0.2
P10,trial_33_R_unaffected,unaffected,trunk,Trunk displacement,mm,12.107231734282012,0.9057041224438455,17.66816728955128,0.2
P10,trial_34_R_unaffected,unaffected,eev,End-effector velocity,mm/s,215.81187722023108,0.11519973997431403,-14.823916756962861,-0.26666666666666666
P10,trial_34_R_unaffected,unaffected,eav,Elbow angular velocity,deg/s,43.96367917529573,0.23125093832856983,3.177458149424271,-0.26666666666666666
P10,trial_34_R_unaffected,unaffected,elbow,Elbow extension,deg,17.223611958888377,0.8344178797771333,-0.7385372898655671,-0.26666666666666666
P10,trial_34_R_unaffected,unaffected,flex,Shoulder flexion,deg,9.59071775546517,0.5031884306826092,7.232315246294711,-0.26666666666666666
P10,trial_34_R_unaffected,unaffected,abd,Shoulder abduction,deg,5.112998827246903,0.3386502057782856,-8.629434117336805,-0.26666666666666666
P10,trial_34_R_unaffected,unaffected,trunk,Trunk displacement,mm,19.59236032677045,0.7224579343237303,15.420542391915273,-0.26666666666666666
P10,trial_35_R_unaffected,unaffected,eev,End-effector velocity,mm/s,221.16550378665087,0.024069764939708027,-8.907875642067935,-0.23333333333333334
P10,trial_35_R_unaffected,unaffected,eav,Elbow angular velocity,deg/s,45.41791873264941,0.11011039586555292,5.153868034098052,-0.23333333333333334
P10,trial_35_R_unaffected,unaffected,elbow,Elbow extension,deg,19.86587751858384,0.7882888366421065,-2.6336054268544298,-0.23333333333333334
P10,trial_35_R_unaffected,unaffected,flex,Shoulder flexion,deg,6.292030618410411,0.7634616199719454,6.12907576861451,-0.23333333333333334
P10,trial_35_R_unaffected,unaffected,abd,Shoulder abduction,deg,4.547875375943924,0.4325621608379892,-7.360415247912163,-0.23333333333333334
P10,trial_35_R_unaffected,unaffected,trunk,Trunk displacement,mm,15.914056542675983,0.8049586295983908,7.59408636702054,-0.23333333333333334
P10,trial_36_R_unaffected,unaffected,eev,End-effector velocity,mm/s,156.32723649727507,0.5393060296471717,-39.9242430433398,0.4166666666666667
P10,trial_36_R_unaffected,unaffected,eav,Elbow angular velocity,deg/s,26.683344978705165,0.6121035364163315,4.942268812924347,0.4166666666666667
P10,trial_36_R_unaffected,unaffected,elbow,Elbow extension,deg,11.57556481901964,0.9298169168892176,1.8004701952433841,0.4166666666666667
P10,trial_36_R_unaffected,unaffected,flex,Shoulder flexion,deg,4.700257742850542,0.84345627746974,7.481636648139806,0.4166666666666667
P10,trial_36_R_unaffected,unaffected,abd,Shoulder abduction,deg,2.9951944817181246,0.6763290987792179,-8.154394012956136,0.4166666666666667
P10,trial_36_R_unaffected,unaffected,trunk,Trunk displacement,mm,13.939827199081568,0.8699215798764595,10.404193718048496,0.4166666666666667
P10,trial_37_R_unaffected,unaffected,eev,End-effector velocity,mm/s,115.22099987884168,0.7725271829715546,-41.13122715451752,0.25
P10,trial_37_R_unaffected,unaffected,eav,Elbow angular velocity,deg/s,23.645644400569843,0.7288013918238886,2.533943175292933,0.25
P10,trial_37_R_unaffected,unaffected,elbow,Elbow extension,deg,9.55355968820568,0.9522961760093637,-3.388873968099697,0.25
P10,trial_37_R_unaffected,unaffected,flex,Shoulder flexion,deg,4.824070012617697,0.8982938841837105,6.510435335271175,0.25
P10,trial_37_R_unaffected,unaffected,abd,Shoulder abduction,deg,2.912130135255204,0.6757846054321479,-7.034344427651013,0.25
P10,trial_37_R_unaffected,unaffected,trunk,Trunk displacement,mm,14.012682229274885,0.8997903664125535,10.465998155766751,0.25
P10,trial_38_R_unaffected,unaffected,eev,End-effector velocity,mm/s,174.92440437912865,0.4793494647028028,-33.28494071919253,-0.4
P10,trial_38_R_unaffected,unaffected,eav,Elbow angular velocity,deg/s,32.29188546127928,0.5442075934017361,2.962202792081881,-0.4
P10,trial_38_R_unaffected,unaffected,elbow,Elbow extension,deg,11.08559380916137,0.9336775223687097,1.6943535993559882,-0.4
P10,trial_38_R_unaffected,unaffected,flex,Shoulder flexion,deg,6.178241246157828,0.8278284642879812,4.715565941359061,-0.4
P10,trial_38_R_unaffected,unaffected,abd,Shoulder abduction,deg,4.874610482058718,0.2815063700113526,-10.585306199018754,-0.4
P10,trial_38_R_unaffected,unaffected,trunk,Trunk displacement,mm,16.18031810870094,0.8137747392064515,18.930112163072714,-0.4
P10,trial_39_R_unaffected,unaffected,eev,End-effector velocity,mm/s,78.99087421973668,0.9026421373146195,-31.379900639800002,-0.03333333333333333
P10,trial_39_R_unaffected,unaffected,eav,Elbow angular velocity,deg/s,12.720923197634555,0.9296640023451834,4.561113826975327,-0.03333333333333333
P10,trial_39_R_unaffected,unaffected,elbow,Elbow extension,deg,3.5793918725821636,0.9954364481848273,0.7239284868997116,-0.03333333333333333
P10,trial_39_R_unaffected,unaffected,flex,Shoulder flexion,deg,3.184587500013826,0.9547074694906489,4.841070503042307,-0.03333333333333333
P10,trial_39_R_unaffected,unaffected,abd,Shoulder abduction,deg,3.1482713029904557,0.7456072053057152,-8.636617094630125,-0.03333333333333333
P10,trial_39_R_unaffected,unaffected,trunk,Trunk displacement,mm,8.046253669474025,0.9787409934747581,10.416891114846354,-0.03333333333333333
P10,trial_3_R_unaffected,unaffected,eev,End-effector velocity,mm/s,149.9561257326271,0.6862166288410723,-32.82895143854094,-0.03333333333333333
P10,trial_3_R_unaffected,unaffected,eav,Elbow angular velocity,deg/s,28.2490704761421,0.6905582872548003,2.9477225195341514,-0.03333333333333333
P10,trial_3_R_unaffected,unaffected,elbow,Elbow extension,deg,9.016997045782094,0.9612103222565559,-1.650191759063406,-0.03333333333333333
P10,trial_3_R_unaffected,unaffected,flex,Shoulder flexion,deg,5.068367032673744,0.9275276200417991,6.4392836093654795,-0.03333333333333333
P10,trial_3_R_unaffected,unaffected,abd,Shoulder abduction,deg,4.001051948277983,0.762590598090614,-9.17932488629975,-0.03333333333333333
P10,trial_3_R_unaffected,unaffected,trunk,Trunk displacement,mm,9.996748467778586,0.9361213509089522,11.25187514552051,-0.03333333333333333
P10,trial_44_L_affected,affected,eev,End-effector velocity,mm/s,134.22284832522823,0.6578081905359336,-25.980489269293265,-0.016666666666666666
P10,trial_44_L_affected,affected,eav,Elbow angular velocity,deg/s,25.205031158685077,0.6934062982894424,0.5721252063342864,-0.016666666666666666
P10,trial_44_L_affected,affected,elbow,Elbow extension,deg,8.874115318543852,0.953106549228423,1.6990613399234964,-0.016666666666666666
P10,trial_44_L_affected,affected,flex,Shoulder flexion,deg,4.262506996334806,0.9314467367664915,13.212814722033336,-0.016666666666666666
P10,trial_44_L_affected,affected,abd,Shoulder abduction,deg,4.017409527489407,0.6438484087906096,-9.747286706278413,-0.016666666666666666
P10,trial_44_L_affected,affected,trunk,Trunk displacement,mm,7.520648858773453,0.973761999682126,8.662930235851935,-0.016666666666666666
P10,trial_45_L_affected,affected,eev,End-effector velocity,mm/s,169.4405549870178,0.5919426652908474,-37.02184902670427,-0.016666666666666666
P10,trial_45_L_affected,affected,eav,Elbow angular velocity,deg/s,32.49538614985117,0.6220116336914481,1.653944398455857,-0.016666666666666666
P10,trial_45_L_affected,affected,elbow,Elbow extension,deg,10.364462966745096,0.9372810426036029,0.7767540111470959,-0.016666666666666666
P10,trial_45_L_affected,affected,flex,Shoulder flexion,deg,5.260922826242789,0.9010545597238986,12.643323881326992,-0.016666666666666666
P10,trial_45_L_affected,affected,abd,Shoulder abduction,deg,4.022221651703938,0.6748685760516138,-8.505138702614735,-0.016666666666666666
P10,trial_45_L_affected,affected,trunk,Trunk displacement,mm,10.096482026489591,0.9311803671340371,7.683705182728184,-0.016666666666666666
P10,trial_46_L_affected,affected,eev,End-effector velocity,mm/s,125.33741544324353,0.759200519790539,-28.632645117140775,-0.016666666666666666
P10,trial_46_L_affected,affected,eav,Elbow angular velocity,deg/s,25.934003319508065,0.7324152016019098,0.726898717094585,-0.016666666666666666
P10,trial_46_L_affected,affected,elbow,Elbow extension,deg,8.810101041668858,0.9581147581289196,1.1670702637266266,-0.016666666666666666
P10,trial_46_L_affected,affected,flex,Shoulder flexion,deg,4.460828945971092,0.9358592612336425,12.834539746939251,-0.016666666666666666
P10,trial_46_L_affected,affected,abd,Shoulder abduction,deg,4.547342831936319,0.47051964362826487,-8.527787693870483,-0.016666666666666666
P10,trial_46_L_affected,affected,trunk,Trunk displacement,mm,6.7949579816941785,0.9748031514510216,9.519054460598896,-0.016666666666666666
P10,trial_47_L_affected,affected,eev,End-effector velocity,mm/s,146.47873625602742,0.6988883473223084,-35.40219351882591,-0.03333333333333333
P10,trial_47_L_affected,affected,eav,Elbow angular velocity,deg/s,31.28245974343774,0.6618324306983422,1.0299383268730256,-0.03333333333333333
P10,trial_47_L_affected,affected,elbow,Elbow extension,deg,9.937974364152392,0.9442798879053138,1.1025745093733237,-0.03333333333333333
P10,trial_47_L_affected,affected,flex,Shoulder flexion,deg,4.536804111866377,0.9435612474999061,12.539372192267404,-0.03333333333333333
P10,trial_47_L_affected,affected,abd,Shoulder abduction,deg,5.416855517307442,0.45634086101244614,-8.744234562587202,-0.03333333333333333
P10,trial_47_L_affected,affected,trunk,Trunk displacement,mm,7.870883099198081,0.9521662649991653,11.247095653911693,-0.03333333333333333
P10,trial_48_L_affected,affected,eev,End-effector velocity,mm/s,153.55366273834625,0.689348905866805,-35.61416244193555,-0.03333333333333333
P10,trial_48_L_affected,affected,eav,Elbow angular velocity,deg/s,33.448471418733554,0.627091149219829,1.4206022682166697,-0.03333333333333333
P10,trial_48_L_affected,affected,elbow,Elbow extension,deg,10.34817252039171,0.9377724345187353,1.3848378172216516,-0.03333333333333333
P10,trial_48_L_affected,affected,flex,Shoulder flexion,deg,5.601010929135478,0.9300343664959875,13.092651508420184,-0.03333333333333333
P10,trial_48_L_affected,affected,abd,Shoulder abduction,deg,5.4708194592726285,0.33863073372142666,-9.03879938603176,-0.03333333333333333
P10,trial_48_L_affected,affected,trunk,Trunk displacement,mm,7.068871681023029,0.9601620118113489,8.405540383746077,-0.03333333333333333
P10,trial_49_L_affected,affected,eev,End-effector velocity,mm/s,168.4283412449117,0.6840271638969987,-36.63028141156601,-0.016666666666666666
P10,trial_49_L_affected,affected,eav,Elbow angular velocity,deg/s,36.57532666153961,0.5937339686457264,1.4550532963482539,-0.016666666666666666
P10,trial_49_L_affected,affected,elbow,Elbow extension,deg,10.585238980441265,0.9359368699662958,-0.311319540084492,-0.016666666666666666
P10,trial_49_L_affected,affected,flex,Shoulder flexion,deg,4.888661686064562,0.9467624546310885,12.030301159658743,-0.016666666666666666
P10,trial_49_L_affected,affected,abd,Shoulder abduction,deg,5.670019676915378,0.6143594530655186,-7.191243225294148,-0.016666666666666666
P10,trial_49_L_affected,affected,trunk,Trunk displacement,mm,9.071256354333284,0.9181294487511853,13.066191785017496,-0.016666666666666666
P10,trial_4_R_unaffected,unaffected,eev,End-effector velocity,mm/s,149.74934020080804,0.7225034408712571,-32.13779242289046,0.0
P10,trial_4_R_unaffected,unaffected,eav,Elbow angular velocity,deg/s,25.07730332037174,0.7635024169062994,3.2913194340988245,0.0
P10,trial_4_R_unaffected,unaffected,elbow,Elbow extension,deg,7.558479075355541,0.9733831250612446,-1.416419399475019,0.0
P10,trial_4_R_unaffected,unaffected,flex,Shoulder flexion,deg,5.106676466780853,0.9348245085293427,5.624852836676786,0.0
P10,trial_4_R_unaffected,unaffected,abd,Shoulder abduction,deg,4.379654873364772,0.8284081253271356,-9.59714065823996,0.0
P10,trial_4_R_unaffected,unaffected,trunk,Trunk displacement,mm,9.350592427321272,0.9645778052918115,15.513797570043899,0.0
P10,trial_50_L_affected,affected,eev,End-effector velocity,mm/s,142.33902400140695,0.7214318384903934,-33.656599399599564,-0.016666666666666666
P10,trial_50_L_affected,affected,eav,Elbow angular velocity,deg/s,32.74659987972157,0.6387021440453692,1.466565010082435,-0.016666666666666666
P10,trial_50_L_affected,affected,elbow,Elbow extension,deg,9.360616714730684,0.9486576196572707,1.7360202530455877,-0.016666666666666666
P10,trial_50_L_affected,affected,flex,Shoulder flexion,deg,4.749095544378926,0.9510344014947015,11.709618560123381,-0.016666666666666666
P10,trial_50_L_affected,affected,abd,Shoulder abduction,deg,5.7431701008248774,0.5189472512699977,-9.347740517322817,-0.016666666666666666
P10,trial_50_L_affected,affected,trunk,Trunk displacement,mm,6.498931812285752,0.9601836611929087,9.527939989878707,-0.016666666666666666
P10,trial_51_L_affected,affected,eev,End-effector velocity,mm/s,146.82697441579512,0.6802305435360919,-28.26366222113379,-0.03333333333333333
P10,trial_51_L_affected,affected,eav,Elbow angular velocity,deg/s,30.84101477122937,0.6313180487465548,1.067906751746492,-0.03333333333333333
P10,trial_51_L_affected,affected,elbow,Elbow extension,deg,10.310845233780762,0.9420625427377047,1.4666077429179936,-0.03333333333333333
P10,trial_51_L_affected,affected,flex,Shoulder flexion,deg,4.855757884005438,0.9389657285441947,11.753425946320451,-0.03333333333333333
P10,trial_51_L_affected,affected,abd,Shoulder abduction,deg,6.1271274456256455,0.5036312257414732,-9.858012691793892,-0.03333333333333333
P10,trial_51_L_affected,affected,trunk,Trunk displacement,mm,8.119949800957366,0.9371444131330026,11.797185193058718,-0.03333333333333333
P10,trial_52_L_affected,affected,eev,End-effector velocity,mm/s,144.0093358941444,0.7362388880668843,-32.85082816372199,0.0
P10,trial_52_L_affected,affected,eav,Elbow angular velocity,deg/s,29.6406939021968,0.6988666018177048,0.9303577195685636,0.0
P10,trial_52_L_affected,affected,elbow,Elbow extension,deg,9.207787476874191,0.950157574647249,1.9752812329934175,0.0
P10,trial_52_L_affected,affected,flex,Shoulder flexion,deg,4.955486575993254,0.9526004056340474,11.759426710602753,0.0
P10,trial_52_L_affected,affected,abd,Shoulder abduction,deg,6.371030804406386,0.428176516939324,-9.55529572953822,0.0
P10,trial_52_L_affected,affected,trunk,Trunk displacement,mm,7.675189277420659,0.9354712395475157,10.215408973429223,0.0
P10,trial_53_L_affected,affected,eev,End-effector velocity,mm/s,158.74085206068548,0.678660553870388,-34.403630040023884,-0.05
P10,trial_53_L_affected,affected,eav,Elbow angular velocity,deg/s,35.90412673050799,0.6036016984290355,1.634660604426097,-0.05
P10,trial_53_L_affected,affected,elbow,Elbow extension,deg,10.939156962815543,0.928872899172615,2.2767353448511547,-0.05
P10,trial_53_L_affected,affected,flex,Shoulder flexion,deg,5.008978755745404,0.9567155088565283,11.283593864300174,-0.05
P10,trial_53_L_affected,affected,abd,Shoulder abduction,deg,6.3734289277436815,0.5513761097045788,-9.904605996435118,-0.05
P10,trial_53_L_affected,affected,trunk,Trunk displacement,mm,7.909063769110687,0.8985656724181311,13.519912054429081,-0.05
P10,trial_54_L_affected,affected,eev,End-effector velocity,mm/s,137.86539068051923,0.7450089714246158,-31.6181227529985,-0.03333333333333333
P10,trial_54_L_affected,affected,eav,Elbow angular velocity,deg/s,28.98548912033496,0.6872730529191097,1.3224205830817157,-0.03333333333333333
P10,trial_54_L_affected,affected,elbow,Elbow extension,deg,9.288237270539193,0.9498854519009643,1.803551087583463,-0.03333333333333333
P10,trial_54_L_affected,affected,flex,Shoulder flexion,deg,5.3346233096515,0.9527195936453989,10.734612692586788,-0.03333333333333333
P10,trial_54_L_affected,affected,abd,Shoulder abduction,deg,6.670092939617054,0.4366494914935035,-10.103485268292689,-0.03333333333333333
P10,trial_54_L_affected,affected,trunk,Trunk displacement,mm,7.619522195737442,0.9496866760702962,10.489339580632754,-0.03333333333333333
P10,trial_55_L_affected,affected,eev,End-effector velocity,mm/s,162.35091959596386,0.6914651381474957,-36.046659278840124,-0.016666666666666666
P10,trial_55_L_affected,affected,eav,Elbow angular velocity,deg/s,35.478139718199856,0.605766384317985,0.9661601744252934,-0.016666666666666666
P10,trial_55_L_affected,affected,elbow,Elbow extension,deg,9.905565128336624,0.9376989865262525,1.8484233526351708,-0.016666666666666666
P10,trial_55_L_affected,affected,flex,Shoulder flexion,deg,5.571872618403349,0.957755774372272,10.47239269348027,-0.016666666666666666
P10,trial_55_L_affected,affected,abd,Shoulder abduction,deg,6.06842149243943,0.5006791891962016,-9.609197161963362,-0.016666666666666666
P10,trial_55_L_affected,affected,trunk,Trunk displacement,mm,8.170315634908153,0.9471211974891702,10.859861186374117,-0.016666666666666666
P10,trial_56_L_affected,affected,eev,End-effector velocity,mm/s,163.73151409400108,0.6678341599654402,-38.150758524136066,-0.03333333333333333
P10,trial_56_L_affected,affected,eav,Elbow angular velocity,deg/s,35.82578589397913,0.5896206129876749,1.305131749554096,-0.03333333333333333
P10,trial_56_L_affected,affected,elbow,Elbow extension,deg,10.160316893193476,0.9340136183827739,1.8693746334592467,-0.03333333333333333
P10,trial_56_L_affected,affected,flex,Shoulder flexion,deg,5.883875270349433,0.9504445311463934,11.454359424875289,-0.03333333333333333
P10,trial_56_L_affected,affected,abd,Shoulder abduction,deg,6.664644815637525,0.3679174345257365,-9.940872634306048,-0.03333333333333333
P10,trial_56_L_affected,affected,trunk,Trunk displacement,mm,7.6233731737940085,0.9557086275317407,11.0522156554312,-0.03333333333333333
P10,trial_57_L_affected,affected,eev,End-effector velocity,mm/s,145.5675989161041,0.7296717999458944,-35.58799044275306,-0.016666666666666666
P10,trial_57_L_affected,affected,eav,Elbow angular velocity,deg/s,32.092380273058104,0.6604776232340023,1.1309240916432413,-0.016666666666666666
P10,trial_57_L_affected,affected,elbow,Elbow extension,deg,9.505204952427448,0.9474524434084068,2.1054910475487327,-0.016666666666666666
P10,trial_57_L_affected,affected,flex,Shoulder flexion,deg,4.989740336728705,0.9643263716424687,10.290993047422255,-0.016666666666666666
P10,trial_57_L_affected,affected,abd,Shoulder abduction,deg,7.446420995471986,0.17948863653749775,-10.75540620833301,-0.016666666666666666
P10,trial_57_L_affected,affected,trunk,Trunk displacement,mm,6.348582724859625,0.9342035408398737,10.263574066892332,-0.016666666666666666
P10,trial_58_L_affected,affected,eev,End-effector velocity,mm/s,157.12856261913757,0.6577690113895809,-32.04172100021129,-0.05
P10,trial_58_L_affected,affected,eav,Elbow angular velocity,deg/s,35.036785795296154,0.579052181624448,0.713174787796023,-0.05
P10,trial_58_L_affected,affected,elbow,Elbow extension,deg,10.656181276613212,0.9307912325527475,2.2326266145250897,-0.05
P10,trial_58_L_affected,affected,flex,Shoulder flexion,deg,5.3560163833707914,0.940630299398731,10.152574413499845,-0.05
P10,trial_58_L_affected,affected,abd,Shoulder abduction,deg,7.471982760236902,0.4020765963687169,-10.325470995314207,-0.05
P10,trial_58_L_affected,affected,trunk,Trunk displacement,mm,7.4505382926091,0.9374161970832501,9.748514753772943,-0.05
P10,trial_59_L_affected,affected,eev,End-effector velocity,mm/s,133.8348181123035,0.7411920510082604,-34.26509569892744,-0.03333333333333333
P10,trial_59_L_affected,affected,eav,Elbow angular velocity,deg/s,26.596414562289734,0.723372025902791,1.518649032542122,-0.03333333333333333
P10,trial_59_L_affected,affected,elbow,Elbow extension,deg,9.160175912967079,0.9536380375642117,1.8021340284028224,-0.03333333333333333
P10,trial_59_L_affected,affected,flex,Shoulder flexion,deg,5.4848123922094665,0.9348072715724774,10.02273616354992,-0.03333333333333333
P10,trial_59_L_affected,affected,abd,Shoulder abduction,deg,6.773622685743307,0.3621366335201489,-10.319810192850964,-0.03333333333333333
P10,trial_59_L_affected,affected,trunk,Trunk displacement,mm,6.421010006608142,0.9363298454113432,11.116815678438249,-0.03333333333333333
P10,trial_5_R_unaffected,unaffected,eev,End-effector velocity,mm/s,133.07260421464514,0.7520340293401387,-26.97886539607161,0.0
P10,trial_5_R_unaffected,unaffected,eav,Elbow angular velocity,deg/s,24.00664698546821,0.7734187606193483,4.404325638666488,0.0
P10,trial_5_R_unaffected,unaffected,elbow,Elbow extension,deg,7.729719350723223,0.9716499943967805,-2.20296920162154,0.0
P10,trial_5_R_unaffected,unaffected,flex,Shoulder flexion,deg,5.396686151192557,0.9300895317242026,5.411325248637416,0.0
P10,trial_5_R_unaffected,unaffected,abd,Shoulder abduction,deg,4.17821850952184,0.9058038502908383,-9.598948727277707,0.0
P10,trial_5_R_unaffected,unaffected,trunk,Trunk displacement,mm,10.092508590714061,0.9634013664087552,13.094872577911715,0.0
P10,trial_60_L_affected,affected,eev,End-effector velocity,mm/s,152.67500138570395,0.6577717387522777,-28.061169075627923,-0.016666666666666666
P10,trial_60_L_affected,affected,eav,Elbow angular velocity,deg/s,32.76879867048209,0.5892079743251589,1.6177247402370383,-0.016666666666666666
P10,trial_60_L_affected,affected,elbow,Elbow extension,deg,10.482418276691043,0.9349711462761822,0.5082456636922594,-0.016666666666666666
P10,trial_60_L_affected,affected,flex,Shoulder flexion,deg,4.98581736501774,0.9261124145874412,8.839378110035874,-0.016666666666666666
P10,trial_60_L_affected,affected,abd,Shoulder abduction,deg,3.46241421156316,0.8634102229719619,-6.5652321789624875,-0.016666666666666666
P10,trial_60_L_affected,affected,trunk,Trunk displacement,mm,7.340253484740572,0.9704293030108803,7.640733394984022,-0.016666666666666666
P10,trial_61_L_affected,affected,eev,End-effector velocity,mm/s,135.41973679558404,0.6989406874486426,-26.032549655554167,-0.03333333333333333
P10,trial_61_L_affected,affected,eav,Elbow angular velocity,deg/s,28.83738146816058,0.6584479297460927,2.107591913978463,-0.03333333333333333
P10,trial_61_L_affected,affected,elbow,Elbow extension,deg,9.686230652833821,0.9494770478876094,0.5172801058603564,-0.03333333333333333
P10,trial_61_L_affected,affected,flex,Shoulder flexion,deg,4.6445937248796385,0.9418376748176819,9.844750099377888,-0.03333333333333333
P10,trial_61_L_affected,affected,abd,Shoulder abduction,deg,4.032509065240174,0.7251950913549776,-8.003934327488935,-0.03333333333333333
P10,trial_61_L_affected,affected,trunk,Trunk displacement,mm,7.790859855912137,0.9546337024756484,9.113774660663054,-0.03333333333333333
P10,trial_62_L_affected,affected,eev,End-effector velocity,mm/s,130.40098846822124,0.7103499442799617,-28.69469556507211,-0.016666666666666666
P10,trial_62_L_affected,affected,eav,Elbow angular velocity,deg/s,28.363776541933678,0.6859816248040482,1.7318355522355453,-0.016666666666666666
P10,trial_62_L_affected,affected,elbow,Elbow extension,deg,9.650420547834015,0.9515400124762576,0.8035094703945413,-0.016666666666666666
P10,trial_62_L_affected,affected,flex,Shoulder flexion,deg,5.4244026865720025,0.9291925807894748,10.365254783570668,-0.016666666666666666
P10,trial_62_L_affected,affected,abd,Shoulder abduction,deg,4.3420775167978505,0.6527774387920455,-8.64536552847792,-0.016666666666666666
P10,trial_62_L_affected,affected,trunk,Trunk displacement,mm,6.250613111654417,0.9737921471588832,8.05339220738288,-0.016666666666666666
P10,trial_63_L_affected,affected,eev,End-effector velocity,mm/s,150.2399809505383,0.6425135756331308,-28.76868801761171,-0.03333333333333333
P10,trial_63_L_affected,affected,eav,Elbow angular velocity,deg/s,28.851919546215335,0.6687520639202277,1.6167849305292117,-0.03333333333333333
P10,trial_63_L_affected,affected,elbow,Elbow extension,deg,10.30299341777299,0.9359162942580102,1.2592261016592818,-0.03333333333333333
P10,trial_63_L_affected,affected,flex,Shoulder flexion,deg,5.144031626226409,0.9310065586549193,11.070344109379276,-0.03333333333333333
P10,trial_63_L_affected,affected,abd,Shoulder abduction,deg,4.69199722301429,0.5476432905878837,-8.135358087068532,-0.03333333333333333
P10,trial_63_L_affected,affected,trunk,Trunk displacement,mm,8.003619464040549,0.9353787751893365,10.668381749582108,-0.03333333333333333
P10,trial_64_L_affected,affected,eev,End-effector velocity,mm/s,134.20228293584591,0.7186366531136238,-27.42253864648289,-0.03333333333333333
P10,trial_64_L_affected,affected,eav,Elbow angular velocity,deg/s,28.787630288654725,0.6843529194055475,1.7720469588491283,-0.03333333333333333
P10,trial_64_L_affected,affected,elbow,Elbow extension,deg,10.065985266675362,0.9472453989803712,0.7316874025732678,-0.03333333333333333
P10,trial_64_L_affected,affected,flex,Shoulder flexion,deg,5.118705079657095,0.927634496813645,9.966453056126182,-0.03333333333333333
P10,trial_64_L_affected,affected,abd,Shoulder abduction,deg,5.124854810000956,0.6286953611765383,-9.089490879487313,-0.03333333333333333
P10,trial_64_L_affected,affected,trunk,Trunk displacement,mm,9.149082822045097,0.9424307714746603,12.649342118089592,-0.03333333333333333
P10,trial_65_L_affected,affected,eev,End-effector velocity,mm/s,158.2955573042277,0.6197588226239826,-31.937306685822705,-0.03333333333333333
P10,trial_65_L_affected,affected,eav,Elbow angular velocity,deg/s,33.82926934954525,0.5692813583945264,1.6816256089471007,-0.03333333333333333
P10,trial_65_L_affected,affected,elbow,Elbow extension,deg,11.025987135052128,0.9307709121751889,1.0485456425346462,-0.03333333333333333
P10,trial_65_L_affected,affected,flex,Shoulder flexion,deg,5.395656596886907,0.9101337067396964,10.761138508539279,-0.03333333333333333
P10,trial_65_L_affected,affected,abd,Shoulder abduction,deg,5.019024213482843,0.5111146219693102,-8.455496443116592,-0.03333333333333333
P10,trial_65_L_affected,affected,trunk,Trunk displacement,mm,9.486802535795961,0.8851171783907127,10.874989032757831,-0.03333333333333333
P10,trial_66_L_affected,affected,eev,End-effector velocity,mm/s,154.305556269836,0.6578941867466613,-29.896161171263206,-0.05
P10,trial_66_L_affected,affected,eav,Elbow angular velocity,deg/s,32.832744825635395,0.6394524651254335,1.5324777520335058,-0.05
P10,trial_66_L_affected,affected,elbow,Elbow extension,deg,10.976674773439887,0.9347494299980634,1.197119090401337,-0.05
P10,trial_66_L_affected,affected,flex,Shoulder flexion,deg,5.348303237098179,0.9275152409761527,9.546359135417257,-0.05
P10,trial_66_L_affected,affected,abd,Shoulder abduction,deg,4.488266634056156,0.6582907196560545,-9.035511116070653,-0.05
P10,trial_66_L_affected,affected,trunk,Trunk displacement,mm,9.233317920717052,0.9175272393357371,9.574215950070634,-0.05
P10,trial_67_L_affected,affected,eev,End-effector velocity,mm/s,154.54205507241065,0.6713548455399222,-30.53549189757825,0.0
P10,trial_67_L_affected,affected,eav,Elbow angular velocity,deg/s,33.97249093867633,0.6097055691002173,2.2745933718781424,0.0
P10,trial_67_L_affected,affected,elbow,Elbow extension,deg,10.292268457815585,0.9442269935772247,1.1522608661511935,0.0
P10,trial_67_L_affected,affected,flex,Shoulder flexion,deg,5.211273603482615,0.9231086331080519,11.667184882822596,0.0
P10,trial_67_L_affected,affected,abd,Shoulder abduction,deg,4.36660847029534,0.6480814286762017,-7.9038460197505085,0.0
P10,trial_67_L_affected,affected,trunk,Trunk displacement,mm,7.06664696165133,0.9577447877827479,8.77876025527528,0.0
P10,trial_68_L_affected,affected,eev,End-effector velocity,mm/s,146.4501529574533,0.707137745243995,-27.751968636929316,0.0
P10,trial_68_L_affected,affected,eav,Elbow angular velocity,deg/s,29.82208713371676,0.6883278530174753,1.6967553207180763,0.0
P10,trial_68_L_affected,affected,elbow,Elbow extension,deg,9.351294756032775,0.9509919567573446,0.9659017604690063,0.0
P10,trial_68_L_affected,affected,flex,Shoulder flexion,deg,4.930367586295413,0.9371543367794014,10.863854089633678,0.0
P10,trial_68_L_affected,affected,abd,Shoulder abduction,deg,4.647945894176652,0.651773336698593,-8.008141337745949,0.0
P10,trial_68_L_affected,affected,trunk,Trunk displacement,mm,6.799895720719291,0.9519490208733842,8.997434537366518,0.0
P10,trial_69_L_affected,affected,eev,End-effector velocity,mm/s,174.66650201165646,0.5723700302990704,-36.94377786423293,-0.03333333333333333
P10,trial_69_L_affected,affected,eav,Elbow angular velocity,deg/s,40.12818092036288,0.4972315568576216,2.164506985080568,-0.03333333333333333
P10,trial_69_L_affected,affected,elbow,Elbow extension,deg,12.5097365559036,0.9170595058796966,0.6387417063412816,-0.03333333333333333
P10,trial_69_L_affected,affected,flex,Shoulder flexion,deg,5.993509186140109,0.9012286689598585,10.522865487388906,-0.03333333333333333
P10,trial_69_L_affected,affected,abd,Shoulder abduction,deg,4.997951259490197,0.5908865498882823,-8.945159625161711,-0.03333333333333333
P10,trial_69_L_affected,affected,trunk,Trunk displacement,mm,6.412219748075888,0.9530967021108393,8.051782108412208,-0.03333333333333333
P10,trial_6_R_unaffected,unaffected,eev,End-effector velocity,mm/s,141.43151220114402,0.7131928454340938,-25.13917538268999,-0.016666666666666666
P10,trial_6_R_unaffected,unaffected,eav,Elbow angular velocity,deg/s,24.719513307170022,0.7464865968858575,4.276166374471489,-0.016666666666666666
P10,trial_6_R_unaffected,unaffected,elbow,Elbow extension,deg,8.491984712387309,0.964808976964913,-1.1462477714169461,-0.016666666666666666
P10,trial_6_R_unaffected,unaffected,flex,Shoulder flexion,deg,4.1989795586258,0.9351808812515012,6.673014592650359,-0.016666666666666666
P10,trial_6_R_unaffected,unaffected,abd,Shoulder abduction,deg,3.51415580860437,0.6243808490368261,-9.855262599874402,-0.016666666666666666
P10,trial_6_R_unaffected,unaffected,trunk,Trunk displacement,mm,9.79015470647645,0.9756376188125434,11.891687158964368,-0.016666666666666666
P10,trial_70_L_affected,affected,eev,End-effector velocity,mm/s,151.0772177059376,0.7054058446716468,-32.63849084276266,-0.016666666666666666
P10,trial_70_L_affected,affected,eav,Elbow angular velocity,deg/s,34.70894729680057,0.6048596473608215,1.9504060515176622,-0.016666666666666666
P10,trial_70_L_affected,affected,elbow,Elbow extension,deg,10.210748266445203,0.9360604990700808,1.723855305941522,-0.016666666666666666
P10,trial_70_L_affected,affected,flex,Shoulder flexion,deg,5.115401928654531,0.9388237043449903,10.285201150675771,-0.016666666666666666
P10,trial_70_L_affected,affected,abd,Shoulder abduction,deg,4.8419852953835365,0.7162362881560834,-8.26130668864178,-0.016666666666666666
P10,trial_70_L_affected,affected,trunk,Trunk displacement,mm,9.35219818728616,0.9570209199190385,12.661441212476536,-0.016666666666666666
P10,trial_71_L_affected,affected,eev,End-effector velocity,mm/s,145.09481809423636,0.7223039798367155,-33.52565917197977,-0.016666666666666666
P10,trial_71_L_affected,affected,eav,Elbow angular velocity,deg/s,31.009042650505098,0.6694998819797877,1.8015766313676873,-0.016666666666666666
P10,trial_71_L_affected,affected,elbow,Elbow extension,deg,9.287419114973062,0.9481808186652587,0.965759521129715,-0.016666666666666666
P10,trial_71_L_affected,affected,flex,Shoulder flexion,deg,5.267408916262266,0.939015686301936,10.927715106057425,-0.016666666666666666
P10,trial_71_L_affected,affected,abd,Shoulder abduction,deg,4.605566557424995,0.688069350798905,-8.395117167106077,-0.016666666666666666
P10,trial_71_L_affected,affected,trunk,Trunk displacement,mm,7.874202340799606,0.952743513491116,11.398147205548376,-0.016666666666666666
P10,trial_72_L_affected,affected,eev,End-effector velocity,mm/s,143.2785338844197,0.7215806137673773,-38.665822980601355,0.0
P10,trial_72_L_affected,affected,eav,Elbow angular velocity,deg/s,28.680566254059293,0.6893027067519274,1.6615604677103655,0.0
P10,trial_72_L_affected,affected,elbow,Elbow extension,deg,9.595294423883313,0.9457723458368061,2.1072794314803405,0.0
P10,trial_72_L_affected,affected,flex,Shoulder flexion,deg,4.571195086487977,0.9456126213085723,10.72444032350402,0.0
P10,trial_72_L_affected,affected,abd,Shoulder abduction,deg,5.245276573627157,0.5953847284390454,-9.341790187669528,0.0
P10,trial_72_L_affected,affected,trunk,Trunk displacement,mm,8.032443922067557,0.9542058472824021,3.5007308541694444,0.0
P10,trial_73_L_affected,affected,eev,End-effector velocity,mm/s,150.07683385012027,0.7227252512172297,-37.13635333025366,0.03333333333333333
P10,trial_73_L_affected,affected,eav,Elbow angular velocity,deg/s,29.777142243150635,0.6997446746430487,1.0222882767280472,0.03333333333333333
P10,trial_73_L_affected,affected,elbow,Elbow extension,deg,9.063833523678237,0.9537953948641288,0.9894069865197301,0.03333333333333333
P10,trial_73_L_affected,affected,flex,Shoulder flexion,deg,3.9253170597332163,0.9554981034680059,10.12344865738157,0.03333333333333333
P10,trial_73_L_affected,affected,abd,Shoulder abduction,deg,4.339282467156319,0.7583200683342206,-6.699998662326256,0.03333333333333333
P10,trial_73_L_affected,affected,trunk,Trunk displacement,mm,8.736431062722607,0.9367358208162944,10.86170634880979,0.03333333333333333
P10,trial_74_L_affected,affected,eev,End-effector velocity,mm/s,173.89258317994663,0.6260022685454606,-39.130427847075154,-0.05
P10,trial_74_L_affected,affected,eav,Elbow angular velocity,deg/s,37.63631044529173,0.5263206132351866,1.7736285585891647,-0.05
P10,trial_74_L_affected,affected,elbow,Elbow extension,deg,11.642378176590197,0.9222170207506407,1.538588343174691,-0.05
P10,trial_74_L_affected,affected,flex,Shoulder flexion,deg,4.814184675205305,0.9335338398574663,11.324444763962264,-0.05
P10,trial_74_L_affected,affected,abd,Shoulder abduction,deg,6.267681212076496,0.51686708108936,-9.148730094044565,-0.05
P10,trial_74_L_affected,affected,trunk,Trunk displacement,mm,9.98943179175451,0.9189325856717576,7.198744846753381,-0.05
P10,trial_75_L_affected,affected,eev,End-effector velocity,mm/s,145.22552957371627,0.748588376185612,-34.379424637925965,0.0
P10,trial_75_L_affected,affected,eav,Elbow angular velocity,deg/s,31.769073079277014,0.6839920291974909,1.433951044982334,0.0
P10,trial_75_L_affected,affected,elbow,Elbow extension,deg,9.547871889025807,0.9546813299069428,1.1190063874339542,0.0
P10,trial_75_L_affected,affected,flex,Shoulder flexion,deg,4.330813506427907,0.9516093738020698,10.85779511808414,0.0
P10,trial_75_L_affected,affected,abd,Shoulder abduction,deg,5.867938659490183,0.6382782942416247,-8.803718410031944,0.0
P10,trial_75_L_affected,affected,trunk,Trunk displacement,mm,8.231840524763332,0.9375449192177813,10.046837358557209,0.0
P10,trial_77_L_affected,affected,eev,End-effector velocity,mm/s,173.24857279301267,0.6396139416352478,-41.828901167921885,-0.016666666666666666
P10,trial_77_L_affected,affected,eav,Elbow angular velocity,deg/s,37.263138458083255,0.5708567045849462,0.9363367217590111,-0.016666666666666666
P10,trial_77_L_affected,affected,elbow,Elbow extension,deg,10.915229181591814,0.930637129687607,0.755667863211182,-0.016666666666666666
P10,trial_77_L_affected,affected,flex,Shoulder flexion,deg,4.8224294608164335,0.9415174478079975,8.731739569871102,-0.016666666666666666
P10,trial_77_L_affected,affected,abd,Shoulder abduction,deg,5.19028085370396,0.610830911773914,-7.491955350497988,-0.016666666666666666
P10,trial_77_L_affected,affected,trunk,Trunk displacement,mm,9.424207769851368,0.9304362425705924,14.142133770894858,-0.016666666666666666
P10,trial_78_L_affected,affected,eev,End-effector velocity,mm/s,134.30091047990936,0.7529723314485406,-36.67544265982274,0.0
P10,trial_78_L_affected,affected,eav,Elbow angular velocity,deg/s,30.672876688755903,0.6782802685434878,1.6589605431050376,0.0
P10,trial_78_L_affected,affected,elbow,Elbow extension,deg,9.465647668142742,0.9515554817446532,1.7557412320683565,0.0
P10,trial_78_L_affected,affected,flex,Shoulder flexion,deg,4.750839335207766,0.9645480274784272,8.71101584671446,0.0
P10,trial_78_L_affected,affected,abd,Shoulder abduction,deg,5.383968180749036,0.5660700277305958,-8.604272637166355,0.0
P10,trial_78_L_affected,affected,trunk,Trunk displacement,mm,7.08092985806691,0.9479947325191742,8.21026404383059,0.0
P10,trial_79_L_affected,affected,eev,End-effector velocity,mm/s,165.68535220068426,0.666852877849814,-38.89976682999905,-0.016666666666666666
P10,trial_79_L_affected,affected,eav,Elbow angular velocity,deg/s,34.96851956404753,0.6121251297922508,1.970341873472795,-0.016666666666666666
P10,trial_79_L_affected,affected,elbow,Elbow extension,deg,10.333961849667201,0.9362090554826384,1.668199206895651,-0.016666666666666666
P10,trial_79_L_affected,affected,flex,Shoulder flexion,deg,5.521562754548414,0.9443078393416491,9.168520562250297,-0.016666666666666666
P10,trial_79_L_affected,affected,abd,Shoulder abduction,deg,5.055904198826619,0.6717489335351435,-8.698338135013064,-0.016666666666666666
P10,trial_79_L_affected,affected,trunk,Trunk displacement,mm,7.836586601271913,0.929960686228975,11.025846437097446,-0.016666666666666666
P10,trial_7_R_unaffected,unaffected,eev,End-effector velocity,mm/s,136.4506395835558,0.7169284931040142,-24.341729412372324,0.0
P10,trial_7_R_unaffected,unaffected,eav,Elbow angular velocity,deg/s,23.421963604434673,0.7696865204296822,2.887931237731744,0.0
P10,trial_7_R_unaffected,unaffected,elbow,Elbow extension,deg,7.834274570902073,0.9669754577430647,-1.7542658440276768,0.0
P10,trial_7_R_unaffected,unaffected,flex,Shoulder flexion,deg,4.2423997443297505,0.9418535505175258,7.601755119575524,0.0
P10,trial_7_R_unaffected,unaffected,abd,Shoulder abduction,deg,3.6149967580832247,0.7027251953367747,-8.772759757780518,0.0
P10,trial_7_R_unaffected,unaffected,trunk,Trunk displacement,mm,8.652219016133579,0.9713332106223671,9.258479209260202,0.0
P10,trial_80_L_affected,affected,eev,End-effector velocity,mm/s,144.06968867216906,0.7397653886639071,-33.18156632781498,0.0
P10,trial_80_L_affected,affected,eav,Elbow angular velocity,deg/s,27.249685282503478,0.7366161989614648,1.483836293370739,0.0
P10,trial_80_L_affected,affected,elbow,Elbow extension,deg,9.7846167864108,0.947557087279092,0.3583694199750145,0.0
P10,trial_80_L_affected,affected,flex,Shoulder flexion,deg,4.672346661066678,0.9542790398074942,9.596077903125863,0.0
P10,trial_80_L_affected,affected,abd,Shoulder abduction,deg,4.932867760777859,0.677820485695566,-6.4223251025884585,0.0
P10,trial_80_L_affected,affected,trunk,Trunk displacement,mm,8.812590603655831,0.9527545994606674,13.370642757634599,0.0
P10,trial_81_L_affected,affected,eev,End-effector velocity,mm/s,158.87401245898235,0.6982259567171175,-32.30969714842671,0.0
P10,trial_81_L_affected,affected,eav,Elbow angular velocity,deg/s,32.916202080062675,0.6666069717707707,2.451393492371735,0.0
P10,trial_81_L_affected,affected,elbow,Elbow extension,deg,9.961154437818985,0.9429448471802248,1.628797898535944,0.0
P10,trial_81_L_affected,affected,flex,Shoulder flexion,deg,5.247616276403189,0.9458215200686135,10.269538613765732,0.0
P10,trial_81_L_affected,affected,abd,Shoulder abduction,deg,4.9989347721247865,0.6682295106684409,-7.793149343653891,0.0
P10,trial_81_L_affected,affected,trunk,Trunk displacement,mm,6.469344480022391,0.9497871449226692,7.941398615713715,0.0
P10,trial_82_L_affected,affected,eev,End-effector velocity,mm/s,145.07928104787592,0.7608426006431201,-38.64155631128873,0.016666666666666666
P10,trial_82_L_affected,affected,eav,Elbow angular velocity,deg/s,32.17386605047555,0.6807588767635823,1.727192226587807,0.016666666666666666
P10,trial_82_L_affected,affected,elbow,Elbow extension,deg,8.968057418636972,0.9539533106053089,1.5607799206765918,0.016666666666666666
P10,trial_82_L_affected,affected,flex,Shoulder flexion,deg,5.368875875425324,0.9641070519064403,9.748112324873663,0.016666666666666666
P10,trial_82_L_affected,affected,abd,Shoulder abduction,deg,5.165940096745527,0.6551593690279789,-8.160957778862056,0.016666666666666666
P10,trial_82_L_affected,affected,trunk,Trunk displacement,mm,5.541890087257576,0.9744032798199475,9.838542859885864,0.016666666666666666
P10,trial_83_L_affected,affected,eev,End-effector velocity,mm/s,126.18701561115448,0.7958746491882558,-30.38545067199907,0.016666666666666666
P10,trial_83_L_affected,affected,eav,Elbow angular velocity,deg/s,25.80379490192864,0.745827651558308,1.6168441734358916,0.016666666666666666
P10,trial_83_L_affected,affected,elbow,Elbow extension,deg,7.456898943576703,0.9629403327609296,2.289710756683267,0.016666666666666666
P10,trial_83_L_affected,affected,flex,Shoulder flexion,deg,4.657689455685742,0.9689237866195713,9.377039602682343,0.016666666666666666
P10,trial_83_L_affected,affected,abd,Shoulder abduction,deg,4.116442325343734,0.797847571768636,-7.737183046599819,0.016666666666666666
P10,trial_83_L_affected,affected,trunk,Trunk displacement,mm,4.94107951505177,0.98304523113386,6.21098629488718,0.016666666666666666
P10,trial_8_R_unaffected,unaffected,eev,End-effector velocity,mm/s,133.78258508085946,0.7292517079682527,-25.754794766158824,0.016666666666666666
P10,trial_8_R_unaffected,unaffected,eav,Elbow angular velocity,deg/s,21.92314009750625,0.8134064698645675,2.4653714825186017,0.016666666666666666
P10,trial_8_R_unaffected,unaffected,elbow,Elbow extension,deg,7.339617039814706,0.9712654818787639,-1.217057888121761,0.016666666666666666
P10,trial_8_R_unaffected,unaffected,flex,Shoulder flexion,deg,4.162688452068984,0.9411609699378375,7.377972401983206,0.016666666666666666
P10,trial_8_R_unaffected,unaffected,abd,Shoulder abduction,deg,3.7255845721590957,0.7326504644229764,-8.611931407605537,0.016666666666666666
P10,trial_8_R_unaffected,unaffected,trunk,Trunk displacement,mm,6.98469826582138,0.975819985108946,11.535102225395072,0.016666666666666666
P10,trial_9_R_unaffected,unaffected,eev,End-effector velocity,mm/s,162.44147300347126,0.6399671110884299,-31.719000960872272,0.0
P10,trial_9_R_unaffected,unaffected,eav,Elbow angular velocity,deg/s,28.608838209601277,0.7097191654596671,1.818700089937801,0.0
P10,trial_9_R_unaffected,unaffected,elbow,Elbow extension,deg,8.727442116815139,0.9559665688933568,-1.210231064713608,0.0
P10,trial_9_R_unaffected,unaffected,flex,Shoulder flexion,deg,4.716144689953144,0.9208829158495826,6.048724745771107,0.0
P10,trial_9_R_unaffected,unaffected,abd,Shoulder abduction,deg,4.1621013403911995,0.7160106772684299,-8.93680390053538,0.0
P10,trial_9_R_unaffected,unaffected,trunk,Trunk displacement,mm,9.635838407756086,0.9521280688544591,12.403590812225174,0.0
P12,trial_10_L_unaffected,unaffected,eev,End-effector velocity,mm/s,275.40204195301146,0.6456986363788169,-32.209534005038044,0.016666666666666666
P12,trial_10_L_unaffected,unaffected,eav,Elbow angular velocity,deg/s,52.16666263135097,0.575429062276976,2.8039588909997493,0.016666666666666666
P12,trial_10_L_unaffected,unaffected,elbow,Elbow extension,deg,12.164842605519373,0.9163982137316007,3.0013756031175363,0.016666666666666666
P12,trial_10_L_unaffected,unaffected,flex,Shoulder flexion,deg,13.884300289691469,0.8423720999267222,6.152939216622128,0.016666666666666666
P12,trial_10_L_unaffected,unaffected,abd,Shoulder abduction,deg,9.865462300833878,0.32386180276058135,-4.066056879750266,0.016666666666666666
P12,trial_10_L_unaffected,unaffected,trunk,Trunk displacement,mm,10.899179366241873,-0.10224731394713577,12.967334697527788,0.016666666666666666
P12,trial_11_L_unaffected,unaffected,eev,End-effector velocity,mm/s,262.9291688541958,0.6859472831987207,-26.39752192826521,0.016666666666666666
P12,trial_11_L_unaffected,unaffected,eav,Elbow angular velocity,deg/s,46.60730691452065,0.6734075593282141,1.777568542876864,0.016666666666666666
P12,trial_11_L_unaffected,unaffected,elbow,Elbow extension,deg,11.213964023430519,0.9339397121642413,3.667946814384902,0.016666666666666666
P12,trial_11_L_unaffected,unaffected,flex,Shoulder flexion,deg,14.031113874012439,0.8470715154362455,6.230650347566055,0.016666666666666666
P12,trial_11_L_unaffected,unaffected,abd,Shoulder abduction,deg,10.030244849265417,0.40499703450315505,-3.422237556114405,0.016666666666666666
P12,trial_11_L_unaffected,unaffected,trunk,Trunk displacement,mm,7.573272515350088,0.13951207180021286,10.249074343280018,0.016666666666666666
P12,trial_12_L_unaffected,unaffected,eev,End-effector velocity,mm/s,276.61134354573267,0.6263958698892237,-26.174484097895192,0.016666666666666666
P12,trial_12_L_unaffected,unaffected,eav,Elbow angular velocity,deg/s,50.82178654898288,0.6160283529383855,2.433811820589185,0.016666666666666666
P12,trial_12_L_unaffected,unaffected,elbow,Elbow extension,deg,12.459537336569259,0.9222226017917624,3.433228066106178,0.016666666666666666
P12,trial_12_L_unaffected,unaffected,flex,Shoulder flexion,deg,13.475648004077092,0.8608716962405432,6.2900059496218805,0.016666666666666666
P12,trial_12_L_unaffected,unaffected,abd,Shoulder abduction,deg,7.5450196042691156,0.5498958522052908,-2.0196874226504526,0.016666666666666666
P12,trial_12_L_unaffected,unaffected,trunk,Trunk displacement,mm,6.417648555316185,0.09959821856843688,11.970068997261176,0.016666666666666666
P12,trial_13_L_unaffected,unaffected,eev,End-effector velocity,mm/s,247.46612208966363,0.7034603496544558,-29.59312824413703,0.016666666666666666
P12,trial_13_L_unaffected,unaffected,eav,Elbow angular velocity,deg/s,44.57444575432644,0.6860035048512976,2.710293194461294,0.016666666666666666
P12,trial_13_L_unaffected,unaffected,elbow,Elbow extension,deg,10.867768495226992,0.9354655533526247,2.9772489937034403,0.016666666666666666
P12,trial_13_L_unaffected,unaffected,flex,Shoulder flexion,deg,14.749311412447492,0.8295278776508487,5.204437087154905,0.016666666666666666
P12,trial_13_L_unaffected,unaffected,abd,Shoulder abduction,deg,8.366918228399236,0.47132200700954646,-2.12712332830472,0.016666666666666666
P12,trial_13_L_unaffected,unaffected,trunk,Trunk displacement,mm,7.9041378383490635,-0.036917056285776906,15.503758528100642,0.016666666666666666
P12,trial_14_L_unaffected,unaffected,eev,End-effector velocity,mm/s,281.15351306312016,0.6716550432822926,-29.094242432781463,0.03333333333333333
P12,trial_14_L_unaffected,unaffected,eav,Elbow angular velocity,deg/s,49.400956940867815,0.6670898951012203,2.8433890152172605,0.03333333333333333
P12,trial_14_L_unaffected,unaffected,elbow,Elbow extension,deg,12.036086176128837,0.9301196359085042,2.984079252369397,0.03333333333333333
P12,trial_14_L_unaffected,unaffected,flex,Shoulder flexion,deg,14.30463416399777,0.8562417847065888,5.258429653540975,0.03333333333333333
P12,trial_14_L_unaffected,unaffected,abd,Shoulder abduction,deg,7.939411696437648,0.5958716560414977,-2.525012942620985,0.03333333333333333
P12,trial_14_L_unaffected,unaffected,trunk,Trunk displacement,mm,11.385674304965034,-0.4949030573846092,22.354620161207734,0.03333333333333333
P12,trial_15_L_unaffected,unaffected,eev,End-effector velocity,mm/s,282.6883772808996,0.6332285393309406,-27.63839985377724,0.016666666666666666
P12,trial_15_L_unaffected,unaffected,eav,Elbow angular velocity,deg/s,48.29955805880264,0.6369595168375022,2.952891607559344,0.016666666666666666
P12,trial_15_L_unaffected,unaffected,elbow,Elbow extension,deg,11.668290093142925,0.9287996402579533,3.3858259484487307,0.016666666666666666
P12,trial_15_L_unaffected,unaffected,flex,Shoulder flexion,deg,14.707048421830066,0.8424603646904952,5.772246417555866,0.016666666666666666
P12,trial_15_L_unaffected,unaffected,abd,Shoulder abduction,deg,8.371505395414717,0.3320138484819697,-2.425502001295834,0.016666666666666666
P12,trial_15_L_unaffected,unaffected,trunk,Trunk displacement,mm,8.324036691979595,-0.1524862734859965,15.739501119321117,0.016666666666666666
P12,trial_16_L_unaffected,unaffected,eev,End-effector velocity,mm/s,297.226789091066,0.560590852388992,-26.982315330507422,0.016666666666666666
P12,trial_16_L_unaffected,unaffected,eav,Elbow angular velocity,deg/s,48.095070293490565,0.6081653058957815,2.7915878220184065,0.016666666666666666
P12,trial_16_L_unaffected,unaffected,elbow,Elbow extension,deg,12.270131001372722,0.9197404415461914,3.1346712261195493,0.016666666666666666
P12,trial_16_L_unaffected,unaffected,flex,Shoulder flexion,deg,13.816527615858424,0.8165173712165613,5.904684959970748,0.016666666666666666
P12,trial_16_L_unaffected,unaffected,abd,Shoulder abduction,deg,8.574109918852727,0.3175231145660307,-3.0779537907219363,0.016666666666666666
P12,trial_16_L_unaffected,unaffected,trunk,Trunk displacement,mm,7.563583579379303,-0.2282735553877398,10.064839760266084,0.016666666666666666
P12,trial_17_L_unaffected,unaffected,eev,End-effector velocity,mm/s,269.76000440971825,0.64172689203728,-26.487372305134464,0.03333333333333333
P12,trial_17_L_unaffected,unaffected,eav,Elbow angular velocity,deg/s,45.862524099874605,0.6515040045404262,3.03095862456853,0.03333333333333333
P12,trial_17_L_unaffected,unaffected,elbow,Elbow extension,deg,11.739124634512192,0.9313995914458252,2.729592647821514,0.03333333333333333
P12,trial_17_L_unaffected,unaffected,flex,Shoulder flexion,deg,13.56437617905865,0.8587756820452144,4.635717228419627,0.03333333333333333
P12,trial_17_L_unaffected,unaffected,abd,Shoulder abduction,deg,8.104517539236577,0.5706326890500393,-2.878431921032298,0.03333333333333333
P12,trial_17_L_unaffected,unaffected,trunk,Trunk displacement,mm,7.846418480120099,-0.020022433706808788,14.369082459044268,0.03333333333333333
P12,trial_18_L_unaffected,unaffected,eev,End-effector velocity,mm/s,260.5919005720917,0.6605130961029981,-23.66900717340618,0.03333333333333333
P12,trial_18_L_unaffected,unaffected,eav,Elbow angular velocity,deg/s,45.04041958776877,0.6558172761886907,2.4510845925891593,0.03333333333333333
P12,trial_18_L_unaffected,unaffected,elbow,Elbow extension,deg,11.276799511695073,0.9332836101453655,3.4075958154314088,0.03333333333333333
P12,trial_18_L_unaffected,unaffected,flex,Shoulder flexion,deg,13.121365847629095,0.8402578435490429,6.351373453856711,0.03333333333333333
P12,trial_18_L_unaffected,unaffected,abd,Shoulder abduction,deg,9.880790253618324,0.3850651154352283,-3.1721341799689418,0.03333333333333333
P12,trial_18_L_unaffected,unaffected,trunk,Trunk displacement,mm,9.671154995693392,-0.4422763174522063,19.58316904930367,0.03333333333333333
P12,trial_19_L_unaffected,unaffected,eev,End-effector velocity,mm/s,277.0021887858631,0.6072262461938707,-20.89913237180435,0.0
P12,trial_19_L_unaffected,unaffected,eav,Elbow angular velocity,deg/s,48.37614009811924,0.5925371955056175,2.1254972034499104,0.0
P12,trial_19_L_unaffected,unaffected,elbow,Elbow extension,deg,12.42263545448049,0.9167026738455559,2.8416428871284656,0.0
P12,trial_19_L_unaffected,unaffected,flex,Shoulder flexion,deg,14.460396659948099,0.8364052791769119,6.421225017081982,0.0
P12,trial_19_L_unaffected,unaffected,abd,Shoulder abduction,deg,7.624281203739061,0.5746395480487202,-2.1967348397324966,0.0
P12,trial_19_L_unaffected,unaffected,trunk,Trunk displacement,mm,5.6107986035002515,0.262510596526493,7.889651691735839,0.0
P12,trial_1_L_unaffected,unaffected,eev,End-effector velocity,mm/s,181.12408114299424,0.7230253634452963,-22.397629167034168,0.0
P12,trial_1_L_unaffected,unaffected,eav,Elbow angular velocity,deg/s,34.60300017149698,0.6843155274216344,2.3079466027646096,0.0
P12,trial_1_L_unaffected,unaffected,elbow,Elbow extension,deg,9.501441239873296,0.9347320875688461,3.0074542866308787,0.0
P12,trial_1_L_unaffected,unaffected,flex,Shoulder flexion,deg,13.536662865561883,0.879668559830595,7.217337193942332,0.0
P12,trial_1_L_unaffected,unaffected,abd,Shoulder abduction,deg,7.711348709702638,-0.10389495606648129,-1.8562906337879252,0.0
P12,trial_1_L_unaffected,unaffected,trunk,Trunk displacement,mm,4.3373192098033195,0.8486694979013879,5.789683916186453,0.0
P12,trial_20_L_unaffected,unaffected,eev,End-effector velocity,mm/s,259.1389947378128,0.6475635506085609,-21.224856815990677,0.03333333333333333
P12,trial_20_L_unaffected,unaffected,eav,Elbow angular velocity,deg/s,44.747015560087725,0.6503968169178108,1.469508557030557,0.03333333333333333
P12,trial_20_L_unaffected,unaffected,elbow,Elbow extension,deg,10.971922121254385,0.9377209373633812,3.295969375923738,0.03333333333333333
P12,trial_20_L_unaffected,unaffected,flex,Shoulder flexion,deg,13.909221041112408,0.8746537350003554,4.560613241256037,0.03333333333333333
P12,trial_20_L_unaffected,unaffected,abd,Shoulder abduction,deg,8.566044463276866,0.4266628749967766,-3.764109417257553,0.03333333333333333
P12,trial_20_L_unaffected,unaffected,trunk,Trunk displacement,mm,6.013651969751146,0.22140824193298497,7.670075702661014,0.03333333333333333
P12,trial_21_L_unaffected,unaffected,eev,End-effector velocity,mm/s,265.726128282057,0.6120751739017092,-26.246467971302902,0.016666666666666666
P12,trial_21_L_unaffected,unaffected,eav,Elbow angular velocity,deg/s,47.339241469340436,0.6029939885699968,1.8791376418819625,0.016666666666666666
P12,trial_21_L_unaffected,unaffected,elbow,Elbow extension,deg,12.761482048989757,0.920976685873367,3.4348113817286685,0.016666666666666666
P12,trial_21_L_unaffected,unaffected,flex,Shoulder flexion,deg,13.472115141366851,0.8292858081761147,4.187629104189755,0.016666666666666666
P12,trial_21_L_unaffected,unaffected,abd,Shoulder abduction,deg,7.91665884505783,0.4730382347940253,-2.2757852565095558,0.016666666666666666
P12,trial_21_L_unaffected,unaffected,trunk,Trunk displacement,mm,6.996944574931421,-0.03681364432619464,16.516547582821147,0.016666666666666666
P12,trial_22_L_unaffected,unaffected,eev,End-effector velocity,mm/s,252.57177572379098,0.6538380104731569,-56.99697515377383,0.0
P12,trial_22_L_unaffected,unaffected,eav,Elbow angular velocity,deg/s,50.012590232083824,0.5805713215780395,2.561291154263501,0.0
P12,trial_22_L_unaffected,unaffected,elbow,Elbow extension,deg,12.814543250592003,0.9250602202318281,3.36576499684582,0.0
P12,trial_22_L_unaffected,unaffected,flex,Shoulder flexion,deg,12.824665988437324,0.8046900464476041,3.5355433676599084,0.0
P12,trial_22_L_unaffected,unaffected,abd,Shoulder abduction,deg,8.173699523520678,0.4130309151369966,-3.901576185871597,0.0
P12,trial_22_L_unaffected,unaffected,trunk,Trunk displacement,mm,6.236176326921906,0.20825178879629325,9.324920118649286,0.0
P12,trial_23_L_unaffected,unaffected,eev,End-effector velocity,mm/s,215.76585819194884,0.7186148215362764,-22.256657042052826,0.03333333333333333
P12,trial_23_L_unaffected,unaffected,eav,Elbow angular velocity,deg/s,35.999338165178564,0.7222903964372206,2.6867739066083067,0.03333333333333333
P12,trial_23_L_unaffected,unaffected,elbow,Elbow extension,deg,9.455111640734822,0.956080131341079,2.9170108922480296,0.03333333333333333
P12,trial_23_L_unaffected,unaffected,flex,Shoulder flexion,deg,14.143049882971605,0.8532795160314116,5.129500347937628,0.03333333333333333
P12,trial_23_L_unaffected,unaffected,abd,Shoulder abduction,deg,7.98875374283119,0.3777129558662998,-3.285390941990826,0.03333333333333333
P12,trial_23_L_unaffected,unaffected,trunk,Trunk displacement,mm,8.601563423446468,0.13601587842251975,17.491640193222125,0.03333333333333333
P12,trial_24_L_unaffected,unaffected,eev,End-effector velocity,mm/s,247.8870395173851,0.6579773256485317,-22.073003506726643,0.016666666666666666
P12,trial_24_L_unaffected,unaffected,eav,Elbow angular velocity,deg/s,41.63506475783676,0.6902213298532514,1.3499077629669705,0.016666666666666666
P12,trial_24_L_unaffected,unaffected,elbow,Elbow extension,deg,10.80508665217563,0.9369320535511633,4.046456765530479,0.016666666666666666
P12,trial_24_L_unaffected,unaffected,flex,Shoulder flexion,deg,13.104324957325197,0.8645537103308788,6.847477373251339,0.016666666666666666
P12,trial_24_L_unaffected,unaffected,abd,Shoulder abduction,deg,9.640441795850132,0.2935585615372363,-4.7850183771136185,0.016666666666666666
P12,trial_24_L_unaffected,unaffected,trunk,Trunk displacement,mm,6.230996468798523,0.33256026915270115,9.619315099784524,0.016666666666666666
P12,trial_25_L_unaffected,unaffected,eev,End-effector velocity,mm/s,267.71009152829254,0.6665189822778061,-29.06707452314494,0.03333333333333333
P12,trial_25_L_unaffected,unaffected,eav,Elbow angular velocity,deg/s,48.08781507965135,0.6392731930908823,3.0388215818145587,0.03333333333333333
P12,trial_25_L_unaffected,unaffected,elbow,Elbow extension,deg,11.252823672731534,0.9298002048432997,4.164673127745173,0.03333333333333333
P12,trial_25_L_unaffected,unaffected,flex,Shoulder flexion,deg,14.180247183273583,0.8688980592655556,6.138341647333176,0.03333333333333333
P12,trial_25_L_unaffected,unaffected,abd,Shoulder abduction,deg,9.545589359731864,0.2631794904372007,-4.532796285496742,0.03333333333333333
P12,trial_25_L_unaffected,unaffected,trunk,Trunk displacement,mm,8.221537581744196,-0.19901562117745542,14.416903457449369,0.03333333333333333
P12,trial_26_L_unaffected,unaffected,eev,End-effector velocity,mm/s,259.39580370750133,0.6364509317794559,-33.793462943552655,0.016666666666666666
P12,trial_26_L_unaffected,unaffected,eav,Elbow angular velocity,deg/s,45.43264421317122,0.6546074527499645,3.6151429816511835,0.016666666666666666
P12,trial_26_L_unaffected,unaffected,elbow,Elbow extension,deg,12.747122809967022,0.9205796540331275,3.2822685038668995,0.016666666666666666
P12,trial_26_L_unaffected,unaffected,flex,Shoulder flexion,deg,13.667061113233345,0.8407566921356147,4.828881413429164,0.016666666666666666
P12,trial_26_L_unaffected,unaffected,abd,Shoulder abduction,deg,8.586094856418748,0.6555957563508412,-3.7590686669018964,0.016666666666666666
P12,trial_26_L_unaffected,unaffected,trunk,Trunk displacement,mm,9.604326238100636,-0.47654471047927116,20.363440562088265,0.016666666666666666
P12,trial_27_L_unaffected,unaffected,eev,End-effector velocity,mm/s,259.14029930032365,0.6216152436748068,-27.126731000912372,0.016666666666666666
P12,trial_27_L_unaffected,unaffected,eav,Elbow angular velocity,deg/s,44.08928056620089,0.6272782072678855,1.8643246633416246,0.016666666666666666
P12,trial_27_L_unaffected,unaffected,elbow,Elbow extension,deg,11.772605516917928,0.9316835614096765,3.174733924898184,0.016666666666666666
P12,trial_27_L_unaffected,unaffected,flex,Shoulder flexion,deg,13.406208453763698,0.8761750826323911,5.691502115174293,0.016666666666666666
P12,trial_27_L_unaffected,unaffected,abd,Shoulder abduction,deg,11.541284116701373,0.36367607449411243,-6.890331601900167,0.016666666666666666
P12,trial_27_L_unaffected,unaffected,trunk,Trunk displacement,mm,8.810487587695857,-0.3886007189042306,16.614232787172774,0.016666666666666666
P12,trial_28_L_unaffected,unaffected,eev,End-effector velocity,mm/s,284.26149657395933,0.5875523058585106,-31.08282719879094,0.016666666666666666
P12,trial_28_L_unaffected,unaffected,eav,Elbow angular velocity,deg/s,50.51309199581278,0.5768770461019672,2.2580724053764785,0.016666666666666666
P12,trial_28_L_unaffected,unaffected,elbow,Elbow extension,deg,12.39218628568768,0.9225471462378151,2.9962854672651775,0.016666666666666666
P12,trial_28_L_unaffected,unaffected,flex,Shoulder flexion,deg,14.130363217671245,0.8411691224011609,5.693034502842167,0.016666666666666666
P12,trial_28_L_unaffected,unaffected,abd,Shoulder abduction,deg,10.205463100517223,0.3684362275243872,-5.272375145205204,0.016666666666666666
P12,trial_28_L_unaffected,unaffected,trunk,Trunk displacement,mm,9.866414779749789,-0.21131903212751346,18.216672162835554,0.016666666666666666
P12,trial_29_L_unaffected,unaffected,eev,End-effector velocity,mm/s,290.9451779368344,0.6060338160056583,-28.88751510924056,0.016666666666666666
P12,trial_29_L_unaffected,unaffected,eav,Elbow angular velocity,deg/s,50.79251385640218,0.589717709539465,3.896822819564463,0.016666666666666666
P12,trial_29_L_unaffected,unaffected,elbow,Elbow extension,deg,12.752215494060959,0.9143307239516302,3.406755873939061,0.016666666666666666
P12,trial_29_L_unaffected,unaffected,flex,Shoulder flexion,deg,15.215264009436321,0.8612588960894683,5.97089979875645,0.016666666666666666
P12,trial_29_L_unaffected,unaffected,abd,Shoulder abduction,deg,10.17101160659984,0.4520849051554987,-4.048991608233939,0.016666666666666666
P12,trial_29_L_unaffected,unaffected,trunk,Trunk displacement,mm,8.987698662293125,0.04884980770686835,20.719058418914752,0.016666666666666666
P12,trial_2_L_unaffected,unaffected,eev,End-effector velocity,mm/s,218.99244446406385,0.6882191149616254,-20.571870514680132,0.016666666666666666
P12,trial_2_L_unaffected,unaffected,eav,Elbow angular velocity,deg/s,48.93870689053233,0.5520361006839947,-1.6930652604001453,0.016666666666666666
P12,trial_2_L_unaffected,unaffected,elbow,Elbow extension,deg,10.121161050599575,0.9325447484365664,2.927381526299831,0.016666666666666666
P12,trial_2_L_unaffected,unaffected,flex,Shoulder flexion,deg,14.009393028418986,0.8629515752868607,6.109436785497361,0.016666666666666666
P12,trial_2_L_unaffected,unaffected,abd,Shoulder abduction,deg,8.360528941555797,0.007148302583354915,-2.8454981430351203,0.016666666666666666
P12,trial_2_L_unaffected,unaffected,trunk,Trunk displacement,mm,4.078547680908651,0.620537182009983,8.312759466207373,0.016666666666666666
P12,trial_30_L_unaffected,unaffected,eev,End-effector velocity,mm/s,271.1009817257543,0.6559654633722874,-24.61514593124231,0.016666666666666666
P12,trial_30_L_unaffected,unaffected,eav,Elbow angular velocity,deg/s,46.69859230650564,0.658658312819084,2.5119246214282014,0.016666666666666666
P12,trial_30_L_unaffected,unaffected,elbow,Elbow extension,deg,11.792076652716926,0.931463670268348,3.632864268161496,0.016666666666666666
P12,trial_30_L_unaffected,unaffected,flex,Shoulder flexion,deg,14.326884654451568,0.8597361796810911,4.698342823443107,0.016666666666666666
P12,trial_30_L_unaffected,unaffected,abd,Shoulder abduction,deg,8.949160614075225,0.5713017185478619,-3.7457042905067364,0.016666666666666666
P12,trial_30_L_unaffected,unaffected,trunk,Trunk displacement,mm,13.236521766336447,-0.563005199998969,27.41457491422904,0.016666666666666666
P12,trial_31_L_unaffected,unaffected,eev,End-effector velocity,mm/s,287.3391011818659,0.6315354450031426,-26.94082054537897,0.016666666666666666
P12,trial_31_L_unaffected,unaffected,eav,Elbow angular velocity,deg/s,47.36263833203313,0.6561907644417431,2.924268768855309,0.016666666666666666
P12,trial_31_L_unaffected,unaffected,elbow,Elbow extension,deg,12.413711863078788,0.920495724725943,3.4262976201674626,0.016666666666666666
P12,trial_31_L_unaffected,unaffected,flex,Shoulder flexion,deg,15.18490739238418,0.8435673122981301,5.318147520232567,0.016666666666666666
P12,trial_31_L_unaffected,unaffected,abd,Shoulder abduction,deg,10.915649198767346,0.4134350262625756,-5.528323869604613,0.016666666666666666
P12,trial_31_L_unaffected,unaffected,trunk,Trunk displacement,mm,10.946806219983648,-0.2416323331617501,15.837219804103999,0.016666666666666666
P12,trial_32_L_unaffected,unaffected,eev,End-effector velocity,mm/s,281.2576342572941,0.630178661903297,-26.097415428724062,0.016666666666666666
P12,trial_32_L_unaffected,unaffected,eav,Elbow angular velocity,deg/s,44.88627393870774,0.646975977400902,2.5112036990977376,0.016666666666666666
P12,trial_32_L_unaffected,unaffected,elbow,Elbow extension,deg,11.82860070238308,0.9266488714404207,3.554311581278881,0.016666666666666666
P12,trial_32_L_unaffected,unaffected,flex,Shoulder flexion,deg,15.155817232968522,0.869481703494248,6.0308954089463915,0.016666666666666666
P12,trial_32_L_unaffected,unaffected,abd,Shoulder abduction,deg,10.444955015577495,0.41176138589271377,-5.781244029869596,0.016666666666666666
P12,trial_32_L_unaffected,unaffected,trunk,Trunk displacement,mm,13.506719887221422,-0.5432215350241584,23.74839876815862,0.016666666666666666
P12,trial_33_L_unaffected,unaffected,eev,End-effector velocity,mm/s,273.16252540997374,0.6350480476357122,-25.346846479001115,0.016666666666666666
P12,trial_33_L_unaffected,unaffected,eav,Elbow angular velocity,deg/s,42.510573691611874,0.6713712233987167,2.014592931950037,0.016666666666666666
P12,trial_33_L_unaffected,unaffected,elbow,Elbow extension,deg,11.210879949797201,0.9343631498002051,3.7800642506965776,0.016666666666666666
P12,trial_33_L_unaffected,unaffected,flex,Shoulder flexion,deg,14.413210292151863,0.8394267534410473,5.257854934294593,0.016666666666666666
P12,trial_33_L_unaffected,unaffected,abd,Shoulder abduction,deg,10.092076247525261,0.31558655191739127,-4.455095112257643,0.016666666666666666
P12,trial_33_L_unaffected,unaffected,trunk,Trunk displacement,mm,12.74479128135872,-0.2581393658273659,16.942181790260236,0.016666666666666666
P12,trial_34_L_unaffected,unaffected,eev,End-effector velocity,mm/s,266.06645017339054,0.6444483965425007,-29.24034967824845,0.016666666666666666
P12,trial_34_L_unaffected,unaffected,eav,Elbow angular velocity,deg/s,52.85608354924182,0.6102331301791241,0.7358719302616737,0.016666666666666666
P12,trial_34_L_unaffected,unaffected,elbow,Elbow extension,deg,13.486255731909756,0.9033715039574601,3.2993307701765877,0.016666666666666666
P12,trial_34_L_unaffected,unaffected,flex,Shoulder flexion,deg,13.889121797096776,0.8642724467844294,5.587938928990358,0.016666666666666666
P12,trial_34_L_unaffected,unaffected,abd,Shoulder abduction,deg,7.891163039111726,0.24438528610973775,-2.5456503052729307,0.016666666666666666
P12,trial_34_L_unaffected,unaffected,trunk,Trunk displacement,mm,6.180249391031879,0.3842956127926653,11.454580992618304,0.016666666666666666
P12,trial_35_L_unaffected,unaffected,eev,End-effector velocity,mm/s,256.61978310450695,0.6121136484900589,-25.502040464509445,0.016666666666666666
P12,trial_35_L_unaffected,unaffected,eav,Elbow angular velocity,deg/s,46.381663062951716,0.6357371861869662,2.214195604586919,0.016666666666666666
P12,trial_35_L_unaffected,unaffected,elbow,Elbow extension,deg,12.577174141292575,0.928805036455359,2.6986284340626043,0.016666666666666666
P12,trial_35_L_unaffected,unaffected,flex,Shoulder flexion,deg,12.122593042016069,0.8669624348723844,5.3700526912518844,0.016666666666666666
P12,trial_35_L_unaffected,unaffected,abd,Shoulder abduction,deg,7.731417347148863,0.3678753999214561,-2.173863411348932,0.016666666666666666
P12,trial_35_L_unaffected,unaffected,trunk,Trunk displacement,mm,7.600304999514864,0.07870527555971095,11.932426033681232,0.016666666666666666
P12,trial_36_L_unaffected,unaffected,eev,End-effector velocity,mm/s,263.61307473243124,0.6490056079389872,-22.170314420555204,0.016666666666666666
P12,trial_36_L_unaffected,unaffected,eav,Elbow angular velocity,deg/s,42.50830963883982,0.6650419551656751,3.010060127971817,0.016666666666666666
P12,trial_36_L_unaffected,unaffected,elbow,Elbow extension,deg,11.638458851273931,0.9303179462498653,2.8952434599122268,0.016666666666666666
P12,trial_36_L_unaffected,unaffected,flex,Shoulder flexion,deg,14.472724611683764,0.8871534687268768,5.2079776615990765,0.016666666666666666
P12,trial_36_L_unaffected,unaffected,abd,Shoulder abduction,deg,7.941428410189054,0.642109476701775,-2.3878989273974445,0.016666666666666666
P12,trial_36_L_unaffected,unaffected,trunk,Trunk displacement,mm,7.632615076504229,-0.012545076028922617,10.144147268187169,0.016666666666666666
P12,trial_37_L_unaffected,unaffected,eev,End-effector velocity,mm/s,284.36542453052226,0.6271370107231763,-29.121594411000974,0.016666666666666666
P12,trial_37_L_unaffected,unaffected,eav,Elbow angular velocity,deg/s,50.461194766925615,0.6178940662577094,2.432062832659048,0.016666666666666666
P12,trial_37_L_unaffected,unaffected,elbow,Elbow extension,deg,12.802049760964245,0.9229094780783995,2.977562376900909,0.016666666666666666
P12,trial_37_L_unaffected,unaffected,flex,Shoulder flexion,deg,14.029748938200221,0.8622148181263607,3.795609749431589,0.016666666666666666
P12,trial_37_L_unaffected,unaffected,abd,Shoulder abduction,deg,7.664911770601687,0.5749899788709663,-2.2466480105546216,0.016666666666666666
P12,trial_37_L_unaffected,unaffected,trunk,Trunk displacement,mm,7.628075363232059,0.24024147671938031,13.417822561206187,0.016666666666666666
P12,trial_38_L_unaffected,unaffected,eev,End-effector velocity,mm/s,238.5586029876521,0.6894974274747292,-26.891626915440288,0.016666666666666666
P12,trial_38_L_unaffected,unaffected,eav,Elbow angular velocity,deg/s,40.06058891577204,0.7217257084418786,1.9571281849772384,0.016666666666666666
P12,trial_38_L_unaffected,unaffected,elbow,Elbow extension,deg,10.836188416365003,0.9398298669983919,3.131131919833255,0.016666666666666666
P12,trial_38_L_unaffected,unaffected,flex,Shoulder flexion,deg,14.65807978572297,0.8506019397437697,5.007120600980197,0.016666666666666666
P12,trial_38_L_unaffected,unaffected,abd,Shoulder abduction,deg,7.883210913563654,0.325724064399919,-1.9133225247318146,0.016666666666666666
P12,trial_38_L_unaffected,unaffected,trunk,Trunk displacement,mm,8.898181311635831,-0.06534777810165385,19.962723094092297,0.016666666666666666
P12,trial_39_L_unaffected,unaffected,eev,End-effector velocity,mm/s,261.7811585535312,0.6599315760866851,-74.15347829313106,0.0
P12,trial_39_L_unaffected,unaffected,eav,Elbow angular velocity,deg/s,49.02021850871788,0.631424711091391,-4.055529394728635,0.0
P12,trial_39_L_unaffected,unaffected,elbow,Elbow extension,deg,12.439562195063287,0.9345209355841307,1.7444072430713282,0.0
P12,trial_39_L_unaffected,unaffected,flex,Shoulder flexion,deg,11.796557894042952,0.8740836373072645,0.3071868762056443,0.0
P12,trial_39_L_unaffected,unaffected,abd,Shoulder abduction,deg,7.218376199514471,0.7428740667878749,-2.316697059659684,0.0
P12,trial_39_L_unaffected,unaffected,trunk,Trunk displacement,mm,6.069056856366635,0.494043484131398,6.721574289306266,0.0
P12,trial_40_L_unaffected,unaffected,eev,End-effector velocity,mm/s,260.88462551213615,0.68698256358338,-20.541326489130178,0.016666666666666666
P12,trial_40_L_unaffected,unaffected,eav,Elbow angular velocity,deg/s,47.86466510620314,0.6670067229011781,2.547088607604969,0.016666666666666666
P12,trial_40_L_unaffected,unaffected,elbow,Elbow extension,deg,11.515512608846718,0.9268542659914051,3.434747496757977,0.016666666666666666
P12,trial_40_L_unaffected,unaffected,flex,Shoulder flexion,deg,15.680865096229292,0.8553709387237578,7.052680565762721,0.016666666666666666
P12,trial_40_L_unaffected,unaffected,abd,Shoulder abduction,deg,7.289252166122111,0.5429301899209495,-1.2348500532082862,0.016666666666666666
P12,trial_40_L_unaffected,unaffected,trunk,Trunk displacement,mm,6.767905300565361,0.27553749541006417,8.619820600866403,0.016666666666666666
P12,trial_41_R_affected,affected,eev,End-effector velocity,mm/s,183.55262237724097,0.7679353683094781,-20.715213209186203,0.03333333333333333
P12,trial_41_R_affected,affected,eav,Elbow angular velocity,deg/s,36.223790669942744,0.707336756277293,4.846392954563729,0.03333333333333333
P12,trial_41_R_affected,affected,elbow,Elbow extension,deg,15.668545219468339,0.8834906443428668,0.7562605657262488,0.03333333333333333
P12,trial_41_R_affected,affected,flex,Shoulder flexion,deg,10.825420084274418,0.945605385726035,-1.4375349488634535,0.03333333333333333
P12,trial_41_R_affected,affected,abd,Shoulder abduction,deg,5.4745753214199295,0.7629528537593612,-6.192709305773672,0.03333333333333333
P12,trial_41_R_affected,affected,trunk,Trunk displacement,mm,9.511045826391262,0.856409038622758,9.959059362316934,0.03333333333333333
P12,trial_42_R_affected,affected,eev,End-effector velocity,mm/s,189.74353190531733,0.765474215398906,-22.91199710213324,0.016666666666666666
P12,trial_42_R_affected,affected,eav,Elbow angular velocity,deg/s,35.40417813019647,0.7194207647718032,2.158447594598184,0.016666666666666666
P12,trial_42_R_affected,affected,elbow,Elbow extension,deg,15.517977506669808,0.8780703860688159,1.4363463084224557,0.016666666666666666
P12,trial_42_R_affected,affected,flex,Shoulder flexion,deg,11.167659408461898,0.9465170828330677,0.4561630996017055,0.016666666666666666
P12,trial_42_R_affected,affected,abd,Shoulder abduction,deg,5.75805990877604,0.7761128045885634,-6.236371480518984,0.016666666666666666
P12,trial_42_R_affected,affected,trunk,Trunk displacement,mm,13.115845193713033,0.5731072588373319,15.385352223408145,0.016666666666666666
P12,trial_43_R_affected,affected,eev,End-effector velocity,mm/s,209.35854749221176,0.7234978553646922,-22.461699972983446,0.016666666666666666
P12,trial_43_R_affected,affected,eav,Elbow angular velocity,deg/s,37.74259184488907,0.6846704981040395,1.451537781666859,0.016666666666666666
P12,trial_43_R_affected,affected,elbow,Elbow extension,deg,16.146898194671067,0.8769645480904801,-0.24566873429116692,0.016666666666666666
P12,trial_43_R_affected,affected,flex,Shoulder flexion,deg,12.023433010851484,0.9349790550155891,-1.550505206394841,0.016666666666666666
P12,trial_43_R_affected,affected,abd,Shoulder abduction,deg,6.400657150162602,0.7653581654480601,-5.998320876483787,0.016666666666666666
P12,trial_43_R_affected,affected,trunk,Trunk displacement,mm,12.402806707731365,0.34856685111408653,19.703827254497813,0.016666666666666666
P12,trial_44_R_affected,affected,eev,End-effector velocity,mm/s,227.07735329326772,0.6753736446543941,-28.186539711866825,-0.016666666666666666
P12,trial_44_R_affected,affected,eav,Elbow angular velocity,deg/s,42.46658235778276,0.6145833036680379,2.944264633345435,-0.016666666666666666
P12,trial_44_R_affected,affected,elbow,Elbow extension,deg,16.694973494158322,0.8573710725503847,-0.1491417202280617,-0.016666666666666666
P12,trial_44_R_affected,affected,flex,Shoulder flexion,deg,12.593656878246177,0.9351030015864583,-1.733097378609934,-0.016666666666666666
P12,trial_44_R_affected,affected,abd,Shoulder abduction,deg,6.100946727680845,0.7144861735512967,-6.238769857343814,-0.016666666666666666
P12,trial_44_R_affected,affected,trunk,Trunk displacement,mm,12.259881819976355,0.18606048490558236,22.610481770768924,-0.016666666666666666
P12,trial_45_R_affected,affected,eev,End-effector velocity,mm/s,193.90172646797362,0.7582997155673207,-25.354858515561173,0.016666666666666666
P12,trial_45_R_affected,affected,eav,Elbow angular velocity,deg/s,35.59192528846559,0.690686414188707,0.8009575252844061,0.016666666666666666
P12,trial_45_R_affected,affected,elbow,Elbow extension,deg,15.813059198475775,0.8833968301191526,0.1650841820543064,0.016666666666666666
P12,trial_45_R_affected,affected,flex,Shoulder flexion,deg,11.795293279508167,0.950159998913861,-2.655084822497582,0.016666666666666666
P12,trial_45_R_affected,affected,abd,Shoulder abduction,deg,6.144965724943203,0.6973122254443337,-6.481794694224508,0.016666666666666666
P12,trial_45_R_affected,affected,trunk,Trunk displacement,mm,13.279011387590037,0.36506013732910503,19.191563669944344,0.016666666666666666
P12,trial_46_R_affected,affected,eev,End-effector velocity,mm/s,209.6838485803342,0.7228920949815629,-29.105124424235996,0.016666666666666666
P12,trial_46_R_affected,affected,eav,Elbow angular velocity,deg/s,39.52791063247019,0.6860048701236292,1.0906771403841473,0.016666666666666666
P12,trial_46_R_affected,affected,elbow,Elbow extension,deg,15.886856342079774,0.8932531830791018,-1.4099857444582335,0.016666666666666666
P12,trial_46_R_affected,affected,flex,Shoulder flexion,deg,12.160756081433165,0.9214679026919871,-4.940750641921032,0.016666666666666666
P12,trial_46_R_affected,affected,abd,Shoulder abduction,deg,5.7519935090564545,0.515058383448234,-6.027053862340126,0.016666666666666666
P12,trial_46_R_affected,affected,trunk,Trunk displacement,mm,12.323515711883063,0.17595850327266616,19.65589782584627,0.016666666666666666
P12,trial_47_R_affected,affected,eev,End-effector velocity,mm/s,218.79163335132583,0.6798827157102407,-27.327765729535113,0.0
P12,trial_47_R_affected,affected,eav,Elbow angular velocity,deg/s,40.81677328615356,0.6413238688345387,0.36083054346946253,0.0
P12,trial_47_R_affected,affected,elbow,Elbow extension,deg,16.30450503643613,0.8811824048598698,-1.5031319039675848,0.0
P12,trial_47_R_affected,affected,flex,Shoulder flexion,deg,12.723393376714176,0.9124884747154725,-4.5051142679220355,0.0
P12,trial_47_R_affected,affected,abd,Shoulder abduction,deg,5.703715081545436,0.46135639887353475,-5.344167387243107,0.0
P12,trial_47_R_affected,affected,trunk,Trunk displacement,mm,10.842334258623241,0.30812018691565596,19.273943066163913,0.0
P12,trial_48_R_affected,affected,eev,End-effector velocity,mm/s,195.690264418059,0.7300858545954396,-30.1970120616007,0.016666666666666666
P12,trial_48_R_affected,affected,eav,Elbow angular velocity,deg/s,38.48953278647703,0.6637615421181432,2.803932871662893,0.016666666666666666
P12,trial_48_R_affected,affected,elbow,Elbow extension,deg,14.682405132635328,0.9054657754784053,-2.285473320039467,0.016666666666666666
P12,trial_48_R_affected,affected,flex,Shoulder flexion,deg,12.499122942530581,0.9149451421647751,-4.403693678086943,0.016666666666666666
P12,trial_48_R_affected,affected,abd,Shoulder abduction,deg,5.485216854025624,0.6138712805162707,-5.004102396745985,0.016666666666666666
P12,trial_48_R_affected,affected,trunk,Trunk displacement,mm,10.120547220798402,0.4508621619545398,17.912871233579885,0.016666666666666666
P12,trial_49_R_affected,affected,eev,End-effector velocity,mm/s,196.28781952155913,0.700387032219914,-27.425184315927297,0.0
P12,trial_49_R_affected,affected,eav,Elbow angular velocity,deg/s,38.685255288986774,0.6368930471516111,2.2198809388968703,0.0
P12,trial_49_R_affected,affected,elbow,Elbow extension,deg,16.14936587638596,0.8944459564023834,-1.7735276897136643,0.0
P12,trial_49_R_affected,affected,flex,Shoulder flexion,deg,12.314910876520797,0.8968298478240869,-4.839113508386243,0.0
P12,trial_49_R_affected,affected,abd,Shoulder abduction,deg,5.90853093198504,0.4380447303009944,-4.297653221316921,0.0
P12,trial_49_R_affected,affected,trunk,Trunk displacement,mm,10.952297192218525,0.6145190272351216,20.232280538184092,0.0
P12,trial_4_L_unaffected,unaffected,eev,End-effector velocity,mm/s,234.09170442804117,0.6838812273605309,-23.648695763361005,0.016666666666666666
P12,trial_4_L_unaffected,unaffected,eav,Elbow angular velocity,deg/s,38.33776472232498,0.6868471474999358,1.6833393379689316,0.016666666666666666
P12,trial_4_L_unaffected,unaffected,elbow,Elbow extension,deg,10.143139447424149,0.93495364081007,3.458884273679743,0.016666666666666666
P12,trial_4_L_unaffected,unaffected,flex,Shoulder flexion,deg,13.78853697715639,0.887925543162073,6.386564186344397,0.016666666666666666
P12,trial_4_L_unaffected,unaffected,abd,Shoulder abduction,deg,8.215543647066774,0.26057791620006643,-3.5141831826758083,0.016666666666666666
P12,trial_4_L_unaffected,unaffected,trunk,Trunk displacement,mm,5.9374818928478685,0.45109709792126795,6.38361478197158,0.016666666666666666
P12,trial_50_R_affected,affected,eev,End-effector velocity,mm/s,214.6750822234364,0.645691977284018,-32.8732221529081,-0.016666666666666666
P12,trial_50_R_affected,affected,eav,Elbow angular velocity,deg/s,39.02411764158626,0.6198672822340678,0.43913621451692536,-0.016666666666666666
P12,trial_50_R_affected,affected,elbow,Elbow extension,deg,15.629720101981427,0.8930713023887317,-1.528444756089344,-0.016666666666666666
P12,trial_50_R_affected,affected,flex,Shoulder flexion,deg,12.282978697440397,0.9415692660898562,-3.1369373766117987,-0.016666666666666666
P12,trial_50_R_affected,affected,abd,Shoulder abduction,deg,5.80228017082224,0.5455809050211532,-5.0580496375073345,-0.016666666666666666
P12,trial_50_R_affected,affected,trunk,Trunk displacement,mm,10.232147383928579,0.5680123829513517,17.97911150171758,-0.016666666666666666
P12,trial_51_R_affected,affected,eev,End-effector velocity,mm/s,182.4590655167071,0.7483850569927937,-26.573731914572008,0.03333333333333333
P12,trial_51_R_affected,affected,eav,Elbow angular velocity,deg/s,32.08324229736487,0.7121936452972628,0.40820854219159314,0.03333333333333333
P12,trial_51_R_affected,affected,elbow,Elbow extension,deg,14.905716444472299,0.9108335798672093,-1.5620219122982442,0.03333333333333333
P12,trial_51_R_affected,affected,flex,Shoulder flexion,deg,11.930060412159062,0.9528593259733271,-2.407254643890528,0.03333333333333333
P12,trial_51_R_affected,affected,abd,Shoulder abduction,deg,5.947283258332292,0.6576898396854385,-5.751662157273469,0.03333333333333333
P12,trial_51_R_affected,affected,trunk,Trunk displacement,mm,12.414174138592092,0.41805606981987636,23.20847747548221,0.03333333333333333
P12,trial_52_R_affected,affected,eev,End-effector velocity,mm/s,203.01363265111576,0.7270685751233753,-28.506483171226087,0.016666666666666666
P12,trial_52_R_affected,affected,eav,Elbow angular velocity,deg/s,36.410688470732424,0.6872003451410417,2.3734040419354017,0.016666666666666666
P12,trial_52_R_affected,affected,elbow,Elbow extension,deg,14.68122225595877,0.9172257053832666,-2.6613619624446114,0.016666666666666666
P12,trial_52_R_affected,affected,flex,Shoulder flexion,deg,11.606060252306225,0.9427497154620808,-3.7696937741917225,0.016666666666666666
P12,trial_52_R_affected,affected,abd,Shoulder abduction,deg,6.258490966701284,0.6873670115601327,-6.360806368322355,0.016666666666666666
P12,trial_52_R_affected,affected,trunk,Trunk displacement,mm,9.781479082291954,0.6116487944913629,19.823729380726736,0.016666666666666666
P12,trial_53_R_affected,affected,eev,End-effector velocity,mm/s,195.57529296450147,0.735149369324957,-29.26820427100377,0.03333333333333333
P12,trial_53_R_affected,affected,eav,Elbow angular velocity,deg/s,35.611387820554825,0.6956220228343679,1.1312317638468923,0.03333333333333333
P12,trial_53_R_affected,affected,elbow,Elbow extension,deg,14.766889405915723,0.910261463677581,-1.3038290850300023,0.03333333333333333
P12,trial_53_R_affected,affected,flex,Shoulder flexion,deg,13.431267560238998,0.9271558171788851,-3.685112274275264,0.03333333333333333
P12,trial_53_R_affected,affected,abd,Shoulder abduction,deg,5.67582983582388,0.5472852976614738,-4.991948642644166,0.03333333333333333
P12,trial_53_R_affected,affected,trunk,Trunk displacement,mm,10.990500364351954,0.42172743340756486,17.54342058769514,0.03333333333333333
P12,trial_54_R_affected,affected,eev,End-effector velocity,mm/s,238.0282576191294,0.6396788943343439,-31.77904295981606,0.0
P12,trial_54_R_affected,affected,eav,Elbow angular velocity,deg/s,42.14947845235259,0.6256116089977957,0.024261431738784353,0.0
P12,trial_54_R_affected,affected,elbow,Elbow extension,deg,16.19691120454944,0.8918432360944117,-1.4652312808410626,0.0
P12,trial_54_R_affected,affected,flex,Shoulder flexion,deg,12.595102398275685,0.9057268765340777,-4.586464364612462,0.0
P12,trial_54_R_affected,affected,abd,Shoulder abduction,deg,6.152267021017313,0.5860124585054864,-4.6331923648711495,0.0
P12,trial_54_R_affected,affected,trunk,Trunk displacement,mm,9.785953978044187,0.6069396096604954,17.737946097118908,0.0
P12,trial_56_R_affected,affected,eev,End-effector velocity,mm/s,242.38651207889302,0.6322163700430647,-32.29476940645192,0.0
P12,trial_56_R_affected,affected,eav,Elbow angular velocity,deg/s,45.10183784626839,0.5988181325155307,0.4610689802787488,0.0
P12,trial_56_R_affected,affected,elbow,Elbow extension,deg,15.952581038051054,0.9021850104240435,-1.9705959558615334,0.0
P12,trial_56_R_affected,affected,flex,Shoulder flexion,deg,11.367458588331381,0.9305427693078714,-3.4551026991947738,0.0
P12,trial_56_R_affected,affected,abd,Shoulder abduction,deg,6.712709470529418,0.6541097057649397,-6.222436864471149,0.0
P12,trial_56_R_affected,affected,trunk,Trunk displacement,mm,9.88236901911702,0.5143442514461368,22.842093808123373,0.0
P12,trial_57_R_affected,affected,eev,End-effector velocity,mm/s,234.85108223047175,0.6684431027050571,-26.2992275420222,0.0
P12,trial_57_R_affected,affected,eav,Elbow angular velocity,deg/s,43.83946079761953,0.6139800496621464,-0.024280148005394533,0.0
P12,trial_57_R_affected,affected,elbow,Elbow extension,deg,16.248092328872076,0.8904912485538196,-1.4778040823824143,0.0
P12,trial_57_R_affected,affected,flex,Shoulder flexion,deg,12.373346962496194,0.9186210100586021,-2.570441596718355,0.0
P12,trial_57_R_affected,affected,abd,Shoulder abduction,deg,6.514313873077033,0.6345319242376519,-6.287242836112974,0.0
P12,trial_57_R_affected,affected,trunk,Trunk displacement,mm,12.245975653782411,0.21875080295625832,27.32236829648611,0.0
P12,trial_58_R_affected,affected,eev,End-effector velocity,mm/s,186.44461960638517,0.8023760368248449,-24.775539547791897,0.05
P12,trial_58_R_affected,affected,eav,Elbow angular velocity,deg/s,33.99449012666847,0.7735164713867042,0.6752243007442715,0.05
P12,trial_58_R_affected,affected,elbow,Elbow extension,deg,14.393385091150734,0.9154599569139243,-0.5274993844129083,0.05
P12,trial_58_R_affected,affected,flex,Shoulder flexion,deg,12.50531289481537,0.940193943479801,-2.2616102154255935,0.05
P12,trial_58_R_affected,affected,abd,Shoulder abduction,deg,6.824036237496968,0.6641233768919971,-6.393355648117135,0.05
P12,trial_58_R_affected,affected,trunk,Trunk displacement,mm,11.277911272933991,0.3701610973042522,19.23833274521819,0.05
P12,trial_59_R_affected,affected,eev,End-effector velocity,mm/s,246.72777610827438,0.6643187486557475,-23.87275049272743,0.0
P12,trial_59_R_affected,affected,eav,Elbow angular velocity,deg/s,44.70682391986291,0.6214605192786112,0.9036810942794007,0.0
P12,trial_59_R_affected,affected,elbow,Elbow extension,deg,16.20493896799732,0.894715514927187,-1.705123857549244,0.0
P12,trial_59_R_affected,affected,flex,Shoulder flexion,deg,12.549004297236216,0.9189664667636096,-2.3942879967813355,0.0
P12,trial_59_R_affected,affected,abd,Shoulder abduction,deg,6.823628190092958,0.6308570105612673,-6.485216348608097,0.0
P12,trial_59_R_affected,affected,trunk,Trunk displacement,mm,12.60069272017262,0.16705605692720688,24.073762127478677,0.0
P12,trial_5_L_unaffected,unaffected,eev,End-effector velocity,mm/s,220.5874401307499,0.7476373577841778,-23.74216107606029,0.03333333333333333
P12,trial_5_L_unaffected,unaffected,eav,Elbow angular velocity,deg/s,38.66831846445913,0.7247424629554899,-0.306386500088249,0.03333333333333333
P12,trial_5_L_unaffected,unaffected,elbow,Elbow extension,deg,9.54829979667874,0.9420311611064774,3.766385461112586,0.03333333333333333
P12,trial_5_L_unaffected,unaffected,flex,Shoulder flexion,deg,13.39662509646648,0.9179019044527874,7.626793772392548,0.03333333333333333
P12,trial_5_L_unaffected,unaffected,abd,Shoulder abduction,deg,9.149239550262006,0.3939866976746842,-3.4960759319599317,0.03333333333333333
P12,trial_5_L_unaffected,unaffected,trunk,Trunk displacement,mm,4.771096220310195,0.8221721318161903,6.4212555157336,0.03333333333333333
P12,trial_61_R_affected,affected,eev,End-effector velocity,mm/s,186.93241119546283,0.7349215541789518,-31.021301892488886,0.03333333333333333
P12,trial_61_R_affected,affected,eav,Elbow angular velocity,deg/s,33.077238916008,0.7088168101476486,0.4702913497181848,0.03333333333333333
P12,trial_61_R_affected,affected,elbow,Elbow extension,deg,14.195385422629737,0.9209003396052851,-2.2707329902217444,0.03333333333333333
P12,trial_61_R_affected,affected,flex,Shoulder flexion,deg,11.470892176262119,0.9192403948457221,-5.5955046618419,0.03333333333333333
P12,trial_61_R_affected,affected,abd,Shoulder abduction,deg,6.235902024958121,0.5206248120294773,-6.101541191818958,0.03333333333333333
P12,trial_61_R_affected,affected,trunk,Trunk displacement,mm,13.33134744222793,0.40109650900983496,26.537399907436185,0.03333333333333333
P12,trial_62_R_affected,affected,eev,End-effector velocity,mm/s,220.85709527545143,0.6730112352694414,-23.960256827446585,0.03333333333333333
P12,trial_62_R_affected,affected,eav,Elbow angular velocity,deg/s,43.85434385575105,0.5748228646275976,0.48916688448187684,0.03333333333333333
P12,trial_62_R_affected,affected,elbow,Elbow extension,deg,14.868319600046494,0.9068818081036111,-1.3988984075844713,0.03333333333333333
P12,trial_62_R_affected,affected,flex,Shoulder flexion,deg,11.32924545578756,0.9047758531222803,-4.210960718015437,0.03333333333333333
P12,trial_62_R_affected,affected,abd,Shoulder abduction,deg,6.870571374588667,0.6006798997279633,-7.142098305639008,0.03333333333333333
P12,trial_62_R_affected,affected,trunk,Trunk displacement,mm,13.926914396510927,0.34483629641107,22.772903383421554,0.03333333333333333
P12,trial_63_R_affected,affected,eev,End-effector velocity,mm/s,198.12468004794505,0.7244271997797693,-26.821320109297236,0.016666666666666666
P12,trial_63_R_affected,affected,eav,Elbow angular velocity,deg/s,37.91826992965594,0.6413830481020857,-0.11339395947097904,0.016666666666666666
P12,trial_63_R_affected,affected,elbow,Elbow extension,deg,14.520921313821793,0.9120571693663386,-1.7949532553221987,0.016666666666666666
P12,trial_63_R_affected,affected,flex,Shoulder flexion,deg,11.526908144278975,0.9037690084273501,-4.3568523578654625,0.016666666666666666
P12,trial_63_R_affected,affected,abd,Shoulder abduction,deg,6.407802675828621,0.5259176396627858,-6.573596037403468,0.016666666666666666
P12,trial_63_R_affected,affected,trunk,Trunk displacement,mm,12.479277676045099,0.48001299035841966,22.97460062540866,0.016666666666666666
P12,trial_64_R_affected,affected,eev,End-effector velocity,mm/s,216.8709670716452,0.6988075903148928,-22.023223290202267,0.0
P12,trial_64_R_affected,affected,eav,Elbow angular velocity,deg/s,39.03033542327491,0.6557344170690679,-1.4232663431237067,0.0
P12,trial_64_R_affected,affected,elbow,Elbow extension,deg,15.72114100931059,0.8991607287783724,-0.8420572549753378,0.0
P12,trial_64_R_affected,affected,flex,Shoulder flexion,deg,11.727086960561694,0.918021558015839,-3.1843760079610246,0.0
P12,trial_64_R_affected,affected,abd,Shoulder abduction,deg,6.651290680955287,0.646221664905829,-7.35965530089255,0.0
P12,trial_64_R_affected,affected,trunk,Trunk displacement,mm,12.99067065901078,0.20299111317601498,23.458900885825052,0.0
P12,trial_65_R_affected,affected,eev,End-effector velocity,mm/s,236.6797602289442,0.6387575152613114,-31.862591705148002,0.0
P12,trial_65_R_affected,affected,eav,Elbow angular velocity,deg/s,43.97108086933698,0.6250114886111408,2.3034207277192644,0.0
P12,trial_65_R_affected,affected,elbow,Elbow extension,deg,16.476382161296346,0.8835490101857835,-1.0272558913077525,0.0
P12,trial_65_R_affected,affected,flex,Shoulder flexion,deg,10.618716473608231,0.877178686552392,-5.77544696800024,0.0
P12,trial_65_R_affected,affected,abd,Shoulder abduction,deg,6.429233027855925,0.43369500326867394,-5.963894747715602,0.0
P12,trial_65_R_affected,affected,trunk,Trunk displacement,mm,10.290997787327779,0.4997992407805714,18.82946512597531,0.0
P12,trial_66_R_affected,affected,eev,End-effector velocity,mm/s,204.14728837045521,0.720204926101728,-38.91497737788102,0.016666666666666666
P12,trial_66_R_affected,affected,eav,Elbow angular velocity,deg/s,43.23538874577588,0.5669048726172666,-2.1061500041546077,0.016666666666666666
P12,trial_66_R_affected,affected,elbow,Elbow extension,deg,14.73557805054527,0.885660666488265,-0.6010830793680187,0.016666666666666666
P12,trial_66_R_affected,affected,flex,Shoulder flexion,deg,14.722972305270233,0.616554576496702,-3.242198200088024,0.016666666666666666
P12,trial_66_R_affected,affected,abd,Shoulder abduction,deg,6.019376757458565,0.5742663503199212,-5.2322559590134965,0.016666666666666666
P12,trial_66_R_affected,affected,trunk,Trunk displacement,mm,10.2932885761459,0.4583459024225094,23.79610108042269,0.016666666666666666
P12,trial_67_R_affected,affected,eev,End-effector velocity,mm/s,203.92226962093557,0.7001664002852771,-23.897454153151223,0.0
P12,trial_67_R_affected,affected,eav,Elbow angular velocity,deg/s,40.68633603178919,0.6378282434665442,0.9247800540162397,0.0
P12,trial_67_R_affected,affected,elbow,Elbow extension,deg,16.514882727760906,0.8693207780204464,0.3268426982078582,0.0
P12,trial_67_R_affected,affected,flex,Shoulder flexion,deg,11.90859395684487,0.9281763551505746,-3.815499123763447,0.0
P12,trial_67_R_affected,affected,abd,Shoulder abduction,deg,5.607345949748769,0.6318620131588312,-6.1067784880133456,0.0
P12,trial_67_R_affected,affected,trunk,Trunk displacement,mm,12.01111942633709,0.08537602924550725,20.909853454817714,0.0
P12,trial_68_R_affected,affected,eev,End-effector velocity,mm/s,182.08888465173777,0.700980696701176,-24.50248673942272,-0.016666666666666666
P12,trial_68_R_affected,affected,eav,Elbow angular velocity,deg/s,34.667051264509745,0.6673682147572696,-0.41807666254491305,-0.016666666666666666
P12,trial_68_R_affected,affected,elbow,Elbow extension,deg,16.15283531775923,0.877886754930924,0.6332548529737491,-0.016666666666666666
P12,trial_68_R_affected,affected,flex,Shoulder flexion,deg,11.674824215866257,0.9275784315788386,-3.1292563857078743,-0.016666666666666666
P12,trial_68_R_affected,affected,abd,Shoulder abduction,deg,5.811537663598708,0.5002056797718524,-7.508379658278793,-0.016666666666666666
P12,trial_68_R_affected,affected,trunk,Trunk displacement,mm,12.166711182696156,0.05427538663530692,24.338081058630344,-0.016666666666666666
P12,trial_69_R_affected,affected,eev,End-effector velocity,mm/s,184.4570310148008,0.7674904288409599,-25.344929074607865,0.016666666666666666
P12,trial_69_R_affected,affected,eav,Elbow angular velocity,deg/s,35.94667452713616,0.7221434626356373,0.5286092745663264,0.016666666666666666
P12,trial_69_R_affected,affected,elbow,Elbow extension,deg,15.094609698473747,0.9036370368739538,-1.4239137977215697,0.016666666666666666
P12,trial_69_R_affected,affected,flex,Shoulder flexion,deg,12.063346588043423,0.9320383218057436,-3.9465310826063194,0.016666666666666666
P12,trial_69_R_affected,affected,abd,Shoulder abduction,deg,5.852982716750325,0.6130065059016454,-6.904146598489928,0.016666666666666666
P12,trial_69_R_affected,affected,trunk,Trunk displacement,mm,10.652100029734871,0.2612590635402798,21.241024878793493,0.016666666666666666
P12,trial_6_L_unaffected,unaffected,eev,End-effector velocity,mm/s,236.65718394273773,0.6835613687128256,-25.870286152569147,0.016666666666666666
P12,trial_6_L_unaffected,unaffected,eav,Elbow angular velocity,deg/s,42.29824791612937,0.6857025709094504,0.8851430956957139,0.016666666666666666
P12,trial_6_L_unaffected,unaffected,elbow,Elbow extension,deg,11.029637235987162,0.9212734706099139,2.6024321008748768,0.016666666666666666
P12,trial_6_L_unaffected,unaffected,flex,Shoulder flexion,deg,13.727028284891544,0.9230469202589778,7.529186034114283,0.016666666666666666
P12,trial_6_L_unaffected,unaffected,abd,Shoulder abduction,deg,8.480299347512922,-0.10193190008869907,-2.928276641379758,0.016666666666666666
P12,trial_6_L_unaffected,unaffected,trunk,Trunk displacement,mm,4.482345080825891,0.8232212554807562,4.133492112051141,0.016666666666666666
P12,trial_70_R_affected,affected,eev,End-effector velocity,mm/s,200.2611326993128,0.6825953800486918,-24.05530993574065,0.016666666666666666
P12,trial_70_R_affected,affected,eav,Elbow angular velocity,deg/s,34.2074736602809,0.6855261720715294,0.6953515011160721,0.016666666666666666
P12,trial_70_R_affected,affected,elbow,Elbow extension,deg,15.21409501229547,0.8993900195206682,-0.4348935100286074,0.016666666666666666
P12,trial_70_R_affected,affected,flex,Shoulder flexion,deg,11.79792276695037,0.9133100277367902,-4.930894617702337,0.016666666666666666
P12,trial_70_R_affected,affected,abd,Shoulder abduction,deg,6.185043537818871,0.4498450036385439,-6.796420216172387,0.016666666666666666
P12,trial_70_R_affected,affected,trunk,Trunk displacement,mm,12.10593466097221,0.40519541379800506,19.39764399965773,0.016666666666666666
P12,trial_71_R_affected,affected,eev,End-effector velocity,mm/s,211.97732441967003,0.6602274603801851,-30.324644978991177,0.016666666666666666
P12,trial_71_R_affected,affected,eav,Elbow angular velocity,deg/s,40.4571304191974,0.6054776098392537,0.16078238517149882,0.016666666666666666
P12,trial_71_R_affected,affected,elbow,Elbow extension,deg,15.96274403573078,0.8926458710507158,-1.6096490854058856,0.016666666666666666
P12,trial_71_R_affected,affected,flex,Shoulder flexion,deg,11.348593624200841,0.9137063342525833,-5.884033854846153,0.016666666666666666
P12,trial_71_R_affected,affected,abd,Shoulder abduction,deg,6.108328854071292,0.5562758232866559,-5.590127562270139,0.016666666666666666
P12,trial_71_R_affected,affected,trunk,Trunk displacement,mm,10.446673035540199,0.4088160686241055,18.595753274515946,0.016666666666666666
P12,trial_72_R_affected,affected,eev,End-effector velocity,mm/s,184.85682621276834,0.7337332314016708,-25.764163389774982,0.016666666666666666
P12,trial_72_R_affected,affected,eav,Elbow angular velocity,deg/s,33.70954440949744,0.7081986244840702,2.419854890089847,0.016666666666666666
P12,trial_72_R_affected,affected,elbow,Elbow extension,deg,14.8681998632257,0.9106027460647381,-1.182341207156927,0.016666666666666666
P12,trial_72_R_affected,affected,flex,Shoulder flexion,deg,11.50155888812667,0.9251748550845,-5.961873625389371,0.016666666666666666
P12,trial_72_R_affected,affected,abd,Shoulder abduction,deg,6.17468131150713,0.4885860729441593,-6.297728431060994,0.016666666666666666
P12,trial_72_R_affected,affected,trunk,Trunk displacement,mm,11.031103269355047,0.4139296901952426,20.90541522088184,0.016666666666666666
P12,trial_73_R_affected,affected,eev,End-effector velocity,mm/s,201.01253902965877,0.7124668640582547,-30.9085876601309,0.0
P12,trial_73_R_affected,affected,eav,Elbow angular velocity,deg/s,38.05039958472273,0.6743869793375838,1.6042237499976835,0.0
P12,trial_73_R_affected,affected,elbow,Elbow extension,deg,15.656468400441488,0.9018278965278013,-1.8960105768115452,0.0
P12,trial_73_R_affected,affected,flex,Shoulder flexion,deg,11.625515706258296,0.8964341956572311,-5.343783621951746,0.0
P12,trial_73_R_affected,affected,abd,Shoulder abduction,deg,6.111201288315949,0.6386477397447424,-6.857907697726788,0.0
P12,trial_73_R_affected,affected,trunk,Trunk displacement,mm,12.244218483717011,0.3777809605205054,19.29720607854928,0.0
P12,trial_74_R_affected,affected,eev,End-effector velocity,mm/s,203.2923128085578,0.6963147876378245,-37.13604360225934,0.016666666666666666
P12,trial_74_R_affected,affected,eav,Elbow angular velocity,deg/s,40.2951046382109,0.6234219384687169,-0.27580145450182303,0.016666666666666666
P12,trial_74_R_affected,affected,elbow,Elbow extension,deg,15.112803820560734,0.9000816565729903,-1.9785675989089533,0.016666666666666666
P12,trial_74_R_affected,affected,flex,Shoulder flexion,deg,12.02601714793769,0.9191620192087211,-4.293144442116715,0.016666666666666666
P12,trial_74_R_affected,affected,abd,Shoulder abduction,deg,5.337758254997813,0.6209513060424846,-5.710849157223394,0.016666666666666666
P12,trial_74_R_affected,affected,trunk,Trunk displacement,mm,10.872200567869529,-0.045612513489230726,24.970167974242138,0.016666666666666666
P12,trial_75_R_affected,affected,eev,End-effector velocity,mm/s,198.2707177061064,0.7207121321591841,-30.43304997871195,0.0
P12,trial_75_R_affected,affected,eav,Elbow angular velocity,deg/s,36.83021853977281,0.6872789836707754,-0.34189322616546086,0.0
P12,trial_75_R_affected,affected,elbow,Elbow extension,deg,15.603590449215588,0.8992183640321971,-1.6301398556669586,0.0
P12,trial_75_R_affected,affected,flex,Shoulder flexion,deg,11.125413707135388,0.9120677194673751,-5.479076463513494,0.0
P12,trial_75_R_affected,affected,abd,Shoulder abduction,deg,5.944561014047421,0.6999273983133988,-6.595949270562456,0.0
P12,trial_75_R_affected,affected,trunk,Trunk displacement,mm,13.30497591567302,-0.052422597940863846,22.757443410344262,0.0
P12,trial_77_R_affected,affected,eev,End-effector velocity,mm/s,206.12232016793115,0.6567384460699862,-29.823977764216266,0.0
P12,trial_77_R_affected,affected,eav,Elbow angular velocity,deg/s,38.98440874890416,0.591507771790216,0.19024576543611305,0.0
P12,trial_77_R_affected,affected,elbow,Elbow extension,deg,15.888990457518934,0.8924078735143828,-1.2294768611486064,0.0
P12,trial_77_R_affected,affected,flex,Shoulder flexion,deg,11.464045165737936,0.9020318784674071,-6.112279930115004,0.0
P12,trial_77_R_affected,affected,abd,Shoulder abduction,deg,5.848507518483655,0.6164055424235113,-5.997018199340377,0.0
P12,trial_77_R_affected,affected,trunk,Trunk displacement,mm,12.132002015728006,-0.09424487954911505,25.21670215466886,0.0
P12,trial_78_R_affected,affected,eev,End-effector velocity,mm/s,182.60235708476938,0.6928871106024876,-20.659972902579984,0.0
P12,trial_78_R_affected,affected,eav,Elbow angular velocity,deg/s,34.118551431514355,0.6645881610342189,-2.8100774561574404,0.0
P12,trial_78_R_affected,affected,elbow,Elbow extension,deg,14.950718190718746,0.9062677192386442,-0.41242079107459023,0.0
P12,trial_78_R_affected,affected,flex,Shoulder flexion,deg,10.889552044010852,0.9177507416427662,-6.904039948003302,0.0
P12,trial_78_R_affected,affected,abd,Shoulder abduction,deg,5.778845669079465,0.46352476278979066,-6.5919720072211945,0.0
P12,trial_78_R_affected,affected,trunk,Trunk displacement,mm,13.897960256619497,-0.09932355360511694,24.115436750518775,0.0
P12,trial_7_L_unaffected,unaffected,eev,End-effector velocity,mm/s,227.6384958101725,0.7180284794395455,-27.013509998366978,0.016666666666666666
P12,trial_7_L_unaffected,unaffected,eav,Elbow angular velocity,deg/s,40.26995116576783,0.7103369116042071,3.3095953634345263,0.016666666666666666
P12,trial_7_L_unaffected,unaffected,elbow,Elbow extension,deg,10.189162759468045,0.9375368484922564,12.811869873893611,0.016666666666666666
P12,trial_7_L_unaffected,unaffected,flex,Shoulder flexion,deg,14.039996577811634,0.899233747331904,6.8336582967206825,0.016666666666666666
P12,trial_7_L_unaffected,unaffected,abd,Shoulder abduction,deg,7.354533585947509,0.14602882382883176,-1.4229365920808739,0.016666666666666666
P12,trial_7_L_unaffected,unaffected,trunk,Trunk displacement,mm,5.541708662002765,0.3439335243162759,5.308309758278172,0.016666666666666666
P12,trial_80_R_affected,affected,eev,End-effector velocity,mm/s,162.77831481886966,0.7355521239350701,-29.82275113501782,0.0
P12,trial_80_R_affected,affected,eav,Elbow angular velocity,deg/s,32.475094751242956,0.6483674981788222,0.06422394725580544,0.0
P12,trial_80_R_affected,affected,elbow,Elbow extension,deg,14.283558799555012,0.92252636779052,-2.2098178743876002,0.0
P12,trial_80_R_affected,affected,flex,Shoulder flexion,deg,10.328027575804244,0.9037493900122073,-7.355417895685812,0.0
P12,trial_80_R_affected,affected,abd,Shoulder abduction,deg,5.759552919196533,0.6406522926182343,-6.203941271502705,0.0
P12,trial_80_R_affected,affected,trunk,Trunk displacement,mm,11.825775643994495,0.08381207504489857,24.70104074836033,0.0
P12,trial_81_R_affected,affected,eev,End-effector velocity,mm/s,185.55907814350488,0.6982016998223619,-32.341401288472206,0.0
P12,trial_81_R_affected,affected,eav,Elbow angular velocity,deg/s,33.80883323039489,0.6767792810117198,-1.0873105144580064,0.0
P12,trial_81_R_affected,affected,elbow,Elbow extension,deg,14.984056351368032,0.9149488629144579,-1.5208367805717473,0.0
P12,trial_81_R_affected,affected,flex,Shoulder flexion,deg,10.370264983432113,0.9151793488762494,-6.261696053621214,0.0
P12,trial_81_R_affected,affected,abd,Shoulder abduction,deg,6.258653689352088,0.6983406477171679,-7.041683100373217,0.0
P12,trial_81_R_affected,affected,trunk,Trunk displacement,mm,13.000708651112154,-0.09820082537854,25.13228077508025,0.0
P12,trial_82_R_affected,affected,eev,End-effector velocity,mm/s,154.03409155981117,0.8041376770737277,-23.043089614753878,0.03333333333333333
P12,trial_82_R_affected,affected,eav,Elbow angular velocity,deg/s,30.43164795557161,0.7396565347593316,-1.3615311941342438,0.03333333333333333
P12,trial_82_R_affected,affected,elbow,Elbow extension,deg,14.349012421860312,0.9187405800115894,-1.2598943943806105,0.03333333333333333
P12,trial_82_R_affected,affected,flex,Shoulder flexion,deg,9.988995303158664,0.9420395014351064,-5.836090781111873,0.03333333333333333
P12,trial_82_R_affected,affected,abd,Shoulder abduction,deg,6.400635228724891,0.5496911073568664,-7.088702691445646,0.03333333333333333
P12,trial_82_R_affected,affected,trunk,Trunk displacement,mm,13.911548399591398,0.042879861232020214,21.958883529712082,0.03333333333333333
P12,trial_8_L_unaffected,unaffected,eev,End-effector velocity,mm/s,230.70790648978868,0.7021018120768732,-19.996773505207628,0.016666666666666666
P12,trial_8_L_unaffected,unaffected,eav,Elbow angular velocity,deg/s,39.95740113386129,0.7008511449294303,1.9882599550453164,0.016666666666666666
P12,trial_8_L_unaffected,unaffected,elbow,Elbow extension,deg,10.005057056922531,0.9300070603583555,2.6804094385602983,0.016666666666666666
P12,trial_8_L_unaffected,unaffected,flex,Shoulder flexion,deg,14.366762513809725,0.9119249307916245,7.905012566806198,0.016666666666666666
P12,trial_8_L_unaffected,unaffected,abd,Shoulder abduction,deg,8.27033969728782,0.1637815603634182,-2.672146404669909,0.016666666666666666
P12,trial_8_L_unaffected,unaffected,trunk,Trunk displacement,mm,6.163650232877148,0.5821001655806908,7.880546246020317,0.016666666666666666
P12,trial_9_L_unaffected,unaffected,eev,End-effector velocity,mm/s,272.6335322568007,0.6159083312897738,-27.136159673490337,0.016666666666666666
P12,trial_9_L_unaffected,unaffected,eav,Elbow angular velocity,deg/s,48.10765149746106,0.6348834118871097,1.559614384685302,0.016666666666666666
P12,trial_9_L_unaffected,unaffected,elbow,Elbow extension,deg,12.58554994439959,0.9121981972824418,2.300973373756652,0.016666666666666666
P12,trial_9_L_unaffected,unaffected,flex,Shoulder flexion,deg,13.627193847822923,0.8658465184469468,5.399551062486132,0.016666666666666666
P12,trial_9_L_unaffected,unaffected,abd,Shoulder abduction,deg,8.460354184855284,0.25914142069768825,-3.0626709633150044,0.016666666666666666
P12,trial_9_L_unaffected,unaffected,trunk,Trunk displacement,mm,6.517832257899704,0.26280396225679414,7.0368903401151615,0.016666666666666666
P13,trial_11_L_unaffected,unaffected,eev,End-effector velocity,mm/s,132.99775190702763,0.8740832631638317,-22.16153288260063,0.11666666666666667
P13,trial_11_L_unaffected,unaffected,eav,Elbow angular velocity,deg/s,26.148917280802067,0.8782048518060538,3.179368551949595,0.11666666666666667
P13,trial_11_L_unaffected,unaffected,elbow,Elbow extension,deg,5.75427904197701,0.9887101807757083,-1.202801590424866,0.11666666666666667
P13,trial_11_L_unaffected,unaffected,flex,Shoulder flexion,deg,5.64117245618451,0.9560715698718776,-5.319608415369253,0.11666666666666667
P13,trial_11_L_unaffected,unaffected,abd,Shoulder abduction,deg,8.465011407385052,-0.27547662361823805,-10.413672923659357,0.11666666666666667
P13,trial_11_L_unaffected,unaffected,trunk,Trunk displacement,mm,11.16780896333198,0.8988097778728025,3.25735035202577,0.11666666666666667
P13,trial_13_L_unaffected,unaffected,eev,End-effector velocity,mm/s,129.4523813406178,0.8767916298673408,-30.65762122295024,0.11666666666666667
P13,trial_13_L_unaffected,unaffected,eav,Elbow angular velocity,deg/s,26.43645533293383,0.8733593205669293,1.4459503904065358,0.11666666666666667
P13,trial_13_L_unaffected,unaffected,elbow,Elbow extension,deg,5.513377718404241,0.9895246658817672,-1.3014260754686005,0.11666666666666667
P13,trial_13_L_unaffected,unaffected,flex,Shoulder flexion,deg,4.685233997543354,0.9618459167455221,-6.121439930513709,0.11666666666666667
P13,trial_13_L_unaffected,unaffected,abd,Shoulder abduction,deg,9.926989879095425,-0.5108695942640682,-10.950426553084176,0.11666666666666667
P13,trial_13_L_unaffected,unaffected,trunk,Trunk displacement,mm,13.224353596771234,0.9132830435470349,5.3427303037487714,0.11666666666666667
P13,trial_15_L_unaffected,unaffected,eev,End-effector velocity,mm/s,127.38488225485189,0.873553572741635,-30.55383287146933,0.16666666666666666
P13,trial_15_L_unaffected,unaffected,eav,Elbow angular velocity,deg/s,23.62278799789458,0.9007068413211319,3.0514351198749377,0.16666666666666666
P13,trial_15_L_unaffected,unaffected,elbow,Elbow extension,deg,5.767852412518223,0.9902213773627189,-1.364241801900644,0.16666666666666666
P13,trial_15_L_unaffected,unaffected,flex,Shoulder flexion,deg,4.622044117297605,0.9477263487984412,-6.385326360230879,0.16666666666666666
P13,trial_15_L_unaffected,unaffected,abd,Shoulder abduction,deg,8.351543129445684,-0.2858195898705439,-10.740427175980122,0.16666666666666666
P13,trial_15_L_unaffected,unaffected,trunk,Trunk displacement,mm,9.577702984502569,0.93389278036118,-4.159101342625704,0.16666666666666666
P13,trial_16_L_unaffected,unaffected,eev,End-effector velocity,mm/s,150.21474856560212,0.8376832981742727,-31.777046917065945,0.11666666666666667
P13,trial_16_L_unaffected,unaffected,eav,Elbow angular velocity,deg/s,33.65573211222948,0.8199928553497569,4.462434894566478,0.11666666666666667
P13,trial_16_L_unaffected,unaffected,elbow,Elbow extension,deg,8.25995486181283,0.9837357149274549,-0.8236324982804998,0.11666666666666667
P13,trial_16_L_unaffected,unaffected,flex,Shoulder flexion,deg,5.068678217261496,0.9365654289195867,-6.939011912564022,0.11666666666666667
P13,trial_16_L_unaffected,unaffected,abd,Shoulder abduction,deg,6.905279275417425,-0.25860945314038636,-11.64267649476897,0.11666666666666667
P13,trial_16_L_unaffected,unaffected,trunk,Trunk displacement,mm,6.837090813904694,0.969928996628744,4.637166430509407,0.11666666666666667
P13,trial_17_L_unaffected,unaffected,eev,End-effector velocity,mm/s,125.407487987849,0.8801662178124071,-36.65366847741661,0.13333333333333333
P13,trial_17_L_unaffected,unaffected,eav,Elbow angular velocity,deg/s,27.12185501656233,0.8828682896297934,1.257241005938422,0.13333333333333333
P13,trial_17_L_unaffected,unaffected,elbow,Elbow extension,deg,6.608663162537203,0.9877387187831238,-1.3681230338078632,0.13333333333333333
P13,trial_17_L_unaffected,unaffected,flex,Shoulder flexion,deg,5.2518095257266255,0.9631864930724634,-6.516069993732483,0.13333333333333333
P13,trial_17_L_unaffected,unaffected,abd,Shoulder abduction,deg,11.096280330585447,-0.5492699653853379,-11.25826829503157,0.13333333333333333
P13,trial_17_L_unaffected,unaffected,trunk,Trunk displacement,mm,12.35287443286574,0.8565439503113641,2.3657666449110537,0.13333333333333333
P13,trial_18_L_unaffected,unaffected,eev,End-effector velocity,mm/s,127.73785759323748,0.8685081662506732,-30.501862643226485,0.15
P13,trial_18_L_unaffected,unaffected,eav,Elbow angular velocity,deg/s,25.317699192534583,0.8883704717857381,0.8961524171581411,0.15
P13,trial_18_L_unaffected,unaffected,elbow,Elbow extension,deg,6.048680344612676,0.9882257548299656,-1.3509071437403017,0.15
P13,trial_18_L_unaffected,unaffected,flex,Shoulder flexion,deg,5.414230067398564,0.9561903124198723,-8.04315919956218,0.15
P13,trial_18_L_unaffected,unaffected,abd,Shoulder abduction,deg,10.070944708551556,-0.48945206295789645,-10.968749387979544,0.15
P13,trial_18_L_unaffected,unaffected,trunk,Trunk displacement,mm,11.822390187277504,0.8859632027532232,-2.50051908973041,0.15
P13,trial_19_L_unaffected,unaffected,eev,End-effector velocity,mm/s,127.27108943486759,0.8806325857789711,-38.33201702482157,0.13333333333333333
P13,trial_19_L_unaffected,unaffected,eav,Elbow angular velocity,deg/s,27.650232465827017,0.8740201147275135,2.1219186934650494,0.13333333333333333
P13,trial_19_L_unaffected,unaffected,elbow,Elbow extension,deg,5.816906290306772,0.9893148623803828,-1.2498539131240647,0.13333333333333333
P13,trial_19_L_unaffected,unaffected,flex,Shoulder flexion,deg,5.0387907336149125,0.9605190140899853,-7.846398942186248,0.13333333333333333
P13,trial_19_L_unaffected,unaffected,abd,Shoulder abduction,deg,9.208037732318298,-0.4850902069264778,-10.284884338241309,0.13333333333333333
P13,trial_19_L_unaffected,unaffected,trunk,Trunk displacement,mm,10.641696024218984,0.9128926459944168,2.004180407164343,0.13333333333333333
P13,trial_1_L_unaffected,unaffected,eev,End-effector velocity,mm/s,128.5110783554719,0.8554113562599177,-14.161407686742724,0.08333333333333333
P13,trial_1_L_unaffected,unaffected,eav,Elbow angular velocity,deg/s,26.416920235828734,0.8672438685707253,3.9626491126736494,0.08333333333333333
P13,trial_1_L_unaffected,unaffected,elbow,Elbow extension,deg,6.469224033578293,0.9794986890878272,-4.203541776440262,0.08333333333333333
P13,trial_1_L_unaffected,unaffected,flex,Shoulder flexion,deg,5.66082804878762,0.9777296702839503,-5.228118400105768,0.08333333333333333
P13,trial_1_L_unaffected,unaffected,abd,Shoulder abduction,deg,8.362965715898342,0.07138297028824353,-9.589895789705981,0.08333333333333333
P13,trial_1_L_unaffected,unaffected,trunk,Trunk displacement,mm,7.901645293709348,0.73496041980255,2.7400188129361633,0.08333333333333333
P13,trial_20_L_unaffected,unaffected,eev,End-effector velocity,mm/s,120.62781562982464,0.8932552788288739,-32.280622160704795,0.13333333333333333
P13,trial_20_L_unaffected,unaffected,eav,Elbow angular velocity,deg/s,24.08661476976895,0.8985143761806412,1.1717353060487883,0.13333333333333333
P13,trial_20_L_unaffected,unaffected,elbow,Elbow extension,deg,5.682895514724553,0.9890979079218166,-0.7393360022665932,0.13333333333333333
P13,trial_20_L_unaffected,unaffected,flex,Shoulder flexion,deg,4.99408529802141,0.9637768515080746,-7.95329750966668,0.13333333333333333
P13,trial_20_L_unaffected,unaffected,abd,Shoulder abduction,deg,10.051612397262643,-0.40138319897022795,-11.507759186185197,0.13333333333333333
P13,trial_20_L_unaffected,unaffected,trunk,Trunk displacement,mm,12.534634115450066,0.8986998641056747,2.78793150729745,0.13333333333333333
P13,trial_21_L_unaffected,unaffected,eev,End-effector velocity,mm/s,130.82732278778116,0.877497117780652,-37.1514964038542,0.16666666666666666
P13,trial_21_L_unaffected,unaffected,eav,Elbow angular velocity,deg/s,26.217298454338263,0.8794406175217526,-2.570907304811953,0.16666666666666666
P13,trial_21_L_unaffected,unaffected,elbow,Elbow extension,deg,6.290413413802075,0.9856379047448827,-1.7442170992442525,0.16666666666666666
P13,trial_21_L_unaffected,unaffected,flex,Shoulder flexion,deg,4.523286709226384,0.9411810424615485,-7.3691085847819995,0.16666666666666666
P13,trial_21_L_unaffected,unaffected,abd,Shoulder abduction,deg,9.671514154848712,-0.494043924641818,-9.36346934850171,0.16666666666666666
P13,trial_21_L_unaffected,unaffected,trunk,Trunk displacement,mm,13.422705205989542,0.8954882984725967,3.027279525262672,0.16666666666666666
P13,trial_22_L_unaffected,unaffected,eev,End-effector velocity,mm/s,124.78114928751775,0.8852043585030195,-31.472901763417173,0.11666666666666667
P13,trial_22_L_unaffected,unaffected,eav,Elbow angular velocity,deg/s,30.960058157750748,0.8465116702195208,1.260890719029445,0.11666666666666667
P13,trial_22_L_unaffected,unaffected,elbow,Elbow extension,deg,8.314718909213033,0.9830384756296877,-0.30590681165187555,0.11666666666666667
P13,trial_22_L_unaffected,unaffected,flex,Shoulder flexion,deg,4.866334178747603,0.9532021044093713,-7.02389135872837,0.11666666666666667
P13,trial_22_L_unaffected,unaffected,abd,Shoulder abduction,deg,8.022214554471551,-0.37113079798944554,-13.385941341826937,0.11666666666666667
P13,trial_22_L_unaffected,unaffected,trunk,Trunk displacement,mm,6.80282112029256,0.9769363128227775,1.924826220061855,0.11666666666666667
P13,trial_23_L_unaffected,unaffected,eev,End-effector velocity,mm/s,131.71732630789586,0.8599777596020907,-37.279661886905984,0.15
P13,trial_23_L_unaffected,unaffected,eav,Elbow angular velocity,deg/s,24.294473441430583,0.8886161731493285,-0.4031825648787921,0.15
P13,trial_23_L_unaffected,unaffected,elbow,Elbow extension,deg,6.150893545004722,0.9860382689464514,0.10317195998067638,0.15
P13,trial_23_L_unaffected,unaffected,flex,Shoulder flexion,deg,5.083336998543192,0.9493130132942187,-6.5264848073468835,0.15
P13,trial_23_L_unaffected,unaffected,abd,Shoulder abduction,deg,11.203642491668631,-0.6746927002734171,-9.01555389154576,0.15
P13,trial_23_L_unaffected,unaffected,trunk,Trunk displacement,mm,14.27531658739817,0.8436621388558009,3.7925861438158837,0.15
P13,trial_24_L_unaffected,unaffected,eev,End-effector velocity,mm/s,110.36956785859155,0.9118000865519397,-44.83467017057704,0.1
P13,trial_24_L_unaffected,unaffected,eav,Elbow angular velocity,deg/s,26.02828583048273,0.8869887315922055,-0.3716685634534029,0.1
P13,trial_24_L_unaffected,unaffected,elbow,Elbow extension,deg,4.93517508957791,0.9916530212558209,-2.5641697527885667,0.1
P13,trial_24_L_unaffected,unaffected,flex,Shoulder flexion,deg,4.595217315708866,0.9829183959860364,-7.523294637191665,0.1
P13,trial_24_L_unaffected,unaffected,abd,Shoulder abduction,deg,11.876724483945946,-0.33706957011600397,-9.071609231994948,0.1
P13,trial_24_L_unaffected,unaffected,trunk,Trunk displacement,mm,14.161286196254956,0.7275646835756838,4.042531243221796,0.1
P13,trial_25_L_unaffected,unaffected,eev,End-effector velocity,mm/s,158.1348963944593,0.8335681744570828,-23.076138207130718,0.16666666666666666
P13,trial_25_L_unaffected,unaffected,eav,Elbow angular velocity,deg/s,35.979512945107345,0.8349478279587171,4.111317096331698,0.16666666666666666
P13,trial_25_L_unaffected,unaffected,elbow,Elbow extension,deg,8.818010624646993,0.982289111008347,0.058176064650496156,0.16666666666666666
P13,trial_25_L_unaffected,unaffected,flex,Shoulder flexion,deg,6.395573097478836,0.9200318887419902,-8.003136697375759,0.16666666666666666
P13,trial_25_L_unaffected,unaffected,abd,Shoulder abduction,deg,7.7917928131914955,-0.213059388644294,-13.999174755239071,0.16666666666666666
P13,trial_25_L_unaffected,unaffected,trunk,Trunk displacement,mm,5.3009158891929715,0.9755500841332801,1.4793867951240183,0.16666666666666666
P13,trial_26_L_unaffected,unaffected,eev,End-effector velocity,mm/s,140.69284381593405,0.869494097600333,-38.90313609428688,0.15
P13,trial_26_L_unaffected,unaffected,eav,Elbow angular velocity,deg/s,27.932658300662894,0.8828000282384982,0.20277671268366257,0.15
P13,trial_26_L_unaffected,unaffected,elbow,Elbow extension,deg,6.16655361399587,0.9864388295531112,-1.1532650564331695,0.15
P13,trial_26_L_unaffected,unaffected,flex,Shoulder flexion,deg,6.042918447069644,0.9453733022346216,-7.000876760172477,0.15
P13,trial_26_L_unaffected,unaffected,abd,Shoulder abduction,deg,9.110825422916097,-0.43695656830333346,-11.62968825948632,0.15
P13,trial_26_L_unaffected,unaffected,trunk,Trunk displacement,mm,10.68689278956851,0.9224160729113994,7.959620553392118,0.15
P13,trial_27_L_unaffected,unaffected,eev,End-effector velocity,mm/s,129.1892112022104,0.8765729518476743,-28.06983338972702,0.16666666666666666
P13,trial_27_L_unaffected,unaffected,eav,Elbow angular velocity,deg/s,26.495334560083336,0.8902605711472578,1.5965405104800374,0.16666666666666666
P13,trial_27_L_unaffected,unaffected,elbow,Elbow extension,deg,6.837692926964522,0.9854836925975904,-1.0265502550831875,0.16666666666666666
P13,trial_27_L_unaffected,unaffected,flex,Shoulder flexion,deg,6.12762215085676,0.9549264431316424,-7.73045740715486,0.16666666666666666
P13,trial_27_L_unaffected,unaffected,abd,Shoulder abduction,deg,9.801925441590793,-0.3771227222233932,-11.28905150653004,0.16666666666666666
P13,trial_27_L_unaffected,unaffected,trunk,Trunk displacement,mm,12.702550345227051,0.8102699382856081,4.119887472207874,0.16666666666666666
P13,trial_28_L_unaffected,unaffected,eev,End-effector velocity,mm/s,135.47873310529684,0.8791130067144478,-40.5343500442734,0.15
P13,trial_28_L_unaffected,unaffected,eav,Elbow angular velocity,deg/s,31.990487671482516,0.8579456805932844,1.8566411772723108,0.15
P13,trial_28_L_unaffected,unaffected,elbow,Elbow extension,deg,6.633751212824241,0.9860619521394327,-0.8698481248297419,0.15
P13,trial_28_L_unaffected,unaffected,flex,Shoulder flexion,deg,6.037851304421442,0.9394804798351706,-8.122240781111561,0.15
P13,trial_28_L_unaffected,unaffected,abd,Shoulder abduction,deg,7.991706515188214,-0.18751804895703486,-9.995488252011087,0.15
P13,trial_28_L_unaffected,unaffected,trunk,Trunk displacement,mm,11.282777769914482,0.8918715503335486,5.365834736364327,0.15
P13,trial_29_L_unaffected,unaffected,eev,End-effector velocity,mm/s,133.68788435434394,0.8647687644730987,-40.757550506618315,0.11666666666666667
P13,trial_29_L_unaffected,unaffected,eav,Elbow angular velocity,deg/s,30.444646504614717,0.8420315233608682,2.1574057278299126,0.11666666666666667
P13,trial_29_L_unaffected,unaffected,elbow,Elbow extension,deg,7.347299166671809,0.9848372289832146,-1.363953776710134,0.11666666666666667
P13,trial_29_L_unaffected,unaffected,flex,Shoulder flexion,deg,6.292630728626229,0.9270833814405677,-9.908295202325407,0.11666666666666667
P13,trial_29_L_unaffected,unaffected,abd,Shoulder abduction,deg,9.116529077799212,-0.38935808140236466,-9.327608816253386,0.11666666666666667
P13,trial_29_L_unaffected,unaffected,trunk,Trunk displacement,mm,10.907103905555125,0.9583347220187627,-6.261706397869331,0.11666666666666667
P13,trial_2_L_unaffected,unaffected,eev,End-effector velocity,mm/s,135.01964759606565,0.8633363826296675,-34.10350145386436,0.15
P13,trial_2_L_unaffected,unaffected,eav,Elbow angular velocity,deg/s,32.61027134896721,0.8432467585414536,1.5702778260363417,0.15
P13,trial_2_L_unaffected,unaffected,elbow,Elbow extension,deg,6.255967418803034,0.9882463364743216,-1.3371739606644981,0.15
P13,trial_2_L_unaffected,unaffected,flex,Shoulder flexion,deg,5.882706120054775,0.9638068755246212,-9.653077962610643,0.15
P13,trial_2_L_unaffected,unaffected,abd,Shoulder abduction,deg,7.76889263386415,-0.17486387413610813,-9.14248757765419,0.15
P13,trial_2_L_unaffected,unaffected,trunk,Trunk displacement,mm,8.678085377484683,0.9274336416129706,2.2522643928618726,0.15
P13,trial_30_L_unaffected,unaffected,eev,End-effector velocity,mm/s,127.58391341316137,0.8873102489472314,-54.12283988662674,0.16666666666666666
P13,trial_30_L_unaffected,unaffected,eav,Elbow angular velocity,deg/s,32.493507348358676,0.8396245739718167,1.2222266744654013,0.16666666666666666
P13,trial_30_L_unaffected,unaffected,elbow,Elbow extension,deg,6.956409426575515,0.9860963652934065,-2.174440973476353,0.16666666666666666
P13,trial_30_L_unaffected,unaffected,flex,Shoulder flexion,deg,4.988162663544112,0.9655817730562729,-8.87804261477966,0.16666666666666666
P13,trial_30_L_unaffected,unaffected,abd,Shoulder abduction,deg,9.800586067095033,-0.3229517821632955,-8.75284083294843,0.16666666666666666
P13,trial_30_L_unaffected,unaffected,trunk,Trunk displacement,mm,11.246314848785849,0.9057030417964752,2.221389026477282,0.16666666666666666
P13,trial_32_L_unaffected,unaffected,eev,End-effector velocity,mm/s,126.60755282980227,0.8755537410791427,-43.54833846312174,0.16666666666666666
P13,trial_32_L_unaffected,unaffected,eav,Elbow angular velocity,deg/s,28.159932496766274,0.8784293671341271,2.284366479974104,0.16666666666666666
P13,trial_32_L_unaffected,unaffected,elbow,Elbow extension,deg,6.988818174365797,0.986927326618094,-1.8622040384311718,0.16666666666666666
P13,trial_32_L_unaffected,unaffected,flex,Shoulder flexion,deg,5.502461199818854,0.940060129520148,-8.364239252994505,0.16666666666666666
P13,trial_32_L_unaffected,unaffected,abd,Shoulder abduction,deg,7.972353282368787,-0.19041718360970608,-6.3039972543205325,0.16666666666666666
P13,trial_32_L_unaffected,unaffected,trunk,Trunk displacement,mm,8.662364272599568,0.8194986775091821,-2.043476398569292,0.16666666666666666
P13,trial_33_L_unaffected,unaffected,eev,End-effector velocity,mm/s,124.2791204543529,0.875457206404761,-28.433293765572234,0.18333333333333332
P13,trial_33_L_unaffected,unaffected,eav,Elbow angular velocity,deg/s,25.73617303975761,0.8899141064823085,2.1397981513633435,0.18333333333333332
P13,trial_33_L_unaffected,unaffected,elbow,Elbow extension,deg,6.806519465219099,0.9863776250801802,-1.382398921883938,0.18333333333333332
P13,trial_33_L_unaffected,unaffected,flex,Shoulder flexion,deg,4.9742602132426805,0.9531840738009606,-7.983926318570791,0.18333333333333332
P13,trial_33_L_unaffected,unaffected,abd,Shoulder abduction,deg,8.83472171128304,-0.2988707650782808,-7.183502502289674,0.18333333333333332
P13,trial_33_L_unaffected,unaffected,trunk,Trunk displacement,mm,9.255660065288312,0.8129478171798449,1.0052012738065828,0.18333333333333332
P13,trial_34_L_unaffected,unaffected,eev,End-effector velocity,mm/s,123.30490129635491,0.8184980119048724,-31.150998356531645,0.16666666666666666
P13,trial_34_L_unaffected,unaffected,eav,Elbow angular velocity,deg/s,30.91872075772168,0.7998091062073034,2.445646939952411,0.16666666666666666
P13,trial_34_L_unaffected,unaffected,elbow,Elbow extension,deg,6.858733734229304,0.9859048132804907,-2.208413736358107,0.16666666666666666
P13,trial_34_L_unaffected,unaffected,flex,Shoulder flexion,deg,4.501488632601614,0.9400269244348584,-8.278228373322571,0.16666666666666666
P13,trial_34_L_unaffected,unaffected,abd,Shoulder abduction,deg,7.600384843692585,-0.18040546537380536,-6.412298355287933,0.16666666666666666
P13,trial_34_L_unaffected,unaffected,trunk,Trunk displacement,mm,9.299648206169122,0.7596129393013832,-1.5209132988738523,0.16666666666666666
P13,trial_35_L_unaffected,unaffected,eev,End-effector velocity,mm/s,129.1907204357927,0.8682829879331174,-34.90939356317578,0.18333333333333332
P13,trial_35_L_unaffected,unaffected,eav,Elbow angular velocity,deg/s,30.175931624175558,0.8628834889220676,2.156197426030363,0.18333333333333332
P13,trial_35_L_unaffected,unaffected,elbow,Elbow extension,deg,7.605695340409647,0.9808429152044762,-1.8091903940268086,0.18333333333333332
P13,trial_35_L_unaffected,unaffected,flex,Shoulder flexion,deg,5.616600714781952,0.9349074306212751,-7.357976627575229,0.18333333333333332
P13,trial_35_L_unaffected,unaffected,abd,Shoulder abduction,deg,9.410324167649687,-0.18001068583378466,-6.528039676697377,0.18333333333333332
P13,trial_35_L_unaffected,unaffected,trunk,Trunk displacement,mm,10.299727857829696,0.7754521576528277,-0.5423742452454332,0.18333333333333332
P13,trial_37_L_unaffected,unaffected,eev,End-effector velocity,mm/s,141.0863617576934,0.842918827799787,-38.29846035641303,0.15
P13,trial_37_L_unaffected,unaffected,eav,Elbow angular velocity,deg/s,34.3003086758243,0.8231746827009534,1.8710320512929695,0.15
P13,trial_37_L_unaffected,unaffected,elbow,Elbow extension,deg,7.245391294937797,0.982912098762891,-1.2154714768090311,0.15
P13,trial_37_L_unaffected,unaffected,flex,Shoulder flexion,deg,5.714278731038265,0.9404088991509278,-8.221196792037032,0.15
P13,trial_37_L_unaffected,unaffected,abd,Shoulder abduction,deg,8.864823523833508,-0.3429743028500736,-7.255018595382919,0.15
P13,trial_37_L_unaffected,unaffected,trunk,Trunk displacement,mm,10.408657761147417,0.6931433240763699,4.483173332640248,0.15
P13,trial_38_L_unaffected,unaffected,eev,End-effector velocity,mm/s,120.23023194046483,0.8924309912923533,-31.07118081083128,0.18333333333333332
P13,trial_38_L_unaffected,unaffected,eav,Elbow angular velocity,deg/s,28.770269006620588,0.880614422910358,2.5849569083906014,0.18333333333333332
P13,trial_38_L_unaffected,unaffected,elbow,Elbow extension,deg,6.7714943022795415,0.986800666319006,-1.5195823622691083,0.18333333333333332
P13,trial_38_L_unaffected,unaffected,flex,Shoulder flexion,deg,4.733554256478154,0.9590231786686478,-7.743962175764712,0.18333333333333332
P13,trial_38_L_unaffected,unaffected,abd,Shoulder abduction,deg,8.515368926867671,-0.2469475800107114,-6.087107541423543,0.18333333333333332
P13,trial_38_L_unaffected,unaffected,trunk,Trunk displacement,mm,9.725291130061615,0.8478697461880901,-0.457566400418925,0.18333333333333332
P13,trial_39_L_unaffected,unaffected,eev,End-effector velocity,mm/s,122.81930270675093,0.8898285393043872,-36.64902027876389,0.15
P13,trial_39_L_unaffected,unaffected,eav,Elbow angular velocity,deg/s,30.468786491093738,0.8665282512644513,4.561394385031285,0.15
P13,trial_39_L_unaffected,unaffected,elbow,Elbow extension,deg,8.213651514601308,0.9831042822973585,-0.9406570430638713,0.15
P13,trial_39_L_unaffected,unaffected,flex,Shoulder flexion,deg,5.206768081546421,0.9456213758091231,-6.800011690744938,0.15
P13,trial_39_L_unaffected,unaffected,abd,Shoulder abduction,deg,6.432243441079537,-0.21620093726920378,-10.459412115377996,0.15
P13,trial_39_L_unaffected,unaffected,trunk,Trunk displacement,mm,5.018551183027396,0.9722156799659135,-0.9051303870540526,0.15
P13,trial_3_L_unaffected,unaffected,eev,End-effector velocity,mm/s,115.31643700877669,0.8928417882626724,-30.953381091480068,0.16666666666666666
P13,trial_3_L_unaffected,unaffected,eav,Elbow angular velocity,deg/s,22.66364712490021,0.9026068463062246,1.6835079527876307,0.16666666666666666
P13,trial_3_L_unaffected,unaffected,elbow,Elbow extension,deg,4.924759497417255,0.9914710530003054,-1.7847943111830002,0.16666666666666666
P13,trial_3_L_unaffected,unaffected,flex,Shoulder flexion,deg,5.178005319241307,0.9801761586062806,-7.103629476515164,0.16666666666666666
P13,trial_3_L_unaffected,unaffected,abd,Shoulder abduction,deg,8.755984043947649,-0.6099320816846732,-6.805808230717725,0.16666666666666666
P13,trial_3_L_unaffected,unaffected,trunk,Trunk displacement,mm,10.844983896403551,0.8189995636117278,3.8878761605038323,0.16666666666666666
P13,trial_40_L_unaffected,unaffected,eev,End-effector velocity,mm/s,122.0398838177182,0.8914402995988862,-30.036729995339474,0.2
P13,trial_40_L_unaffected,unaffected,eav,Elbow angular velocity,deg/s,24.85495633334041,0.9042125745533969,3.03751561396229,0.2
P13,trial_40_L_unaffected,unaffected,elbow,Elbow extension,deg,6.972287233760855,0.9853441968561488,-1.9490108923938387,0.2
P13,trial_40_L_unaffected,unaffected,flex,Shoulder flexion,deg,5.141891565246247,0.9551446421394936,-8.153327097864251,0.2
P13,trial_40_L_unaffected,unaffected,abd,Shoulder abduction,deg,8.209303985252586,-0.37104079930806155,-7.176496493354574,0.2
P13,trial_40_L_unaffected,unaffected,trunk,Trunk displacement,mm,9.837834076599078,0.8556048588314696,-0.9143762976016586,0.2
P13,trial_41_R_affected,affected,eev,End-effector velocity,mm/s,120.818838459437,0.8695613540500803,-22.235428690405968,0.13333333333333333
P13,trial_41_R_affected,affected,eav,Elbow angular velocity,deg/s,19.282053736480755,0.880794700553343,2.8822006649350667,0.13333333333333333
P13,trial_41_R_affected,affected,elbow,Elbow extension,deg,6.193499690324914,0.9859135837798312,6.643379168909216,0.13333333333333333
P13,trial_41_R_affected,affected,flex,Shoulder flexion,deg,8.395780001545342,0.8291454598651907,4.216363236012187,0.13333333333333333
P13,trial_41_R_affected,affected,abd,Shoulder abduction,deg,5.932496274420178,0.5568031116589724,-9.73011242680909,0.13333333333333333
P13,trial_41_R_affected,affected,trunk,Trunk displacement,mm,7.843000364364673,0.9880517027006225,10.518100672691086,0.13333333333333333
P13,trial_42_R_affected,affected,eev,End-effector velocity,mm/s,109.70894725204248,0.8901816285458783,-23.071955158187905,0.18333333333333332
P13,trial_42_R_affected,affected,eav,Elbow angular velocity,deg/s,19.495950553848935,0.8880736918764784,0.5378108820192873,0.18333333333333332
P13,trial_42_R_affected,affected,elbow,Elbow extension,deg,7.187214776786301,0.9779592705694722,7.225344456602987,0.18333333333333332
P13,trial_42_R_affected,affected,flex,Shoulder flexion,deg,9.56068820048752,0.8507727177498998,7.666115828582301,0.18333333333333332
P13,trial_42_R_affected,affected,abd,Shoulder abduction,deg,5.253074147946427,0.6018252127519432,-7.958387512904527,0.18333333333333332
P13,trial_42_R_affected,affected,trunk,Trunk displacement,mm,8.5237398886148,0.9843224716206032,8.707061228205538,0.18333333333333332
P13,trial_43_R_affected,affected,eev,End-effector velocity,mm/s,116.25379724523503,0.8725517844327678,-27.372438465509873,0.25
P13,trial_43_R_affected,affected,eav,Elbow angular velocity,deg/s,20.98305167110186,0.8675117948747345,3.1402884444896024,0.25
P13,trial_43_R_affected,affected,elbow,Elbow extension,deg,8.035800176693837,0.9735831021507094,7.021849833006181,0.25
P13,trial_43_R_affected,affected,flex,Shoulder flexion,deg,9.022670995688337,0.8767507017514797,4.149764006473909,0.25
P13,trial_43_R_affected,affected,abd,Shoulder abduction,deg,6.385914081864694,0.43177856138144466,-9.855344033868722,0.25
P13,trial_43_R_affected,affected,trunk,Trunk displacement,mm,8.551650933935797,0.9754808489509429,10.76141998885548,0.25
P13,trial_44_R_affected,affected,eev,End-effector velocity,mm/s,126.55812529494041,0.8485802953007273,-23.191726677784306,0.18333333333333332
P13,trial_44_R_affected,affected,eav,Elbow angular velocity,deg/s,25.97263906856261,0.81112838397089,4.652236973701977,0.18333333333333332
P13,trial_44_R_affected,affected,elbow,Elbow extension,deg,7.1953938512979825,0.9837337326427427,5.986706440530678,0.18333333333333332
P13,trial_44_R_affected,affected,flex,Shoulder flexion,deg,8.169853064609327,0.8726939185726333,5.421647754796423,0.18333333333333332
P13,trial_44_R_affected,affected,abd,Shoulder abduction,deg,5.038581578525653,0.8370166940492073,-10.234158321885445,0.18333333333333332
P13,trial_44_R_affected,affected,trunk,Trunk displacement,mm,6.735023045088058,0.9859272468417756,14.991211437317125,0.18333333333333332
P13,trial_45_R_affected,affected,eev,End-effector velocity,mm/s,142.02936578751869,0.8179497062289566,-33.353932324916165,0.18333333333333332
P13,trial_45_R_affected,affected,eav,Elbow angular velocity,deg/s,26.84233345648127,0.825172685388595,4.864827725378741,0.18333333333333332
P13,trial_45_R_affected,affected,elbow,Elbow extension,deg,7.828665419684793,0.982036994586559,5.929577878600547,0.18333333333333332
P13,trial_45_R_affected,affected,flex,Shoulder flexion,deg,9.945157229836122,0.6256591060199167,0.6531772528136317,0.18333333333333332
P13,trial_45_R_affected,affected,abd,Shoulder abduction,deg,5.147687586658529,0.23662291804135793,-10.471802393597823,0.18333333333333332
P13,trial_45_R_affected,affected,trunk,Trunk displacement,mm,6.6987273312371425,0.9866383481141153,14.896422823221169,0.18333333333333332
P13,trial_46_R_affected,affected,eev,End-effector velocity,mm/s,127.4376499950874,0.8585189885087029,-32.57999415166888,0.18333333333333332
P13,trial_46_R_affected,affected,eav,Elbow angular velocity,deg/s,22.51905260645146,0.8707018023539259,4.198586309323071,0.18333333333333332
P13,trial_46_R_affected,affected,elbow,Elbow extension,deg,6.877648272376973,0.9840521031832524,6.672252826606681,0.18333333333333332
P13,trial_46_R_affected,affected,flex,Shoulder flexion,deg,10.137634943428951,0.7444447433083164,3.449466874294154,0.18333333333333332
P13,trial_46_R_affected,affected,abd,Shoulder abduction,deg,4.863816511383972,0.174196721270871,-9.7850605655912,0.18333333333333332
P13,trial_46_R_affected,affected,trunk,Trunk displacement,mm,6.297201034063894,0.990945804611807,10.514533897747818,0.18333333333333332
P13,trial_47_R_affected,affected,eev,End-effector velocity,mm/s,119.95713963629753,0.8551194411881184,-29.714447718897862,0.21666666666666667
P13,trial_47_R_affected,affected,eav,Elbow angular velocity,deg/s,22.09678568406192,0.862589345301759,4.545758921700919,0.21666666666666667
P13,trial_47_R_affected,affected,elbow,Elbow extension,deg,7.177240807352143,0.9842419590345022,6.277648912208029,0.21666666666666667
P13,trial_47_R_affected,affected,flex,Shoulder flexion,deg,8.052984903705864,0.7230401716871145,2.5588854013676907,0.21666666666666667
P13,trial_47_R_affected,affected,abd,Shoulder abduction,deg,4.563701387522586,0.40812829811441736,-9.928040960177555,0.21666666666666667
P13,trial_47_R_affected,affected,trunk,Trunk displacement,mm,5.514967349095673,0.988687196876756,11.540946291817162,0.21666666666666667
P13,trial_48_R_affected,affected,eev,End-effector velocity,mm/s,120.12966260881595,0.8432309705421767,-22.022086037426426,0.2833333333333333
P13,trial_48_R_affected,affected,eav,Elbow angular velocity,deg/s,20.670311128089704,0.8687235517456702,5.19630410939847,0.2833333333333333
P13,trial_48_R_affected,affected,elbow,Elbow extension,deg,8.14920006138728,0.9754996312227723,6.106204773706027,0.2833333333333333
P13,trial_48_R_affected,affected,flex,Shoulder flexion,deg,10.422882087921506,0.596173286476328,3.0115683378080638,0.2833333333333333
P13,trial_48_R_affected,affected,abd,Shoulder abduction,deg,5.468167512737435,0.27526283973395477,-10.582621265137035,0.2833333333333333
P13,trial_48_R_affected,affected,trunk,Trunk displacement,mm,9.623368795506476,0.9749269320850492,14.884910236884478,0.2833333333333333
P13,trial_49_R_affected,affected,eev,End-effector velocity,mm/s,125.3395815027944,0.8672886683354842,-29.56129383363442,0.16666666666666666
P13,trial_49_R_affected,affected,eav,Elbow angular velocity,deg/s,22.84110759701311,0.8606251055706324,4.088366560081865,0.16666666666666666
P13,trial_49_R_affected,affected,elbow,Elbow extension,deg,6.320960179333418,0.9862330013800173,7.2503500320751675,0.16666666666666666
P13,trial_49_R_affected,affected,flex,Shoulder flexion,deg,9.718549377221585,0.769166828657436,2.552963126181224,0.16666666666666666
P13,trial_49_R_affected,affected,abd,Shoulder abduction,deg,5.517349072544762,0.2852852714795799,-10.098126723645262,0.16666666666666666
P13,trial_49_R_affected,affected,trunk,Trunk displacement,mm,5.856630034343688,0.9935448051620317,10.867511985871483,0.16666666666666666
P13,trial_4_L_unaffected,unaffected,eev,End-effector velocity,mm/s,132.13948955642815,0.8461615156059638,-24.451874484416766,0.23333333333333334
P13,trial_4_L_unaffected,unaffected,eav,Elbow angular velocity,deg/s,26.154708172377024,0.8778137322481897,2.8261689194844526,0.23333333333333334
P13,trial_4_L_unaffected,unaffected,elbow,Elbow extension,deg,7.40158897764009,0.9855355879906033,-1.4594229727980517,0.23333333333333334
P13,trial_4_L_unaffected,unaffected,flex,Shoulder flexion,deg,4.416461169583477,0.9545617717698001,-8.443318037767998,0.23333333333333334
P13,trial_4_L_unaffected,unaffected,abd,Shoulder abduction,deg,8.961556728861838,-0.4927401800462344,-7.356510019402383,0.23333333333333334
P13,trial_4_L_unaffected,unaffected,trunk,Trunk displacement,mm,10.813011872306111,0.808394699244358,3.346574800051575,0.23333333333333334
P13,trial_50_R_affected,affected,eev,End-effector velocity,mm/s,112.80532748514793,0.8731404080357192,-31.029694889488376,0.21666666666666667
P13,trial_50_R_affected,affected,eav,Elbow angular velocity,deg/s,18.7744302893124,0.89207672635746,2.1681036424822895,0.21666666666666667
P13,trial_50_R_affected,affected,elbow,Elbow extension,deg,6.764447977622086,0.9835633506624097,6.296795866417809,0.21666666666666667
P13,trial_50_R_affected,affected,flex,Shoulder flexion,deg,7.7401749055046265,0.756024502679227,2.4814296040228725,0.21666666666666667
P13,trial_50_R_affected,affected,abd,Shoulder abduction,deg,5.243967184231902,0.21453712072375863,-10.712755684352796,0.21666666666666667
P13,trial_50_R_affected,affected,trunk,Trunk displacement,mm,6.839302511469344,0.9847542134097403,11.861985551248237,0.21666666666666667
P13,trial_51_R_affected,affected,eev,End-effector velocity,mm/s,121.06060824396157,0.8752165251197843,-29.22528429548345,0.18333333333333332
P13,trial_51_R_affected,affected,eav,Elbow angular velocity,deg/s,22.939894166821787,0.885391294822959,2.3586657549890995,0.18333333333333332
P13,trial_51_R_affected,affected,elbow,Elbow extension,deg,7.604840157134204,0.983623072232259,6.387359556786633,0.18333333333333332
P13,trial_51_R_affected,affected,flex,Shoulder flexion,deg,9.548128410336792,0.7506446041802298,0.38091761768597165,0.18333333333333332
P13,trial_51_R_affected,affected,abd,Shoulder abduction,deg,4.832432138722875,0.4117705006842101,-10.539077665071266,0.18333333333333332
P13,trial_51_R_affected,affected,trunk,Trunk displacement,mm,7.434842625932642,0.9471666677251639,9.453807187135778,0.18333333333333332
P13,trial_53_R_affected,affected,eev,End-effector velocity,mm/s,127.58938129681054,0.8602111434856422,-29.774983354516362,0.2
P13,trial_53_R_affected,affected,eav,Elbow angular velocity,deg/s,23.446543602019783,0.8728439285460847,3.3367160403449256,0.2
P13,trial_53_R_affected,affected,elbow,Elbow extension,deg,7.043415092281301,0.9857380934833923,6.796687672416903,0.2
P13,trial_53_R_affected,affected,flex,Shoulder flexion,deg,8.269847393472064,0.8043331504124097,-0.45317130206989703,0.2
P13,trial_53_R_affected,affected,abd,Shoulder abduction,deg,5.472046382602592,0.0849423730029293,-9.829015729624304,0.2
P13,trial_53_R_affected,affected,trunk,Trunk displacement,mm,7.429861341109194,0.9808114379471427,11.47321922118279,0.2
P13,trial_54_R_affected,affected,eev,End-effector velocity,mm/s,120.71322610649194,0.8646146973312162,-30.73252466382127,0.2
P13,trial_54_R_affected,affected,eav,Elbow angular velocity,deg/s,19.19420605983657,0.8940632891374231,2.2068681880202563,0.2
P13,trial_54_R_affected,affected,elbow,Elbow extension,deg,6.818761804299118,0.9842479256001443,7.370179042904861,0.2
P13,trial_54_R_affected,affected,flex,Shoulder flexion,deg,9.07137788985419,0.8050027288973168,0.6604787692893603,0.2
P13,trial_54_R_affected,affected,abd,Shoulder abduction,deg,5.265492325444789,0.139688555110063,-8.967690632960844,0.2
P13,trial_54_R_affected,affected,trunk,Trunk displacement,mm,7.114993366309067,0.9795548280162514,9.089454898638865,0.2
P13,trial_56_R_affected,affected,eev,End-effector velocity,mm/s,122.15370525824397,0.8645798112865163,-26.408272593641687,0.23333333333333334
P13,trial_56_R_affected,affected,eav,Elbow angular velocity,deg/s,22.040166549269355,0.872765684181885,3.060240075689279,0.23333333333333334
P13,trial_56_R_affected,affected,elbow,Elbow extension,deg,7.331569441418177,0.9797143986716181,7.6692093172546345,0.23333333333333334
P13,trial_56_R_affected,affected,flex,Shoulder flexion,deg,9.270686061914338,0.6935350785521718,-0.18077886399380322,0.23333333333333334
P13,trial_56_R_affected,affected,abd,Shoulder abduction,deg,5.6980021849326645,0.15921554379438566,-9.214058555193109,0.23333333333333334
P13,trial_56_R_affected,affected,trunk,Trunk displacement,mm,7.8891507649925705,0.9800210930787019,11.411015777325144,0.23333333333333334
P13,trial_57_R_affected,affected,eev,End-effector velocity,mm/s,106.44318022420168,0.8776865105361319,-31.281947665713425,0.2
P13,trial_57_R_affected,affected,eav,Elbow angular velocity,deg/s,19.339630159755266,0.8905598980778153,1.3612037024752237,0.2
P13,trial_57_R_affected,affected,elbow,Elbow extension,deg,6.6974051716572385,0.9841694379135705,7.072528528437407,0.2
P13,trial_57_R_affected,affected,flex,Shoulder flexion,deg,7.855472825057905,0.8521218303094883,1.5950857036917516,0.2
P13,trial_57_R_affected,affected,abd,Shoulder abduction,deg,5.072943232838227,0.3044181247719936,-9.266946914136449,0.2
P13,trial_57_R_affected,affected,trunk,Trunk displacement,mm,7.213241760992083,0.9761435190388256,12.959351918249487,0.2
P13,trial_58_R_affected,affected,eev,End-effector velocity,mm/s,109.63133266236775,0.887720679414005,-28.326816160285222,0.18333333333333332
P13,trial_58_R_affected,affected,eav,Elbow angular velocity,deg/s,19.325164994195227,0.8931881319571852,2.3219288188940332,0.18333333333333332
P13,trial_58_R_affected,affected,elbow,Elbow extension,deg,6.900102370951962,0.983153526866615,7.618826335142873,0.18333333333333332
P13,trial_58_R_affected,affected,flex,Shoulder flexion,deg,8.804011136861643,0.8149008789118659,1.7646997895543166,0.18333333333333332
P13,trial_58_R_affected,affected,abd,Shoulder abduction,deg,5.082928905799836,0.1781936496925233,-9.053346330696671,0.18333333333333332
P13,trial_58_R_affected,affected,trunk,Trunk displacement,mm,6.524896032692492,0.9899462885687278,8.924922934062828,0.18333333333333332
P13,trial_59_R_affected,affected,eev,End-effector velocity,mm/s,82.69304493373352,0.924581443904328,-26.652555051413575,0.2
P13,trial_59_R_affected,affected,eav,Elbow angular velocity,deg/s,15.43582569461224,0.9195720411612243,2.6181754701260282,0.2
P13,trial_59_R_affected,affected,elbow,Elbow extension,deg,6.485192178217734,0.9864731875255806,7.674010105343678,0.2
P13,trial_59_R_affected,affected,flex,Shoulder flexion,deg,7.277521481239427,0.8385713417558599,2.656183802704434,0.2
P13,trial_59_R_affected,affected,abd,Shoulder abduction,deg,5.206477409545466,0.4682646715039729,-9.201683271735368,0.2
P13,trial_59_R_affected,affected,trunk,Trunk displacement,mm,8.009187827511477,0.9865744139940054,11.094776539054076,0.2
P13,trial_5_L_unaffected,unaffected,eev,End-effector velocity,mm/s,113.46317856070306,0.8905864852510867,-27.11148839346393,0.18333333333333332
P13,trial_5_L_unaffected,unaffected,eav,Elbow angular velocity,deg/s,21.31238093174305,0.9130349918181239,2.0047569906905145,0.18333333333333332
P13,trial_5_L_unaffected,unaffected,elbow,Elbow extension,deg,6.230806165424364,0.9878398221275931,-2.084773893653102,0.18333333333333332
P13,trial_5_L_unaffected,unaffected,flex,Shoulder flexion,deg,4.940507097655502,0.965886012583072,-7.768006991336095,0.18333333333333332
P13,trial_5_L_unaffected,unaffected,abd,Shoulder abduction,deg,9.01711214831648,-0.4960222126514716,-8.394416890247465,0.18333333333333332
P13,trial_5_L_unaffected,unaffected,trunk,Trunk displacement,mm,10.615575495278039,0.7922946420098387,7.872618885770795,0.18333333333333332
P13,trial_60_R_affected,affected,eev,End-effector velocity,mm/s,95.18106805888756,0.8827301437174147,-26.6384980076733,0.2
P13,trial_60_R_affected,affected,eav,Elbow angular velocity,deg/s,15.513190431412992,0.9089164728063717,1.7758461940248071,0.2
P13,trial_60_R_affected,affected,elbow,Elbow extension,deg,6.095682111826943,0.988014733752395,6.848184248612678,0.2
P13,trial_60_R_affected,affected,flex,Shoulder flexion,deg,7.144826070851026,0.7528162683063737,1.4023864367556262,0.2
P13,trial_60_R_affected,affected,abd,Shoulder abduction,deg,5.089966423568022,0.038731102230888596,-9.235644985505525,0.2
P13,trial_60_R_affected,affected,trunk,Trunk displacement,mm,6.352982299163261,0.9858238029598371,7.08794077997938,0.2
P13,trial_61_R_affected,affected,eev,End-effector velocity,mm/s,96.9349564415667,0.9086775057450539,-36.80033308955353,0.21666666666666667
P13,trial_61_R_affected,affected,eav,Elbow angular velocity,deg/s,19.955543349100633,0.8846465801230677,3.4625872624137353,0.21666666666666667
P13,trial_61_R_affected,affected,elbow,Elbow extension,deg,7.093357576379183,0.9849494859993698,5.482307844796619,0.21666666666666667
P13,trial_61_R_affected,affected,flex,Shoulder flexion,deg,8.144806787584333,0.7154062944771699,-0.6870386526421629,0.21666666666666667
P13,trial_61_R_affected,affected,abd,Shoulder abduction,deg,5.63130085225939,0.20585481744000825,-11.373936779416946,0.21666666666666667
P13,trial_61_R_affected,affected,trunk,Trunk displacement,mm,9.023438076663274,0.9810241662970044,10.898716137835365,0.21666666666666667
P13,trial_62_R_affected,affected,eev,End-effector velocity,mm/s,102.0441070587632,0.8922025444263557,-30.852518979050945,0.21666666666666667
P13,trial_62_R_affected,affected,eav,Elbow angular velocity,deg/s,19.033911562768502,0.8835643272137436,3.7630323228121347,0.21666666666666667
P13,trial_62_R_affected,affected,elbow,Elbow extension,deg,6.4602970507530575,0.9872543242667454,6.508657636664025,0.21666666666666667
P13,trial_62_R_affected,affected,flex,Shoulder flexion,deg,8.07935288449579,0.736499118874986,-1.4104112539607723,0.21666666666666667
P13,trial_62_R_affected,affected,abd,Shoulder abduction,deg,5.804216252417157,0.1873168666530234,-11.071049681674332,0.21666666666666667
P13,trial_62_R_affected,affected,trunk,Trunk displacement,mm,6.700319568224689,0.9897284351983259,12.302834582961847,0.21666666666666667
P13,trial_63_R_affected,affected,eev,End-effector velocity,mm/s,115.92195255931907,0.8790133689064548,-31.773704637556538,0.21666666666666667
P13,trial_63_R_affected,affected,eav,Elbow angular velocity,deg/s,17.78957255699218,0.8986541848158617,2.6249623941728255,0.21666666666666667
P13,trial_63_R_affected,affected,elbow,Elbow extension,deg,7.256618494885336,0.9817745685473925,5.624575138145328,0.21666666666666667
P13,trial_63_R_affected,affected,flex,Shoulder flexion,deg,7.475180465585206,0.8193965611673275,1.1434527620242574,0.21666666666666667
P13,trial_63_R_affected,affected,abd,Shoulder abduction,deg,5.784985469443399,0.12706218825471813,-11.110571509810155,0.21666666666666667
P13,trial_63_R_affected,affected,trunk,Trunk displacement,mm,8.363568323123465,0.9824525183699001,8.63860772565192,0.21666666666666667
P13,trial_64_R_affected,affected,eev,End-effector velocity,mm/s,102.83698701830482,0.9020916163334779,-33.206138745434416,0.23333333333333334
P13,trial_64_R_affected,affected,eav,Elbow angular velocity,deg/s,18.77664072851472,0.8989323144513943,2.7153709606845564,0.23333333333333334
P13,trial_64_R_affected,affected,elbow,Elbow extension,deg,7.321678849356271,0.9827332723991551,6.560494036558106,0.23333333333333334
P13,trial_64_R_affected,affected,flex,Shoulder flexion,deg,7.688146406497838,0.8399579098835491,-0.9449528072757364,0.23333333333333334
P13,trial_64_R_affected,affected,abd,Shoulder abduction,deg,5.109975135493743,0.2650906604367164,-10.858383404206322,0.23333333333333334
P13,trial_64_R_affected,affected,trunk,Trunk displacement,mm,8.258645996113247,0.9694718300204525,9.841120949746502,0.23333333333333334
P13,trial_66_R_affected,affected,eev,End-effector velocity,mm/s,121.73349481207403,0.8854209162093377,-31.869854141092013,0.2
P13,trial_66_R_affected,affected,eav,Elbow angular velocity,deg/s,18.949222659057792,0.9254373130768058,1.8960970997292914,0.2
P13,trial_66_R_affected,affected,elbow,Elbow extension,deg,7.484777976484805,0.9830566061966458,7.973765078294781,0.2
P13,trial_66_R_affected,affected,flex,Shoulder flexion,deg,9.317864153555147,0.8888274966963954,0.03238276976880159,0.2
P13,trial_66_R_affected,affected,abd,Shoulder abduction,deg,5.613502947489454,0.497908416503168,-10.734207181738045,0.2
P13,trial_66_R_affected,affected,trunk,Trunk displacement,mm,5.214180642214434,0.9793193310823263,9.592254792509287,0.2
P13,trial_67_R_affected,affected,eev,End-effector velocity,mm/s,143.1436975355036,0.8098994719592778,-35.24015047650877,0.16666666666666666
P13,trial_67_R_affected,affected,eav,Elbow angular velocity,deg/s,27.616031346804306,0.8632617749994804,4.844244352533688,0.16666666666666666
P13,trial_67_R_affected,affected,elbow,Elbow extension,deg,8.922053542311641,0.9792038215036958,5.3405433865854395,0.16666666666666666
P13,trial_67_R_affected,affected,flex,Shoulder flexion,deg,9.128479632480333,0.8315692643073112,-0.7403895789455258,0.16666666666666666
P13,trial_67_R_affected,affected,abd,Shoulder abduction,deg,5.794160677778381,0.6131353958280876,-11.398450559748175,0.16666666666666666
P13,trial_67_R_affected,affected,trunk,Trunk displacement,mm,6.020633218399079,0.9647284502982396,9.774045918323774,0.16666666666666666
P13,trial_68_R_affected,affected,eev,End-effector velocity,mm/s,109.27204196888468,0.8885432250857282,-31.745556727411373,0.23333333333333334
P13,trial_68_R_affected,affected,eav,Elbow angular velocity,deg/s,17.694656624226205,0.9208336870029591,2.762188409273292,0.23333333333333334
P13,trial_68_R_affected,affected,elbow,Elbow extension,deg,7.6712546310888925,0.9837629542720436,7.092105392733495,0.23333333333333334
P13,trial_68_R_affected,affected,flex,Shoulder flexion,deg,9.370041151793881,0.746938153598149,-1.2076772048981663,0.23333333333333334
P13,trial_68_R_affected,affected,abd,Shoulder abduction,deg,5.988954410086361,0.2645402334637258,-11.035771413678555,0.23333333333333334
P13,trial_68_R_affected,affected,trunk,Trunk displacement,mm,7.078330292647668,0.9654285257640782,6.482411819662762,0.23333333333333334
P13,trial_69_R_affected,affected,eev,End-effector velocity,mm/s,123.50759743371763,0.875975150342752,-36.71296790188337,0.2
P13,trial_69_R_affected,affected,eav,Elbow angular velocity,deg/s,22.989515887171766,0.8887496818086654,3.200124569849123,0.2
P13,trial_69_R_affected,affected,elbow,Elbow extension,deg,7.639035887869516,0.9828348431616507,7.765635371903749,0.2
P13,trial_69_R_affected,affected,flex,Shoulder flexion,deg,9.12876585752723,0.7724973218467694,-1.9842779453956707,0.2
P13,trial_69_R_affected,affected,abd,Shoulder abduction,deg,5.4954706669501485,0.051280959888354086,-10.133811551569847,0.2
P13,trial_69_R_affected,affected,trunk,Trunk displacement,mm,7.9641440234584095,0.9734528188564913,14.61048721467217,0.2
P13,trial_6_L_unaffected,unaffected,eev,End-effector velocity,mm/s,127.16128987038243,0.9053907693502462,-34.84059534445571,0.16666666666666666
P13,trial_6_L_unaffected,unaffected,eav,Elbow angular velocity,deg/s,32.553961241002185,0.8479989093637319,1.8190534709298027,0.16666666666666666
P13,trial_6_L_unaffected,unaffected,elbow,Elbow extension,deg,5.899450926644781,0.9883765819413045,-2.1109622475588687,0.16666666666666666
P13,trial_6_L_unaffected,unaffected,flex,Shoulder flexion,deg,7.437966966560671,0.9612442559850162,-5.1545015721180745,0.16666666666666666
P13,trial_6_L_unaffected,unaffected,abd,Shoulder abduction,deg,9.221971826613718,-0.5659026696012541,-10.793535190081329,0.16666666666666666
P13,trial_6_L_unaffected,unaffected,trunk,Trunk displacement,mm,12.42266523006389,0.9351254169965563,0.12111497989358141,0.16666666666666666
P13,trial_70_R_affected,affected,eev,End-effector velocity,mm/s,123.14810720543468,0.8689298614553547,-38.696440732788254,0.2
P13,trial_70_R_affected,affected,eav,Elbow angular velocity,deg/s,21.259460203037058,0.9001127412255197,2.410244644971711,0.2
P13,trial_70_R_affected,affected,elbow,Elbow extension,deg,7.473356380912114,0.9829459839063059,6.290845686240867,0.2
P13,trial_70_R_affected,affected,flex,Shoulder flexion,deg,8.12490677474319,0.8318392335830913,-0.45856194050073706,0.2
P13,trial_70_R_affected,affected,abd,Shoulder abduction,deg,5.52835659664358,0.24000123495463427,-10.002768682543408,0.2
P13,trial_70_R_affected,affected,trunk,Trunk displacement,mm,6.197242997084722,0.979300820520525,9.863098586704547,0.2
P13,trial_71_R_affected,affected,eev,End-effector velocity,mm/s,119.70965025752407,0.8770886657638598,-37.74330296148283,0.2
P13,trial_71_R_affected,affected,eav,Elbow angular velocity,deg/s,21.87627684513194,0.8908686173302977,2.891817872194254,0.2
P13,trial_71_R_affected,affected,elbow,Elbow extension,deg,6.98266575508793,0.9849908279893153,6.57920027759256,0.2
P13,trial_71_R_affected,affected,flex,Shoulder flexion,deg,8.70162414278277,0.8184335444140571,-1.2777506966126173,0.2
P13,trial_71_R_affected,affected,abd,Shoulder abduction,deg,5.49877677294818,0.03553169975578132,-9.91666500895917,0.2
P13,trial_71_R_affected,affected,trunk,Trunk displacement,mm,6.11973532480885,0.9739941762304374,11.7960030711049,0.2
P13,trial_73_R_affected,affected,eev,End-effector velocity,mm/s,130.67525041022205,0.8510732594251924,-33.84841263151384,0.18333333333333332
P13,trial_73_R_affected,affected,eav,Elbow angular velocity,deg/s,24.244152145611658,0.8732497504702864,4.100885723802292,0.18333333333333332
P13,trial_73_R_affected,affected,elbow,Elbow extension,deg,7.612014659861623,0.9815550664896766,6.833253206997129,0.18333333333333332
P13,trial_73_R_affected,affected,flex,Shoulder flexion,deg,10.350670447472266,0.7206054744225712,-2.146267256152094,0.18333333333333332
P13,trial_73_R_affected,affected,abd,Shoulder abduction,deg,5.7172316789785365,0.11733686337680518,-10.600446339609478,0.18333333333333332
P13,trial_73_R_affected,affected,trunk,Trunk displacement,mm,7.707515598031395,0.9724876542258777,15.14248862036641,0.18333333333333332
P13,trial_74_R_affected,affected,eev,End-effector velocity,mm/s,121.45356792683509,0.8765678982829519,-29.948488887881453,0.26666666666666666
P13,trial_74_R_affected,affected,eav,Elbow angular velocity,deg/s,23.155082269142518,0.880406506224512,2.927771361772234,0.26666666666666666
P13,trial_74_R_affected,affected,elbow,Elbow extension,deg,8.052175192321023,0.9780730244388537,6.725923733347334,0.26666666666666666
P13,trial_74_R_affected,affected,flex,Shoulder flexion,deg,9.639501989442397,0.8227076626262809,-1.5690612129553034,0.26666666666666666
P13,trial_74_R_affected,affected,abd,Shoulder abduction,deg,5.986246513048949,0.09685479337297251,-10.282061747937636,0.26666666666666666
P13,trial_74_R_affected,affected,trunk,Trunk displacement,mm,7.803220499879928,0.9623306605026203,10.4705968228431,0.26666666666666666
P13,trial_75_R_affected,affected,eev,End-effector velocity,mm/s,130.53444416513528,0.8535826590152339,-33.352691414140736,0.2
P13,trial_75_R_affected,affected,eav,Elbow angular velocity,deg/s,19.74425793012078,0.9031417549636896,1.7765083346591013,0.2
P13,trial_75_R_affected,affected,elbow,Elbow extension,deg,6.928973907976423,0.9820532155215971,7.467108750493079,0.2
P13,trial_75_R_affected,affected,flex,Shoulder flexion,deg,10.354562175701842,0.7772334130321329,-2.5226261622434354,0.2
P13,trial_75_R_affected,affected,abd,Shoulder abduction,deg,6.650781243382071,-0.1017584218086599,-11.117270689169732,0.2
P13,trial_75_R_affected,affected,trunk,Trunk displacement,mm,6.91941191931508,0.982333796046667,11.643255583567402,0.2
P13,trial_76_R_affected,affected,eev,End-effector velocity,mm/s,132.62131930066556,0.8500727817915879,-40.402884245075846,0.18333333333333332
P13,trial_76_R_affected,affected,eav,Elbow angular velocity,deg/s,22.196086544441652,0.8788712028348091,3.23453300307038,0.18333333333333332
P13,trial_76_R_affected,affected,elbow,Elbow extension,deg,6.723789915873735,0.9857955090754283,7.068078296637862,0.18333333333333332
P13,trial_76_R_affected,affected,flex,Shoulder flexion,deg,9.6703119120333,0.8341705603917722,0.11885736700485079,0.18333333333333332
P13,trial_76_R_affected,affected,abd,Shoulder abduction,deg,5.6701622806838925,0.30781762629525583,-10.083502501196664,0.18333333333333332
P13,trial_76_R_affected,affected,trunk,Trunk displacement,mm,7.2391574633800255,0.9811442033219254,13.07816520389117,0.18333333333333332
P13,trial_77_R_affected,affected,eev,End-effector velocity,mm/s,138.4594143713483,0.8320474340829168,-39.194225746633116,0.23333333333333334
P13,trial_77_R_affected,affected,eav,Elbow angular velocity,deg/s,26.372035697969586,0.851599195953842,3.0985543390029604,0.23333333333333334
P13,trial_77_R_affected,affected,elbow,Elbow extension,deg,7.65217723001039,0.9802453383868641,6.552899743505474,0.23333333333333334
P13,trial_77_R_affected,affected,flex,Shoulder flexion,deg,9.648603547441315,0.783121437345013,0.4482533529006105,0.23333333333333334
P13,trial_77_R_affected,affected,abd,Shoulder abduction,deg,5.609418275781543,0.1802813453758858,-9.946408453223404,0.23333333333333334
P13,trial_77_R_affected,affected,trunk,Trunk displacement,mm,6.731024767378925,0.9628041915999079,7.698717459449957,0.23333333333333334
P13,trial_78_R_affected,affected,eev,End-effector velocity,mm/s,147.8446595296776,0.8488418023908809,-37.88861618203375,0.23333333333333334
P13,trial_78_R_affected,affected,eav,Elbow angular velocity,deg/s,25.91157497512241,0.8598620538768058,3.6278121251469826,0.23333333333333334
P13,trial_78_R_affected,affected,elbow,Elbow extension,deg,7.48861708557405,0.9789382167319537,7.512608167778975,0.23333333333333334
P13,trial_78_R_affected,affected,flex,Shoulder flexion,deg,10.090668673100113,0.7522501806228475,-0.0395536057233817,0.23333333333333334
P13,trial_78_R_affected,affected,abd,Shoulder abduction,deg,5.513458020491147,0.27012912796042754,-11.038767813851909,0.23333333333333334
P13,trial_78_R_affected,affected,trunk,Trunk displacement,mm,8.148364383796272,0.963443066214326,11.60197717247477,0.23333333333333334
P13,trial_79_R_affected,affected,eev,End-effector velocity,mm/s,121.51296863164235,0.8776892711714852,-46.83512337213231,0.13333333333333333
P13,trial_79_R_affected,affected,eav,Elbow angular velocity,deg/s,20.914104476003814,0.8944292154748577,2.3094896856195444,0.13333333333333333
P13,trial_79_R_affected,affected,elbow,Elbow extension,deg,6.0185638776393935,0.989358765662226,5.857688306091256,0.13333333333333333
P13,trial_79_R_affected,affected,flex,Shoulder flexion,deg,6.3071448975664675,0.9158964795413916,-4.156394364942686,0.13333333333333333
P13,trial_79_R_affected,affected,abd,Shoulder abduction,deg,6.03207151604853,0.05968734998503355,-10.159629408350645,0.13333333333333333
P13,trial_79_R_affected,affected,trunk,Trunk displacement,mm,6.670729768660995,0.9829118005038328,11.779116549254457,0.13333333333333333
P13,trial_7_L_unaffected,unaffected,eev,End-effector velocity,mm/s,148.63896078249718,0.8499434425044174,-28.20710299375011,0.13333333333333333
P13,trial_7_L_unaffected,unaffected,eav,Elbow angular velocity,deg/s,31.484794621930014,0.8454486714484755,1.043586636652553,0.13333333333333333
P13,trial_7_L_unaffected,unaffected,elbow,Elbow extension,deg,5.679527298203615,0.987394106781269,-1.684646965142357,0.13333333333333333
P13,trial_7_L_unaffected,unaffected,flex,Shoulder flexion,deg,6.172882551425137,0.9531015470565787,-4.866338228100423,0.13333333333333333
P13,trial_7_L_unaffected,unaffected,abd,Shoulder abduction,deg,10.510163083941727,-0.5115793039873617,-9.266720242705093,0.13333333333333333
P13,trial_7_L_unaffected,unaffected,trunk,Trunk displacement,mm,15.100869239526354,0.8372409287281236,-6.805012755308747,0.13333333333333333
P13,trial_80_R_affected,affected,eev,End-effector velocity,mm/s,109.22764411704529,0.8973288058699149,-29.690398463138205,0.23333333333333334
P13,trial_80_R_affected,affected,eav,Elbow angular velocity,deg/s,17.96718233433335,0.9136023593825113,3.204685224220577,0.23333333333333334
P13,trial_80_R_affected,affected,elbow,Elbow extension,deg,6.719281457937839,0.9858916044167384,7.226339761602416,0.23333333333333334
P13,trial_80_R_affected,affected,flex,Shoulder flexion,deg,9.395443483096836,0.8455781341652323,-1.766929173339235,0.23333333333333334
P13,trial_80_R_affected,affected,abd,Shoulder abduction,deg,5.54275268391794,0.28405831375967183,-10.812977833300758,0.23333333333333334
P13,trial_80_R_affected,affected,trunk,Trunk displacement,mm,7.4662633801528955,0.9794664231537643,10.65028161052638,0.23333333333333334
P13,trial_8_L_unaffected,unaffected,eev,End-effector velocity,mm/s,144.93917425411854,0.8506721578177746,-24.18849449335232,0.15
P13,trial_8_L_unaffected,unaffected,eav,Elbow angular velocity,deg/s,30.254928885171804,0.8649970147220969,2.875741129147697,0.15
P13,trial_8_L_unaffected,unaffected,elbow,Elbow extension,deg,6.381381805091491,0.9878018721234442,-1.1776848794827253,0.15
P13,trial_8_L_unaffected,unaffected,flex,Shoulder flexion,deg,5.888170765930106,0.9464869404145289,-5.423635624684072,0.15
P13,trial_8_L_unaffected,unaffected,abd,Shoulder abduction,deg,8.38256320859239,-0.497861454029327,-9.452174114205787,0.15
P13,trial_8_L_unaffected,unaffected,trunk,Trunk displacement,mm,9.11457897872873,0.9242130807307974,-4.507401773821321,0.15
P13,trial_9_L_unaffected,unaffected,eev,End-effector velocity,mm/s,125.0871359799772,0.8836615797299899,-27.03089476591994,0.18333333333333332
P13,trial_9_L_unaffected,unaffected,eav,Elbow angular velocity,deg/s,25.815134928544524,0.9019934236434599,3.75703009440076,0.18333333333333332
P13,trial_9_L_unaffected,unaffected,elbow,Elbow extension,deg,6.746291503184861,0.9878953069021608,-0.35056063740394733,0.18333333333333332
P13,trial_9_L_unaffected,unaffected,flex,Shoulder flexion,deg,6.0361656543032485,0.9606502553349573,-4.967106724408355,0.18333333333333332
P13,trial_9_L_unaffected,unaffected,abd,Shoulder abduction,deg,8.553353480152529,0.05133637332531113,-12.793017545075429,0.18333333333333332
P13,trial_9_L_unaffected,unaffected,trunk,Trunk displacement,mm,4.822691212174443,0.9692477025454294,3.934844156544767,0.18333333333333332
P14,trial_10_R_unaffected,unaffected,eev,End-effector velocity,mm/s,135.23011544704318,0.7991305549392568,-28.121692726217738,0.11666666666666667
P14,trial_10_R_unaffected,unaffected,eav,Elbow angular velocity,deg/s,25.347763109256192,0.8291013010424922,2.4208062287721535,0.11666666666666667
P14,trial_10_R_unaffected,unaffected,elbow,Elbow extension,deg,14.91566870780311,0.8699585899986744,5.2016120253006575,0.11666666666666667
P14,trial_10_R_unaffected,unaffected,flex,Shoulder flexion,deg,15.08502437737419,0.703058947087107,-2.5301457265692235,0.11666666666666667
P14,trial_10_R_unaffected,unaffected,abd,Shoulder abduction,deg,3.454661867432197,0.7478273770285874,-4.093709093296373,0.11666666666666667
P14,trial_10_R_unaffected,unaffected,trunk,Trunk displacement,mm,12.111923325705463,0.383326311854041,22.050023840926947,0.11666666666666667
P14,trial_11_R_unaffected,unaffected,eev,End-effector velocity,mm/s,138.51879684002034,0.7781428070062943,-31.96753441634107,0.13333333333333333
P14,trial_11_R_unaffected,unaffected,eav,Elbow angular velocity,deg/s,33.31787451575405,0.7035672510725879,5.572401567503807,0.13333333333333333
P14,trial_11_R_unaffected,unaffected,elbow,Elbow extension,deg,13.281963351989429,0.8788409624835932,5.14735243456216,0.13333333333333333
P14,trial_11_R_unaffected,unaffected,flex,Shoulder flexion,deg,21.661026780436412,-0.6355772053391618,-2.0502480189618937,0.13333333333333333
P14,trial_11_R_unaffected,unaffected,abd,Shoulder abduction,deg,3.808372146728296,0.40870125044784256,-4.057292685839954,0.13333333333333333
P14,trial_11_R_unaffected,unaffected,trunk,Trunk displacement,mm,8.951579376690631,0.6120453974568054,20.386822239718825,0.13333333333333333
P14,trial_12_R_unaffected,unaffected,eev,End-effector velocity,mm/s,130.61072251769014,0.8089730261743681,-27.14275918541698,0.13333333333333333
P14,trial_12_R_unaffected,unaffected,eav,Elbow angular velocity,deg/s,24.053190474285966,0.8360995824372196,2.651956996897564,0.13333333333333333
P14,trial_12_R_unaffected,unaffected,elbow,Elbow extension,deg,13.778048459327916,0.8754180505469538,4.667188823314076,0.13333333333333333
P14,trial_12_R_unaffected,unaffected,flex,Shoulder flexion,deg,12.727306324389943,0.9057353550314413,0.15455678578731963,0.13333333333333333
P14,trial_12_R_unaffected,unaffected,abd,Shoulder abduction,deg,3.5583260957744205,0.6248757699080397,-4.50800889737629,0.13333333333333333
P14,trial_12_R_unaffected,unaffected,trunk,Trunk displacement,mm,8.345799883963027,0.1628095281662822,21.99800229132755,0.13333333333333333
P14,trial_13_R_unaffected,unaffected,eev,End-effector velocity,mm/s,130.412666605211,0.799507191169009,-26.408601025559488,0.11666666666666667
P14,trial_13_R_unaffected,unaffected,eav,Elbow angular velocity,deg/s,25.91301308857402,0.8047624279474889,1.8220401995633422,0.11666666666666667
P14,trial_13_R_unaffected,unaffected,elbow,Elbow extension,deg,12.094693744790192,0.8963017207346248,4.854838990509697,0.11666666666666667
P14,trial_13_R_unaffected,unaffected,flex,Shoulder flexion,deg,12.220399447135145,0.8318768659743957,0.9865763258690206,0.11666666666666667
P14,trial_13_R_unaffected,unaffected,abd,Shoulder abduction,deg,3.6724710112823042,0.6464860726606099,-5.507009813551494,0.11666666666666667
P14,trial_13_R_unaffected,unaffected,trunk,Trunk displacement,mm,12.371874514704555,0.6117494276738278,15.463953225685724,0.11666666666666667
P14,trial_15_R_unaffected,unaffected,eev,End-effector velocity,mm/s,159.40769611635596,0.7848977765371237,-39.725936589421295,0.13333333333333333
P14,trial_15_R_unaffected,unaffected,eav,Elbow angular velocity,deg/s,39.65216516596133,0.6710380293623242,5.6482433985289635,0.13333333333333333
P14,trial_15_R_unaffected,unaffected,elbow,Elbow extension,deg,12.448954650527945,0.8911776548398206,4.753662139969109,0.13333333333333333
P14,trial_15_R_unaffected,unaffected,flex,Shoulder flexion,deg,14.323359791242336,0.8630606905562658,-0.28123593879687503,0.13333333333333333
P14,trial_15_R_unaffected,unaffected,abd,Shoulder abduction,deg,3.603879127689866,0.761631936965596,-4.459105140467867,0.13333333333333333
P14,trial_15_R_unaffected,unaffected,trunk,Trunk displacement,mm,6.729994026149306,0.8524329251316062,16.33587964665019,0.13333333333333333
P14,trial_16_R_unaffected,unaffected,eev,End-effector velocity,mm/s,171.86180120440994,0.7442035915200303,-38.492871623943365,0.11666666666666667
P14,trial_16_R_unaffected,unaffected,eav,Elbow angular velocity,deg/s,44.579094733756556,0.5846153219592171,8.864886690047792,0.11666666666666667
P14,trial_16_R_unaffected,unaffected,elbow,Elbow extension,deg,14.769852284522305,0.8571933953063213,5.878594867506978,0.11666666666666667
P14,trial_16_R_unaffected,unaffected,flex,Shoulder flexion,deg,21.167637876856837,-0.7356403422927529,-2.029599853199053,0.11666666666666667
P14,trial_16_R_unaffected,unaffected,abd,Shoulder abduction,deg,3.8204047055196533,0.6892699558248184,-4.424429256687216,0.11666666666666667
P14,trial_16_R_unaffected,unaffected,trunk,Trunk displacement,mm,10.414781701255185,0.7667748814371045,21.032635495062546,0.11666666666666667
P14,trial_17_R_unaffected,unaffected,eev,End-effector velocity,mm/s,121.30016339607752,0.802588620464837,-29.178347806607327,0.13333333333333333
P14,trial_17_R_unaffected,unaffected,eav,Elbow angular velocity,deg/s,21.082009792156377,0.8627614317723984,2.656806362467279,0.13333333333333333
P14,trial_17_R_unaffected,unaffected,elbow,Elbow extension,deg,12.416990790672664,0.9048874674771186,3.517847593387788,0.13333333333333333
P14,trial_17_R_unaffected,unaffected,flex,Shoulder flexion,deg,13.316191225570563,0.8503965157764112,-1.3971721862945818,0.13333333333333333
P14,trial_17_R_unaffected,unaffected,abd,Shoulder abduction,deg,3.5776373159099064,0.5840083561765799,-5.884662870577606,0.13333333333333333
P14,trial_17_R_unaffected,unaffected,trunk,Trunk displacement,mm,10.193258798906044,0.29597973368437247,26.06004511546078,0.13333333333333333
P14,trial_18_R_unaffected,unaffected,eev,End-effector velocity,mm/s,160.56209287645515,0.7329123495847664,-33.14014438022585,0.1
P14,trial_18_R_unaffected,unaffected,eav,Elbow angular velocity,deg/s,31.399677461808743,0.7169637024993675,2.088949359816773,0.1
P14,trial_18_R_unaffected,unaffected,elbow,Elbow extension,deg,13.500156568692496,0.8681725854839062,4.500975783130865,0.1
P14,trial_18_R_unaffected,unaffected,abd,Shoulder abduction,deg,4.124756931428365,0.49594115233332675,-5.453093105744911,0.1
P14,trial_18_R_unaffected,unaffected,trunk,Trunk displacement,mm,14.500814144533654,0.7214180450528743,30.56584830629413,0.1
P14,trial_19_R_unaffected,unaffected,eev,End-effector velocity,mm/s,120.95346147419316,0.8558568179172078,-20.820425438603554,0.13333333333333333
P14,trial_19_R_unaffected,unaffected,eav,Elbow angular velocity,deg/s,22.00167017298423,0.8762167777436942,5.3480976126663755,0.13333333333333333
P14,trial_19_R_unaffected,unaffected,elbow,Elbow extension,deg,13.859199855839432,0.8802867247674899,6.491305440275896,0.13333333333333333
P14,trial_19_R_unaffected,unaffected,flex,Shoulder flexion,deg,11.108976284291158,0.9311294081233706,2.047156957794411,0.13333333333333333
P14,trial_19_R_unaffected,unaffected,abd,Shoulder abduction,deg,6.376449391289061,0.1628797076775712,-7.414550674836998,0.13333333333333333
P14,trial_19_R_unaffected,unaffected,trunk,Trunk displacement,mm,12.002098112510774,0.4518684357890698,30.81587200364902,0.13333333333333333
P14,trial_1_R_unaffected,unaffected,eev,End-effector velocity,mm/s,185.31276758353712,0.6505584229420537,-35.16873567353598,0.13333333333333333
P14,trial_1_R_unaffected,unaffected,eav,Elbow angular velocity,deg/s,38.42120778761271,0.6074208865486532,3.29877457212299,0.13333333333333333
P14,trial_1_R_unaffected,unaffected,elbow,Elbow extension,deg,14.924380057651252,0.8479736476221019,5.616244789401399,0.13333333333333333
P14,trial_1_R_unaffected,unaffected,flex,Shoulder flexion,deg,17.333499724406266,0.5049231909090925,-0.8751651559639038,0.13333333333333333
P14,trial_1_R_unaffected,unaffected,abd,Shoulder abduction,deg,3.975265009690426,0.6299501378612393,-4.112991652875211,0.13333333333333333
P14,trial_1_R_unaffected,unaffected,trunk,Trunk displacement,mm,7.307831564815001,0.8477163157333112,8.431989521205324,0.13333333333333333
P14,trial_20_R_unaffected,unaffected,eev,End-effector velocity,mm/s,135.35913250001443,0.799786088657993,-26.278494781187387,0.13333333333333333
P14,trial_20_R_unaffected,unaffected,eav,Elbow angular velocity,deg/s,23.525413524449828,0.8607753446423342,3.452911043141682,0.13333333333333333
P14,trial_20_R_unaffected,unaffected,elbow,Elbow extension,deg,12.380428170837513,0.9078898271769588,3.9583480407074885,0.13333333333333333
P14,trial_20_R_unaffected,unaffected,abd,Shoulder abduction,deg,3.7491048390510624,0.5470772381221276,-4.368070379221395,0.13333333333333333
P14,trial_20_R_unaffected,unaffected,trunk,Trunk displacement,mm,6.401729618247822,0.9562959194871061,6.514636656637765,0.13333333333333333
P14,trial_21_R_unaffected,unaffected,eev,End-effector velocity,mm/s,123.09550402061356,0.8367171906282751,-27.69792069298016,0.13333333333333333
P14,trial_21_R_unaffected,unaffected,eav,Elbow angular velocity,deg/s,22.65014338652871,0.8670595617424169,3.0302673325101357,0.13333333333333333
P14,trial_21_R_unaffected,unaffected,elbow,Elbow extension,deg,12.31589828241854,0.890827428431591,4.693446341233558,0.13333333333333333
P14,trial_21_R_unaffected,unaffected,abd,Shoulder abduction,deg,4.6858785666016205,0.7010206306175415,-4.71985114149009,0.13333333333333333
P14,trial_21_R_unaffected,unaffected,trunk,Trunk displacement,mm,12.007094097671374,0.38296105296273,20.698185096996053,0.13333333333333333
P14,trial_22_R_unaffected,unaffected,eev,End-effector velocity,mm/s,154.12941216869348,0.7298259412400735,-32.35255734630614,0.11666666666666667
P14,trial_22_R_unaffected,unaffected,eav,Elbow angular velocity,deg/s,28.314614837692208,0.7716043389344825,1.057223762109909,0.11666666666666667
P14,trial_22_R_unaffected,unaffected,elbow,Elbow extension,deg,12.93393843855285,0.8904498306745534,4.246190507556399,0.11666666666666667
P14,trial_22_R_unaffected,unaffected,flex,Shoulder flexion,deg,15.87908748475113,0.504321694753808,-2.548556994001564,0.11666666666666667
P14,trial_22_R_unaffected,unaffected,abd,Shoulder abduction,deg,3.843503059983851,0.6553877751542516,-5.615208721225523,0.11666666666666667
P14,trial_22_R_unaffected,unaffected,trunk,Trunk displacement,mm,30.397089488311863,-0.23428637942402705,36.89631544198527,0.11666666666666667
P14,trial_23_R_unaffected,unaffected,eev,End-effector velocity,mm/s,123.87876061135081,0.8096413219127705,-27.04699052922369,0.11666666666666667
P14,trial_23_R_unaffected,unaffected,eav,Elbow angular velocity,deg/s,21.909809513716436,0.8523886584696733,2.2366833094791074,0.11666666666666667
P14,trial_23_R_unaffected,unaffected,elbow,Elbow extension,deg,11.826954175872837,0.890461164453686,4.527676276787094,0.11666666666666667
P14,trial_23_R_unaffected,unaffected,abd,Shoulder abduction,deg,4.479122440449355,0.6716759366741335,-4.962757997854478,0.11666666666666667
P14,trial_23_R_unaffected,unaffected,trunk,Trunk displacement,mm,11.209144826374189,0.9078569806652147,20.450080546934863,0.11666666666666667
P14,trial_24_R_unaffected,unaffected,eev,End-effector velocity,mm/s,146.01585303179772,0.7615666676420046,-29.546011601742165,0.08333333333333333
P14,trial_24_R_unaffected,unaffected,eav,Elbow angular velocity,deg/s,29.135696228345086,0.7705678648334247,2.9693003740436863,0.08333333333333333
P14,trial_24_R_unaffected,unaffected,elbow,Elbow extension,deg,11.440494469655802,0.9056427204002081,3.463661046335091,0.08333333333333333
P14,trial_24_R_unaffected,unaffected,flex,Shoulder flexion,deg,14.81889010594677,0.9155590027602875,-0.5830029442129145,0.08333333333333333
P14,trial_24_R_unaffected,unaffected,abd,Shoulder abduction,deg,4.995028329124091,0.38528466189657745,-5.755755681872308,0.08333333333333333
P14,trial_24_R_unaffected,unaffected,trunk,Trunk displacement,mm,13.688166595008529,0.7530392783125928,25.776232780675702,0.08333333333333333
P14,trial_25_R_unaffected,unaffected,eev,End-effector velocity,mm/s,123.98946852286878,0.8150231563726023,-23.962825704947164,0.1
P14,trial_25_R_unaffected,unaffected,eav,Elbow angular velocity,deg/s,24.149031879066968,0.8136075727278286,2.4389861652700127,0.1
P14,trial_25_R_unaffected,unaffected,elbow,Elbow extension,deg,11.33147401164359,0.8970407512829269,4.271552499963403,0.1
P14,trial_25_R_unaffected,unaffected,flex,Shoulder flexion,deg,11.784796417805765,0.9524128837732085,1.2234470840884897,0.1
P14,trial_25_R_unaffected,unaffected,abd,Shoulder abduction,deg,4.783326430984422,0.57460597201317,-5.949329241681199,0.1
P14,trial_25_R_unaffected,unaffected,trunk,Trunk displacement,mm,14.27133308665524,0.7768391048720443,19.53094492616019,0.1
P14,trial_26_R_unaffected,unaffected,eev,End-effector velocity,mm/s,144.57309056879225,0.7522530935996226,-29.808209100346982,0.1
P14,trial_26_R_unaffected,unaffected,eav,Elbow angular velocity,deg/s,27.113684843016028,0.7963083472432745,0.8362051084831582,0.1
P14,trial_26_R_unaffected,unaffected,elbow,Elbow extension,deg,11.747910538105494,0.8944457108069113,4.109931426115841,0.1
P14,trial_26_R_unaffected,unaffected,abd,Shoulder abduction,deg,4.351485772158101,0.6332396703347705,-6.129718781202499,0.1
P14,trial_26_R_unaffected,unaffected,trunk,Trunk displacement,mm,8.78975720959208,0.5544305583461376,17.71329797457456,0.1
P14,trial_27_R_unaffected,unaffected,eev,End-effector velocity,mm/s,118.98723038962063,0.8204108383772134,-28.50349599800252,0.13333333333333333
P14,trial_27_R_unaffected,unaffected,eav,Elbow angular velocity,deg/s,24.639139929996723,0.8255437757101729,3.4026726134755956,0.13333333333333333
P14,trial_27_R_unaffected,unaffected,elbow,Elbow extension,deg,13.023482327684917,0.8728693145341316,5.665553730280098,0.13333333333333333
P14,trial_27_R_unaffected,unaffected,abd,Shoulder abduction,deg,4.6559549837224825,0.41627454798551616,-4.011013205941102,0.13333333333333333
P14,trial_27_R_unaffected,unaffected,trunk,Trunk displacement,mm,13.957884028897267,0.16723552504997047,24.391907112235025,0.13333333333333333
P14,trial_28_R_unaffected,unaffected,eev,End-effector velocity,mm/s,213.8616987766292,0.5932825522846924,-50.549917559587314,0.13333333333333333
P14,trial_28_R_unaffected,unaffected,eav,Elbow angular velocity,deg/s,41.103549325655095,0.636236026960556,10.77480177643881,0.13333333333333333
P14,trial_28_R_unaffected,unaffected,elbow,Elbow extension,deg,13.197677823513224,0.901064624398979,1.7684208379653041,0.13333333333333333
P14,trial_28_R_unaffected,unaffected,flex,Shoulder flexion,deg,13.033013041333305,0.8241208601583543,-1.166244536717551,0.13333333333333333
P14,trial_28_R_unaffected,unaffected,abd,Shoulder abduction,deg,3.1761318110216332,0.7602817896145302,-5.567891147627581,0.13333333333333333
P14,trial_28_R_unaffected,unaffected,trunk,Trunk displacement,mm,10.61415330342142,0.6809155599866364,21.755728827283345,0.13333333333333333
P14,trial_29_R_unaffected,unaffected,eev,End-effector velocity,mm/s,165.41542757601957,0.6508010914078127,-29.000360141860785,0.11666666666666667
P14,trial_29_R_unaffected,unaffected,eav,Elbow angular velocity,deg/s,34.40382198483987,0.654824361442229,0.9212362364728071,0.11666666666666667
P14,trial_29_R_unaffected,unaffected,elbow,Elbow extension,deg,12.53465776129264,0.8526740420603178,3.7404472428375106,0.11666666666666667
P14,trial_29_R_unaffected,unaffected,abd,Shoulder abduction,deg,3.4768819142628224,0.7145676878372467,-5.412834814853267,0.11666666666666667
P14,trial_29_R_unaffected,unaffected,trunk,Trunk displacement,mm,7.753487552651651,0.8621045766849367,17.038674144263947,0.11666666666666667
P14,trial_2_R_unaffected,unaffected,eev,End-effector velocity,mm/s,152.270848739464,0.8176274284051489,-42.44130728493396,0.16666666666666666
P14,trial_2_R_unaffected,unaffected,eav,Elbow angular velocity,deg/s,32.688119911379346,0.8007152066292568,4.449095978944113,0.16666666666666666
P14,trial_2_R_unaffected,unaffected,elbow,Elbow extension,deg,12.512280165833126,0.9022045998675667,6.00052583453991,0.16666666666666666
P14,trial_2_R_unaffected,unaffected,flex,Shoulder flexion,deg,13.837657145307642,0.7572606574280877,-2.9317176842672494,0.16666666666666666
P14,trial_2_R_unaffected,unaffected,abd,Shoulder abduction,deg,3.6957860854231424,0.4020084404275291,-4.791175557187913,0.16666666666666666
P14,trial_2_R_unaffected,unaffected,trunk,Trunk displacement,mm,16.408335595744667,0.46768364190513007,21.290698048729986,0.16666666666666666
P14,trial_30_R_unaffected,unaffected,eev,End-effector velocity,mm/s,172.68675385318832,0.6405691971180878,-32.77432331884965,0.08333333333333333
P14,trial_30_R_unaffected,unaffected,eav,Elbow angular velocity,deg/s,32.63029088605111,0.6730359991723313,-1.7889487764733112,0.08333333333333333
P14,trial_30_R_unaffected,unaffected,elbow,Elbow extension,deg,12.506842915384748,0.9029135529707131,3.0495842345058444,0.08333333333333333
P14,trial_30_R_unaffected,unaffected,abd,Shoulder abduction,deg,3.9488360171495205,0.6247063731603844,-6.868314646376521,0.08333333333333333
P14,trial_30_R_unaffected,unaffected,trunk,Trunk displacement,mm,71.10753646418168,-0.6536371281014688,53.53252790364175,0.08333333333333333
P14,trial_31_R_unaffected,unaffected,eev,End-effector velocity,mm/s,128.54298088654426,0.8287021343038111,-36.21840474605874,0.15
P14,trial_31_R_unaffected,unaffected,eav,Elbow angular velocity,deg/s,24.090212136852095,0.851165314615811,1.1465912001634124,0.15
P14,trial_31_R_unaffected,unaffected,elbow,Elbow extension,deg,11.837302176032505,0.9017854402848124,3.868087488144342,0.15
P14,trial_31_R_unaffected,unaffected,abd,Shoulder abduction,deg,4.3598385910960396,0.8197498046049915,-6.223124018137437,0.15
P14,trial_31_R_unaffected,unaffected,trunk,Trunk displacement,mm,8.281735324275859,0.6400257200442506,18.794079471432262,0.15
P14,trial_32_R_unaffected,unaffected,eev,End-effector velocity,mm/s,116.30621109739677,0.8398826636035907,-28.99976582454534,0.13333333333333333
P14,trial_32_R_unaffected,unaffected,eav,Elbow angular velocity,deg/s,21.136898653746535,0.8637669339297724,1.5354847417124295,0.13333333333333333
P14,trial_32_R_unaffected,unaffected,elbow,Elbow extension,deg,12.381369035778443,0.9020255345953319,4.206330067152684,0.13333333333333333
P14,trial_32_R_unaffected,unaffected,flex,Shoulder flexion,deg,14.374828251280547,0.8413391997144689,-1.5547315105016328,0.13333333333333333
P14,trial_32_R_unaffected,unaffected,abd,Shoulder abduction,deg,3.4956240545077772,0.8015884685868023,-7.103208405625652,0.13333333333333333
P14,trial_32_R_unaffected,unaffected,trunk,Trunk displacement,mm,7.43147594784027,0.7700001871238066,15.455159604434227,0.13333333333333333
P14,trial_33_R_unaffected,unaffected,eev,End-effector velocity,mm/s,147.414230952668,0.7876954636545543,-32.81543591821531,0.11666666666666667
P14,trial_33_R_unaffected,unaffected,eav,Elbow angular velocity,deg/s,26.800026043384293,0.7944114877984372,0.7226491539409128,0.11666666666666667
P14,trial_33_R_unaffected,unaffected,elbow,Elbow extension,deg,13.23446263211695,0.8801285331395748,5.315477997093438,0.11666666666666667
P14,trial_33_R_unaffected,unaffected,abd,Shoulder abduction,deg,4.256553333376979,0.7559353249738316,-6.397726525102291,0.11666666666666667
P14,trial_33_R_unaffected,unaffected,trunk,Trunk displacement,mm,9.942657692268254,0.7584475902077741,22.777797070791127,0.11666666666666667
P14,trial_34_R_unaffected,unaffected,eev,End-effector velocity,mm/s,126.36981939685778,0.8177454550680989,-33.133573325747015,0.13333333333333333
P14,trial_34_R_unaffected,unaffected,eav,Elbow angular velocity,deg/s,23.583241944365927,0.8376264792049255,1.4867519632917834,0.13333333333333333
P14,trial_34_R_unaffected,unaffected,elbow,Elbow extension,deg,11.05079744829949,0.9100807058795467,4.044379405548947,0.13333333333333333
P14,trial_34_R_unaffected,unaffected,flex,Shoulder flexion,deg,12.403595827224022,0.9316049319386797,0.39023600702445,0.13333333333333333
P14,trial_34_R_unaffected,unaffected,abd,Shoulder abduction,deg,3.9770175609910097,0.6778343679663694,-6.669890327424477,0.13333333333333333
P14,trial_34_R_unaffected,unaffected,trunk,Trunk displacement,mm,10.558714553870079,0.699673785618463,24.065120896352052,0.13333333333333333
P14,trial_35_R_unaffected,unaffected,eev,End-effector velocity,mm/s,151.53141035739276,0.7892536240745939,-34.44812009369492,0.13333333333333333
P14,trial_35_R_unaffected,unaffected,eav,Elbow angular velocity,deg/s,23.862150679545813,0.8258848387681198,-0.0665634462225976,0.13333333333333333
P14,trial_35_R_unaffected,unaffected,elbow,Elbow extension,deg,10.653811058711126,0.9138674924033438,4.627950177681724,0.13333333333333333
P14,trial_35_R_unaffected,unaffected,flex,Shoulder flexion,deg,13.080339069336654,0.7814948096267762,-1.1655728520403135,0.13333333333333333
P14,trial_35_R_unaffected,unaffected,abd,Shoulder abduction,deg,4.759073008914119,0.8461224852083749,-8.063683663343935,0.13333333333333333
P14,trial_35_R_unaffected,unaffected,trunk,Trunk displacement,mm,49.437441513317104,-0.6129787037724092,43.69415676436514,0.13333333333333333
P14,trial_36_R_unaffected,unaffected,eev,End-effector velocity,mm/s,115.86818681301229,0.8464699968556421,-26.31688541432971,0.15
P14,trial_36_R_unaffected,unaffected,eav,Elbow angular velocity,deg/s,20.448810190888373,0.8569339057733537,-0.19894482230073451,0.15
P14,trial_36_R_unaffected,unaffected,elbow,Elbow extension,deg,12.668558904628462,0.8950964716905672,4.9011032465002105,0.15
P14,trial_36_R_unaffected,unaffected,abd,Shoulder abduction,deg,4.386436105364805,0.8670360934048478,-7.898458423815752,0.15
P14,trial_36_R_unaffected,unaffected,trunk,Trunk displacement,mm,10.71607997809891,0.7581611109992787,19.762641190965052,0.15
P14,trial_37_R_unaffected,unaffected,eev,End-effector velocity,mm/s,131.71360854552591,0.8228729975524417,-32.79086806547051,0.11666666666666667
P14,trial_37_R_unaffected,unaffected,eav,Elbow angular velocity,deg/s,23.413968726825864,0.8415785906504315,1.7599523235150754,0.11666666666666667
P14,trial_37_R_unaffected,unaffected,elbow,Elbow extension,deg,11.626581968231257,0.9012300587417932,4.5734330505906815,0.11666666666666667
P14,trial_37_R_unaffected,unaffected,flex,Shoulder flexion,deg,13.3506635720129,0.923479804752665,0.9914133733628765,0.11666666666666667
P14,trial_37_R_unaffected,unaffected,abd,Shoulder abduction,deg,4.549548447326314,0.8677991583558795,-7.690236018735573,0.11666666666666667
P14,trial_37_R_unaffected,unaffected,trunk,Trunk displacement,mm,11.884365240319672,0.7020735945828921,27.583058905851644,0.11666666666666667
P14,trial_38_R_unaffected,unaffected,eev,End-effector velocity,mm/s,206.91164011977503,0.5601276638927141,-41.17073132936271,0.11666666666666667
P14,trial_38_R_unaffected,unaffected,eav,Elbow angular velocity,deg/s,42.60903378206389,0.5754554745342991,4.603302579479982,0.11666666666666667
P14,trial_38_R_unaffected,unaffected,elbow,Elbow extension,deg,12.11205917407035,0.9058576082420677,2.640373099227035,0.11666666666666667
P14,trial_38_R_unaffected,unaffected,flex,Shoulder flexion,deg,14.203112162886917,0.7942413631537382,-2.391626907908169,0.11666666666666667
P14,trial_38_R_unaffected,unaffected,abd,Shoulder abduction,deg,5.162121347718671,0.6035830456308044,-7.468781632804658,0.11666666666666667
P14,trial_38_R_unaffected,unaffected,trunk,Trunk displacement,mm,7.313223274231957,0.8794672471118364,18.94427296839615,0.11666666666666667
P14,trial_39_R_unaffected,unaffected,eev,End-effector velocity,mm/s,127.03563800702983,0.8383122327246166,-40.89481211223505,0.13333333333333333
P14,trial_39_R_unaffected,unaffected,eav,Elbow angular velocity,deg/s,19.50388093420858,0.8642983429100446,0.1169839636591699,0.13333333333333333
P14,trial_39_R_unaffected,unaffected,elbow,Elbow extension,deg,11.013765463248188,0.9269646065492045,4.891420152139341,0.13333333333333333
P14,trial_39_R_unaffected,unaffected,flex,Shoulder flexion,deg,14.493239485131546,0.4070270909995353,-7.260563876695315,0.13333333333333333
P14,trial_39_R_unaffected,unaffected,abd,Shoulder abduction,deg,5.399171643715346,0.5681615933277083,-8.405501549821603,0.13333333333333333
P14,trial_39_R_unaffected,unaffected,trunk,Trunk displacement,mm,66.20942837056184,-0.544829848346101,68.31331480314324,0.13333333333333333
P14,trial_3_R_unaffected,unaffected,eev,End-effector velocity,mm/s,141.14783987860068,0.828523203763434,-41.28763700356848,0.15
P14,trial_3_R_unaffected,unaffected,eav,Elbow angular velocity,deg/s,30.1310526949304,0.801835162086022,4.036260621115619,0.15
P14,trial_3_R_unaffected,unaffected,elbow,Elbow extension,deg,12.766365101034204,0.8935557570224,6.4049071280007945,0.15
P14,trial_3_R_unaffected,unaffected,flex,Shoulder flexion,deg,12.042849951110743,0.8730148620569609,1.3126069686627777,0.15
P14,trial_3_R_unaffected,unaffected,abd,Shoulder abduction,deg,3.3951668194068536,0.5618501052134169,-4.597709761767472,0.15
P14,trial_3_R_unaffected,unaffected,trunk,Trunk displacement,mm,10.586839133214355,0.11097331649357171,25.084014181118945,0.15
P14,trial_40_R_unaffected,unaffected,eev,End-effector velocity,mm/s,140.36377874111645,0.7848368696661017,-40.451160270032624,0.13333333333333333
P14,trial_40_R_unaffected,unaffected,eav,Elbow angular velocity,deg/s,22.297459225610616,0.848266510857844,0.8355914621969514,0.13333333333333333
P14,trial_40_R_unaffected,unaffected,elbow,Elbow extension,deg,10.62633193599777,0.9165498921072286,3.5976154383096177,0.13333333333333333
P14,trial_40_R_unaffected,unaffected,flex,Shoulder flexion,deg,14.631995415996752,0.8743363787763729,-0.6255757740174784,0.13333333333333333
P14,trial_40_R_unaffected,unaffected,abd,Shoulder abduction,deg,4.284985869337001,0.7721185159171445,-6.431357961837848,0.13333333333333333
P14,trial_40_R_unaffected,unaffected,trunk,Trunk displacement,mm,12.067736788399689,0.4887784157872347,40.878853754128684,0.13333333333333333
P14,trial_41_R_unaffected,unaffected,eev,End-effector velocity,mm/s,188.55326883290965,0.6048844208360308,-33.86941377114257,0.05
P14,trial_41_R_unaffected,unaffected,eav,Elbow angular velocity,deg/s,33.19082537683621,0.6222081603003643,-0.8545798371154173,0.05
P14,trial_41_R_unaffected,unaffected,elbow,Elbow extension,deg,12.4199729418665,0.8784472287287943,2.744272325315617,0.05
P14,trial_41_R_unaffected,unaffected,flex,Shoulder flexion,deg,14.640212181833258,0.8792811559592317,-0.10641355828763925,0.05
P14,trial_41_R_unaffected,unaffected,abd,Shoulder abduction,deg,5.37279517530068,0.7122193918314051,-7.550064653373896,0.05
P14,trial_41_R_unaffected,unaffected,trunk,Trunk displacement,mm,23.605145712130483,-0.08194457233737643,27.78776058738343,0.05
P14,trial_42_R_unaffected,unaffected,eev,End-effector velocity,mm/s,151.9208690751032,0.7599058133365427,-34.68353003355092,0.11666666666666667
P14,trial_42_R_unaffected,unaffected,eav,Elbow angular velocity,deg/s,25.900186734002578,0.7361000675654307,-0.25938014403131415,0.11666666666666667
P14,trial_42_R_unaffected,unaffected,elbow,Elbow extension,deg,12.82643850768954,0.8671298089871392,4.307156600696837,0.11666666666666667
P14,trial_42_R_unaffected,unaffected,flex,Shoulder flexion,deg,17.086159829133067,0.8852649358088462,-2.3181032831509083,0.11666666666666667
P14,trial_42_R_unaffected,unaffected,abd,Shoulder abduction,deg,5.407998654876272,0.4679787677355547,-8.124967593902943,0.11666666666666667
P14,trial_42_R_unaffected,unaffected,trunk,Trunk displacement,mm,11.082693723616094,0.8517776417639155,20.217891975641756,0.11666666666666667
P14,trial_43_R_unaffected,unaffected,eev,End-effector velocity,mm/s,160.26323089294428,0.6891896068596881,-35.06613610101873,0.1
P14,trial_43_R_unaffected,unaffected,eav,Elbow angular velocity,deg/s,30.531967411624233,0.6829539989954051,-3.128586671471261,0.1
P14,trial_43_R_unaffected,unaffected,elbow,Elbow extension,deg,12.240623113977426,0.8772881358465081,3.5967963469018835,0.1
P14,trial_43_R_unaffected,unaffected,flex,Shoulder flexion,deg,14.57225230781753,0.8007246468035504,-2.873648307168572,0.1
P14,trial_43_R_unaffected,unaffected,abd,Shoulder abduction,deg,5.1152498327243965,0.6119879845586973,-7.962898148892857,0.1
P14,trial_43_R_unaffected,unaffected,trunk,Trunk displacement,mm,6.4109224349593825,0.8923390634659948,12.173487791462707,0.1
P14,trial_44_R_unaffected,unaffected,eev,End-effector velocity,mm/s,175.2530936202844,0.7012521006318762,-35.25147561591744,0.1
P14,trial_44_R_unaffected,unaffected,eav,Elbow angular velocity,deg/s,32.71635711707193,0.705164096019517,-0.9411868027574337,0.1
P14,trial_44_R_unaffected,unaffected,elbow,Elbow extension,deg,13.020151497768033,0.886568206282148,3.553746638042993,0.1
P14,trial_44_R_unaffected,unaffected,flex,Shoulder flexion,deg,16.06840589387017,0.8741767329386195,-4.971591317086801,0.1
P14,trial_44_R_unaffected,unaffected,abd,Shoulder abduction,deg,5.8700795186868175,0.5393304342214477,-8.296758658096996,0.1
P14,trial_44_R_unaffected,unaffected,trunk,Trunk displacement,mm,8.110384781543134,0.8934068783364225,18.27239388138135,0.1
P14,trial_46_R_unaffected,unaffected,eev,End-effector velocity,mm/s,131.94221170163712,0.8202333214847594,-37.2693820953692,0.13333333333333333
P14,trial_46_R_unaffected,unaffected,eav,Elbow angular velocity,deg/s,25.140505447565857,0.784413442249383,-1.3791648918516861,0.13333333333333333
P14,trial_46_R_unaffected,unaffected,elbow,Elbow extension,deg,10.949377860411463,0.9173407190927719,3.499129952791349,0.13333333333333333
P14,trial_46_R_unaffected,unaffected,flex,Shoulder flexion,deg,13.010318402216665,0.8627426700687185,-5.739292185616469,0.13333333333333333
P14,trial_46_R_unaffected,unaffected,abd,Shoulder abduction,deg,6.380278899501712,0.5812869913849269,-8.818854903173607,0.13333333333333333
P14,trial_46_R_unaffected,unaffected,trunk,Trunk displacement,mm,9.543705460420064,0.913625732419718,18.690567648435334,0.13333333333333333
P14,trial_47_R_unaffected,unaffected,eev,End-effector velocity,mm/s,149.0032846995853,0.7930060861960877,-32.09702654232373,0.11666666666666667
P14,trial_47_R_unaffected,unaffected,eav,Elbow angular velocity,deg/s,29.614087521061762,0.7445797461185113,-0.09344557004823699,0.11666666666666667
P14,trial_47_R_unaffected,unaffected,elbow,Elbow extension,deg,10.305316476924267,0.9310486181196268,3.4760460092387,0.11666666666666667
P14,trial_47_R_unaffected,unaffected,flex,Shoulder flexion,deg,12.806884793808726,0.8716468998909276,-6.837807857107784,0.11666666666666667
P14,trial_47_R_unaffected,unaffected,abd,Shoulder abduction,deg,8.240444167197921,0.746933546838654,-8.898936328461408,0.11666666666666667
P14,trial_47_R_unaffected,unaffected,trunk,Trunk displacement,mm,16.573830808607706,0.21960785157443213,21.865495155638808,0.11666666666666667
P14,trial_48_L_affected,affected,eev,End-effector velocity,mm/s,124.57026546372404,0.8207628185585851,-43.64460577865755,0.13333333333333333
P14,trial_48_L_affected,affected,eav,Elbow angular velocity,deg/s,26.06670705207955,0.7725138148333934,1.5791055004266237,0.13333333333333333
P14,trial_48_L_affected,affected,elbow,Elbow extension,deg,9.077908581634325,0.9397605932590921,7.568812311010286,0.13333333333333333
P14,trial_48_L_affected,affected,flex,Shoulder flexion,deg,12.023631174445606,0.8029831724258925,4.625632508862347,0.13333333333333333
P14,trial_48_L_affected,affected,abd,Shoulder abduction,deg,3.184855637553999,0.8697365843138276,-4.051679436929866,0.13333333333333333
P14,trial_48_L_affected,affected,trunk,Trunk displacement,mm,14.340448421679945,-0.7609620569526205,16.798066123932706,0.13333333333333333
P14,trial_49_L_affected,affected,eev,End-effector velocity,mm/s,116.49663722347454,0.7902577636086356,-34.27060642788183,0.13333333333333333
P14,trial_49_L_affected,affected,eav,Elbow angular velocity,deg/s,21.79765719326066,0.7917822875145907,0.2765270142170539,0.13333333333333333
P14,trial_49_L_affected,affected,elbow,Elbow extension,deg,8.378820262126661,0.9544330298467542,6.204434626657949,0.13333333333333333
P14,trial_49_L_affected,affected,flex,Shoulder flexion,deg,13.86196992633758,0.6476179581477172,2.2610324453427806,0.13333333333333333
P14,trial_49_L_affected,affected,abd,Shoulder abduction,deg,3.2896671837393403,0.8174442885488059,-3.9659472797746935,0.13333333333333333
P14,trial_49_L_affected,affected,trunk,Trunk displacement,mm,7.880176038583812,0.5702528900379393,6.8308525251645476,0.13333333333333333
P14,trial_4_R_unaffected,unaffected,eev,End-effector velocity,mm/s,144.64417790700878,0.769345251148131,-23.87659511082766,0.13333333333333333
P14,trial_4_R_unaffected,unaffected,eav,Elbow angular velocity,deg/s,33.55201387210333,0.6990777198693628,4.0355503528980075,0.13333333333333333
P14,trial_4_R_unaffected,unaffected,elbow,Elbow extension,deg,13.732212264006169,0.829329846887614,8.917787687009623,0.13333333333333333
P14,trial_4_R_unaffected,unaffected,flex,Shoulder flexion,deg,19.997324907489848,-0.29635983609755634,0.6693588367972626,0.13333333333333333
P14,trial_4_R_unaffected,unaffected,abd,Shoulder abduction,deg,3.6058350998445126,0.45894918834748677,-2.645465077266465,0.13333333333333333
P14,trial_4_R_unaffected,unaffected,trunk,Trunk displacement,mm,17.537699512742574,-0.4172070067454363,23.839004067582515,0.13333333333333333
P14,trial_50_L_affected,affected,eev,End-effector velocity,mm/s,97.66260111704733,0.8618890510211661,-21.98042979587236,0.16666666666666666
P14,trial_50_L_affected,affected,eav,Elbow angular velocity,deg/s,19.04240987469043,0.834609695299024,1.534183477647199,0.16666666666666666
P14,trial_50_L_affected,affected,elbow,Elbow extension,deg,6.8348013853989915,0.9661051738244036,6.760035495904374,0.16666666666666666
P14,trial_50_L_affected,affected,flex,Shoulder flexion,deg,15.043359189113382,0.6041994235031602,2.130476992013094,0.16666666666666666
P14,trial_50_L_affected,affected,abd,Shoulder abduction,deg,2.2153374293436214,0.9019565382984635,-5.694982914986514,0.16666666666666666
P14,trial_50_L_affected,affected,trunk,Trunk displacement,mm,7.05302397945991,0.7406378125531814,4.370817447779836,0.16666666666666666
P14,trial_51_L_affected,affected,eev,End-effector velocity,mm/s,89.51585148715105,0.8928746181417935,-40.891222022604026,0.15
P14,trial_51_L_affected,affected,eav,Elbow angular velocity,deg/s,16.180634208182187,0.8983056420551677,0.7364620774202979,0.15
P14,trial_51_L_affected,affected,elbow,Elbow extension,deg,5.895900648621321,0.9799254210496048,5.509737213433133,0.15
P14,trial_51_L_affected,affected,flex,Shoulder flexion,deg,8.42181928789219,0.604669333835101,1.2084736979753024,0.15
P14,trial_51_L_affected,affected,abd,Shoulder abduction,deg,2.375376633875453,0.9135917447187796,-3.9533069344365668,0.15
P14,trial_51_L_affected,affected,trunk,Trunk displacement,mm,7.734426625334872,-0.18143594299133153,17.460068562977106,0.15
P14,trial_52_L_affected,affected,eev,End-effector velocity,mm/s,102.50494106540309,0.8228117066727343,-38.48303571383395,0.13333333333333333
P14,trial_52_L_affected,affected,eav,Elbow angular velocity,deg/s,18.206966710352393,0.8425948483753952,1.449625792611081,0.13333333333333333
P14,trial_52_L_affected,affected,elbow,Elbow extension,deg,7.693997657702694,0.9537622367893023,6.719358844950598,0.13333333333333333
P14,trial_52_L_affected,affected,flex,Shoulder flexion,deg,15.468728515702361,0.5548488158430807,1.3101980914202973,0.13333333333333333
P14,trial_52_L_affected,affected,abd,Shoulder abduction,deg,2.6908465075401278,0.8546990911008585,-4.450318174432148,0.13333333333333333
P14,trial_52_L_affected,affected,trunk,Trunk displacement,mm,19.630823969895722,-0.40665447859027803,9.916104430330847,0.13333333333333333
P14,trial_53_L_affected,affected,eev,End-effector velocity,mm/s,122.48330475150385,0.7421856621047466,-34.26038154029878,0.11666666666666667
P14,trial_53_L_affected,affected,eav,Elbow angular velocity,deg/s,21.6119826416425,0.7996414977450081,1.3786666307268876,0.11666666666666667
P14,trial_53_L_affected,affected,elbow,Elbow extension,deg,8.315491448762065,0.9535422162986043,6.166269630923109,0.11666666666666667
P14,trial_53_L_affected,affected,flex,Shoulder flexion,deg,12.978469263543241,0.7284047788045092,1.6339928027588664,0.11666666666666667
P14,trial_53_L_affected,affected,abd,Shoulder abduction,deg,3.1132393858912537,0.773654730693648,-4.59426927718122,0.11666666666666667
P14,trial_53_L_affected,affected,trunk,Trunk displacement,mm,10.119043152818435,-0.6435108258217919,17.76465162028706,0.11666666666666667
P14,trial_55_L_affected,affected,eev,End-effector velocity,mm/s,99.51199943876794,0.8583215057288697,-34.23049058798443,0.16666666666666666
P14,trial_55_L_affected,affected,eav,Elbow angular velocity,deg/s,20.38583364596441,0.8336362597971453,4.165056137746242,0.16666666666666666
P14,trial_55_L_affected,affected,elbow,Elbow extension,deg,7.218741531619177,0.9645768116804079,4.73730320024191,0.16666666666666666
P14,trial_55_L_affected,affected,flex,Shoulder flexion,deg,18.126866430459874,-0.3402415760363594,0.5023930070395662,0.16666666666666666
P14,trial_55_L_affected,affected,abd,Shoulder abduction,deg,2.781822275309297,0.8481848859434568,-6.7064857649830545,0.16666666666666666
P14,trial_55_L_affected,affected,trunk,Trunk displacement,mm,6.331718515402316,0.24946341669250044,12.999866396684194,0.16666666666666666
P14,trial_56_L_affected,affected,eev,End-effector velocity,mm/s,113.43418606286069,0.778161180622931,-41.67363495145638,0.06666666666666667
P14,trial_56_L_affected,affected,eav,Elbow angular velocity,deg/s,22.478736630530864,0.7412707416575358,1.2405356474423292,0.06666666666666667
P14,trial_56_L_affected,affected,elbow,Elbow extension,deg,9.021473077497689,0.9370704087502635,6.22008906024794,0.06666666666666667
P14,trial_56_L_affected,affected,flex,Shoulder flexion,deg,15.277207667393503,0.5323662750930709,2.0884544757265893,0.06666666666666667
P14,trial_56_L_affected,affected,abd,Shoulder abduction,deg,3.614091597465108,0.7586983368358374,-4.139912655564869,0.06666666666666667
P14,trial_56_L_affected,affected,trunk,Trunk displacement,mm,8.882437985892336,0.3677990272673694,10.236404533732845,0.06666666666666667
P14,trial_58_L_affected,affected,eev,End-effector velocity,mm/s,261.38885277142225,-0.04870037357850179,-17.14082321655647,0.16666666666666666
P14,trial_58_L_affected,affected,eav,Elbow angular velocity,deg/s,48.73217643676465,0.012270047365228907,-0.22709693946870307,0.16666666666666666
P14,trial_58_L_affected,affected,elbow,Elbow extension,deg,23.78141637893802,0.5392740282996646,5.576574973338659,0.16666666666666666
P14,trial_58_L_affected,affected,flex,Shoulder flexion,deg,14.953042646705656,0.6978157290376104,2.321849829905628,0.16666666666666666
P14,trial_58_L_affected,affected,abd,Shoulder abduction,deg,5.051661283248035,0.5848421352403723,-3.336329335718697,0.16666666666666666
P14,trial_58_L_affected,affected,trunk,Trunk displacement,mm,12.748079493392579,0.46765067594756743,-1.9710379213422213,0.16666666666666666
P14,trial_59_L_affected,affected,eev,End-effector velocity,mm/s,110.08029303264306,0.8382571089307173,-39.2027816432041,0.15
P14,trial_59_L_affected,affected,eav,Elbow angular velocity,deg/s,19.63697438254738,0.8451888825086399,1.027817317179177,0.15
P14,trial_59_L_affected,affected,elbow,Elbow extension,deg,7.690181237067827,0.9513914439248247,6.585797474209336,0.15
P14,trial_59_L_affected,affected,flex,Shoulder flexion,deg,13.263559152477654,0.8285469247185215,1.7117895930875948,0.15
P14,trial_59_L_affected,affected,abd,Shoulder abduction,deg,2.391090561500431,0.8773986149978213,-3.935097965267323,0.15
P14,trial_59_L_affected,affected,trunk,Trunk displacement,mm,4.580305305385561,0.9232057324488118,4.4950150163843325,0.15
P14,trial_5_R_unaffected,unaffected,eev,End-effector velocity,mm/s,140.04920761427638,0.8057261914484077,-34.52307145440685,0.15
P14,trial_5_R_unaffected,unaffected,eav,Elbow angular velocity,deg/s,34.08151131207447,0.734139843202462,3.419621628324609,0.15
P14,trial_5_R_unaffected,unaffected,elbow,Elbow extension,deg,12.959477486142761,0.8982239655149092,5.610767637671402,0.15
P14,trial_5_R_unaffected,unaffected,flex,Shoulder flexion,deg,21.451273308465154,-0.6686159209817817,-5.570416609802482,0.15
P14,trial_5_R_unaffected,unaffected,abd,Shoulder abduction,deg,3.4480883096894193,0.667393100517426,-2.988806239426323,0.15
P14,trial_5_R_unaffected,unaffected,trunk,Trunk displacement,mm,17.409836599264004,0.17448350137408336,32.7214937197606,0.15
P14,trial_60_L_affected,affected,eev,End-effector velocity,mm/s,111.07194339066787,0.8001003918783248,-42.642196120233294,0.13333333333333333
P14,trial_60_L_affected,affected,eav,Elbow angular velocity,deg/s,20.667315890051864,0.8238725081031554,0.8280277113607483,0.13333333333333333
P14,trial_60_L_affected,affected,elbow,Elbow extension,deg,8.614000602181243,0.9452274663377246,5.404353974890404,0.13333333333333333
P14,trial_60_L_affected,affected,flex,Shoulder flexion,deg,12.789284469073433,0.8158006983399506,2.9985794701745814,0.13333333333333333
P14,trial_60_L_affected,affected,abd,Shoulder abduction,deg,3.1932775462565948,0.8254146960234847,-4.104871461300936,0.13333333333333333
P14,trial_60_L_affected,affected,trunk,Trunk displacement,mm,9.667898522287953,-0.14491657305555025,16.475336148928676,0.13333333333333333
P14,trial_61_L_affected,affected,eev,End-effector velocity,mm/s,118.95298031646269,0.7940560522168771,-45.43880071037219,0.13333333333333333
P14,trial_61_L_affected,affected,eav,Elbow angular velocity,deg/s,21.607157363472236,0.8071172060890285,1.8184579032971135,0.13333333333333333
P14,trial_61_L_affected,affected,elbow,Elbow extension,deg,8.340330431479163,0.9523538032708528,5.874634093971314,0.13333333333333333
P14,trial_61_L_affected,affected,flex,Shoulder flexion,deg,13.318841858583822,0.8156325283863314,-1.080346676695574,0.13333333333333333
P14,trial_61_L_affected,affected,abd,Shoulder abduction,deg,2.4213667404719437,0.8251184498088371,-4.196371758174786,0.13333333333333333
P14,trial_61_L_affected,affected,trunk,Trunk displacement,mm,7.776693094816869,0.5224350653327164,11.407772795687963,0.13333333333333333
P14,trial_62_L_affected,affected,eev,End-effector velocity,mm/s,93.59655654936118,0.8845937278517026,-40.432145365516,0.18333333333333332
P14,trial_62_L_affected,affected,eav,Elbow angular velocity,deg/s,18.03374566216262,0.8571917795838114,1.113090304128893,0.18333333333333332
P14,trial_62_L_affected,affected,elbow,Elbow extension,deg,6.688682066209819,0.9686417610697823,5.7509989383559805,0.18333333333333332
P14,trial_62_L_affected,affected,flex,Shoulder flexion,deg,19.336739939489394,-0.481724217381204,-2.503813275357974,0.18333333333333332
P14,trial_62_L_affected,affected,abd,Shoulder abduction,deg,2.4623362490042653,0.882447774391439,-5.0883015293410105,0.18333333333333332
P14,trial_62_L_affected,affected,trunk,Trunk displacement,mm,3.7973393945652547,0.8915463127998821,3.974712832492529,0.18333333333333332
P14,trial_63_L_affected,affected,eev,End-effector velocity,mm/s,100.88680219453613,0.8571676584103336,-36.87661252028706,0.16666666666666666
P14,trial_63_L_affected,affected,eav,Elbow angular velocity,deg/s,19.39836348021923,0.8569115061326659,0.41013566371434157,0.16666666666666666
P14,trial_63_L_affected,affected,elbow,Elbow extension,deg,7.261983022807079,0.9604145327423668,5.815721366477186,0.16666666666666666
P14,trial_63_L_affected,affected,flex,Shoulder flexion,deg,13.38577254014677,0.7363872336930789,2.1056744320366816,0.16666666666666666
P14,trial_63_L_affected,affected,abd,Shoulder abduction,deg,3.221190367978945,0.8080618621513205,-4.087003563432558,0.16666666666666666
P14,trial_63_L_affected,affected,trunk,Trunk displacement,mm,12.615017317369698,-0.8479005658324152,24.542754103039172,0.16666666666666666
P14,trial_64_L_affected,affected,eev,End-effector velocity,mm/s,95.71161919538636,0.8802908185075589,-26.053646552514916,0.16666666666666666
P14,trial_64_L_affected,affected,eav,Elbow angular velocity,deg/s,18.456192759388262,0.8444904740199949,1.2739582458667253,0.16666666666666666
P14,trial_64_L_affected,affected,elbow,Elbow extension,deg,5.754279907052064,0.9733991371602373,5.232570099223826,0.16666666666666666
P14,trial_64_L_affected,affected,flex,Shoulder flexion,deg,11.670808308853374,0.8905836858310308,2.746533144893579,0.16666666666666666
P14,trial_64_L_affected,affected,abd,Shoulder abduction,deg,2.6914288179263908,0.8869870763127824,-3.953658246926234,0.16666666666666666
P14,trial_64_L_affected,affected,trunk,Trunk displacement,mm,10.284992967330968,0.306101942935939,10.599692333027528,0.16666666666666666
P14,trial_65_L_affected,affected,eev,End-effector velocity,mm/s,105.72083340674185,0.8495345460194655,-38.811117119795476,0.15
P14,trial_65_L_affected,affected,eav,Elbow angular velocity,deg/s,19.501215987974312,0.8419347055135692,0.39874346932112814,0.15
P14,trial_65_L_affected,affected,elbow,Elbow extension,deg,6.8394757704755325,0.9661363730554181,4.041173663671831,0.15
P14,trial_65_L_affected,affected,flex,Shoulder flexion,deg,13.274332312860897,0.628080891379052,2.0169050317436668,0.15
P14,trial_65_L_affected,affected,abd,Shoulder abduction,deg,2.8314270074106846,0.8827459604759189,-4.403978832402318,0.15
P14,trial_65_L_affected,affected,trunk,Trunk displacement,mm,13.454097059941798,-0.4813081241061355,30.683382434941947,0.15
P14,trial_66_L_affected,affected,eev,End-effector velocity,mm/s,77.11402182851285,0.9050556971997747,-29.135878452799577,0.18333333333333332
P14,trial_66_L_affected,affected,eav,Elbow angular velocity,deg/s,12.762763314787417,0.9034674740512771,0.5526375330381061,0.18333333333333332
P14,trial_66_L_affected,affected,elbow,Elbow extension,deg,5.887626021519483,0.973558311135072,6.211968176091546,0.18333333333333332
P14,trial_66_L_affected,affected,flex,Shoulder flexion,deg,14.505354485888589,0.699013053110585,2.812754045935684,0.18333333333333332
P14,trial_66_L_affected,affected,abd,Shoulder abduction,deg,2.261136607938865,0.9088134111664101,-3.9166894174583677,0.18333333333333332
P14,trial_66_L_affected,affected,trunk,Trunk displacement,mm,5.05592229863266,0.7085243035902188,8.672801614016315,0.18333333333333332
P14,trial_67_L_affected,affected,eev,End-effector velocity,mm/s,114.65499669358638,0.786683811421878,-38.56050724363813,0.13333333333333333
P14,trial_67_L_affected,affected,eav,Elbow angular velocity,deg/s,24.453367903188436,0.7262788580035633,1.5873177872309399,0.13333333333333333
P14,trial_67_L_affected,affected,elbow,Elbow extension,deg,8.880823463664019,0.9420162077572485,5.916139745056692,0.13333333333333333
P14,trial_67_L_affected,affected,flex,Shoulder flexion,deg,21.603608464574204,-0.6830883754541225,-3.6257855193167674,0.13333333333333333
P14,trial_67_L_affected,affected,abd,Shoulder abduction,deg,3.4431733293733,0.8106946708406282,-5.691207461277787,0.13333333333333333
P14,trial_67_L_affected,affected,trunk,Trunk displacement,mm,8.213044056494416,0.7294440756407029,10.465220614186396,0.13333333333333333
P14,trial_68_L_affected,affected,eev,End-effector velocity,mm/s,110.98360011447862,0.8268203664141827,-31.872698141104443,0.15
P14,trial_68_L_affected,affected,eav,Elbow angular velocity,deg/s,23.338690911175348,0.7958378316957999,0.4415224346713519,0.15
P14,trial_68_L_affected,affected,elbow,Elbow extension,deg,7.869478150326275,0.9534121006510081,5.766539871668055,0.15
P14,trial_68_L_affected,affected,flex,Shoulder flexion,deg,19.728276166404743,-0.2820701030195271,1.9267885489158816,0.15
P14,trial_68_L_affected,affected,abd,Shoulder abduction,deg,3.285437132589093,0.8381781737427968,-6.0089985292157975,0.15
P14,trial_68_L_affected,affected,trunk,Trunk displacement,mm,4.700883183701882,0.5937991163119599,3.1478573924873867,0.15
P14,trial_6_R_unaffected,unaffected,eev,End-effector velocity,mm/s,147.95172073683455,0.7945096513319002,-32.65025653223001,0.11666666666666667
P14,trial_6_R_unaffected,unaffected,eav,Elbow angular velocity,deg/s,36.15193168438206,0.7302551149084306,6.202539064111308,0.11666666666666667
P14,trial_6_R_unaffected,unaffected,elbow,Elbow extension,deg,14.14038005849621,0.8667332302876568,7.19805423071742,0.11666666666666667
P14,trial_6_R_unaffected,unaffected,flex,Shoulder flexion,deg,22.63716771308217,-0.7238314901628342,-1.198732449809367,0.11666666666666667
P14,trial_6_R_unaffected,unaffected,abd,Shoulder abduction,deg,4.417156897744847,0.3847749845808401,-3.0661788813376893,0.11666666666666667
P14,trial_6_R_unaffected,unaffected,trunk,Trunk displacement,mm,13.586792950785822,-0.12590407477288917,20.125224270341693,0.11666666666666667
P14,trial_70_L_affected,affected,eev,End-effector velocity,mm/s,123.0659601884826,0.8049207977910771,-36.824255147536064,0.15
P14,trial_70_L_affected,affected,eav,Elbow angular velocity,deg/s,26.179630448882534,0.7723952221156972,1.4039646436934197,0.15
P14,trial_70_L_affected,affected,elbow,Elbow extension,deg,7.617442140703635,0.9504560793957183,6.187751318433283,0.15
P14,trial_70_L_affected,affected,flex,Shoulder flexion,deg,19.02867759495249,-0.5994404655604826,2.8318787276091713,0.15
P14,trial_70_L_affected,affected,abd,Shoulder abduction,deg,2.7644847825259906,0.85430301904001,-5.63941677013227,0.15
P14,trial_70_L_affected,affected,trunk,Trunk displacement,mm,19.876945089908773,-0.8860991963704011,50.88266177158921,0.15
P14,trial_71_L_affected,affected,eev,End-effector velocity,mm/s,98.09861120516086,0.8857437608049461,-35.16009787805691,0.15
P14,trial_71_L_affected,affected,eav,Elbow angular velocity,deg/s,18.087684424471938,0.8729375943511476,1.5671859432594726,0.15
P14,trial_71_L_affected,affected,elbow,Elbow extension,deg,6.031755117513457,0.9748908085892544,3.906007937616526,0.15
P14,trial_71_L_affected,affected,flex,Shoulder flexion,deg,9.76154999538583,0.5909347118639396,-6.555400724881532,0.15
P14,trial_71_L_affected,affected,abd,Shoulder abduction,deg,3.031206386360066,0.913427624444014,-3.1938892637020615,0.15
P14,trial_71_L_affected,affected,trunk,Trunk displacement,mm,18.089057479783868,-0.9399280721149795,22.641606430051905,0.15
P14,trial_72_L_affected,affected,eev,End-effector velocity,mm/s,106.7732777025932,0.8581882517527707,-42.51249319783295,0.13333333333333333
P14,trial_72_L_affected,affected,eav,Elbow angular velocity,deg/s,18.018676463996997,0.8670114209781462,-0.24795724927183221,0.13333333333333333
P14,trial_72_L_affected,affected,elbow,Elbow extension,deg,6.890793720080598,0.9613267031515809,5.468368759478272,0.13333333333333333
P14,trial_72_L_affected,affected,flex,Shoulder flexion,deg,13.5826925809,0.8298953010674075,2.6928221571900814,0.13333333333333333
P14,trial_72_L_affected,affected,abd,Shoulder abduction,deg,3.5118366608455647,0.8241022361403735,-4.745036220000379,0.13333333333333333
P14,trial_72_L_affected,affected,trunk,Trunk displacement,mm,7.005615865437444,0.41861323967543723,3.843082028556037,0.13333333333333333
P14,trial_73_L_affected,affected,eev,End-effector velocity,mm/s,142.39694180388432,0.737166540408534,-39.386760444450886,0.11666666666666667
P14,trial_73_L_affected,affected,eav,Elbow angular velocity,deg/s,29.58577975459152,0.7024587827522515,2.702504596918009,0.11666666666666667
P14,trial_73_L_affected,affected,elbow,Elbow extension,deg,9.293448844351992,0.940777813769611,5.743483443288839,0.11666666666666667
P14,trial_73_L_affected,affected,flex,Shoulder flexion,deg,15.532306055764828,0.38869237984937866,0.48584451381319366,0.11666666666666667
P14,trial_73_L_affected,affected,abd,Shoulder abduction,deg,3.0574558723220764,0.8293494332975316,-4.825364612909048,0.11666666666666667
P14,trial_73_L_affected,affected,trunk,Trunk displacement,mm,3.5794768600791413,0.9610942343394621,-5.204508229656107,0.11666666666666667
P14,trial_74_L_affected,affected,eev,End-effector velocity,mm/s,127.32978732321509,0.8047645264189195,-39.038467247727425,0.13333333333333333
P14,trial_74_L_affected,affected,eav,Elbow angular velocity,deg/s,20.70035290770938,0.8250006892813886,0.40672207623501505,0.13333333333333333
P14,trial_74_L_affected,affected,elbow,Elbow extension,deg,7.768223764487672,0.9622295384726793,5.179167008732767,0.13333333333333333
P14,trial_74_L_affected,affected,flex,Shoulder flexion,deg,14.054463697766524,0.7150626042881658,-2.3561319063147725,0.13333333333333333
P14,trial_74_L_affected,affected,abd,Shoulder abduction,deg,2.8701959452767243,0.8454855660158811,-4.568919207442354,0.13333333333333333
P14,trial_74_L_affected,affected,trunk,Trunk displacement,mm,15.454780406573459,0.4418760949310659,0.007426822747405639,0.13333333333333333
P14,trial_75_L_affected,affected,eev,End-effector velocity,mm/s,121.04127819129093,0.7971640577099683,-41.46591106564111,0.13333333333333333
P14,trial_75_L_affected,affected,eav,Elbow angular velocity,deg/s,22.670107371654524,0.7965796285865068,1.181256502727138,0.13333333333333333
P14,trial_75_L_affected,affected,elbow,Elbow extension,deg,8.235880088826866,0.9546585003570484,5.8608427021862814,0.13333333333333333
P14,trial_75_L_affected,affected,flex,Shoulder flexion,deg,13.585246946754628,0.7383175200786688,0.01735297420994993,0.13333333333333333
P14,trial_75_L_affected,affected,abd,Shoulder abduction,deg,3.330223597632345,0.8083719082383348,-4.933446251379328,0.13333333333333333
P14,trial_75_L_affected,affected,trunk,Trunk displacement,mm,9.00310469215963,-0.10976332491714406,19.9099081938369,0.13333333333333333
P14,trial_76_L_affected,affected,eev,End-effector velocity,mm/s,114.07046073626961,0.8619644136481631,-31.938323910513727,0.15
P14,trial_76_L_affected,affected,eav,Elbow angular velocity,deg/s,21.57284577303825,0.8488477095357705,-0.339656526715172,0.15
P14,trial_76_L_affected,affected,elbow,Elbow extension,deg,7.472018987958972,0.9581536768823862,6.38069266031912,0.15
P14,trial_76_L_affected,affected,flex,Shoulder flexion,deg,19.476269235043457,-0.1975742119312971,-0.3134404450126029,0.15
P14,trial_76_L_affected,affected,abd,Shoulder abduction,deg,3.078714645090399,0.8460634825194556,-5.3524046381705555,0.15
P14,trial_76_L_affected,affected,trunk,Trunk displacement,mm,6.081302746485777,0.42119918308355164,12.84996195619585,0.15
P14,trial_77_L_affected,affected,eev,End-effector velocity,mm/s,106.57600185579238,0.8283590101139655,-21.049155383159146,0.16666666666666666
P14,trial_77_L_affected,affected,eav,Elbow angular velocity,deg/s,21.912520270449615,0.8034432209626305,0.5743958822461164,0.16666666666666666
P14,trial_77_L_affected,affected,elbow,Elbow extension,deg,7.332653382151495,0.9640447174420826,5.7598575093857765,0.16666666666666666
P14,trial_77_L_affected,affected,flex,Shoulder flexion,deg,18.688247669963584,-0.5700315613807172,-3.1609532048448585,0.16666666666666666
P14,trial_77_L_affected,affected,abd,Shoulder abduction,deg,3.339636407475408,0.8366806941012283,-6.312118006207201,0.16666666666666666
P14,trial_77_L_affected,affected,trunk,Trunk displacement,mm,14.54891838920323,-0.2235490661153327,18.70307005589809,0.16666666666666666
P14,trial_78_L_affected,affected,eev,End-effector velocity,mm/s,103.80448390192483,0.8345995270136569,-27.40657479969908,0.15
P14,trial_78_L_affected,affected,eav,Elbow angular velocity,deg/s,18.424069361668668,0.8592241331340271,0.23020250952659418,0.15
P14,trial_78_L_affected,affected,elbow,Elbow extension,deg,7.145550919395562,0.9675133799825173,7.029769297587142,0.15
P14,trial_78_L_affected,affected,abd,Shoulder abduction,deg,3.1477611392204867,0.8555344882074923,-4.717399934699616,0.15
P14,trial_78_L_affected,affected,trunk,Trunk displacement,mm,10.973936777746896,-0.7561173837079896,23.305845487685097,0.15
P14,trial_79_L_affected,affected,eev,End-effector velocity,mm/s,108.8653208788363,0.8413014000673884,-27.098623844402674,0.13333333333333333
P14,trial_79_L_affected,affected,eav,Elbow angular velocity,deg/s,21.81298848212332,0.8172037423278476,0.496228440922886,0.13333333333333333
P14,trial_79_L_affected,affected,elbow,Elbow extension,deg,7.600973717582309,0.9533243379273888,7.287791544235325,0.13333333333333333
P14,trial_79_L_affected,affected,flex,Shoulder flexion,deg,11.644177416230722,0.8862545605032639,4.519609735554104,0.13333333333333333
P14,trial_79_L_affected,affected,abd,Shoulder abduction,deg,2.783130318833093,0.8844949916002082,-4.905513142560315,0.13333333333333333
P14,trial_79_L_affected,affected,trunk,Trunk displacement,mm,10.17522154632037,-0.4912920962178171,20.389290417942984,0.13333333333333333
P14,trial_7_R_unaffected,unaffected,eev,End-effector velocity,mm/s,138.12655361970764,0.7962899004567073,-27.71026381041494,0.11666666666666667
P14,trial_7_R_unaffected,unaffected,eav,Elbow angular velocity,deg/s,31.326178597037426,0.7787175790017922,4.855159775093887,0.11666666666666667
P14,trial_7_R_unaffected,unaffected,elbow,Elbow extension,deg,12.88662761842204,0.8948002903657002,5.45896879966776,0.11666666666666667
P14,trial_7_R_unaffected,unaffected,flex,Shoulder flexion,deg,14.53100149035395,0.8301843040227946,-0.5568977998092218,0.11666666666666667
P14,trial_7_R_unaffected,unaffected,abd,Shoulder abduction,deg,4.183871285050317,0.4857044142474667,-2.901164054624613,0.11666666666666667
P14,trial_7_R_unaffected,unaffected,trunk,Trunk displacement,mm,13.785095073185268,0.2165526244971601,25.82227947743194,0.11666666666666667
P14,trial_80_L_affected,affected,eev,End-effector velocity,mm/s,111.81578518963279,0.8320400031875635,-33.246973130217086,0.15
P14,trial_80_L_affected,affected,eav,Elbow angular velocity,deg/s,21.507725682033648,0.8317121812193922,1.496780620068265,0.15
P14,trial_80_L_affected,affected,elbow,Elbow extension,deg,8.384648752941722,0.9614412678269095,6.205875911499432,0.15
P14,trial_80_L_affected,affected,flex,Shoulder flexion,deg,18.029550463163115,-0.19007017078464844,-7.5846210912158805,0.15
P14,trial_80_L_affected,affected,abd,Shoulder abduction,deg,3.4401811496956807,0.8060911429270279,-3.9851265481586906,0.15
P14,trial_80_L_affected,affected,trunk,Trunk displacement,mm,4.105545053342521,0.961590310342158,-8.670951075298413,0.15
P14,trial_81_L_affected,affected,eev,End-effector velocity,mm/s,135.2076385471473,0.7851959513741451,-33.121310765140024,0.11666666666666667
P14,trial_81_L_affected,affected,eav,Elbow angular velocity,deg/s,26.49263946242858,0.789853788237575,3.2491150470300343,0.11666666666666667
P14,trial_81_L_affected,affected,elbow,Elbow extension,deg,8.984514639896977,0.9559988997866065,5.8167700736937435,0.11666666666666667
P14,trial_81_L_affected,affected,flex,Shoulder flexion,deg,24.027874113619347,-0.795178679698452,-8.620062745211467,0.11666666666666667
P14,trial_81_L_affected,affected,abd,Shoulder abduction,deg,2.93348212218533,0.8966570050294966,-6.3487511139875545,0.11666666666666667
P14,trial_81_L_affected,affected,trunk,Trunk displacement,mm,4.893019052886322,0.2458512785645975,11.820965142493723,0.11666666666666667
P14,trial_82_L_affected,affected,eev,End-effector velocity,mm/s,122.84902719179746,0.7957678346920004,-32.548492944907046,0.15
P14,trial_82_L_affected,affected,eav,Elbow angular velocity,deg/s,23.129753479326048,0.7886948075808852,-0.275989395624276,0.15
P14,trial_82_L_affected,affected,elbow,Elbow extension,deg,7.838530984695384,0.9565979095676318,7.853691697806278,0.15
P14,trial_82_L_affected,affected,flex,Shoulder flexion,deg,15.195653274704453,0.6631464570068614,1.2457041585512434,0.15
P14,trial_82_L_affected,affected,abd,Shoulder abduction,deg,3.540235530950457,0.8800657700870452,-4.462901379920119,0.15
P14,trial_82_L_affected,affected,trunk,Trunk displacement,mm,3.847957778272041,0.9159543614343503,4.488805377201379,0.15
P14,trial_83_L_affected,affected,eev,End-effector velocity,mm/s,82.86639297849668,0.916639128851469,-32.36955019292056,0.18333333333333332
P14,trial_83_L_affected,affected,eav,Elbow angular velocity,deg/s,14.385983370424054,0.9144514648430331,1.7065868762028815,0.18333333333333332
P14,trial_83_L_affected,affected,elbow,Elbow extension,deg,4.433249940620878,0.9880740651538853,5.564189680805203,0.18333333333333332
P14,trial_83_L_affected,affected,flex,Shoulder flexion,deg,15.341722184721279,-0.431077504623337,-7.473020780353234,0.18333333333333332
P14,trial_83_L_affected,affected,abd,Shoulder abduction,deg,2.3974083587377684,0.929388251214627,-6.073013766481732,0.18333333333333332
P14,trial_83_L_affected,affected,trunk,Trunk displacement,mm,4.2380440319935335,0.6702212323782593,10.446339386068981,0.18333333333333332
P14,trial_85_L_affected,affected,eev,End-effector velocity,mm/s,121.99728507045381,0.8233783312053883,-36.29458191455649,0.16666666666666666
P14,trial_85_L_affected,affected,eav,Elbow angular velocity,deg/s,22.138437670087352,0.8374598327375211,1.3469610659249558,0.16666666666666666
P14,trial_85_L_affected,affected,elbow,Elbow extension,deg,7.100581128852583,0.9658900598923759,5.099842522015853,0.16666666666666666
P14,trial_85_L_affected,affected,flex,Shoulder flexion,deg,13.966015345279986,0.7107499325039537,0.6170226398374099,0.16666666666666666
P14,trial_85_L_affected,affected,abd,Shoulder abduction,deg,2.9635834715940956,0.8683043871641446,-4.732943929814236,0.16666666666666666
P14,trial_85_L_affected,affected,trunk,Trunk displacement,mm,5.699390459662126,-0.5055908658385422,10.012845290280557,0.16666666666666666
P14,trial_86_L_affected,affected,eev,End-effector velocity,mm/s,119.83163696832568,0.8003747280464195,-38.81544601194642,0.15
P14,trial_86_L_affected,affected,eav,Elbow angular velocity,deg/s,21.155396004004338,0.8186903997736558,2.1522533674171465,0.15
P14,trial_86_L_affected,affected,elbow,Elbow extension,deg,7.151052699024135,0.9691724737117666,5.848784144834135,0.15
P14,trial_86_L_affected,affected,flex,Shoulder flexion,deg,14.512616082607764,0.6638860682152469,-0.6850863763972392,0.15
P14,trial_86_L_affected,affected,abd,Shoulder abduction,deg,2.7223490681286795,0.8725126975462215,-5.208670869076294,0.15
P14,trial_86_L_affected,affected,trunk,Trunk displacement,mm,13.335783927372566,-0.8952517206248892,18.961591692667305,0.15
P14,trial_87_L_affected,affected,eev,End-effector velocity,mm/s,130.2029479930586,0.7770299890279655,-48.27790103398912,0.13333333333333333
P14,trial_87_L_affected,affected,eav,Elbow angular velocity,deg/s,22.42941609303579,0.8033559969535434,0.6983942156687869,0.13333333333333333
P14,trial_87_L_affected,affected,elbow,Elbow extension,deg,7.229933314214173,0.9666526389779134,4.8914357555171035,0.13333333333333333
P14,trial_87_L_affected,affected,flex,Shoulder flexion,deg,14.673897673766067,0.5474852488323381,-0.2990955416598685,0.13333333333333333
P14,trial_87_L_affected,affected,abd,Shoulder abduction,deg,3.138883270874407,0.8464120878310979,-5.101449587452104,0.13333333333333333
P14,trial_87_L_affected,affected,trunk,Trunk displacement,mm,9.977465605163777,-0.1244751053769527,11.469759801370527,0.13333333333333333
P14,trial_88_L_affected,affected,eev,End-effector velocity,mm/s,130.31241921107832,0.7943568921867551,-38.18412375320255,0.13333333333333333
P14,trial_88_L_affected,affected,eav,Elbow angular velocity,deg/s,22.058004159634383,0.8218276152978096,1.0813271656490338,0.13333333333333333
P14,trial_88_L_affected,affected,elbow,Elbow extension,deg,7.197078909327728,0.9656948108841131,5.704662493848994,0.13333333333333333
P14,trial_88_L_affected,affected,flex,Shoulder flexion,deg,12.68579052774175,0.8223419231765482,0.9114144559134008,0.13333333333333333
P14,trial_88_L_affected,affected,abd,Shoulder abduction,deg,2.921592256893077,0.843715861776191,-5.569022239599823,0.13333333333333333
P14,trial_88_L_affected,affected,trunk,Trunk displacement,mm,4.086584042465773,0.611819971349289,5.620901259904255,0.13333333333333333
P14,trial_8_R_unaffected,unaffected,eev,End-effector velocity,mm/s,103.86351263061188,0.8708724420638169,-24.559708580551035,0.15
P14,trial_8_R_unaffected,unaffected,eav,Elbow angular velocity,deg/s,21.335689080822206,0.869817689543426,2.6697632954641164,0.15
P14,trial_8_R_unaffected,unaffected,elbow,Elbow extension,deg,11.066806236935802,0.9149918429010158,4.669296012216204,0.15
P14,trial_8_R_unaffected,unaffected,flex,Shoulder flexion,deg,19.022113432670384,-0.2018517080384904,-1.0974121528660818,0.15
P14,trial_8_R_unaffected,unaffected,abd,Shoulder abduction,deg,3.782675689511324,0.46549821531942864,-2.627669268559899,0.15
P14,trial_8_R_unaffected,unaffected,trunk,Trunk displacement,mm,11.36573860191865,0.34230180040740993,22.642802835408183,0.15
P14,trial_90_L_affected,affected,eev,End-effector velocity,mm/s,117.34656506648582,0.7844644128030398,-38.06175255908265,0.11666666666666667
P14,trial_90_L_affected,affected,eav,Elbow angular velocity,deg/s,22.017884681082176,0.7921756156761273,1.0627974410267462,0.11666666666666667
P14,trial_90_L_affected,affected,elbow,Elbow extension,deg,7.952542221586746,0.9605008622935346,5.553056298531452,0.11666666666666667
P14,trial_90_L_affected,affected,flex,Shoulder flexion,deg,14.272507761574996,0.7246024305290394,0.07453978283493629,0.11666666666666667
P14,trial_90_L_affected,affected,abd,Shoulder abduction,deg,2.864794826333116,0.81545021568372,-5.042002236035374,0.11666666666666667
P14,trial_90_L_affected,affected,trunk,Trunk displacement,mm,10.602467640963948,-0.7901122824967761,20.692862239395875,0.11666666666666667
P14,trial_9_R_unaffected,unaffected,eev,End-effector velocity,mm/s,127.54925467589295,0.851593629622683,-28.43675727227055,0.13333333333333333
P14,trial_9_R_unaffected,unaffected,eav,Elbow angular velocity,deg/s,30.707057733803847,0.781371056342072,7.072518582298081,0.13333333333333333
P14,trial_9_R_unaffected,unaffected,elbow,Elbow extension,deg,12.239780939716724,0.8910942773388602,5.329589834674776,0.13333333333333333
P14,trial_9_R_unaffected,unaffected,flex,Shoulder flexion,deg,18.356492523139167,0.4472559772453545,-2.5982758083416635,0.13333333333333333
P14,trial_9_R_unaffected,unaffected,abd,Shoulder abduction,deg,3.9975101343449357,0.6721661609506671,-4.298172968770282,0.13333333333333333
P14,trial_9_R_unaffected,unaffected,trunk,Trunk displacement,mm,9.789151931064959,0.9559728046793902,11.042849066133739,0.13333333333333333
P15,trial_14_R_unaffected,unaffected,eev,End-effector velocity,mm/s,127.96047238693116,0.8218566982041728,-33.934580295278195,0.13333333333333333
P15,trial_14_R_unaffected,unaffected,eav,Elbow angular velocity,deg/s,28.402603315472536,0.7849576883350172,2.6064745148513353,0.13333333333333333
P15,trial_14_R_unaffected,unaffected,elbow,Elbow extension,deg,7.933394673132485,0.9697907947816201,-9.555074008313571,0.13333333333333333
P15,trial_14_R_unaffected,unaffected,flex,Shoulder flexion,deg,5.360821094791744,0.9238612474293154,-10.461269411660641,0.13333333333333333
P15,trial_14_R_unaffected,unaffected,abd,Shoulder abduction,deg,3.975891078422241,-0.021954252976947322,-11.281525053562236,0.13333333333333333
P15,trial_14_R_unaffected,unaffected,trunk,Trunk displacement,mm,5.027497957889675,0.9456201569350002,5.910742899437703,0.13333333333333333
P15,trial_20_R_unaffected,unaffected,eev,End-effector velocity,mm/s,166.1035634192131,0.7430598846631682,-32.251682168478126,0.016666666666666666
P15,trial_20_R_unaffected,unaffected,eav,Elbow angular velocity,deg/s,40.34487260265501,0.640749827597328,4.644475716152141,0.016666666666666666
P15,trial_20_R_unaffected,unaffected,elbow,Elbow extension,deg,11.920703759167534,0.9408901525774394,-7.206476751793364,0.016666666666666666
P15,trial_20_R_unaffected,unaffected,flex,Shoulder flexion,deg,5.566771916276901,0.8509834559237632,-18.067183947991538,0.016666666666666666
P15,trial_20_R_unaffected,unaffected,abd,Shoulder abduction,deg,4.113304989520871,0.08853175596781646,-14.107313465448776,0.016666666666666666
P15,trial_20_R_unaffected,unaffected,trunk,Trunk displacement,mm,8.044074958298822,0.9153111436458873,14.042665062384149,0.016666666666666666
P15,trial_21_R_unaffected,unaffected,eev,End-effector velocity,mm/s,134.1292413195411,0.8366263644747595,-26.65536639650112,0.06666666666666667
P15,trial_21_R_unaffected,unaffected,eav,Elbow angular velocity,deg/s,31.30610744670232,0.7816135740358354,4.198528469281365,0.06666666666666667
P15,trial_21_R_unaffected,unaffected,elbow,Elbow extension,deg,9.165910513365503,0.9649057671272293,-6.228340386674772,0.06666666666666667
P15,trial_21_R_unaffected,unaffected,flex,Shoulder flexion,deg,5.714792164358698,0.8851793268553503,-17.445945200187808,0.06666666666666667
P15,trial_21_R_unaffected,unaffected,abd,Shoulder abduction,deg,4.303823086747134,0.16560602767245325,-14.501322380489311,0.06666666666666667
P15,trial_21_R_unaffected,unaffected,trunk,Trunk displacement,mm,10.542161272157177,0.9525609590791202,14.763929740953246,0.06666666666666667
P15,trial_25_R_unaffected,unaffected,eev,End-effector velocity,mm/s,117.29580341762873,0.8840716080153813,-29.241394216731923,0.03333333333333333
P15,trial_25_R_unaffected,unaffected,eav,Elbow angular velocity,deg/s,19.91209949560416,0.907234500988115,3.6153953098412335,0.03333333333333333
P15,trial_25_R_unaffected,unaffected,elbow,Elbow extension,deg,7.295152857334923,0.9815440412260761,-9.62993821543193,0.03333333333333333
P15,trial_25_R_unaffected,unaffected,flex,Shoulder flexion,deg,3.962077033968135,0.9280964697650633,-15.27925926279367,0.03333333333333333
P15,trial_25_R_unaffected,unaffected,abd,Shoulder abduction,deg,4.077100202512223,0.09380173472057976,-11.669543265923423,0.03333333333333333
P15,trial_25_R_unaffected,unaffected,trunk,Trunk displacement,mm,4.721924889747977,0.9502588284687417,10.572682677317992,0.03333333333333333
P15,trial_26_R_unaffected,unaffected,eev,End-effector velocity,mm/s,138.4457878198599,0.8248710072974219,-33.89056311256671,0.08333333333333333
P15,trial_26_R_unaffected,unaffected,eav,Elbow angular velocity,deg/s,27.233258454448965,0.8257982972055288,3.7466833929440106,0.08333333333333333
P15,trial_26_R_unaffected,unaffected,elbow,Elbow extension,deg,8.948431779108626,0.9689700214080675,-10.58271675168543,0.08333333333333333
P15,trial_26_R_unaffected,unaffected,flex,Shoulder flexion,deg,4.755589162563278,0.8876883898675002,-15.452247129817549,0.08333333333333333
P15,trial_26_R_unaffected,unaffected,abd,Shoulder abduction,deg,4.378979987276253,-0.00988657887913884,-12.039725554553334,0.08333333333333333
P15,trial_26_R_unaffected,unaffected,trunk,Trunk displacement,mm,5.2701207404462735,0.8978977990496629,8.063776181840801,0.08333333333333333
P15,trial_27_R_unaffected,unaffected,eev,End-effector velocity,mm/s,127.52752704333072,0.854978939104597,-31.95200156154687,0.06666666666666667
P15,trial_27_R_unaffected,unaffected,eav,Elbow angular velocity,deg/s,26.35626886573401,0.8411811530510435,4.377367471759037,0.06666666666666667
P15,trial_27_R_unaffected,unaffected,elbow,Elbow extension,deg,9.28636404260801,0.9700287248775893,-7.266370282511315,0.06666666666666667
P15,trial_27_R_unaffected,unaffected,flex,Shoulder flexion,deg,4.72288811079989,0.8973147665082417,-19.167868250259666,0.06666666666666667
P15,trial_27_R_unaffected,unaffected,abd,Shoulder abduction,deg,3.988404568484192,0.42074525530155277,-14.717580902286358,0.06666666666666667
P15,trial_27_R_unaffected,unaffected,trunk,Trunk displacement,mm,7.933653697557784,0.944715526318134,14.82958848735682,0.06666666666666667
P15,trial_28_R_unaffected,unaffected,eev,End-effector velocity,mm/s,184.88625961243338,0.6404658356517949,-24.58270326782532,0.05
P15,trial_28_R_unaffected,unaffected,eav,Elbow angular velocity,deg/s,43.59909915014621,0.5600777576685062,4.124432644607298,0.05
P15,trial_28_R_unaffected,unaffected,elbow,Elbow extension,deg,13.412141732018723,0.9158588962511395,-9.283047780493247,0.05
P15,trial_28_R_unaffected,unaffected,flex,Shoulder flexion,deg,5.687649899144737,0.8430354046099631,-18.772404782023067,0.05
P15,trial_28_R_unaffected,unaffected,abd,Shoulder abduction,deg,4.697671998174634,-0.0657558865481549,-14.230103414326274,0.05
P15,trial_28_R_unaffected,unaffected,trunk,Trunk displacement,mm,9.14148894928133,0.8406605238737758,15.210104380454762,0.05
P15,trial_31_R_unaffected,unaffected,eev,End-effector velocity,mm/s,205.6913418167083,0.6001623069178105,-26.331378813717212,0.016666666666666666
P15,trial_31_R_unaffected,unaffected,eav,Elbow angular velocity,deg/s,44.42413586965806,0.5877029891967539,5.562914357977678,0.016666666666666666
P15,trial_31_R_unaffected,unaffected,elbow,Elbow extension,deg,14.072237416317082,0.9085850312681165,-9.278619450576981,0.016666666666666666
P15,trial_31_R_unaffected,unaffected,flex,Shoulder flexion,deg,5.5522893425159925,0.8351378443937267,-18.731179528075945,0.016666666666666666
P15,trial_31_R_unaffected,unaffected,abd,Shoulder abduction,deg,3.7393177807060867,0.10652309564809948,-14.769415111837432,0.016666666666666666
P15,trial_31_R_unaffected,unaffected,trunk,Trunk displacement,mm,7.675624063725886,0.8218587373124733,12.570441227065663,0.016666666666666666
P15,trial_36_R_unaffected,unaffected,eev,End-effector velocity,mm/s,162.99295963348354,0.7555657180506289,-29.51929529290606,0.08333333333333333
P15,trial_36_R_unaffected,unaffected,eav,Elbow angular velocity,deg/s,32.91847953930581,0.7712475415671923,5.415505223749652,0.08333333333333333
P15,trial_36_R_unaffected,unaffected,elbow,Elbow extension,deg,10.018237948378042,0.964339064396012,-9.625859238644576,0.08333333333333333
P15,trial_36_R_unaffected,unaffected,flex,Shoulder flexion,deg,5.3038795227775575,0.8489423042438062,-19.406124568112066,0.08333333333333333
P15,trial_36_R_unaffected,unaffected,abd,Shoulder abduction,deg,4.359091109359922,0.20153650881705437,-13.971671170053629,0.08333333333333333
P15,trial_36_R_unaffected,unaffected,trunk,Trunk displacement,mm,8.417395260341147,0.8536650285343764,14.371277655379512,0.08333333333333333
P15,trial_40_R_unaffected,unaffected,eev,End-effector velocity,mm/s,141.37814512776367,0.7849385213254721,-26.360472863676126,0.08333333333333333
P15,trial_40_R_unaffected,unaffected,eav,Elbow angular velocity,deg/s,34.257379533874456,0.7347815768705674,5.346458950947189,0.08333333333333333
P15,trial_40_R_unaffected,unaffected,elbow,Elbow extension,deg,9.684899156128544,0.968494797915568,-8.162018342499298,0.08333333333333333
P15,trial_40_R_unaffected,unaffected,flex,Shoulder flexion,deg,4.856833766366736,0.8707667351972521,-18.916407176500865,0.08333333333333333
P15,trial_40_R_unaffected,unaffected,abd,Shoulder abduction,deg,3.5704925513986314,0.354170319947126,-14.759132968800369,0.08333333333333333
P15,trial_40_R_unaffected,unaffected,trunk,Trunk displacement,mm,7.022743222212914,0.9411590947017063,14.420480145247955,0.08333333333333333
P15,trial_41_R_unaffected,unaffected,eev,End-effector velocity,mm/s,140.93961376546585,0.7993206819735893,-29.24990430576231,0.06666666666666667
P15,trial_41_R_unaffected,unaffected,eav,Elbow angular velocity,deg/s,28.008654615002843,0.8153611098802999,3.7620210002602366,0.06666666666666667
P15,trial_41_R_unaffected,unaffected,elbow,Elbow extension,deg,10.384598496579276,0.9612582658440046,-11.555027522137891,0.06666666666666667
P15,trial_41_R_unaffected,unaffected,flex,Shoulder flexion,deg,4.79751616604907,0.8674798179180735,-16.809661955572793,0.06666666666666667
P15,trial_41_R_unaffected,unaffected,abd,Shoulder abduction,deg,4.942030110767036,-0.037741570377453876,-11.201144065360758,0.06666666666666667
P15,trial_41_R_unaffected,unaffected,trunk,Trunk displacement,mm,5.045356387076277,0.856644339356558,4.199316675656493,0.06666666666666667
P15,trial_43_R_unaffected,unaffected,eev,End-effector velocity,mm/s,148.56684505328698,0.7340586452103588,-26.931101977580237,0.05
P15,trial_43_R_unaffected,unaffected,eav,Elbow angular velocity,deg/s,33.32268011618645,0.6924696610426085,5.125982212037663,0.05
P15,trial_43_R_unaffected,unaffected,elbow,Elbow extension,deg,10.329637903702023,0.9595599211617524,-9.605096608207358,0.05
P15,trial_43_R_unaffected,unaffected,flex,Shoulder flexion,deg,3.898159542507674,0.9087375414075762,-20.35503574586442,0.05
P15,trial_43_R_unaffected,unaffected,abd,Shoulder abduction,deg,3.6940524098728607,0.2257067324829387,-14.020454692238044,0.05
P15,trial_43_R_unaffected,unaffected,trunk,Trunk displacement,mm,6.2464420708045685,0.9106522937040672,12.484583887650022,0.05
P15,trial_46_L_affected,affected,eev,End-effector velocity,mm/s,133.33622671650832,0.7981273857873036,-34.049970719910704,0.06666666666666667
P15,trial_46_L_affected,affected,eav,Elbow angular velocity,deg/s,26.209256184196274,0.7898847845718818,1.7438599997656687,0.06666666666666667
P15,trial_46_L_affected,affected,elbow,Elbow extension,deg,8.094478249548766,0.9775493525883858,-7.033958725561614,0.06666666666666667
P15,trial_46_L_affected,affected,flex,Shoulder flexion,deg,3.7027991860395955,0.8743805459218338,-15.53579299652023,0.06666666666666667
P15,trial_46_L_affected,affected,abd,Shoulder abduction,deg,4.889905369556205,0.6968069846820165,-8.78756410335281,0.06666666666666667
P15,trial_46_L_affected,affected,trunk,Trunk displacement,mm,13.584074104596318,0.9801151551963965,15.104519409728589,0.06666666666666667
P15,trial_48_L_affected,affected,eev,End-effector velocity,mm/s,126.81846245665115,0.8345057947139677,-15.008663095333498,0.05
P15,trial_48_L_affected,affected,eav,Elbow angular velocity,deg/s,30.670229899076155,0.7775703390768764,1.6206811588861658,0.05
P15,trial_48_L_affected,affected,elbow,Elbow extension,deg,8.115794444887786,0.9715240990820921,-3.8897244738465724,0.05
P15,trial_48_L_affected,affected,flex,Shoulder flexion,deg,4.484985478211707,0.9392618401885948,-11.321090274677468,0.05
P15,trial_48_L_affected,affected,abd,Shoulder abduction,deg,5.827156217062772,0.8181180788493764,-8.255737350804097,0.05
P15,trial_48_L_affected,affected,trunk,Trunk displacement,mm,6.165876922787849,0.988056165850168,12.703147690714058,0.05
P15,trial_49_L_affected,affected,eev,End-effector velocity,mm/s,154.0830098052255,0.7415051965619393,-14.564818947220417,0.03333333333333333
P15,trial_49_L_affected,affected,eav,Elbow angular velocity,deg/s,41.37241842815795,0.626934736748389,3.1808445697646546,0.03333333333333333
P15,trial_49_L_affected,affected,elbow,Elbow extension,deg,11.524482819169373,0.9430076304605912,-4.655215405549629,0.03333333333333333
P15,trial_49_L_affected,affected,flex,Shoulder flexion,deg,4.364586368046622,0.9315649105764355,-11.226870216636298,0.03333333333333333
P15,trial_49_L_affected,affected,abd,Shoulder abduction,deg,5.2269408616979245,0.8670664269333237,-8.858889874417258,0.03333333333333333
P15,trial_49_L_affected,affected,trunk,Trunk displacement,mm,5.323703691303709,0.9266228955697601,9.540296496126414,0.03333333333333333
P15,trial_4_R_unaffected,unaffected,eev,End-effector velocity,mm/s,110.93854356040647,0.8386679119087042,-36.07923429634808,0.1
P15,trial_4_R_unaffected,unaffected,eav,Elbow angular velocity,deg/s,28.443708327487524,0.727439770092776,-1.9118872588098825,0.1
P15,trial_4_R_unaffected,unaffected,elbow,Elbow extension,deg,5.6767829482758705,0.9814408780148974,-8.222286527929402,0.1
P15,trial_4_R_unaffected,unaffected,flex,Shoulder flexion,deg,8.345010638615815,0.9582287442440683,-4.093902553508872,0.1
P15,trial_4_R_unaffected,unaffected,abd,Shoulder abduction,deg,5.373285307076949,0.13174503461556764,-9.403151699099924,0.1
P15,trial_4_R_unaffected,unaffected,trunk,Trunk displacement,mm,4.659087578328367,0.707692393635825,10.828355731556636,0.1
P15,trial_50_L_affected,affected,eev,End-effector velocity,mm/s,167.24277072162076,0.7154458399580765,-13.539384875922726,0.0
P15,trial_50_L_affected,affected,eav,Elbow angular velocity,deg/s,41.135193361918134,0.6321629671826001,2.7080191181591196,0.0
P15,trial_50_L_affected,affected,elbow,Elbow extension,deg,11.178380677333339,0.9378491871785873,-4.450164943634434,0.0
P15,trial_50_L_affected,affected,flex,Shoulder flexion,deg,4.717975385644876,0.9261230388628928,-11.480703097387561,0.0
P15,trial_50_L_affected,affected,abd,Shoulder abduction,deg,5.52845110139438,0.6214356663408385,-8.353190720597397,0.0
P15,trial_50_L_affected,affected,trunk,Trunk displacement,mm,4.3079129618410255,0.9342894188505081,6.5166134839818595,0.0
P15,trial_51_L_affected,affected,eev,End-effector velocity,mm/s,137.57577361735054,0.7804489448035287,-14.155216432273443,0.03333333333333333
P15,trial_51_L_affected,affected,eav,Elbow angular velocity,deg/s,34.98168294374792,0.6964352815417815,3.257688762778322,0.03333333333333333
P15,trial_51_L_affected,affected,elbow,Elbow extension,deg,10.783581567642527,0.9438929680760655,-6.082402447199612,0.03333333333333333
P15,trial_51_L_affected,affected,flex,Shoulder flexion,deg,4.222606376622694,0.9371185855717254,-13.380308415504699,0.03333333333333333
P15,trial_51_L_affected,affected,abd,Shoulder abduction,deg,4.863178646662327,0.8533655204086561,-9.039415488873733,0.03333333333333333
P15,trial_51_L_affected,affected,trunk,Trunk displacement,mm,7.520509633834418,0.9574516467265636,15.217219041857518,0.03333333333333333
P15,trial_52_L_affected,affected,eev,End-effector velocity,mm/s,156.91679628334035,0.7122962162046782,-9.507296546481077,0.016666666666666666
P15,trial_52_L_affected,affected,eav,Elbow angular velocity,deg/s,34.08283297405313,0.6982363593076606,2.8442188087757576,0.016666666666666666
P15,trial_52_L_affected,affected,elbow,Elbow extension,deg,10.930110784949171,0.9458203184036366,-5.449088371395654,0.016666666666666666
P15,trial_52_L_affected,affected,flex,Shoulder flexion,deg,4.410917302428654,0.9247173361942631,-9.61660659674847,0.016666666666666666
P15,trial_52_L_affected,affected,abd,Shoulder abduction,deg,6.043493965679473,0.6756560482717467,-8.393070236985652,0.016666666666666666
P15,trial_52_L_affected,affected,trunk,Trunk displacement,mm,5.7615936438649005,0.9073273468628815,14.95841794429276,0.016666666666666666
P15,trial_53_L_affected,affected,eev,End-effector velocity,mm/s,83.60618660546972,0.9223545728004122,-15.848736263337853,0.15
P15,trial_53_L_affected,affected,eav,Elbow angular velocity,deg/s,18.24338259250543,0.9061428783960717,1.7777194112197394,0.15
P15,trial_53_L_affected,affected,elbow,Elbow extension,deg,5.790395212945175,0.9867719234490878,-3.702413923504214,0.15
P15,trial_53_L_affected,affected,flex,Shoulder flexion,deg,3.2003999405909007,0.9463486925468565,-13.130489641732286,0.15
P15,trial_53_L_affected,affected,abd,Shoulder abduction,deg,5.517100822727541,0.5131697383742047,-7.993576614913781,0.15
P15,trial_53_L_affected,affected,trunk,Trunk displacement,mm,7.976092208405062,0.9792004524237816,13.497986964307511,0.15
P15,trial_54_L_affected,affected,eev,End-effector velocity,mm/s,132.6173640685605,0.8404774747778656,-10.874360987260863,0.03333333333333333
P15,trial_54_L_affected,affected,eav,Elbow angular velocity,deg/s,32.59439967641526,0.7979602061996786,3.4930436928870074,0.03333333333333333
P15,trial_54_L_affected,affected,elbow,Elbow extension,deg,8.856192433625415,0.9643244238907327,-6.033437321500285,0.03333333333333333
P15,trial_54_L_affected,affected,flex,Shoulder flexion,deg,4.170105438694047,0.9364043662978305,-16.1868093808577,0.03333333333333333
P15,trial_54_L_affected,affected,abd,Shoulder abduction,deg,5.054008217747663,0.6605976083815474,-8.667541747592367,0.03333333333333333
P15,trial_54_L_affected,affected,trunk,Trunk displacement,mm,7.93833482525789,0.9722952152735531,10.773776042224982,0.03333333333333333
P15,trial_55_L_affected,affected,eev,End-effector velocity,mm/s,115.35935844695315,0.8593060066897779,-21.278302673988502,0.08333333333333333
P15,trial_55_L_affected,affected,eav,Elbow angular velocity,deg/s,32.166906995595305,0.7840735205897618,2.446668815145043,0.08333333333333333
P15,trial_55_L_affected,affected,elbow,Elbow extension,deg,8.507789413606188,0.9715915609278128,-6.015315751248345,0.08333333333333333
P15,trial_55_L_affected,affected,flex,Shoulder flexion,deg,3.5703512912004847,0.9575393879228811,-18.272033585844547,0.08333333333333333
P15,trial_55_L_affected,affected,abd,Shoulder abduction,deg,5.249463977334905,0.8274629917649234,-6.338444698027027,0.08333333333333333
P15,trial_55_L_affected,affected,trunk,Trunk displacement,mm,6.6281587974719605,0.9675489591284676,12.822064581357777,0.08333333333333333
P15,trial_56_L_affected,affected,eev,End-effector velocity,mm/s,126.3689414797229,0.8476745873226221,-13.174097379092359,0.06666666666666667
P15,trial_56_L_affected,affected,eav,Elbow angular velocity,deg/s,33.04553068121314,0.7862254165428271,2.9528579555417034,0.06666666666666667
P15,trial_56_L_affected,affected,elbow,Elbow extension,deg,8.98037192166772,0.9707059742271794,-5.870466890811042,0.06666666666666667
P15,trial_56_L_affected,affected,flex,Shoulder flexion,deg,4.087262519024959,0.938779310059482,-13.261908456202168,0.06666666666666667
P15,trial_56_L_affected,affected,abd,Shoulder abduction,deg,5.533913033186776,0.8099794318836774,-5.613404655410734,0.06666666666666667
P15,trial_56_L_affected,affected,trunk,Trunk displacement,mm,6.386370083268934,0.9562475164866876,9.504658172235368,0.06666666666666667
P15,trial_57_L_affected,affected,eev,End-effector velocity,mm/s,138.51389025247167,0.77011234855928,-20.02259633328432,0.11666666666666667
P15,trial_57_L_affected,affected,eav,Elbow angular velocity,deg/s,35.7561952608871,0.7191710422460601,2.5021574375983118,0.11666666666666667
P15,trial_57_L_affected,affected,elbow,Elbow extension,deg,10.329332281300157,0.9574156479487534,-7.985384306425535,0.11666666666666667
P15,trial_57_L_affected,affected,flex,Shoulder flexion,deg,3.870030318392215,0.9409370220683165,-17.090186351949917,0.11666666666666667
P15,trial_57_L_affected,affected,abd,Shoulder abduction,deg,4.863979242489163,0.7448721274978976,-6.5170230000746034,0.11666666666666667
P15,trial_57_L_affected,affected,trunk,Trunk displacement,mm,6.72271497893275,0.941009577998392,11.407560523766493,0.11666666666666667
P15,trial_58_L_affected,affected,eev,End-effector velocity,mm/s,131.0421936866815,0.8198098269697927,-12.829087204971636,0.05
P15,trial_58_L_affected,affected,eav,Elbow angular velocity,deg/s,32.38737164333418,0.7813542373372944,2.8953408424106706,0.05
P15,trial_58_L_affected,affected,elbow,Elbow extension,deg,8.851984525543362,0.9696370537271458,-6.522848669761072,0.05
P15,trial_58_L_affected,affected,flex,Shoulder flexion,deg,4.003322944345558,0.9403196563288968,-12.533883696428147,0.05
P15,trial_58_L_affected,affected,abd,Shoulder abduction,deg,4.9977282481623915,0.7947068980445177,-6.045325822797055,0.05
P15,trial_58_L_affected,affected,trunk,Trunk displacement,mm,7.010328194605166,0.9663420563287426,11.083007206819696,0.05
P15,trial_59_L_affected,affected,eev,End-effector velocity,mm/s,129.35265913397848,0.8081616671171395,-8.734593341437094,0.05
P15,trial_59_L_affected,affected,eav,Elbow angular velocity,deg/s,35.142834964690465,0.7307348966894144,3.272356006151989,0.05
P15,trial_59_L_affected,affected,elbow,Elbow extension,deg,9.234015293065918,0.9660624552056902,-5.332069106757809,0.05
P15,trial_59_L_affected,affected,flex,Shoulder flexion,deg,4.264569969111793,0.9364078365629999,-11.882485203302553,0.05
P15,trial_59_L_affected,affected,abd,Shoulder abduction,deg,5.693617263039272,0.7387701172632455,-5.930697849541113,0.05
P15,trial_59_L_affected,affected,trunk,Trunk displacement,mm,5.850730275454472,0.9709582625655375,10.541243018345648,0.05
P15,trial_60_L_affected,affected,eev,End-effector velocity,mm/s,154.5017940657954,0.7430253168338908,-15.728605627592136,0.016666666666666666
P15,trial_60_L_affected,affected,eav,Elbow angular velocity,deg/s,42.241062936970124,0.648989133103524,2.670636432268764,0.016666666666666666
P15,trial_60_L_affected,affected,elbow,Elbow extension,deg,12.117913968372687,0.937890964780595,-6.99991320909957,0.016666666666666666
P15,trial_60_L_affected,affected,flex,Shoulder flexion,deg,4.536578783156936,0.9275500191942722,-14.005728053928191,0.016666666666666666
P15,trial_60_L_affected,affected,abd,Shoulder abduction,deg,5.7780925784004005,0.7841696687919059,-7.547938004505623,0.016666666666666666
P15,trial_60_L_affected,affected,trunk,Trunk displacement,mm,7.304173139663206,0.9573238169827156,12.331373446542202,0.016666666666666666
P15,trial_61_L_affected,affected,eev,End-effector velocity,mm/s,112.6161423441607,0.8623402936241286,-14.027013223833142,0.03333333333333333
P15,trial_61_L_affected,affected,eav,Elbow angular velocity,deg/s,29.64984516098238,0.7824263151517221,2.252823309431451,0.03333333333333333
P15,trial_61_L_affected,affected,elbow,Elbow extension,deg,9.357624074227154,0.966543510745821,-6.3577175966600095,0.03333333333333333
P15,trial_61_L_affected,affected,flex,Shoulder flexion,deg,4.1456904355931155,0.9391145607957133,-11.664737440791722,0.03333333333333333
P15,trial_61_L_affected,affected,abd,Shoulder abduction,deg,4.966731464464126,0.8401585350048697,-7.023880225211562,0.03333333333333333
P15,trial_61_L_affected,affected,trunk,Trunk displacement,mm,5.520913155796031,0.9731192363087849,11.4345369618,0.03333333333333333
P15,trial_62_L_affected,affected,eev,End-effector velocity,mm/s,134.60887768931653,0.7996366903146549,-14.543034667866051,0.05
P15,trial_62_L_affected,affected,eav,Elbow angular velocity,deg/s,28.997634308049122,0.7982242632711594,2.3735025232643245,0.05
P15,trial_62_L_affected,affected,elbow,Elbow extension,deg,9.834078614939239,0.9605593678453345,-6.613339238953267,0.05
P15,trial_62_L_affected,affected,flex,Shoulder flexion,deg,3.904151056406908,0.9357067623200117,-11.65268082427642,0.05
P15,trial_62_L_affected,affected,abd,Shoulder abduction,deg,5.054160085454941,0.7832358952885126,-6.137886805173122,0.05
P15,trial_62_L_affected,affected,trunk,Trunk displacement,mm,6.291163118394226,0.9608567456164163,12.411897324169676,0.05
P15,trial_63_L_affected,affected,eev,End-effector velocity,mm/s,179.27503417019236,0.6307403582263943,-17.791851532303117,0.08333333333333333
P15,trial_63_L_affected,affected,eav,Elbow angular velocity,deg/s,41.289743080370435,0.5931154171665366,2.9475303875213346,0.08333333333333333
P15,trial_63_L_affected,affected,elbow,Elbow extension,deg,13.085262177087433,0.9217289705197678,-7.78175733377095,0.08333333333333333
P15,trial_63_L_affected,affected,flex,Shoulder flexion,deg,4.100505212544334,0.9250197677983591,-15.624930802184336,0.08333333333333333
P15,trial_63_L_affected,affected,abd,Shoulder abduction,deg,5.3309827500562115,0.6940558319892184,-7.396681045449684,0.08333333333333333
P15,trial_63_L_affected,affected,trunk,Trunk displacement,mm,7.292168420152511,0.9145107852734551,10.30852986083483,0.08333333333333333
P15,trial_64_L_affected,affected,eev,End-effector velocity,mm/s,125.93813483408347,0.8495442064617437,-16.168376206355404,0.08333333333333333
P15,trial_64_L_affected,affected,eav,Elbow angular velocity,deg/s,33.912023368811816,0.7800302439701287,4.274964922231885,0.08333333333333333
P15,trial_64_L_affected,affected,elbow,Elbow extension,deg,9.770522671396112,0.9611192234890594,-6.628969709026729,0.08333333333333333
P15,trial_64_L_affected,affected,flex,Shoulder flexion,deg,3.646563467411051,0.9629520410348943,-11.041045642283493,0.08333333333333333
P15,trial_64_L_affected,affected,abd,Shoulder abduction,deg,5.881552761161342,0.8511871320206685,-7.651082366344668,0.08333333333333333
P15,trial_64_L_affected,affected,trunk,Trunk displacement,mm,6.47546925958558,0.9536029806030669,10.623418100822924,0.08333333333333333
P15,trial_65_L_affected,affected,eev,End-effector velocity,mm/s,135.74520915798536,0.7965588001417361,-13.383922959842488,0.03333333333333333
P15,trial_65_L_affected,affected,eav,Elbow angular velocity,deg/s,32.57972685920161,0.7553390239095643,3.0009072589123726,0.03333333333333333
P15,trial_65_L_affected,affected,elbow,Elbow extension,deg,9.910020306330246,0.9607199012135785,-6.244664598176509,0.03333333333333333
P15,trial_65_L_affected,affected,flex,Shoulder flexion,deg,4.197636555818575,0.9369337128340592,-11.222373796396965,0.03333333333333333
P15,trial_65_L_affected,affected,abd,Shoulder abduction,deg,5.8244401390909415,0.8156261881168705,-7.359037274194174,0.03333333333333333
P15,trial_65_L_affected,affected,trunk,Trunk displacement,mm,6.470020526384155,0.9578539293499763,12.585029443100494,0.03333333333333333
P15,trial_66_L_affected,affected,eev,End-effector velocity,mm/s,133.38380847778998,0.8166461517678169,-15.784657061722399,0.05
P15,trial_66_L_affected,affected,eav,Elbow angular velocity,deg/s,31.696453502539125,0.7847774051541591,3.108713977101341,0.05
P15,trial_66_L_affected,affected,elbow,Elbow extension,deg,9.834378716471385,0.9597410667397706,-7.005408639919604,0.05
P15,trial_66_L_affected,affected,flex,Shoulder flexion,deg,3.4334619266583406,0.9566893994617953,-14.067414670906253,0.05
P15,trial_66_L_affected,affected,abd,Shoulder abduction,deg,5.198567201235226,0.7654420021609382,-7.232884344047621,0.05
P15,trial_66_L_affected,affected,trunk,Trunk displacement,mm,6.222354004830667,0.9502962225636863,8.402061649444974,0.05
P15,trial_67_L_affected,affected,eev,End-effector velocity,mm/s,134.13982257174894,0.8058087091359124,-14.16667892113509,0.016666666666666666
P15,trial_67_L_affected,affected,eav,Elbow angular velocity,deg/s,33.587128789765266,0.74125045975376,2.5732119015958386,0.016666666666666666
P15,trial_67_L_affected,affected,elbow,Elbow extension,deg,9.885416216184435,0.9549874950883912,-6.1841678422379625,0.016666666666666666
P15,trial_67_L_affected,affected,flex,Shoulder flexion,deg,3.006765775425095,0.9657186285681494,-15.775197794625168,0.016666666666666666
P15,trial_67_L_affected,affected,abd,Shoulder abduction,deg,5.120188710590843,0.7715852707918877,-8.09658219582668,0.016666666666666666
P15,trial_67_L_affected,affected,trunk,Trunk displacement,mm,7.149608869937356,0.9320014389623194,10.840328213819816,0.016666666666666666
P15,trial_68_L_affected,affected,eev,End-effector velocity,mm/s,169.2775901692252,0.7324926504014339,-13.613678050426698,0.05
P15,trial_68_L_affected,affected,eav,Elbow angular velocity,deg/s,38.64386876405491,0.717327730771779,2.662441024732441,0.05
P15,trial_68_L_affected,affected,elbow,Elbow extension,deg,11.160230417015802,0.9506632784687583,-5.714323237781194,0.05
P15,trial_68_L_affected,affected,flex,Shoulder flexion,deg,4.33136273370627,0.9301996648394268,-14.134974365677444,0.05
P15,trial_68_L_affected,affected,abd,Shoulder abduction,deg,5.7561197014196415,0.7091409608190358,-6.299859197918892,0.05
P15,trial_68_L_affected,affected,trunk,Trunk displacement,mm,5.64213611524011,0.9369134512995043,8.26978055394151,0.05
P15,trial_69_L_affected,affected,eev,End-effector velocity,mm/s,139.59412780069172,0.8003611451150778,-11.390868009702224,0.0
P15,trial_69_L_affected,affected,eav,Elbow angular velocity,deg/s,30.393652908871974,0.798538633262244,2.2807827714472277,0.0
P15,trial_69_L_affected,affected,elbow,Elbow extension,deg,10.479246701957234,0.9539201923175612,-6.470897442026045,0.0
P15,trial_69_L_affected,affected,flex,Shoulder flexion,deg,3.1289514650095223,0.9554660278950637,-15.024420276333432,0.0
P15,trial_69_L_affected,affected,abd,Shoulder abduction,deg,5.597870886010853,0.8151823445019656,-6.938894179768726,0.0
P15,trial_69_L_affected,affected,trunk,Trunk displacement,mm,14.101529740142436,0.6392635122319376,33.91056896785895,0.0
P15,trial_70_L_affected,affected,eev,End-effector velocity,mm/s,138.61311314112808,0.7849657129705369,-14.633743520038902,0.05
P15,trial_70_L_affected,affected,eav,Elbow angular velocity,deg/s,33.132851808236815,0.7385923271140787,1.2513753819951376,0.05
P15,trial_70_L_affected,affected,elbow,Elbow extension,deg,9.832589549221192,0.9637542788051918,-5.786797682706752,0.05
P15,trial_70_L_affected,affected,flex,Shoulder flexion,deg,3.500554724968998,0.9416058528589561,-16.311069456963587,0.05
P15,trial_70_L_affected,affected,abd,Shoulder abduction,deg,6.164830197710508,0.7827616083524507,-7.303817645314305,0.05
P15,trial_70_L_affected,affected,trunk,Trunk displacement,mm,8.867476587519501,0.9456865355973333,13.785131818392156,0.05
P15,trial_71_L_affected,affected,eev,End-effector velocity,mm/s,92.31352468697445,0.8931265066166484,-11.959933838936319,0.08333333333333333
P15,trial_71_L_affected,affected,eav,Elbow angular velocity,deg/s,21.432220281184616,0.8805344491899043,2.4224174131517153,0.08333333333333333
P15,trial_71_L_affected,affected,elbow,Elbow extension,deg,9.366407332383398,0.9680957632751936,-6.642661413440199,0.08333333333333333
P15,trial_71_L_affected,affected,flex,Shoulder flexion,deg,2.3437403842492417,0.9618921615820305,-15.867276031943018,0.08333333333333333
P15,trial_71_L_affected,affected,abd,Shoulder abduction,deg,5.451411944134664,0.8260718392377534,-7.053291388435417,0.08333333333333333
P15,trial_71_L_affected,affected,trunk,Trunk displacement,mm,5.392382501852515,0.9716413930421318,11.089848265273458,0.08333333333333333
P15,trial_72_L_affected,affected,eev,End-effector velocity,mm/s,128.0259311581368,0.7852559426841458,-13.023877625252572,0.016666666666666666
P15,trial_72_L_affected,affected,eav,Elbow angular velocity,deg/s,30.74754119056171,0.7482229070407417,1.7201323143995213,0.016666666666666666
P15,trial_72_L_affected,affected,elbow,Elbow extension,deg,9.770300454792372,0.9615082991100832,-6.199705864767156,0.016666666666666666
P15,trial_72_L_affected,affected,flex,Shoulder flexion,deg,3.597013764720946,0.9319382759024918,-22.036562072058867,0.016666666666666666
P15,trial_72_L_affected,affected,abd,Shoulder abduction,deg,5.989370182311906,0.46175011534631644,-7.957017768548809,0.016666666666666666
P15,trial_72_L_affected,affected,trunk,Trunk displacement,mm,8.600183322330576,0.9377232269604994,13.349780037758395,0.016666666666666666
P15,trial_73_L_affected,affected,eev,End-effector velocity,mm/s,130.48504919901447,0.820735930591465,-14.506339699834777,0.03333333333333333
P15,trial_73_L_affected,affected,eav,Elbow angular velocity,deg/s,32.715111845007264,0.7881486875724131,2.599831595745989,0.03333333333333333
P15,trial_73_L_affected,affected,elbow,Elbow extension,deg,10.39247443245915,0.9589032453728611,-6.616473948793581,0.03333333333333333
P15,trial_73_L_affected,affected,flex,Shoulder flexion,deg,3.503264501340602,0.9413982269552499,-19.93554099173888,0.03333333333333333
P15,trial_73_L_affected,affected,abd,Shoulder abduction,deg,6.381354819993625,0.6604645143984236,-7.913693227206435,0.03333333333333333
P15,trial_73_L_affected,affected,trunk,Trunk displacement,mm,6.616187551390192,0.9374652049722203,9.600839091393908,0.03333333333333333
P15,trial_74_L_affected,affected,eev,End-effector velocity,mm/s,129.10927534337995,0.8111989063535721,-10.727730062284612,0.08333333333333333
P15,trial_74_L_affected,affected,eav,Elbow angular velocity,deg/s,32.88981114037643,0.7665813281654696,2.5121968341331344,0.08333333333333333
P15,trial_74_L_affected,affected,elbow,Elbow extension,deg,10.489800443236392,0.9569890184347531,-5.73232208816953,0.08333333333333333
P15,trial_74_L_affected,affected,flex,Shoulder flexion,deg,3.9657047683025928,0.9235057558887971,-19.999358458807876,0.08333333333333333
P15,trial_74_L_affected,affected,abd,Shoulder abduction,deg,6.0047004091289535,0.5953467964303977,-8.271112574562373,0.08333333333333333
P15,trial_74_L_affected,affected,trunk,Trunk displacement,mm,7.120964799941436,0.9288190082319865,8.958934011286749,0.08333333333333333
P15,trial_75_L_affected,affected,eev,End-effector velocity,mm/s,143.4517377833291,0.7931066477038956,-13.368789568132918,0.05
P15,trial_75_L_affected,affected,eav,Elbow angular velocity,deg/s,32.7281553810487,0.7660162010833458,2.2567856243137094,0.05
P15,trial_75_L_affected,affected,elbow,Elbow extension,deg,10.098585600306611,0.9589805549117908,-5.652897444281111,0.05
P15,trial_75_L_affected,affected,flex,Shoulder flexion,deg,3.7532196989931133,0.9465065483326348,-16.497812873555972,0.05
P15,trial_75_L_affected,affected,abd,Shoulder abduction,deg,6.750145730502694,0.6543724374910235,-6.919151021452809,0.05
P15,trial_75_L_affected,affected,trunk,Trunk displacement,mm,6.9115371692443395,0.913238383856358,12.264501448162946,0.05
P15,trial_77_L_affected,affected,eev,End-effector velocity,mm/s,198.08985996541094,0.6102215778708193,-4.161789932731357,0.016666666666666666
P15,trial_77_L_affected,affected,eav,Elbow angular velocity,deg/s,47.955862583189756,0.5588182866111725,2.3315301791827268,0.016666666666666666
P15,trial_77_L_affected,affected,elbow,Elbow extension,deg,14.11707663140128,0.9283638661696187,-6.15242468863532,0.016666666666666666
P15,trial_77_L_affected,affected,flex,Shoulder flexion,deg,5.319835073633744,0.8582580499215774,-18.93159375137678,0.016666666666666666
P15,trial_77_L_affected,affected,abd,Shoulder abduction,deg,7.4458779184813295,0.5111122230762428,-8.185959294309825,0.016666666666666666
P15,trial_77_L_affected,affected,trunk,Trunk displacement,mm,7.9321227150370435,0.8370014112322698,13.959744467214852,0.016666666666666666
P15,trial_78_L_affected,affected,eev,End-effector velocity,mm/s,172.42171913162593,0.7411927667130082,-6.784377787514348,0.016666666666666666
P15,trial_78_L_affected,affected,eav,Elbow angular velocity,deg/s,39.07784161095385,0.7352779040582821,4.925877128712532,0.016666666666666666
P15,trial_78_L_affected,affected,elbow,Elbow extension,deg,11.919714363105514,0.9528114148710201,-4.919498337122221,0.016666666666666666
P15,trial_78_L_affected,affected,flex,Shoulder flexion,deg,4.630345888771905,0.9042222948847831,-18.406746814595962,0.016666666666666666
P15,trial_78_L_affected,affected,abd,Shoulder abduction,deg,6.989427071174508,0.5855943461620975,-7.569844674830875,0.016666666666666666
P15,trial_78_L_affected,affected,trunk,Trunk displacement,mm,4.920276530680905,0.8987187979258289,4.848102085899048,0.016666666666666666
P15,trial_79_L_affected,affected,eev,End-effector velocity,mm/s,153.6765463556107,0.801705442901845,-19.653341292493753,0.016666666666666666
P15,trial_79_L_affected,affected,eav,Elbow angular velocity,deg/s,32.93929665692475,0.7991394060902539,4.81520021666809,0.016666666666666666
P15,trial_79_L_affected,affected,elbow,Elbow extension,deg,11.513425690862494,0.9552637386969657,-6.5742300370976885,0.016666666666666666
P15,trial_79_L_affected,affected,flex,Shoulder flexion,deg,3.927664489650144,0.9481299601066279,-16.23495451811501,0.016666666666666666
P15,trial_79_L_affected,affected,abd,Shoulder abduction,deg,7.576221534299363,0.8254991976076048,-7.887934097522496,0.016666666666666666
P15,trial_79_L_affected,affected,trunk,Trunk displacement,mm,3.629904723951273,0.9375740619190486,2.6531885353211337,0.016666666666666666
P15,trial_80_L_affected,affected,eev,End-effector velocity,mm/s,116.43682578627885,0.8518244881924371,-14.545392560936593,0.05
P15,trial_80_L_affected,affected,eav,Elbow angular velocity,deg/s,26.983761705640184,0.845517407039425,1.8256360422746367,0.05
P15,trial_80_L_affected,affected,elbow,Elbow extension,deg,8.73036749827917,0.9724553536048027,-5.607410486259395,0.05
P15,trial_80_L_affected,affected,flex,Shoulder flexion,deg,3.7312578452665224,0.942217118946971,-19.023391664931218,0.05
P15,trial_80_L_affected,affected,abd,Shoulder abduction,deg,6.275689888663667,0.6424744553228434,-7.8990988357669485,0.05
P15,trial_80_L_affected,affected,trunk,Trunk displacement,mm,3.8867646862066096,0.9517218799719109,-0.6840900902492709,0.05
P15,trial_81_L_affected,affected,eev,End-effector velocity,mm/s,180.08057621078433,0.6719316267274555,-9.076005146044505,0.0
P15,trial_81_L_affected,affected,eav,Elbow angular velocity,deg/s,43.9107523045784,0.6356622552096658,1.67928314069502,0.0
P15,trial_81_L_affected,affected,elbow,Elbow extension,deg,13.31417967538997,0.9311500388100749,-5.673123913291174,0.0
P15,trial_81_L_affected,affected,flex,Shoulder flexion,deg,4.892005231458646,0.8915537530690076,-21.038750672718134,0.0
P15,trial_81_L_affected,affected,abd,Shoulder abduction,deg,6.391086511663518,0.6422819858347086,-9.32529541236706,0.0
P15,trial_81_L_affected,affected,trunk,Trunk displacement,mm,4.831012896571224,0.8910663676300534,3.0207832925966076,0.0
P15,trial_82_L_affected,affected,eev,End-effector velocity,mm/s,112.60949945803422,0.8620515178266105,-11.482478304299509,0.06666666666666667
P15,trial_82_L_affected,affected,eav,Elbow angular velocity,deg/s,25.75707490310783,0.8596421320831135,2.8572292568377082,0.06666666666666667
P15,trial_82_L_affected,affected,elbow,Elbow extension,deg,8.787025681522266,0.9742496686949422,-5.685914717040202,0.06666666666666667
P15,trial_82_L_affected,affected,flex,Shoulder flexion,deg,3.8497327783456345,0.9423319567439472,-17.909971129220548,0.06666666666666667
P15,trial_82_L_affected,affected,abd,Shoulder abduction,deg,6.822883785803832,0.6986276617435683,-8.246123494064278,0.06666666666666667
P15,trial_82_L_affected,affected,trunk,Trunk displacement,mm,4.766892364613842,0.9264017705283747,5.941106662922778,0.06666666666666667
P15,trial_83_L_affected,affected,eev,End-effector velocity,mm/s,157.25248453021865,0.7719681980232425,-13.554343462893994,-0.016666666666666666
P15,trial_83_L_affected,affected,eav,Elbow angular velocity,deg/s,34.86511334304751,0.7590492069488178,3.070027529773231,-0.016666666666666666
P15,trial_83_L_affected,affected,elbow,Elbow extension,deg,11.412228139059211,0.9490309855940092,-4.64708105188724,-0.016666666666666666
P15,trial_83_L_affected,affected,flex,Shoulder flexion,deg,4.8486391611369495,0.9054949909875303,-17.135067870772126,-0.016666666666666666
P15,trial_83_L_affected,affected,abd,Shoulder abduction,deg,6.690815551526834,0.5221232588601566,-7.775554972334622,-0.016666666666666666
P15,trial_83_L_affected,affected,trunk,Trunk displacement,mm,6.027689159915751,0.8975793919713437,3.8426256325311448,-0.016666666666666666
P15,trial_84_L_affected,affected,eev,End-effector velocity,mm/s,152.81627390774395,0.7830562684142149,-12.258582101246864,0.08333333333333333
P15,trial_84_L_affected,affected,eav,Elbow angular velocity,deg/s,34.271550747599264,0.7717512493597343,2.0747837841543206,0.08333333333333333
P15,trial_84_L_affected,affected,elbow,Elbow extension,deg,9.9614049772286,0.9648172292700112,-4.364835367782873,0.08333333333333333
P15,trial_84_L_affected,affected,flex,Shoulder flexion,deg,4.032248874462232,0.9339704854033272,-18.16713601877136,0.08333333333333333
P15,trial_84_L_affected,affected,abd,Shoulder abduction,deg,6.819513508511635,0.6897085303920342,-8.065484278726766,0.08333333333333333
P15,trial_84_L_affected,affected,trunk,Trunk displacement,mm,6.154712279761404,0.8991174378774575,5.303665990687884,0.08333333333333333
P15,trial_85_L_affected,affected,eev,End-effector velocity,mm/s,121.86800631734788,0.8511201044492089,-8.711546276847297,0.03333333333333333
P15,trial_85_L_affected,affected,eav,Elbow angular velocity,deg/s,23.776841413098598,0.8773098584453458,3.4130699161679523,0.03333333333333333
P15,trial_85_L_affected,affected,elbow,Elbow extension,deg,8.83191189672998,0.9738439722922677,-6.323956061892548,0.03333333333333333
P15,trial_85_L_affected,affected,flex,Shoulder flexion,deg,3.375842163331708,0.9532059253149245,-18.00861244158046,0.03333333333333333
P15,trial_85_L_affected,affected,abd,Shoulder abduction,deg,6.8026636197558545,0.7327601036534219,-8.269705356645291,0.03333333333333333
P15,trial_85_L_affected,affected,trunk,Trunk displacement,mm,4.499896629926503,0.9416422498424702,2.321568007979391,0.03333333333333333
P15,trial_86_L_affected,affected,eev,End-effector velocity,mm/s,147.0649288789462,0.7722910323616634,-10.227918281317413,0.016666666666666666
P15,trial_86_L_affected,affected,eav,Elbow angular velocity,deg/s,35.05544311142186,0.7380051857304775,1.5382737910721083,0.016666666666666666
P15,trial_86_L_affected,affected,elbow,Elbow extension,deg,10.569993228137513,0.9512543193573363,-5.184419054683948,0.016666666666666666
P15,trial_86_L_affected,affected,flex,Shoulder flexion,deg,4.273899065254259,0.9343857311126621,-19.551733316721457,0.016666666666666666
P15,trial_86_L_affected,affected,abd,Shoulder abduction,deg,6.6558908361627935,0.754256447527347,-9.357234434823235,0.016666666666666666
P15,trial_86_L_affected,affected,trunk,Trunk displacement,mm,5.069080241104236,0.9212738236997637,3.2945797332192446,0.016666666666666666
P15,trial_87_L_affected,affected,eev,End-effector velocity,mm/s,162.76516698974052,0.7548384796152078,-6.508436583656451,0.03333333333333333
P15,trial_87_L_affected,affected,eav,Elbow angular velocity,deg/s,38.84640145646919,0.7160930439468193,3.557500834810534,0.03333333333333333
P15,trial_87_L_affected,affected,elbow,Elbow extension,deg,11.274804809310325,0.9481065880731211,-5.651605715616326,0.03333333333333333
P15,trial_87_L_affected,affected,flex,Shoulder flexion,deg,5.28703236411684,0.9140516049607449,-17.099493202841234,0.03333333333333333
P15,trial_87_L_affected,affected,abd,Shoulder abduction,deg,6.982348773370325,0.6215463522021915,-8.126329361248187,0.03333333333333333
P15,trial_87_L_affected,affected,trunk,Trunk displacement,mm,4.014970220903431,0.9265403371387563,0.13417636646756892,0.03333333333333333
P15,trial_88_L_affected,affected,eev,End-effector velocity,mm/s,120.5082266443993,0.8758503180349482,-7.458224544244218,0.05
P15,trial_88_L_affected,affected,eav,Elbow angular velocity,deg/s,43.42581844917316,0.5629618106872389,15.038111446673202,0.05
P15,trial_88_L_affected,affected,elbow,Elbow extension,deg,32.971583383530636,0.3551161024350119,-23.862424902383005,0.05
P15,trial_88_L_affected,affected,flex,Shoulder flexion,deg,3.477244642430209,0.96779128320278,-18.17515082180162,0.05
P15,trial_88_L_affected,affected,abd,Shoulder abduction,deg,7.011764849030618,0.777357591979173,-9.190363095859388,0.05
P15,trial_88_L_affected,affected,trunk,Trunk displacement,mm,4.714038883558433,0.9319985950565783,5.199617250191327,0.05
P15,trial_89_L_affected,affected,eev,End-effector velocity,mm/s,138.48309330745997,0.8239173172388322,-5.744221290608981,0.06666666666666667
P15,trial_89_L_affected,affected,eav,Elbow angular velocity,deg/s,32.22198017981232,0.8005627558386513,2.7345099428685207,0.06666666666666667
P15,trial_89_L_affected,affected,elbow,Elbow extension,deg,9.894053464200255,0.964328421342612,-6.834560296581703,0.06666666666666667
P15,trial_89_L_affected,affected,flex,Shoulder flexion,deg,4.025866974010724,0.93822169735462,-19.098290534797396,0.06666666666666667
P15,trial_89_L_affected,affected,abd,Shoulder abduction,deg,7.1816353345450175,0.5510448636757482,-8.923959776120535,0.06666666666666667
P15,trial_89_L_affected,affected,trunk,Trunk displacement,mm,3.9359683474083265,0.9437768480222655,4.4287423983370955,0.06666666666666667
P15,trial_90_L_affected,affected,eev,End-effector velocity,mm/s,143.40179339649225,0.803983009746798,-10.15184224888454,0.05
P15,trial_90_L_affected,affected,eav,Elbow angular velocity,deg/s,29.246901957134845,0.8173169421380774,2.312630286609164,0.05
P15,trial_90_L_affected,affected,elbow,Elbow extension,deg,9.607705134268965,0.9685586903472264,-5.849655193784952,0.05
P15,trial_90_L_affected,affected,flex,Shoulder flexion,deg,3.8661813910419633,0.9399513605479785,-18.0808426144794,0.05
P15,trial_90_L_affected,affected,abd,Shoulder abduction,deg,6.574473762951273,0.6847117361077251,-8.112844327542172,0.05
P15,trial_90_L_affected,affected,trunk,Trunk displacement,mm,5.08765320929653,0.9270877550677004,0.6814052403891275,0.05
P17,trial_10_L_unaffected,unaffected,eev,End-effector velocity,mm/s,233.63201858751154,0.704828256080607,2.7565142522392456,0.21666666666666667
P17,trial_10_L_unaffected,unaffected,eav,Elbow angular velocity,deg/s,35.841607406060334,0.7485993909622822,3.81463956824794,0.21666666666666667
P17,trial_10_L_unaffected,unaffected,elbow,Elbow extension,deg,10.265757665805172,0.955259376036449,8.534513749254206,0.21666666666666667
P17,trial_10_L_unaffected,unaffected,flex,Shoulder flexion,deg,9.718185650069657,0.8026265218528298,-9.243580206283374,0.21666666666666667
P17,trial_10_L_unaffected,unaffected,abd,Shoulder abduction,deg,6.721575057091385,0.8848375208839462,-13.459239328212046,0.21666666666666667
P17,trial_10_L_unaffected,unaffected,trunk,Trunk displacement,mm,7.736763079631207,0.8890713212787636,3.089024367300245,0.21666666666666667
P17,trial_11_L_unaffected,unaffected,eev,End-effector velocity,mm/s,194.857435255947,0.7845141532094273,10.652669455400243,0.21666666666666667
P17,trial_11_L_unaffected,unaffected,eav,Elbow angular velocity,deg/s,38.48321199817334,0.7083233018503836,6.0463870551831835,0.21666666666666667
P17,trial_11_L_unaffected,unaffected,elbow,Elbow extension,deg,10.280590720451452,0.9531543542217327,8.745464758802,0.21666666666666667
P17,trial_11_L_unaffected,unaffected,flex,Shoulder flexion,deg,10.42945460232293,0.8485468760070467,-8.673761639058998,0.21666666666666667
P17,trial_11_L_unaffected,unaffected,abd,Shoulder abduction,deg,10.872349404528041,0.8539351887936639,-15.71420084675139,0.21666666666666667
P17,trial_11_L_unaffected,unaffected,trunk,Trunk displacement,mm,9.025589315540739,0.8548723455068832,5.834998173248739,0.21666666666666667
P17,trial_12_L_unaffected,unaffected,eev,End-effector velocity,mm/s,139.55653330396572,0.81508813815484,-8.827496117459535,0.23333333333333334
P17,trial_12_L_unaffected,unaffected,eav,Elbow angular velocity,deg/s,29.921982192365412,0.7627815099694483,3.6606849259632965,0.23333333333333334
P17,trial_12_L_unaffected,unaffected,elbow,Elbow extension,deg,9.67763009608197,0.9692321383265756,8.341654208206302,0.23333333333333334
P17,trial_12_L_unaffected,unaffected,flex,Shoulder flexion,deg,6.655295153565525,0.7300218828827879,-10.241587504342442,0.23333333333333334
P17,trial_12_L_unaffected,unaffected,abd,Shoulder abduction,deg,3.597830552953125,0.8922494318704914,-11.341279338252763,0.23333333333333334
P17,trial_12_L_unaffected,unaffected,trunk,Trunk displacement,mm,7.2876603684106875,0.9525228361796098,2.3390815114927466,0.23333333333333334
P17,trial_13_L_unaffected,unaffected,eev,End-effector velocity,mm/s,122.29881797999725,0.8621808861613647,3.119558401562043,0.23333333333333334
P17,trial_13_L_unaffected,unaffected,eav,Elbow angular velocity,deg/s,25.241533537604113,0.8165320575425834,2.8112851274370048,0.23333333333333334
P17,trial_13_L_unaffected,unaffected,elbow,Elbow extension,deg,8.915166019805028,0.9764293354013482,8.015250577865594,0.23333333333333334
P17,trial_13_L_unaffected,unaffected,flex,Shoulder flexion,deg,8.496928182894077,0.6052084982474987,-14.488963833709317,0.23333333333333334
P17,trial_13_L_unaffected,unaffected,abd,Shoulder abduction,deg,3.7162021473705216,0.8828756906849667,-12.31018968886883,0.23333333333333334
P17,trial_13_L_unaffected,unaffected,trunk,Trunk displacement,mm,8.523086414253491,0.9357542524873501,7.238395721366165,0.23333333333333334
P17,trial_14_L_unaffected,unaffected,eev,End-effector velocity,mm/s,169.66656478873878,0.7583624940801466,-15.223382233245868,0.2
P17,trial_14_L_unaffected,unaffected,eav,Elbow angular velocity,deg/s,29.53479899701268,0.7556451386688341,3.6074076615159996,0.2
P17,trial_14_L_unaffected,unaffected,elbow,Elbow extension,deg,9.254214918530018,0.9705486426263092,8.401144008709824,0.2
P17,trial_14_L_unaffected,unaffected,flex,Shoulder flexion,deg,7.402891053446661,0.6293767535336149,-13.515362070843521,0.2
P17,trial_14_L_unaffected,unaffected,abd,Shoulder abduction,deg,3.759853542535294,0.8812244415739282,-12.395877958612873,0.2
P17,trial_14_L_unaffected,unaffected,trunk,Trunk displacement,mm,10.720317051952941,0.9020728424057808,2.4852365388313227,0.2
P17,trial_17_L_unaffected,unaffected,eev,End-effector velocity,mm/s,319.35813962895753,0.1538298227157505,62.05999416106272,-2.316666666666667
P17,trial_17_L_unaffected,unaffected,eav,Elbow angular velocity,deg/s,57.12002184103293,0.12593320390082288,13.618182112264202,-2.316666666666667
P17,trial_17_L_unaffected,unaffected,elbow,Elbow extension,deg,71.66870657340877,-0.8236756625901447,-5.121853134709919,-2.316666666666667
P17,trial_17_L_unaffected,unaffected,flex,Shoulder flexion,deg,16.030752589754403,-0.5308205447765042,-12.946712344856811,-2.316666666666667
P17,trial_17_L_unaffected,unaffected,abd,Shoulder abduction,deg,13.124206483103809,-0.6738058542003874,-13.535618819991178,-2.316666666666667
P17,trial_17_L_unaffected,unaffected,trunk,Trunk displacement,mm,32.941649159528865,-0.2535371178980916,-0.8635815567376197,-2.316666666666667
P17,trial_18_L_unaffected,unaffected,eev,End-effector velocity,mm/s,185.73106745437022,0.7021090729465006,-14.191796937694647,0.15
P17,trial_18_L_unaffected,unaffected,eav,Elbow angular velocity,deg/s,34.26600595139303,0.6607668359059795,2.6478109264858785,0.15
P17,trial_18_L_unaffected,unaffected,elbow,Elbow extension,deg,11.504125492342826,0.9520989058651759,8.465663458706196,0.15
P17,trial_18_L_unaffected,unaffected,flex,Shoulder flexion,deg,9.896037031549437,0.5232852295332449,-14.217908151515914,0.15
P17,trial_18_L_unaffected,unaffected,abd,Shoulder abduction,deg,4.753429282232235,0.8611227849657761,-12.666023336612906,0.15
P17,trial_18_L_unaffected,unaffected,trunk,Trunk displacement,mm,9.681420224232241,0.9215741547864205,1.2096716446482936,0.15
P17,trial_1_L_unaffected,unaffected,eev,End-effector velocity,mm/s,150.9978276557715,0.566943554912362,9.264921550939407,0.36666666666666664
P17,trial_1_L_unaffected,unaffected,eav,Elbow angular velocity,deg/s,12.677000016601378,0.8891848307449592,1.8137072036841397,0.36666666666666664
P17,trial_1_L_unaffected,unaffected,elbow,Elbow extension,deg,5.779565564886858,0.9929183400938012,8.129608562706428,0.36666666666666664
P17,trial_1_L_unaffected,unaffected,flex,Shoulder flexion,deg,5.6433782883037535,0.7489189081781731,-14.682452556881309,0.36666666666666664
P17,trial_1_L_unaffected,unaffected,abd,Shoulder abduction,deg,3.702750402830141,0.8332158916024424,-12.383356067559811,0.36666666666666664
P17,trial_1_L_unaffected,unaffected,trunk,Trunk displacement,mm,4.990713193852301,0.9734545500681889,-2.473477655562151,0.36666666666666664
P17,trial_20_L_unaffected,unaffected,eev,End-effector velocity,mm/s,161.4573601143391,0.7651463600377131,1.4904805734880826,0.21666666666666667
P17,trial_20_L_unaffected,unaffected,eav,Elbow angular velocity,deg/s,66.95787041183863,0.39227970910259563,-3.46053036522691,0.21666666666666667
P17,trial_20_L_unaffected,unaffected,elbow,Elbow extension,deg,10.146774418805068,0.9590443931314263,9.425355183313902,0.21666666666666667
P17,trial_20_L_unaffected,unaffected,flex,Shoulder flexion,deg,8.208141543022851,0.6491931840553302,-13.03738378971482,0.21666666666666667
P17,trial_20_L_unaffected,unaffected,abd,Shoulder abduction,deg,3.917711361739145,0.8538104507918967,-11.993423166893121,0.21666666666666667
P17,trial_20_L_unaffected,unaffected,trunk,Trunk displacement,mm,8.882350073775264,0.9191720044480377,1.579305433174359,0.21666666666666667
P17,trial_23_L_unaffected,unaffected,eev,End-effector velocity,mm/s,148.78718440123222,0.7917012109989147,-0.11754455042496226,0.2
P17,trial_23_L_unaffected,unaffected,eav,Elbow angular velocity,deg/s,30.17113933720267,0.7658400810982404,5.0534866514030075,0.2
P17,trial_23_L_unaffected,unaffected,elbow,Elbow extension,deg,10.05484941129249,0.967917269848947,7.178177183891745,0.2
P17,trial_23_L_unaffected,unaffected,flex,Shoulder flexion,deg,6.346956903698076,0.8141861489438609,-12.551896610609118,0.2
P17,trial_23_L_unaffected,unaffected,abd,Shoulder abduction,deg,3.8621999392363273,0.9190858064637362,-12.183901787077913,0.2
P17,trial_23_L_unaffected,unaffected,trunk,Trunk displacement,mm,6.742423396613092,0.9392091892625133,-0.9415431690832544,0.2
P17,trial_30_L_unaffected,unaffected,eev,End-effector velocity,mm/s,133.13296514006518,0.8247863033528458,-2.2186749488458117,0.21666666666666667
P17,trial_30_L_unaffected,unaffected,eav,Elbow angular velocity,deg/s,31.42307424381926,0.7560192046325324,5.257998735157905,0.21666666666666667
P17,trial_30_L_unaffected,unaffected,elbow,Elbow extension,deg,9.991604255070246,0.9683673099010103,7.292354507126039,0.21666666666666667
P17,trial_30_L_unaffected,unaffected,flex,Shoulder flexion,deg,8.19139340614417,0.7588341742506242,-11.333232430448415,0.21666666666666667
P17,trial_30_L_unaffected,unaffected,abd,Shoulder abduction,deg,4.545556035888728,0.9315603320067687,-12.503806698225592,0.21666666666666667
P17,trial_30_L_unaffected,unaffected,trunk,Trunk displacement,mm,6.647451424321146,0.9264161441794212,-1.977411288396272,0.21666666666666667
P17,trial_33_L_unaffected,unaffected,eev,End-effector velocity,mm/s,172.27636230614775,0.7531580198072145,5.167096625564893,0.2
P17,trial_33_L_unaffected,unaffected,eav,Elbow angular velocity,deg/s,34.812321840695866,0.7018328023924713,2.094992125858035,0.2
P17,trial_33_L_unaffected,unaffected,elbow,Elbow extension,deg,10.392386783158685,0.9566555825326867,7.971945862211531,0.2
P17,trial_33_L_unaffected,unaffected,flex,Shoulder flexion,deg,7.74453599769156,0.8261670975110945,-14.674099169690198,0.2
P17,trial_33_L_unaffected,unaffected,abd,Shoulder abduction,deg,5.122518717039789,0.8672305542403052,-12.49066350749405,0.2
P17,trial_33_L_unaffected,unaffected,trunk,Trunk displacement,mm,9.633880156676051,0.8506254720522234,6.259765362055225,0.2
P17,trial_3_L_unaffected,unaffected,eev,End-effector velocity,mm/s,217.82263522223306,0.6456785370278637,-13.046695035195844,0.18333333333333332
P17,trial_3_L_unaffected,unaffected,eav,Elbow angular velocity,deg/s,38.64538846966388,0.62276812104843,4.866879792449038,0.18333333333333332
P17,trial_3_L_unaffected,unaffected,elbow,Elbow extension,deg,12.436483843128586,0.9329262122394385,9.26096574176104,0.18333333333333332
P17,trial_3_L_unaffected,unaffected,flex,Shoulder flexion,deg,8.752915777844846,0.6014523731569863,-11.35407712879024,0.18333333333333332
P17,trial_3_L_unaffected,unaffected,abd,Shoulder abduction,deg,5.3151859887795965,0.6440431813768553,-12.164740915704385,0.18333333333333332
P17,trial_3_L_unaffected,unaffected,trunk,Trunk displacement,mm,8.86518333611551,0.9276109904267537,1.5444684037076013,0.18333333333333332
P17,trial_43_R_affected,affected,eev,End-effector velocity,mm/s,270.6094637444635,0.6286816475645023,-3.067401686807514,0.2
P17,trial_43_R_affected,affected,eav,Elbow angular velocity,deg/s,54.89092265402663,0.5397246954591369,4.8188172696332945,0.2
P17,trial_43_R_affected,affected,elbow,Elbow extension,deg,12.670666967173348,0.9262810285848005,1.246090026868496,0.2
P17,trial_43_R_affected,affected,flex,Shoulder flexion,deg,9.27656678831976,0.847850869295477,-11.983661502301906,0.2
P17,trial_43_R_affected,affected,abd,Shoulder abduction,deg,11.749323798708893,0.4786009613736162,-15.440672658959283,0.2
P17,trial_43_R_affected,affected,trunk,Trunk displacement,mm,8.175000586186396,0.9174259809546316,8.996966257119139,0.2
P17,trial_44_R_affected,affected,eev,End-effector velocity,mm/s,213.40105516941466,0.7573637209200771,-9.882898607616621,0.21666666666666667
P17,trial_44_R_affected,affected,eav,Elbow angular velocity,deg/s,45.88493716206255,0.6797670087150419,1.7461214065976345,0.21666666666666667
P17,trial_44_R_affected,affected,elbow,Elbow extension,deg,10.953630079828418,0.9400124032134849,2.114742687532385,0.21666666666666667
P17,trial_44_R_affected,affected,flex,Shoulder flexion,deg,7.1926176607242915,0.9245676547527916,-8.22780796000201,0.21666666666666667
P17,trial_44_R_affected,affected,abd,Shoulder abduction,deg,11.009932554056862,0.43670276248461853,-15.250852937415527,0.21666666666666667
P17,trial_44_R_affected,affected,trunk,Trunk displacement,mm,9.064324405381107,0.8887576786495804,15.657648820315076,0.21666666666666667
P17,trial_45_R_affected,affected,eev,End-effector velocity,mm/s,143.22891825486286,0.7922615294187713,-13.460482415832344,0.2
P17,trial_45_R_affected,affected,eav,Elbow angular velocity,deg/s,25.73536624765669,0.8011758717801912,1.4398668858577615,0.2
P17,trial_45_R_affected,affected,elbow,Elbow extension,deg,9.190505311955624,0.9633658846488647,-0.43978713504487105,0.2
P17,trial_45_R_affected,affected,flex,Shoulder flexion,deg,6.9245826822402625,0.9184252427310868,-9.781074674484636,0.2
P17,trial_45_R_affected,affected,abd,Shoulder abduction,deg,4.349063033355649,0.7562840171833812,-11.832756520035632,0.2
P17,trial_45_R_affected,affected,trunk,Trunk displacement,mm,8.423302469010002,0.9450775841653715,10.516760668734932,0.2
P17,trial_46_R_affected,affected,eev,End-effector velocity,mm/s,142.05817270434568,0.8118353827092806,-13.005171111258841,0.21666666666666667
P17,trial_46_R_affected,affected,eav,Elbow angular velocity,deg/s,29.186085700685084,0.7815179741015351,2.4224992161750976,0.21666666666666667
P17,trial_46_R_affected,affected,elbow,Elbow extension,deg,10.215735405785866,0.9605828243694988,-1.3795360107898236,0.21666666666666667
P17,trial_46_R_affected,affected,flex,Shoulder flexion,deg,5.405073918139308,0.9244594333392138,-10.31580460064653,0.21666666666666667
P17,trial_46_R_affected,affected,abd,Shoulder abduction,deg,4.486047130539177,0.8896083320368581,-11.791661726141628,0.21666666666666667
P17,trial_46_R_affected,affected,trunk,Trunk displacement,mm,8.78126353932274,0.917775513501953,13.863851460957317,0.21666666666666667
P17,trial_47_R_affected,affected,eev,End-effector velocity,mm/s,136.56163175739547,0.7899091616276763,-8.776263456289822,0.21666666666666667
P17,trial_47_R_affected,affected,eav,Elbow angular velocity,deg/s,27.17610204724579,0.7887671946812886,3.416097045591663,0.21666666666666667
P17,trial_47_R_affected,affected,elbow,Elbow extension,deg,9.81900085200662,0.9667526445100404,-1.2936123606882948,0.21666666666666667
P17,trial_47_R_affected,affected,flex,Shoulder flexion,deg,5.375995340020367,0.8816484675715284,-11.992768399546016,0.21666666666666667
P17,trial_47_R_affected,affected,abd,Shoulder abduction,deg,4.04937916685024,0.8420487997631351,-11.349625188415818,0.21666666666666667
P17,trial_47_R_affected,affected,trunk,Trunk displacement,mm,7.811796849478203,0.937184332950438,11.136649263012075,0.21666666666666667
P17,trial_48_R_affected,affected,eev,End-effector velocity,mm/s,139.41341172103557,0.7921505987519628,-6.131848952989935,0.21666666666666667
P17,trial_48_R_affected,affected,eav,Elbow angular velocity,deg/s,28.474810024964118,0.774798060711221,3.2629274569516173,0.21666666666666667
P17,trial_48_R_affected,affected,elbow,Elbow extension,deg,9.77890769668006,0.9656943925076402,-0.47792362743511874,0.21666666666666667
P17,trial_48_R_affected,affected,flex,Shoulder flexion,deg,7.632036682685035,0.7645726758849706,-16.13386977998317,0.21666666666666667
P17,trial_48_R_affected,affected,abd,Shoulder abduction,deg,4.6892092479318865,0.6775926507785739,-11.669920302533626,0.21666666666666667
P17,trial_48_R_affected,affected,trunk,Trunk displacement,mm,6.128164274553151,0.9589853547853694,6.960006116024359,0.21666666666666667
P17,trial_49_R_affected,affected,eev,End-effector velocity,mm/s,128.5116449543644,0.7996290089921101,-8.405121788930565,0.21666666666666667
P17,trial_49_R_affected,affected,eav,Elbow angular velocity,deg/s,25.620026934338842,0.8013338055169611,3.4029617655709887,0.21666666666666667
P17,trial_49_R_affected,affected,elbow,Elbow extension,deg,9.752865295149899,0.9657051362993466,-0.8258731897650796,0.21666666666666667
P17,trial_49_R_affected,affected,flex,Shoulder flexion,deg,6.385984478151283,0.8189927999087837,-13.629496040343827,0.21666666666666667
P17,trial_49_R_affected,affected,abd,Shoulder abduction,deg,4.390548816320556,0.7348989895674924,-11.316348630960983,0.21666666666666667
P17,trial_49_R_affected,affected,trunk,Trunk displacement,mm,6.812065783446208,0.9426074452288019,6.3823153121143,0.21666666666666667
P17,trial_4_L_unaffected,unaffected,eev,End-effector velocity,mm/s,180.9789491785376,0.7860637100942415,-21.50807354277542,0.26666666666666666
P17,trial_4_L_unaffected,unaffected,eav,Elbow angular velocity,deg/s,28.395372140457347,0.8049134535712192,3.8005978365107738,0.26666666666666666
P17,trial_4_L_unaffected,unaffected,elbow,Elbow extension,deg,8.630988496889723,0.9709548986475374,10.580706851761954,0.26666666666666666
P17,trial_4_L_unaffected,unaffected,flex,Shoulder flexion,deg,11.380641013811116,0.47232552424279345,-9.584515781705104,0.26666666666666666
P17,trial_4_L_unaffected,unaffected,abd,Shoulder abduction,deg,4.517897291654585,0.7878829953368959,-11.482976404685164,0.26666666666666666
P17,trial_4_L_unaffected,unaffected,trunk,Trunk displacement,mm,6.0923828283575805,0.9637646722611213,3.437770416724028,0.26666666666666666
P17,trial_50_R_affected,affected,eev,End-effector velocity,mm/s,143.26747778344694,0.7568332420809168,-9.6968434614617,0.21666666666666667
P17,trial_50_R_affected,affected,eav,Elbow angular velocity,deg/s,27.466412821930263,0.757973068583961,2.9018899788739865,0.21666666666666667
P17,trial_50_R_affected,affected,elbow,Elbow extension,deg,9.730114861014764,0.9658023107712924,-0.31148379961292344,0.21666666666666667
P17,trial_50_R_affected,affected,flex,Shoulder flexion,deg,6.930239186706588,0.7924086697943864,-15.121517488598334,0.21666666666666667
P17,trial_50_R_affected,affected,abd,Shoulder abduction,deg,4.199096158837729,0.6476207775739511,-11.26871310037191,0.21666666666666667
P17,trial_50_R_affected,affected,trunk,Trunk displacement,mm,7.337251177514729,0.9379348157933092,7.25239724989066,0.21666666666666667
P17,trial_51_R_affected,affected,eev,End-effector velocity,mm/s,138.6473804377593,0.7788346040366634,-14.16200526153947,0.21666666666666667
P17,trial_51_R_affected,affected,eav,Elbow angular velocity,deg/s,26.31952042930329,0.7749375933694422,2.9850155040920514,0.21666666666666667
P17,trial_51_R_affected,affected,elbow,Elbow extension,deg,9.886126617855325,0.9653450389668413,-0.707637790431308,0.21666666666666667
P17,trial_51_R_affected,affected,flex,Shoulder flexion,deg,5.562459685242475,0.8630249703394373,-13.710993499893739,0.21666666666666667
P17,trial_51_R_affected,affected,abd,Shoulder abduction,deg,4.7820419528005225,0.803369693344884,-11.172205308371655,0.21666666666666667
P17,trial_51_R_affected,affected,trunk,Trunk displacement,mm,6.325230148702708,0.9537607161413117,6.798040711132926,0.21666666666666667
P17,trial_52_R_affected,affected,eev,End-effector velocity,mm/s,115.74446875517239,0.8217054877753615,-12.776015307583902,0.23333333333333334
P17,trial_52_R_affected,affected,eav,Elbow angular velocity,deg/s,24.82333591884207,0.7982542779941684,2.7120672720729715,0.23333333333333334
P17,trial_52_R_affected,affected,elbow,Elbow extension,deg,9.897886013908956,0.9693628647017147,-0.8119803939050463,0.23333333333333334
P17,trial_52_R_affected,affected,flex,Shoulder flexion,deg,5.431489148810721,0.8821072927778818,-12.739526544404278,0.23333333333333334
P17,trial_52_R_affected,affected,abd,Shoulder abduction,deg,5.235492216480051,0.7837582023533677,-12.043294305863729,0.23333333333333334
P17,trial_52_R_affected,affected,trunk,Trunk displacement,mm,5.704423557030287,0.9419616274184621,5.841006086636042,0.23333333333333334
P17,trial_55_R_affected,affected,eev,End-effector velocity,mm/s,151.12642595917882,0.7347833037404103,-7.401930145468007,0.21666666666666667
P17,trial_55_R_affected,affected,eav,Elbow angular velocity,deg/s,30.23234048809506,0.7262367372592333,3.0373169771298443,0.21666666666666667
P17,trial_55_R_affected,affected,elbow,Elbow extension,deg,10.352059876973962,0.9573855777225122,-0.4747968361978188,0.21666666666666667
P17,trial_55_R_affected,affected,flex,Shoulder flexion,deg,7.6954642042297285,0.7065235311039761,-11.835673788495912,0.21666666666666667
P17,trial_55_R_affected,affected,abd,Shoulder abduction,deg,4.03518953906678,0.6173515179789492,-10.963322861285654,0.21666666666666667
P17,trial_55_R_affected,affected,trunk,Trunk displacement,mm,5.765808433332703,0.9550902236862818,7.086110439969361,0.21666666666666667
P17,trial_56_R_affected,affected,eev,End-effector velocity,mm/s,143.63700085451367,0.7709942142883416,-12.129539683017608,0.23333333333333334
P17,trial_56_R_affected,affected,eav,Elbow angular velocity,deg/s,26.570913105114432,0.7789657790957251,2.7877767555197677,0.23333333333333334
P17,trial_56_R_affected,affected,elbow,Elbow extension,deg,9.253578972493216,0.9706639053713505,-1.0021009276466228,0.23333333333333334
P17,trial_56_R_affected,affected,flex,Shoulder flexion,deg,8.828481900990047,0.6388930115271401,-13.841574706373247,0.23333333333333334
P17,trial_56_R_affected,affected,abd,Shoulder abduction,deg,3.783660246244746,0.6966278696597729,-10.99178507699272,0.23333333333333334
P17,trial_56_R_affected,affected,trunk,Trunk displacement,mm,5.480810468760624,0.9517043880635861,7.847218430035613,0.23333333333333334
P17,trial_57_R_affected,affected,eev,End-effector velocity,mm/s,137.00357614373254,0.743898508173655,-5.960958919235306,0.21666666666666667
P17,trial_57_R_affected,affected,eav,Elbow angular velocity,deg/s,27.630030385683575,0.735195042396774,1.8631584001646189,0.21666666666666667
P17,trial_57_R_affected,affected,elbow,Elbow extension,deg,9.711875758709978,0.9656154592430014,-1.1489305103879839,0.21666666666666667
P17,trial_57_R_affected,affected,flex,Shoulder flexion,deg,8.291370949022781,0.5693011087961296,-15.984847806258985,0.21666666666666667
P17,trial_57_R_affected,affected,abd,Shoulder abduction,deg,3.4826248948020875,0.635355100090325,-10.793898225972848,0.21666666666666667
P17,trial_57_R_affected,affected,trunk,Trunk displacement,mm,7.063400484548989,0.9078823860903759,12.992473007235137,0.21666666666666667
P17,trial_58_R_affected,affected,eev,End-effector velocity,mm/s,163.2189916862977,0.6878796719233164,-8.31190324096427,0.21666666666666667
P17,trial_58_R_affected,affected,eav,Elbow angular velocity,deg/s,29.508154865389614,0.6901074845553284,2.426075414416531,0.21666666666666667
P17,trial_58_R_affected,affected,elbow,Elbow extension,deg,10.371858453200861,0.958436474488752,-0.5775145500939073,0.21666666666666667
P17,trial_58_R_affected,affected,flex,Shoulder flexion,deg,6.804073800680575,0.7305105579377538,-13.872067855528021,0.21666666666666667
P17,trial_58_R_affected,affected,abd,Shoulder abduction,deg,4.07381156318375,0.5945921306485737,-11.361867676706105,0.21666666666666667
P17,trial_58_R_affected,affected,trunk,Trunk displacement,mm,7.1184006450619055,0.9264516776706768,10.2489601864919,0.21666666666666667
P17,trial_59_R_affected,affected,eev,End-effector velocity,mm/s,141.9623098042558,0.7344010573426083,-2.5032821804574477,0.2
P17,trial_59_R_affected,affected,eav,Elbow angular velocity,deg/s,28.213464396682532,0.7332191082071958,3.4201491717841437,0.2
P17,trial_59_R_affected,affected,elbow,Elbow extension,deg,10.616564703945594,0.954768797190301,-0.3956059712978185,0.2
P17,trial_59_R_affected,affected,flex,Shoulder flexion,deg,7.1946504982126145,0.7316432447443892,-13.311861448032337,0.2
P17,trial_59_R_affected,affected,abd,Shoulder abduction,deg,4.682714126265146,0.5429226704322865,-12.307547497629479,0.2
P17,trial_59_R_affected,affected,trunk,Trunk displacement,mm,6.791525349912156,0.9308657973077454,6.793626209560484,0.2
P17,trial_5_L_unaffected,unaffected,eev,End-effector velocity,mm/s,231.6883596541422,0.6646199402628776,-27.001127728978737,0.2
P17,trial_5_L_unaffected,unaffected,eav,Elbow angular velocity,deg/s,34.05756177190588,0.6956447493554107,4.093155278220204,0.2
P17,trial_5_L_unaffected,unaffected,elbow,Elbow extension,deg,10.845638540772983,0.9505243444052265,9.776040335837585,0.2
P17,trial_5_L_unaffected,unaffected,flex,Shoulder flexion,deg,10.868450359381947,0.5447032562930282,-11.4636396836217,0.2
P17,trial_5_L_unaffected,unaffected,abd,Shoulder abduction,deg,4.967332096305736,0.7403891361098001,-11.964798177570819,0.2
P17,trial_5_L_unaffected,unaffected,trunk,Trunk displacement,mm,8.44530055973913,0.9116345394580098,2.8482101852799597,0.2
P17,trial_60_R_affected,affected,eev,End-effector velocity,mm/s,127.7434424755638,0.7893144851773946,-6.872308112682035,0.21666666666666667
P17,trial_60_R_affected,affected,eav,Elbow angular velocity,deg/s,27.905626186226435,0.7563420114547884,1.0725998263884018,0.21666666666666667
P17,trial_60_R_affected,affected,elbow,Elbow extension,deg,9.921690840242922,0.9625737463627827,0.07475651168279399,0.21666666666666667
P17,trial_60_R_affected,affected,flex,Shoulder flexion,deg,9.696501101532217,0.5329323624387095,-14.275789043675484,0.21666666666666667
P17,trial_60_R_affected,affected,abd,Shoulder abduction,deg,4.67487828183027,0.612300237243149,-12.020077309184598,0.21666666666666667
P17,trial_60_R_affected,affected,trunk,Trunk displacement,mm,6.948767953827488,0.9421349227677933,9.733264425836051,0.21666666666666667
P17,trial_61_R_affected,affected,eev,End-effector velocity,mm/s,129.95332563024496,0.7712162682668966,-4.946756609612357,0.2
P17,trial_61_R_affected,affected,eav,Elbow angular velocity,deg/s,26.89337231726751,0.7396943751739664,1.8949537038446058,0.2
P17,trial_61_R_affected,affected,elbow,Elbow extension,deg,9.715125460852823,0.9642271935485478,-1.4275689504957236,0.2
P17,trial_61_R_affected,affected,flex,Shoulder flexion,deg,9.15401438664737,0.5542026120393123,-13.57452738959944,0.2
P17,trial_61_R_affected,affected,abd,Shoulder abduction,deg,5.2015365718318165,0.6273481844199628,-12.376255983536034,0.2
P17,trial_61_R_affected,affected,trunk,Trunk displacement,mm,6.81509913379826,0.9155606914779159,7.247420291270018,0.2
P17,trial_62_R_affected,affected,eev,End-effector velocity,mm/s,169.58807874357345,0.6729136510046203,-10.708142041975337,0.2
P17,trial_62_R_affected,affected,eav,Elbow angular velocity,deg/s,30.23174498845707,0.6919815346412767,1.8520408420768744,0.2
P17,trial_62_R_affected,affected,elbow,Elbow extension,deg,10.522676570208183,0.9561298707998348,-0.7071728732174678,0.2
P17,trial_62_R_affected,affected,flex,Shoulder flexion,deg,6.499452457774145,0.7707927402390593,-13.3114473459542,0.2
P17,trial_62_R_affected,affected,abd,Shoulder abduction,deg,4.77797885115655,0.5508202555817484,-11.962908182567544,0.2
P17,trial_62_R_affected,affected,trunk,Trunk displacement,mm,6.4555838923554045,0.9282558091999152,7.704378313251877,0.2
P17,trial_63_R_affected,affected,eev,End-effector velocity,mm/s,118.44203575804659,0.8182500758369439,-8.877616639086686,0.2
P17,trial_63_R_affected,affected,eav,Elbow angular velocity,deg/s,25.80084111852835,0.7942427510164906,3.384346663884834,0.2
P17,trial_63_R_affected,affected,elbow,Elbow extension,deg,10.21430469769693,0.961220227712856,-1.4257121552134011,0.2
P17,trial_63_R_affected,affected,flex,Shoulder flexion,deg,6.800862539564705,0.8076656958220856,-14.56041144711247,0.2
P17,trial_63_R_affected,affected,abd,Shoulder abduction,deg,3.73797993217708,0.8454255183223804,-10.623303870928185,0.2
P17,trial_63_R_affected,affected,trunk,Trunk displacement,mm,6.331374998910456,0.961673715863909,7.798381243518681,0.2
P17,trial_64_R_affected,affected,eev,End-effector velocity,mm/s,124.64037221477803,0.8074818277370084,-11.235485798525284,0.21666666666666667
P17,trial_64_R_affected,affected,eav,Elbow angular velocity,deg/s,26.742839065910022,0.7681577819162572,2.3375394792171442,0.21666666666666667
P17,trial_64_R_affected,affected,elbow,Elbow extension,deg,9.401915622137967,0.9653357803728332,-1.5225445419595354,0.21666666666666667
P17,trial_64_R_affected,affected,flex,Shoulder flexion,deg,7.045786675749765,0.7722676692546718,-16.30423291521629,0.21666666666666667
P17,trial_64_R_affected,affected,abd,Shoulder abduction,deg,3.9652449036353965,0.6600550365046607,-10.785097085044294,0.21666666666666667
P17,trial_64_R_affected,affected,trunk,Trunk displacement,mm,6.134863764151321,0.9392259479422855,9.320716843625629,0.21666666666666667
P17,trial_65_R_affected,affected,eev,End-effector velocity,mm/s,141.52963656402304,0.7446537162882313,-10.589195614408752,0.21666666666666667
P17,trial_65_R_affected,affected,eav,Elbow angular velocity,deg/s,29.17929548230501,0.727304178120257,2.612721469196415,0.21666666666666667
P17,trial_65_R_affected,affected,elbow,Elbow extension,deg,9.68613230786444,0.9640311183319487,-1.5405610646822474,0.21666666666666667
P17,trial_65_R_affected,affected,flex,Shoulder flexion,deg,7.893321423483801,0.5666302223202914,-16.629812385717777,0.21666666666666667
P17,trial_65_R_affected,affected,abd,Shoulder abduction,deg,3.796218320092725,0.6692830037532199,-10.652822140930976,0.21666666666666667
P17,trial_65_R_affected,affected,trunk,Trunk displacement,mm,6.93241308295942,0.9491220861013386,8.460754856388737,0.21666666666666667
P17,trial_66_R_affected,affected,eev,End-effector velocity,mm/s,131.46594951557074,0.801068231507563,-9.078286151782715,0.23333333333333334
P17,trial_66_R_affected,affected,eav,Elbow angular velocity,deg/s,28.319990028125375,0.7674852660693884,3.127795402691097,0.23333333333333334
P17,trial_66_R_affected,affected,elbow,Elbow extension,deg,9.480712315848423,0.9690252765147481,-1.8877981395554255,0.23333333333333334
P17,trial_66_R_affected,affected,flex,Shoulder flexion,deg,7.345523685175728,0.6939091018849872,-15.548100154787699,0.23333333333333334
P17,trial_66_R_affected,affected,abd,Shoulder abduction,deg,3.9986225100571007,0.766952942895504,-11.149117759326916,0.23333333333333334
P17,trial_66_R_affected,affected,trunk,Trunk displacement,mm,6.648381828390108,0.9404026475447477,7.796967916525454,0.23333333333333334
P17,trial_67_R_affected,affected,eev,End-effector velocity,mm/s,132.83118806696785,0.784532400795518,-9.148247392008214,0.21666666666666667
P17,trial_67_R_affected,affected,eav,Elbow angular velocity,deg/s,26.577219320513212,0.78536806242621,3.302044085401078,0.21666666666666667
P17,trial_67_R_affected,affected,elbow,Elbow extension,deg,9.646322870370438,0.9651374133552816,-1.3695544911659796,0.21666666666666667
P17,trial_67_R_affected,affected,flex,Shoulder flexion,deg,7.762867936849171,0.6406619045514192,-15.174750571037803,0.21666666666666667
P17,trial_67_R_affected,affected,abd,Shoulder abduction,deg,3.655238166442185,0.6926953014569545,-10.648732350541845,0.21666666666666667
P17,trial_67_R_affected,affected,trunk,Trunk displacement,mm,7.43088405395737,0.9214717504296539,6.761937654650679,0.21666666666666667
P17,trial_68_R_affected,affected,eev,End-effector velocity,mm/s,124.27573388467903,0.7984613441946775,-8.678214251608807,0.21666666666666667
P17,trial_68_R_affected,affected,eav,Elbow angular velocity,deg/s,24.89773725936463,0.7935346779802154,2.6092043164555143,0.21666666666666667
P17,trial_68_R_affected,affected,elbow,Elbow extension,deg,9.354410557602195,0.9676744987877978,-1.7421677428515627,0.21666666666666667
P17,trial_68_R_affected,affected,flex,Shoulder flexion,deg,7.663703356237834,0.7539754545831705,-14.152964853647028,0.21666666666666667
P17,trial_68_R_affected,affected,abd,Shoulder abduction,deg,4.711719661573136,0.5617052655737089,-11.134282272941583,0.21666666666666667
P17,trial_68_R_affected,affected,trunk,Trunk displacement,mm,7.524106236419486,0.929507711885101,6.720749971339406,0.21666666666666667
P17,trial_69_R_affected,affected,eev,End-effector velocity,mm/s,120.42987807937475,0.8167389814498311,-5.116644973812752,0.21666666666666667
P17,trial_69_R_affected,affected,eav,Elbow angular velocity,deg/s,24.482540000510195,0.8084717619002056,3.514489120225083,0.21666666666666667
P17,trial_69_R_affected,affected,elbow,Elbow extension,deg,9.01400221819112,0.9724410456053343,-1.5145928430020377,0.21666666666666667
P17,trial_69_R_affected,affected,flex,Shoulder flexion,deg,5.200628918149719,0.9079192594328804,-12.571461830196291,0.21666666666666667
P17,trial_69_R_affected,affected,abd,Shoulder abduction,deg,4.281777169327183,0.7564872143352432,-10.898718034915182,0.21666666666666667
P17,trial_69_R_affected,affected,trunk,Trunk displacement,mm,6.816946073237376,0.9219149736426333,9.019779972494078,0.21666666666666667
P17,trial_6_L_unaffected,unaffected,eev,End-effector velocity,mm/s,200.98472226243354,0.6903831818181039,-11.268110492678591,0.18333333333333332
P17,trial_6_L_unaffected,unaffected,eav,Elbow angular velocity,deg/s,30.74817101396997,0.7411715323251696,3.171315876087332,0.18333333333333332
P17,trial_6_L_unaffected,unaffected,elbow,Elbow extension,deg,10.287278221558283,0.9535818387056596,9.870250258412762,0.18333333333333332
P17,trial_6_L_unaffected,unaffected,flex,Shoulder flexion,deg,9.987834108666581,0.6788286980193527,-11.04032796843434,0.18333333333333332
P17,trial_6_L_unaffected,unaffected,abd,Shoulder abduction,deg,5.307787486621657,0.7718081897130712,-12.498990134016063,0.18333333333333332
P17,trial_6_L_unaffected,unaffected,trunk,Trunk displacement,mm,10.73669847383966,0.8980810918957632,5.347521519883287,0.18333333333333332
P17,trial_70_R_affected,affected,eev,End-effector velocity,mm/s,133.44724240151848,0.7798426380216764,-6.833666200315624,0.2
P17,trial_70_R_affected,affected,eav,Elbow angular velocity,deg/s,26.874746051789135,0.7674525419066368,2.4071605739370288,0.2
P17,trial_70_R_affected,affected,elbow,Elbow extension,deg,10.098428045917643,0.9605541452159607,-1.6583568178014672,0.2
P17,trial_70_R_affected,affected,flex,Shoulder flexion,deg,7.198821938072626,0.8247397859232611,-14.536728162649553,0.2
P17,trial_70_R_affected,affected,abd,Shoulder abduction,deg,4.694590740855906,0.7016702341002997,-10.970926159541325,0.2
P17,trial_70_R_affected,affected,trunk,Trunk displacement,mm,7.65606785720029,0.9226096003514663,7.70165272401321,0.2
P17,trial_71_R_affected,affected,eev,End-effector velocity,mm/s,118.24970529738259,0.8102142792761238,-10.707001204879267,0.23333333333333334
P17,trial_71_R_affected,affected,eav,Elbow angular velocity,deg/s,22.492789361963425,0.8041393841156801,2.696313108090981,0.23333333333333334
P17,trial_71_R_affected,affected,elbow,Elbow extension,deg,8.612643776919079,0.975000852685586,-2.046987596772649,0.23333333333333334
P17,trial_71_R_affected,affected,flex,Shoulder flexion,deg,5.347027814903465,0.9041809304908597,-13.586673822785578,0.23333333333333334
P17,trial_71_R_affected,affected,abd,Shoulder abduction,deg,4.0797862330862,0.8386856754653843,-11.57911450805366,0.23333333333333334
P17,trial_71_R_affected,affected,trunk,Trunk displacement,mm,5.819518792326748,0.9516856819324113,5.646554060633938,0.23333333333333334
P17,trial_72_R_affected,affected,eev,End-effector velocity,mm/s,124.2873937964997,0.8279410210473407,-7.524351451317231,0.21666666666666667
P17,trial_72_R_affected,affected,eav,Elbow angular velocity,deg/s,26.535737924367016,0.8040352026702615,3.013031563256195,0.21666666666666667
P17,trial_72_R_affected,affected,elbow,Elbow extension,deg,9.871971551675587,0.9655326561619116,-1.423621728233437,0.21666666666666667
P17,trial_72_R_affected,affected,flex,Shoulder flexion,deg,5.177232488781679,0.9088003206556553,-13.368870220931784,0.21666666666666667
P17,trial_72_R_affected,affected,abd,Shoulder abduction,deg,4.436895203178248,0.8230003878229367,-11.332105118127913,0.21666666666666667
P17,trial_72_R_affected,affected,trunk,Trunk displacement,mm,6.057430616582083,0.9501750830775069,3.6800006474766134,0.21666666666666667
P17,trial_73_R_affected,affected,eev,End-effector velocity,mm/s,129.62700168989383,0.7592900783503798,-11.785835142275813,0.21666666666666667
P17,trial_73_R_affected,affected,eav,Elbow angular velocity,deg/s,26.616463845898625,0.7410426572170988,2.487815152884504,0.21666666666666667
P17,trial_73_R_affected,affected,elbow,Elbow extension,deg,9.872059069922367,0.9638569453117263,-1.8240934620417972,0.21666666666666667
P17,trial_73_R_affected,affected,flex,Shoulder flexion,deg,7.551916946109951,0.7247985251818713,-17.31256713768224,0.21666666666666667
P17,trial_73_R_affected,affected,abd,Shoulder abduction,deg,4.535423651059521,0.5518729789528414,-11.306147382262662,0.21666666666666667
P17,trial_73_R_affected,affected,trunk,Trunk displacement,mm,7.337115959512555,0.8813313993663914,11.382824724034007,0.21666666666666667
P17,trial_74_R_affected,affected,eev,End-effector velocity,mm/s,145.8014079852813,0.7439079390562982,-10.682156783667796,0.2
P17,trial_74_R_affected,affected,eav,Elbow angular velocity,deg/s,29.011868084077687,0.731297498625016,2.3886794501510393,0.2
P17,trial_74_R_affected,affected,elbow,Elbow extension,deg,10.292470577445012,0.956797965557115,-1.5519779838094059,0.2
P17,trial_74_R_affected,affected,flex,Shoulder flexion,deg,5.955477729538901,0.7935941147499459,-14.753984452305247,0.2
P17,trial_74_R_affected,affected,abd,Shoulder abduction,deg,4.916158139177536,0.5150142562407077,-11.511525234107095,0.2
P17,trial_74_R_affected,affected,trunk,Trunk displacement,mm,6.302644188526068,0.9237212548562584,5.902186623314676,0.2
P17,trial_75_R_affected,affected,eev,End-effector velocity,mm/s,154.8324668493857,0.7305838432009888,-9.104856631178075,0.21666666666666667
P17,trial_75_R_affected,affected,eav,Elbow angular velocity,deg/s,31.61821361470122,0.7174843265044994,3.1464291841115837,0.21666666666666667
P17,trial_75_R_affected,affected,elbow,Elbow extension,deg,10.575316945967737,0.9560520919403066,-1.3518791761499296,0.21666666666666667
P17,trial_75_R_affected,affected,flex,Shoulder flexion,deg,8.06561149243134,0.6777889850302218,-15.952888719980036,0.21666666666666667
P17,trial_75_R_affected,affected,abd,Shoulder abduction,deg,4.563313720260471,0.6414810038741204,-11.304352981336779,0.21666666666666667
P17,trial_75_R_affected,affected,trunk,Trunk displacement,mm,7.725452745834571,0.9119257872747674,10.920161629106017,0.21666666666666667
P17,trial_76_R_affected,affected,eev,End-effector velocity,mm/s,144.22259739500223,0.7460988491907806,-7.436694558679705,0.21666666666666667
P17,trial_76_R_affected,affected,eav,Elbow angular velocity,deg/s,29.8523270500058,0.7192061179006989,3.0592533014122183,0.21666666666666667
P17,trial_76_R_affected,affected,elbow,Elbow extension,deg,10.230118097743313,0.960203503981896,-0.5729047967336007,0.21666666666666667
P17,trial_76_R_affected,affected,flex,Shoulder flexion,deg,5.870842054895386,0.8327120252903046,-12.595632716887012,0.21666666666666667
P17,trial_76_R_affected,affected,abd,Shoulder abduction,deg,4.41522756179578,0.6989115128134302,-11.476121782397664,0.21666666666666667
P17,trial_76_R_affected,affected,trunk,Trunk displacement,mm,7.154470844849086,0.9194742144074799,6.02567762772859,0.21666666666666667
P17,trial_77_R_affected,affected,eev,End-effector velocity,mm/s,138.8506268041671,0.7902923270938386,-10.416733415836557,0.23333333333333334
P17,trial_77_R_affected,affected,eav,Elbow angular velocity,deg/s,26.978761209749923,0.7853741635827691,3.4800075019755203,0.23333333333333334
P17,trial_77_R_affected,affected,elbow,Elbow extension,deg,9.418044118345113,0.9694976980460775,-1.6332459789884128,0.23333333333333334
P17,trial_77_R_affected,affected,flex,Shoulder flexion,deg,5.998197619975255,0.9109453633157937,-14.217596048049947,0.23333333333333334
P17,trial_77_R_affected,affected,abd,Shoulder abduction,deg,4.861088764515639,0.8219880093566386,-11.963882025989836,0.23333333333333334
P17,trial_77_R_affected,affected,trunk,Trunk displacement,mm,6.94742789490815,0.9375335294310476,9.49433596339598,0.23333333333333334
P17,trial_79_R_affected,affected,eev,End-effector velocity,mm/s,176.1898162610897,0.6879008709562485,-5.504588245667686,0.18333333333333332
P17,trial_79_R_affected,affected,eav,Elbow angular velocity,deg/s,36.13539499679948,0.6793737501192151,3.5860510253176248,0.18333333333333332
P17,trial_79_R_affected,affected,elbow,Elbow extension,deg,12.312865302304429,0.9392410197548896,-1.5773237319795514,0.18333333333333332
P17,trial_79_R_affected,affected,flex,Shoulder flexion,deg,7.380524821446029,0.8330605342374922,-12.448030357566502,0.18333333333333332
P17,trial_79_R_affected,affected,abd,Shoulder abduction,deg,5.862691805059797,0.7475427992581468,-11.727779845537489,0.18333333333333332
P17,trial_79_R_affected,affected,trunk,Trunk displacement,mm,7.447847464779012,0.899359701149304,6.859527078993979,0.18333333333333332
P17,trial_7_L_unaffected,unaffected,eev,End-effector velocity,mm/s,172.3207361885591,0.7803129021383428,-6.089728967900888,0.21666666666666667
P17,trial_7_L_unaffected,unaffected,eav,Elbow angular velocity,deg/s,32.94434028758978,0.7359071006991432,3.5906494197430723,0.21666666666666667
P17,trial_7_L_unaffected,unaffected,elbow,Elbow extension,deg,10.987408785294965,0.9573808968797035,8.391233835108835,0.21666666666666667
P17,trial_7_L_unaffected,unaffected,flex,Shoulder flexion,deg,9.222429431809028,0.7480231861543283,-10.61573969738283,0.21666666666666667
P17,trial_7_L_unaffected,unaffected,abd,Shoulder abduction,deg,5.071262971805424,0.9055016874369117,-12.29391640331326,0.21666666666666667
P17,trial_7_L_unaffected,unaffected,trunk,Trunk displacement,mm,8.998941537514053,0.9054176157470561,4.476148862879366,0.21666666666666667
P17,trial_80_R_affected,affected,eev,End-effector velocity,mm/s,159.0661674481248,0.734348418058027,-8.39611593750313,0.2
P17,trial_80_R_affected,affected,eav,Elbow angular velocity,deg/s,32.69776824426822,0.7032308636910648,2.590728727150588,0.2
P17,trial_80_R_affected,affected,elbow,Elbow extension,deg,10.637523469675955,0.9533036180626882,-1.205902483278867,0.2
P17,trial_80_R_affected,affected,flex,Shoulder flexion,deg,6.905041424725399,0.852595350415762,-13.77405654408259,0.2
P17,trial_80_R_affected,affected,abd,Shoulder abduction,deg,5.400721703359477,0.7065708169015766,-11.782667002412149,0.2
P17,trial_80_R_affected,affected,trunk,Trunk displacement,mm,5.611271205244493,0.9218902297859738,8.10664582749873,0.2
P17,trial_82_R_affected,affected,eev,End-effector velocity,mm/s,139.27751307621162,0.7716072427151157,-8.330845064645613,0.23333333333333334
P17,trial_82_R_affected,affected,eav,Elbow angular velocity,deg/s,30.241128350186756,0.7337646612637603,3.6409146226922315,0.23333333333333334
P17,trial_82_R_affected,affected,elbow,Elbow extension,deg,10.744911890914572,0.9607768271933395,-1.7605663000293947,0.23333333333333334
P17,trial_82_R_affected,affected,flex,Shoulder flexion,deg,5.6240604545326836,0.8719410559954575,-13.993642332769353,0.23333333333333334
P17,trial_82_R_affected,affected,abd,Shoulder abduction,deg,5.334595709034683,0.8604830683780678,-11.901417826013947,0.23333333333333334
P17,trial_82_R_affected,affected,trunk,Trunk displacement,mm,7.117769899662667,0.9105781050964384,10.360660401536215,0.23333333333333334
P17,trial_83_R_affected,affected,eev,End-effector velocity,mm/s,154.5781065416313,0.7131504229263949,-6.483702052336684,0.18333333333333332
P17,trial_83_R_affected,affected,eav,Elbow angular velocity,deg/s,32.30165906694613,0.6877756359643379,4.025010791206555,0.18333333333333332
P17,trial_83_R_affected,affected,elbow,Elbow extension,deg,11.406989473489263,0.9487112429885949,-0.8806374105487866,0.18333333333333332
P17,trial_83_R_affected,affected,flex,Shoulder flexion,deg,5.563817601539799,0.8555118402696206,-13.818039575652486,0.18333333333333332
P17,trial_83_R_affected,affected,abd,Shoulder abduction,deg,5.623499733494806,0.6719510154465913,-12.20133635199487,0.18333333333333332
P17,trial_83_R_affected,affected,trunk,Trunk displacement,mm,7.816530916151702,0.8944213481218094,8.533523118253397,0.18333333333333332
P17,trial_8_L_unaffected,unaffected,eev,End-effector velocity,mm/s,157.45820955619757,0.8193761067747636,-13.44641052221636,0.23333333333333334
P17,trial_8_L_unaffected,unaffected,eav,Elbow angular velocity,deg/s,31.01167826435886,0.7766024606626302,4.194259751610734,0.23333333333333334
P17,trial_8_L_unaffected,unaffected,elbow,Elbow extension,deg,9.70294651661262,0.9674025389183962,7.491362618531404,0.23333333333333334
P17,trial_8_L_unaffected,unaffected,flex,Shoulder flexion,deg,10.026175864491144,0.7313132595114078,-10.6211785213981,0.23333333333333334
P17,trial_8_L_unaffected,unaffected,abd,Shoulder abduction,deg,5.231489362443553,0.9154467614425374,-13.09901430971352,0.23333333333333334
P17,trial_8_L_unaffected,unaffected,trunk,Trunk displacement,mm,7.227150677524709,0.9163759555142074,5.144556206647136,0.23333333333333334
P17,trial_9_L_unaffected,unaffected,eev,End-effector velocity,mm/s,144.06895489932262,0.8523838102053217,-25.4582117761989,0.23333333333333334
P17,trial_9_L_unaffected,unaffected,eav,Elbow angular velocity,deg/s,29.579371600013364,0.7927505167593163,5.580200514644656,0.23333333333333334
P17,trial_9_L_unaffected,unaffected,elbow,Elbow extension,deg,9.898992097683902,0.9630982244586779,8.383542708100943,0.23333333333333334
P17,trial_9_L_unaffected,unaffected,flex,Shoulder flexion,deg,9.734971452962219,0.7373856906623352,-10.75062633998672,0.23333333333333334
P17,trial_9_L_unaffected,unaffected,abd,Shoulder abduction,deg,5.1900820669758385,0.9042631158707141,-12.935515468751369,0.23333333333333334
P17,trial_9_L_unaffected,unaffected,trunk,Trunk displacement,mm,6.447784667324348,0.8874767508293356,3.7426817340828076,0.23333333333333334
P19,trial_10_L_unaffected,unaffected,eev,End-effector velocity,mm/s,173.61359838354554,0.39760806308539537,-4.88056530548885,0.0
P19,trial_10_L_unaffected,unaffected,eav,Elbow angular velocity,deg/s,31.62112240951591,0.3119052088814151,-7.758434791374513,0.0
P19,trial_10_L_unaffected,unaffected,elbow,Elbow extension,deg,14.170888751858062,0.5801085175535173,2.5122856739888104,0.0
P19,trial_11_L_unaffected,unaffected,eev,End-effector velocity,mm/s,143.4653644911028,0.45117560240682486,-3.0531929682785806,0.0
P19,trial_11_L_unaffected,unaffected,eav,Elbow angular velocity,deg/s,28.511854306832596,0.3295681657999611,-13.298244783411434,0.0
P19,trial_11_L_unaffected,unaffected,elbow,Elbow extension,deg,13.05165922338079,0.569644565388158,-8.823955526234196,0.0
P19,trial_12_L_unaffected,unaffected,eev,End-effector velocity,mm/s,146.2773341030723,0.5398282141760643,29.921692888851947,0.0
P19,trial_12_L_unaffected,unaffected,eav,Elbow angular velocity,deg/s,34.76670095063104,0.35800448625076,-7.367347823803515,0.0
P19,trial_12_L_unaffected,unaffected,elbow,Elbow extension,deg,17.643165386852157,0.4761902532589995,-14.893015601472898,0.0
P19,trial_13_L_unaffected,unaffected,eev,End-effector velocity,mm/s,161.18899012759195,0.3954984896177093,60.87168375002814,0.0
P19,trial_13_L_unaffected,unaffected,eav,Elbow angular velocity,deg/s,37.92886393647314,0.3532058932099501,-3.7852300737342013,0.0
P19,trial_13_L_unaffected,unaffected,elbow,Elbow extension,deg,20.3434175469431,0.46787475216447594,-11.471296421756021,0.0
P19,trial_15_L_unaffected,unaffected,eev,End-effector velocity,mm/s,102.97246826541078,0.5207364319346527,-5.009357527646285,0.0
P19,trial_15_L_unaffected,unaffected,eav,Elbow angular velocity,deg/s,22.91011454378652,0.47799625026752124,-4.527252374493935,0.0
P19,trial_15_L_unaffected,unaffected,elbow,Elbow extension,deg,8.242592057904034,0.865858955340155,7.923388878993886,0.0
P19,trial_16_L_unaffected,unaffected,eev,End-effector velocity,mm/s,78.60741116088725,0.6220693621944621,-6.572899342018979,0.0
P19,trial_16_L_unaffected,unaffected,eav,Elbow angular velocity,deg/s,17.428884083032187,0.5140948720674399,-2.383127352805637,0.0
P19,trial_16_L_unaffected,unaffected,elbow,Elbow extension,deg,5.332552745032959,0.9309729198861266,4.868685733174539,0.0
P19,trial_17_L_unaffected,unaffected,eev,End-effector velocity,mm/s,94.5199348810172,0.463477901935562,-4.902951930539933,0.0
P19,trial_17_L_unaffected,unaffected,eav,Elbow angular velocity,deg/s,15.163693208790123,0.43639975438659023,-3.063127868762672,0.0
P19,trial_17_L_unaffected,unaffected,elbow,Elbow extension,deg,5.540853205415604,0.8871982209190215,0.3497708121717756,0.0
P19,trial_18_L_unaffected,unaffected,eev,End-effector velocity,mm/s,132.7604831051509,0.48254820780008956,-0.1660112205859702,0.0
P19,trial_18_L_unaffected,unaffected,eav,Elbow angular velocity,deg/s,27.031234338176322,0.3985599878227922,-3.4153436175655374,0.0
P19,trial_18_L_unaffected,unaffected,elbow,Elbow extension,deg,8.958452062692457,0.8312420618470754,7.7631052799699685,0.0
P19,trial_20_L_unaffected,unaffected,eev,End-effector velocity,mm/s,143.17473539034515,0.42691107853176885,-0.311819320668201,0.0
P19,trial_20_L_unaffected,unaffected,eav,Elbow angular velocity,deg/s,27.21366601576996,0.4263627616927453,-4.682752136445454,0.0
P19,trial_20_L_unaffected,unaffected,elbow,Elbow extension,deg,8.456585413386952,0.8268951319767551,3.3496003921564137,0.0
P19,trial_21_L_unaffected,unaffected,eev,End-effector velocity,mm/s,122.99102769370876,0.5131027508293492,1.1391026072190382,0.0
P19,trial_21_L_unaffected,unaffected,eav,Elbow angular velocity,deg/s,22.14183321009071,0.4919453953141844,-6.8471969501904155,0.0
P19,trial_21_L_unaffected,unaffected,elbow,Elbow extension,deg,10.871149930859751,0.7020846194107764,-6.343614113124818,0.0
P19,trial_22_L_unaffected,unaffected,eev,End-effector velocity,mm/s,121.2110086656965,0.5910267975822102,11.970729377889064,0.0
P19,trial_22_L_unaffected,unaffected,eav,Elbow angular velocity,deg/s,28.665766954435398,0.3757602092281245,-3.8349085801588116,0.0
P19,trial_22_L_unaffected,unaffected,elbow,Elbow extension,deg,11.891839648291151,0.760029632663971,6.477497051191681,0.0
P19,trial_23_L_unaffected,unaffected,eev,End-effector velocity,mm/s,138.80964880456045,0.41919670823327465,-2.4979107719369873,0.0
P19,trial_23_L_unaffected,unaffected,eav,Elbow angular velocity,deg/s,23.308933713784388,0.3766670817622693,-5.309266209146606,0.0
P19,trial_23_L_unaffected,unaffected,elbow,Elbow extension,deg,11.528070313190808,0.7443064818743756,3.4179745016439065,0.0
P19,trial_24_L_unaffected,unaffected,eev,End-effector velocity,mm/s,145.7455805788972,0.5093941539219654,9.383394745159949,0.0
P19,trial_24_L_unaffected,unaffected,eav,Elbow angular velocity,deg/s,28.49088009980227,0.42041873328044654,-5.364497259037214,0.0
P19,trial_24_L_unaffected,unaffected,elbow,Elbow extension,deg,11.89285301701324,0.7492936290421467,5.1111629712996836,0.0
P19,trial_25_L_unaffected,unaffected,eev,End-effector velocity,mm/s,131.4088334261174,0.6041453430996764,16.02927511680177,0.0
P19,trial_25_L_unaffected,unaffected,eav,Elbow angular velocity,deg/s,28.986074522047584,0.38395831361819055,-2.961575628206454,0.0
P19,trial_25_L_unaffected,unaffected,elbow,Elbow extension,deg,7.093954492675144,0.8988784909155998,-0.676608967046437,0.0
P19,trial_28_L_unaffected,unaffected,eev,End-effector velocity,mm/s,157.9081350747294,0.44318198996160274,-17.11213238236099,0.0
P19,trial_28_L_unaffected,unaffected,eav,Elbow angular velocity,deg/s,27.6931229217755,0.45566938029212783,-7.950461622417305,0.0
P19,trial_28_L_unaffected,unaffected,elbow,Elbow extension,deg,8.276884682548557,0.8737693188576544,-1.4308517787806931,0.0
P19,trial_29_L_unaffected,unaffected,eev,End-effector velocity,mm/s,106.79770387233343,0.6410678175328871,-0.03808808974453554,0.0
P19,trial_29_L_unaffected,unaffected,eav,Elbow angular velocity,deg/s,20.080216942444917,0.4254967826822936,-12.966319262571604,0.0
P19,trial_29_L_unaffected,unaffected,elbow,Elbow extension,deg,10.371076126791513,0.7175516935882887,-15.773726738505408,0.0
P19,trial_31_L_unaffected,unaffected,eev,End-effector velocity,mm/s,110.0332427376174,0.6171601776473555,2.277288093538707,0.0
P19,trial_31_L_unaffected,unaffected,eav,Elbow angular velocity,deg/s,23.58931736503943,0.3174465171901031,-12.66967308943362,0.0
P19,trial_31_L_unaffected,unaffected,elbow,Elbow extension,deg,9.87084174196468,0.8204853356500994,-14.045087415098244,0.0
P19,trial_35_L_unaffected,unaffected,eev,End-effector velocity,mm/s,116.82148093011746,0.5944289685950033,4.0944243456345575,0.0
P19,trial_35_L_unaffected,unaffected,eav,Elbow angular velocity,deg/s,22.154030283290385,0.2747809211176277,-12.78873637094615,0.0
P19,trial_35_L_unaffected,unaffected,elbow,Elbow extension,deg,12.184015666659654,0.5971268833087188,-18.085402657832354,0.0
P19,trial_36_L_unaffected,unaffected,eev,End-effector velocity,mm/s,140.25899297071783,0.5063726579423502,-7.980002080367329,0.0
P19,trial_36_L_unaffected,unaffected,eav,Elbow angular velocity,deg/s,25.810601131575236,0.24178963226207992,-13.629639885634447,0.0
P19,trial_36_L_unaffected,unaffected,elbow,Elbow extension,deg,12.092897651210652,0.8454359874857917,-19.17197085465531,0.0
P19,trial_37_L_unaffected,unaffected,eev,End-effector velocity,mm/s,134.0277107689564,0.4713281761356052,-10.578382079521688,0.0
P19,trial_37_L_unaffected,unaffected,eav,Elbow angular velocity,deg/s,21.0205253360119,0.31877134418813646,-9.792563868750062,0.0
P19,trial_37_L_unaffected,unaffected,elbow,Elbow extension,deg,12.906419620843677,0.4654650837016153,-17.749734905887667,0.0
P19,trial_38_L_unaffected,unaffected,eev,End-effector velocity,mm/s,147.34784328291354,0.5232253602818844,-2.5632460200695912,0.0
P19,trial_38_L_unaffected,unaffected,eav,Elbow angular velocity,deg/s,27.481543978609498,0.2071795323045456,-13.498493395225143,0.0
P19,trial_38_L_unaffected,unaffected,elbow,Elbow extension,deg,11.142552336172349,0.6819546534593857,-13.172018011579812,0.0
P19,trial_39_L_unaffected,unaffected,eev,End-effector velocity,mm/s,152.38333553215415,0.5128876347459745,7.372104359035491,0.0
P19,trial_39_L_unaffected,unaffected,eav,Elbow angular velocity,deg/s,27.374788778644813,0.23459517820258258,-12.298553442642259,0.0
P19,trial_39_L_unaffected,unaffected,elbow,Elbow extension,deg,11.093497535504174,0.6817568227030772,-13.548325513409841,0.0
P19,trial_40_L_unaffected,unaffected,eev,End-effector velocity,mm/s,138.70669409277974,0.5184300105665175,-10.259821618066205,0.0
P19,trial_40_L_unaffected,unaffected,eav,Elbow angular velocity,deg/s,25.211254365920972,0.20114782525670294,-13.18886050075026,0.0
P19,trial_40_L_unaffected,unaffected,elbow,Elbow extension,deg,12.576841229899177,0.5892417107011639,-15.590220441344592,0.0
P19,trial_42_L_unaffected,unaffected,eev,End-effector velocity,mm/s,268.830603231307,0.22295556687690785,-13.710941395692997,0.0
P19,trial_42_L_unaffected,unaffected,eav,Elbow angular velocity,deg/s,41.90345183303307,0.046165186755670815,-16.159895044356965,0.0
P19,trial_42_L_unaffected,unaffected,elbow,Elbow extension,deg,13.76064194796337,0.6004678203701024,-11.595455706144442,0.0
P19,trial_44_L_unaffected,unaffected,eev,End-effector velocity,mm/s,148.22587653755568,0.4729597240649108,-5.3214100137037255,0.0
P19,trial_44_L_unaffected,unaffected,eav,Elbow angular velocity,deg/s,24.38348278997997,0.18735400445266692,-10.666985552513438,0.0
P19,trial_44_L_unaffected,unaffected,elbow,Elbow extension,deg,9.962753781111715,0.7883776600812762,-7.990067873039045,0.0
P19,trial_45_L_unaffected,unaffected,eev,End-effector velocity,mm/s,139.64209296016048,0.5966205532355419,-3.844415417187987,0.0
P19,trial_45_L_unaffected,unaffected,eav,Elbow angular velocity,deg/s,23.112190056187778,0.25405902627278754,-11.493361317669324,0.0
P19,trial_45_L_unaffected,unaffected,elbow,Elbow extension,deg,9.422577575050573,0.7974306238427261,-11.713463662811536,0.0
P19,trial_47_R_affected,affected,eev,End-effector velocity,mm/s,199.10674318012798,0.2917583801811203,1.8708293811149146,0.06666666666666667
P19,trial_48_R_affected,affected,eev,End-effector velocity,mm/s,197.34758589185913,0.5139519802498168,37.11020637626183,0.2
P19,trial_49_R_affected,affected,eev,End-effector velocity,mm/s,250.1150529332765,0.26607717309724893,88.11265245478758,0.016666666666666666
P19,trial_52_R_affected,affected,eev,End-effector velocity,mm/s,211.99241928699945,0.3734450519695254,53.51258397163696,0.1
P19,trial_53_R_affected,affected,eev,End-effector velocity,mm/s,197.8916413445653,0.47266495623736504,39.786942086724565,0.08333333333333333
P19,trial_54_R_affected,affected,eev,End-effector velocity,mm/s,211.3512204160426,0.4377664158440184,72.31581547395444,0.18333333333333332
P19,trial_57_R_affected,affected,eev,End-effector velocity,mm/s,240.98908135620465,0.2693326186395828,44.4699699483309,0.016666666666666666
P19,trial_58_R_affected,affected,eev,End-effector velocity,mm/s,151.8641129101391,0.6886802986449587,-29.63154367641954,0.11666666666666667
P19,trial_59_R_affected,affected,eev,End-effector velocity,mm/s,171.76024042679475,0.6194563173076219,-18.129776756092703,0.08333333333333333
P19,trial_60_R_affected,affected,eev,End-effector velocity,mm/s,145.5388375423975,0.6883163076843398,18.07584283767091,0.1
P19,trial_61_R_affected,affected,eev,End-effector velocity,mm/s,164.78335139597397,0.5484849383693231,12.935227807612067,0.03333333333333333
P19,trial_62_R_affected,affected,eev,End-effector velocity,mm/s,137.04101995294036,0.6725172297559524,2.2504855358965385,0.08333333333333333
P19,trial_63_R_affected,affected,eev,End-effector velocity,mm/s,204.8796954251014,0.5908137140906231,94.88896362270346,0.08333333333333333
P19,trial_64_R_affected,affected,eev,End-effector velocity,mm/s,168.24947581120924,0.4873805475708634,13.204291369437387,0.03333333333333333
P19,trial_67_R_affected,affected,eev,End-effector velocity,mm/s,138.48249832161747,0.7510188277100697,-10.084034278528033,0.15
P19,trial_6_L_unaffected,unaffected,eev,End-effector velocity,mm/s,163.5869687104359,0.3660212076171496,39.34923396886177,0.0
P19,trial_6_L_unaffected,unaffected,eav,Elbow angular velocity,deg/s,42.0561194830246,0.2826299888048782,-5.998034835358853,0.0
P19,trial_6_L_unaffected,unaffected,elbow,Elbow extension,deg,20.420694315748676,0.7335705938414308,9.997282580958935,0.0
P19,trial_70_R_affected,affected,eev,End-effector velocity,mm/s,142.7504287675536,0.6780535666068211,5.655814128872329,0.06666666666666667
P19,trial_74_R_affected,affected,eev,End-effector velocity,mm/s,115.0562268749541,0.7233809656041825,0.6620474471105722,0.21666666666666667
P19,trial_77_R_affected,affected,eev,End-effector velocity,mm/s,138.56120448201585,0.7080995005338002,12.588526447116122,0.1
P19,trial_78_R_affected,affected,eev,End-effector velocity,mm/s,203.04006877705,0.42050523559473624,75.54769458243548,0.1
P19,trial_7_L_unaffected,unaffected,eev,End-effector velocity,mm/s,120.40611581623891,0.5035932092506998,-0.15780354316795056,0.0
P19,trial_7_L_unaffected,unaffected,eav,Elbow angular velocity,deg/s,26.009911247144533,0.34096069511038113,-9.403614511253187,0.0
P19,trial_7_L_unaffected,unaffected,elbow,Elbow extension,deg,9.518934580700476,0.7853850509127227,4.6504009073851265,0.0
P19,trial_80_R_affected,affected,eev,End-effector velocity,mm/s,140.6118209439736,0.629295279433399,-1.8662262944610097,0.1
P19,trial_83_R_affected,affected,eev,End-effector velocity,mm/s,130.49180149912715,0.7231265173167317,3.9049524414902175,0.1
P19,trial_84_R_affected,affected,eev,End-effector velocity,mm/s,137.58099818688322,0.7250463281233478,-7.584173054696456,0.1
P19,trial_85_R_affected,affected,eev,End-effector velocity,mm/s,133.7556889905344,0.4883080660543697,-29.785606067471505,0.08333333333333333
P19,trial_87_R_affected,affected,eev,End-effector velocity,mm/s,140.64953194975467,0.6710469410138727,11.918092140790543,0.11666666666666667
P19,trial_88_R_affected,affected,eev,End-effector velocity,mm/s,121.66237138341545,0.7068710722915947,-0.4916711297316659,0.08333333333333333
P19,trial_8_L_unaffected,unaffected,eev,End-effector velocity,mm/s,149.89602219956896,0.4186459803281478,0.4522671960155533,0.0
P19,trial_8_L_unaffected,unaffected,eav,Elbow angular velocity,deg/s,30.93166845040553,0.35496275774022706,-6.216936871218049,0.0
P19,trial_8_L_unaffected,unaffected,elbow,Elbow extension,deg,10.209612414661688,0.7906869134294758,5.274134242160959,0.0
P19,trial_90_R_affected,affected,eev,End-effector velocity,mm/s,110.42263408146789,0.5584049350217033,-18.940015364630305,0.1
P19,trial_93_R_affected,affected,eev,End-effector velocity,mm/s,104.2971817920241,0.6970345670485291,-14.999975182254394,0.1
P251,trial_10_R_unaffected,unaffected,eev,End-effector velocity,mm/s,50.89342541828158,0.958503961116713,-25.462473402909374,0.05
P251,trial_10_R_unaffected,unaffected,eav,Elbow angular velocity,deg/s,9.993642592845898,0.9475084777277533,0.9289822710889716,0.05
P251,trial_10_R_unaffected,unaffected,elbow,Elbow extension,deg,6.794119657663992,0.9885571935222434,1.9667277467306636,0.05
P251,trial_10_R_unaffected,unaffected,flex,Shoulder flexion,deg,7.1880890306736,0.7696407457153114,-11.781842372553335,0.05
P251,trial_10_R_unaffected,unaffected,abd,Shoulder abduction,deg,2.5992178348992785,0.5677399869957758,-10.54100786592734,0.05
P251,trial_10_R_unaffected,unaffected,trunk,Trunk displacement,mm,2.6569585897970067,0.9721044756388357,4.511523568128868,0.05
P251,trial_11_R_unaffected,unaffected,eev,End-effector velocity,mm/s,51.843983719807795,0.9512019523456954,-25.483050626062965,0.03333333333333333
P251,trial_11_R_unaffected,unaffected,eav,Elbow angular velocity,deg/s,9.336558789190335,0.9434036253419449,-0.23615657410502264,0.03333333333333333
P251,trial_11_R_unaffected,unaffected,elbow,Elbow extension,deg,5.229138601540228,0.9868403811703474,-0.7562814093872187,0.03333333333333333
P251,trial_11_R_unaffected,unaffected,flex,Shoulder flexion,deg,8.73817045314267,0.6322896839749166,-11.491559202594182,0.03333333333333333
P251,trial_11_R_unaffected,unaffected,abd,Shoulder abduction,deg,2.877507935815222,0.6485656790983119,-9.607592050891151,0.03333333333333333
P251,trial_11_R_unaffected,unaffected,trunk,Trunk displacement,mm,6.386349200242895,0.7383822944094335,11.146256132754399,0.03333333333333333
P251,trial_12_R_unaffected,unaffected,eev,End-effector velocity,mm/s,260.6094552830998,-0.26399985082796895,-43.61195520591866,0.9
P251,trial_12_R_unaffected,unaffected,eav,Elbow angular velocity,deg/s,46.89352983272429,-0.23082391866292876,0.47018084706218904,0.9
P251,trial_12_R_unaffected,unaffected,elbow,Elbow extension,deg,32.50330259600387,0.5316235494041857,-1.6002221773583936,0.9
P251,trial_12_R_unaffected,unaffected,flex,Shoulder flexion,deg,10.066584837373805,0.18511370446350703,-18.252333580751973,0.9
P251,trial_12_R_unaffected,unaffected,abd,Shoulder abduction,deg,5.340635360200742,-0.3457121956080656,-13.486517903145256,0.9
P251,trial_12_R_unaffected,unaffected,trunk,Trunk displacement,mm,13.139601769167143,0.1833020563305353,7.2366768957511916,0.9
P251,trial_13_R_unaffected,unaffected,eev,End-effector velocity,mm/s,230.53949088864206,-0.07217483176588332,-9.75080414020081,-0.65
P251,trial_13_R_unaffected,unaffected,eav,Elbow angular velocity,deg/s,49.687753109750815,-0.14132552204832632,1.1633516669228319,-0.65
P251,trial_13_R_unaffected,unaffected,elbow,Elbow extension,deg,26.194627127551534,0.7065682978561201,3.204122006064328,-0.65
P251,trial_13_R_unaffected,unaffected,flex,Shoulder flexion,deg,7.880744399200151,0.42797370723827566,-17.696348813164285,-0.65
P251,trial_13_R_unaffected,unaffected,abd,Shoulder abduction,deg,4.104446120428454,0.22067159327838715,-12.75265355274796,-0.65
P251,trial_13_R_unaffected,unaffected,trunk,Trunk displacement,mm,13.987302369742475,0.2704347896064358,4.516888336356908,-0.65
P251,trial_14_R_unaffected,unaffected,eev,End-effector velocity,mm/s,168.90547444264834,0.4156375063419624,-35.66980729138481,0.38333333333333336
P251,trial_14_R_unaffected,unaffected,eav,Elbow angular velocity,deg/s,33.146912074644646,0.4361198730939289,0.5704520467551392,0.38333333333333336
P251,trial_14_R_unaffected,unaffected,elbow,Elbow extension,deg,15.662700859616454,0.9072010987014072,1.7978182022088294,0.38333333333333336
P251,trial_14_R_unaffected,unaffected,flex,Shoulder flexion,deg,7.466395648096991,0.654088384375398,-18.874613660096657,0.38333333333333336
P251,trial_14_R_unaffected,unaffected,abd,Shoulder abduction,deg,4.001704187001788,0.4789576633315495,-13.153213911996646,0.38333333333333336
P251,trial_14_R_unaffected,unaffected,trunk,Trunk displacement,mm,9.973300766287448,0.7106268450576905,10.716746280964077,0.38333333333333336
P251,trial_15_R_unaffected,unaffected,eev,End-effector velocity,mm/s,264.5296901600393,-0.24721737530076485,-9.22111199752251,-0.7833333333333333
P251,trial_15_R_unaffected,unaffected,eav,Elbow angular velocity,deg/s,55.624995786736,-0.2093930007550095,1.6750610894961169,-0.7833333333333333
P251,trial_15_R_unaffected,unaffected,elbow,Elbow extension,deg,28.630925677546422,0.6759792231240124,-0.7352271885054305,-0.7833333333333333
P251,trial_15_R_unaffected,unaffected,flex,Shoulder flexion,deg,8.291997220796413,-0.011469655258550553,-20.786572787211178,-0.7833333333333333
P251,trial_15_R_unaffected,unaffected,abd,Shoulder abduction,deg,4.2392112313004064,0.0018049203206044104,-12.823006974153747,-0.7833333333333333
P251,trial_15_R_unaffected,unaffected,trunk,Trunk displacement,mm,14.298143260098692,0.27526034867331234,3.821713970062389,-0.7833333333333333
P251,trial_16_R_unaffected,unaffected,eev,End-effector velocity,mm/s,119.94974875484404,0.7668110266707612,-26.596114463461703,-0.1
P251,trial_16_R_unaffected,unaffected,eav,Elbow angular velocity,deg/s,22.431716567964045,0.7926127646641626,1.05531584964832,-0.1
P251,trial_16_R_unaffected,unaffected,elbow,Elbow extension,deg,7.663525037899486,0.9788025060753215,2.127956180587987,-0.1
P251,trial_16_R_unaffected,unaffected,flex,Shoulder flexion,deg,5.896023918119976,0.8283735330013514,-18.80044221951754,-0.1
P251,trial_16_R_unaffected,unaffected,abd,Shoulder abduction,deg,3.061337695432183,0.5058715522766384,-12.531790437423455,-0.1
P251,trial_16_R_unaffected,unaffected,trunk,Trunk displacement,mm,6.0891871081054,0.9133254341820705,5.778253635073844,-0.1
P251,trial_17_R_unaffected,unaffected,eev,End-effector velocity,mm/s,89.53716747369879,0.882721045213429,-28.598820213502183,0.15
P251,trial_17_R_unaffected,unaffected,eav,Elbow angular velocity,deg/s,15.431562204576375,0.9000129074624482,1.53641884926267,0.15
P251,trial_17_R_unaffected,unaffected,elbow,Elbow extension,deg,9.112623197638769,0.9774603123737347,3.729534580250293,0.15
P251,trial_17_R_unaffected,unaffected,flex,Shoulder flexion,deg,5.52813185155986,0.8887712913933858,-16.082060494128257,0.15
P251,trial_17_R_unaffected,unaffected,abd,Shoulder abduction,deg,2.0983219155173582,0.7606794409747376,-12.967892721934183,0.15
P251,trial_17_R_unaffected,unaffected,trunk,Trunk displacement,mm,5.470432172698335,0.9355859405777395,12.62414524553897,0.15
P251,trial_18_R_unaffected,unaffected,eev,End-effector velocity,mm/s,177.32361616964008,0.3923281239853974,-18.4704674114483,0.2833333333333333
P251,trial_18_R_unaffected,unaffected,eav,Elbow angular velocity,deg/s,35.16312617554753,0.47309557981851624,1.0010141373436399,0.2833333333333333
P251,trial_18_R_unaffected,unaffected,elbow,Elbow extension,deg,17.59507940751591,0.8926955403655658,1.5375585726654892,0.2833333333333333
P251,trial_18_R_unaffected,unaffected,flex,Shoulder flexion,deg,7.867317553982301,0.3241616031248073,-18.636723149486077,0.2833333333333333
P251,trial_18_R_unaffected,unaffected,abd,Shoulder abduction,deg,3.5601046097292186,0.42114930841934434,-13.20758174928461,0.2833333333333333
P251,trial_18_R_unaffected,unaffected,trunk,Trunk displacement,mm,10.492040783765294,0.6115967312263236,7.575525377414024,0.2833333333333333
P251,trial_19_R_unaffected,unaffected,eev,End-effector velocity,mm/s,202.72746702255697,0.138888211869497,-39.72007747788837,-0.23333333333333334
P251,trial_19_R_unaffected,unaffected,eav,Elbow angular velocity,deg/s,38.90109607681594,0.19649976763788335,1.1462790821747202,-0.23333333333333334
P251,trial_19_R_unaffected,unaffected,elbow,Elbow extension,deg,25.322965498437995,0.7405285857168766,4.142733751417747,-0.23333333333333334
P251,trial_19_R_unaffected,unaffected,flex,Shoulder flexion,deg,5.102044016326004,0.5876384865765049,-20.539139086066736,-0.23333333333333334
P251,trial_19_R_unaffected,unaffected,abd,Shoulder abduction,deg,3.6244704304033615,0.16466364468708675,-12.991005815109558,-0.23333333333333334
P251,trial_19_R_unaffected,unaffected,trunk,Trunk displacement,mm,15.24797574440083,0.24845209467241974,3.936090049335785,-0.23333333333333334
P251,trial_20_R_unaffected,unaffected,eev,End-effector velocity,mm/s,171.41044324082222,0.4299592877576187,-12.498847712657312,-0.06666666666666667
P251,trial_20_R_unaffected,unaffected,eav,Elbow angular velocity,deg/s,34.284923564308755,0.49044457979256717,0.41384463081330264,-0.06666666666666667
P251,trial_20_R_unaffected,unaffected,elbow,Elbow extension,deg,14.896764437410203,0.9065407775533639,2.255451484365383,-0.06666666666666667
P251,trial_20_R_unaffected,unaffected,flex,Shoulder flexion,deg,6.993038794199012,0.6795075007000667,-18.35977176112516,-0.06666666666666667
P251,trial_20_R_unaffected,unaffected,abd,Shoulder abduction,deg,3.280878131930752,0.4123085743261686,-12.137193570728366,-0.06666666666666667
P251,trial_20_R_unaffected,unaffected,trunk,Trunk displacement,mm,8.66033232284252,0.8292035937750858,9.726294323718998,-0.06666666666666667
P251,trial_21_R_unaffected,unaffected,eev,End-effector velocity,mm/s,237.59548642916565,-0.10715307505732084,-42.77803314709676,0.95
P251,trial_21_R_unaffected,unaffected,eav,Elbow angular velocity,deg/s,46.07912008729617,-0.0992807550257817,1.2162552883744395,0.95
P251,trial_21_R_unaffected,unaffected,elbow,Elbow extension,deg,30.888181985893105,0.6082221079303064,-1.693086852352046,0.95
P251,trial_21_R_unaffected,unaffected,flex,Shoulder flexion,deg,7.789841631236601,0.14851902009259046,-19.41155709872044,0.95
P251,trial_21_R_unaffected,unaffected,abd,Shoulder abduction,deg,3.8867643569364487,-0.14079460968142024,-12.498929390554489,0.95
P251,trial_21_R_unaffected,unaffected,trunk,Trunk displacement,mm,17.79174058597747,0.10697032315218763,5.034631485981923,0.95
P251,trial_23_L_affected,affected,eev,End-effector velocity,mm/s,236.74057573748576,0.23026894139360668,-48.75294351122285,0.5333333333333333
P251,trial_23_L_affected,affected,eav,Elbow angular velocity,deg/s,45.88730590438433,0.20070546528309172,2.7277813283104853,0.5333333333333333
P251,trial_23_L_affected,affected,elbow,Elbow extension,deg,23.672925696068184,0.7750348401811213,-0.0639992208336655,0.5333333333333333
P251,trial_23_L_affected,affected,flex,Shoulder flexion,deg,7.9785661511428305,0.46098225975760687,-14.47067988237018,0.5333333333333333
P251,trial_23_L_affected,affected,abd,Shoulder abduction,deg,5.861232270629806,0.5077504915730007,-5.762244808910672,0.5333333333333333
P251,trial_23_L_affected,affected,trunk,Trunk displacement,mm,10.96101195445234,0.6823995881714253,3.831201378264272,0.5333333333333333
P251,trial_24_L_affected,affected,eev,End-effector velocity,mm/s,161.01493442485494,0.6199673534719372,-24.452594370750997,-0.16666666666666666
P251,trial_24_L_affected,affected,eav,Elbow angular velocity,deg/s,34.484180948580345,0.61781152775531,3.2110002607740027,-0.16666666666666666
P251,trial_24_L_affected,affected,elbow,Elbow extension,deg,12.699028053285064,0.9366770920980818,0.42929308705737995,-0.16666666666666666
P251,trial_24_L_affected,affected,flex,Shoulder flexion,deg,7.281201893899967,0.7061063469323099,-14.010782129290051,-0.16666666666666666
P251,trial_24_L_affected,affected,abd,Shoulder abduction,deg,3.823617505830389,0.8039979940273264,-4.922058944215583,-0.16666666666666666
P251,trial_24_L_affected,affected,trunk,Trunk displacement,mm,4.526674610055093,0.9683818410419028,5.566980636876194,-0.16666666666666666
P251,trial_25_L_affected,affected,eev,End-effector velocity,mm/s,166.8816318767807,0.643295507024043,-25.239005065689806,-0.11666666666666667
P251,trial_25_L_affected,affected,eav,Elbow angular velocity,deg/s,32.96555898468001,0.6861134392584932,2.206298429384217,-0.11666666666666667
P251,trial_25_L_affected,affected,elbow,Elbow extension,deg,10.256979237167863,0.9547670297680046,0.913332043200296,-0.11666666666666667
P251,trial_25_L_affected,affected,flex,Shoulder flexion,deg,7.288738073276781,0.8436716644307148,-14.334176518698449,-0.11666666666666667
P251,trial_25_L_affected,affected,abd,Shoulder abduction,deg,5.162140339539957,0.613193445464913,-4.8927625223513855,-0.11666666666666667
P251,trial_25_L_affected,affected,trunk,Trunk displacement,mm,5.28999174625741,0.9269293198095242,3.618459405132,-0.11666666666666667
P251,trial_26_L_affected,affected,eev,End-effector velocity,mm/s,143.70284324783302,0.7486649575179857,-32.489670769727326,-0.08333333333333333
P251,trial_26_L_affected,affected,eav,Elbow angular velocity,deg/s,25.929958657299807,0.8006292186605732,1.9999626097527292,-0.08333333333333333
P251,trial_26_L_affected,affected,elbow,Elbow extension,deg,6.701341014255466,0.983332619134092,0.8799603987383104,-0.08333333333333333
P251,trial_26_L_affected,affected,flex,Shoulder flexion,deg,7.990946989014518,0.7732463680088119,-11.778226934157587,-0.08333333333333333
P251,trial_26_L_affected,affected,abd,Shoulder abduction,deg,4.643342435554319,0.6795667964118987,-4.3723522129144365,-0.08333333333333333
P251,trial_26_L_affected,affected,trunk,Trunk displacement,mm,4.179465975089162,0.9526044512763839,2.9553551971019045,-0.08333333333333333
P251,trial_27_L_affected,affected,eev,End-effector velocity,mm/s,281.1642236633947,-0.21933233371167227,-99.9799366995488,1.5333333333333334
P251,trial_27_L_affected,affected,eav,Elbow angular velocity,deg/s,51.76019193898181,-0.16459811612186376,-1.4693533298048242,1.5333333333333334
P251,trial_27_L_affected,affected,elbow,Elbow extension,deg,51.22333458222943,0.006457695835899763,0.8098051380681648,1.5333333333333334
P251,trial_27_L_affected,affected,flex,Shoulder flexion,deg,10.786443633262255,-0.45647092973294034,-17.199992242878672,1.5333333333333334
P251,trial_27_L_affected,affected,abd,Shoulder abduction,deg,9.487544784216182,-0.3982073192053362,-5.33023845109988,1.5333333333333334
P251,trial_27_L_affected,affected,trunk,Trunk displacement,mm,21.810094972080353,-0.5575556012618975,5.154781814569346,1.5333333333333334
P251,trial_28_L_affected,affected,eev,End-effector velocity,mm/s,276.4224464534552,-0.24644530588574004,3.435528590463144,-0.6833333333333333
P251,trial_28_L_affected,affected,eav,Elbow angular velocity,deg/s,63.79973805741708,-0.2109683079700491,2.148172841732871,-0.6833333333333333
P251,trial_28_L_affected,affected,elbow,Elbow extension,deg,27.372512966924166,0.700987013647501,-1.410180961454438,-0.6833333333333333
P251,trial_28_L_affected,affected,flex,Shoulder flexion,deg,8.53193264650848,0.32712493152938465,-17.18946356571588,-0.6833333333333333
P251,trial_28_L_affected,affected,abd,Shoulder abduction,deg,7.777828400746121,0.15110839359038203,-3.4448585542373897,-0.6833333333333333
P251,trial_28_L_affected,affected,trunk,Trunk displacement,mm,13.646859410906792,0.45197382366973265,-0.31672499584565056,-0.6833333333333333
P251,trial_29_L_affected,affected,eev,End-effector velocity,mm/s,186.98539565566773,0.5418302707744586,-42.531308585876964,0.6666666666666666
P251,trial_29_L_affected,affected,eav,Elbow angular velocity,deg/s,38.50403217078866,0.5210948597703358,2.7784062548781745,0.6666666666666666
P251,trial_29_L_affected,affected,elbow,Elbow extension,deg,16.788350189833924,0.9010599800368064,-1.9849630810472187,0.6666666666666666
P251,trial_29_L_affected,affected,flex,Shoulder flexion,deg,8.730546592575733,0.34165147226383963,-15.544733779031615,0.6666666666666666
P251,trial_29_L_affected,affected,abd,Shoulder abduction,deg,5.80051871830082,0.5763160128002646,-4.557403483882463,0.6666666666666666
P251,trial_29_L_affected,affected,trunk,Trunk displacement,mm,10.47154056253539,0.6628248996696471,1.6806901753054992,0.6666666666666666
P251,trial_2_R_unaffected,unaffected,eev,End-effector velocity,mm/s,31.842932057519437,0.9583840898752599,-17.565027564886265,0.016666666666666666
P251,trial_2_R_unaffected,unaffected,eav,Elbow angular velocity,deg/s,5.8543274184416365,0.9664386068262049,1.2537359481406798,0.016666666666666666
P251,trial_2_R_unaffected,unaffected,elbow,Elbow extension,deg,4.692488899825181,0.9963682035086258,4.205512208045837,0.016666666666666666
P251,trial_2_R_unaffected,unaffected,flex,Shoulder flexion,deg,3.2680678261312766,0.9413322146368052,-13.580672724078699,0.016666666666666666
P251,trial_2_R_unaffected,unaffected,abd,Shoulder abduction,deg,1.9729281636895244,0.8091270550764005,-11.197924695030952,0.016666666666666666
P251,trial_2_R_unaffected,unaffected,trunk,Trunk displacement,mm,3.5367098559231476,0.9958390428228063,4.978709162987419,0.016666666666666666
P251,trial_30_L_affected,affected,eev,End-effector velocity,mm/s,186.38847845728682,0.506707527937267,-27.648427050456714,-0.23333333333333334
P251,trial_30_L_affected,affected,eav,Elbow angular velocity,deg/s,40.34089181449981,0.5241361205513333,2.5385659390725803,-0.23333333333333334
P251,trial_30_L_affected,affected,elbow,Elbow extension,deg,13.952707856722386,0.9354695208696125,1.7559190388884036,-0.23333333333333334
P251,trial_30_L_affected,affected,flex,Shoulder flexion,deg,7.681551651698274,0.4302081396139091,-17.691660216262544,-0.23333333333333334
P251,trial_30_L_affected,affected,abd,Shoulder abduction,deg,6.219179968122626,0.4897089313778664,-4.939619293166993,-0.23333333333333334
P251,trial_30_L_affected,affected,trunk,Trunk displacement,mm,6.860583948826803,0.8491373944657246,3.183254039939984,-0.23333333333333334
P251,trial_31_L_affected,affected,eev,End-effector velocity,mm/s,291.99544194430865,-0.12210268865665691,-56.0063337083301,0.2833333333333333
P251,trial_31_L_affected,affected,eav,Elbow angular velocity,deg/s,55.38502114263428,-0.047613149607700404,3.6201976137370635,0.2833333333333333
P251,trial_31_L_affected,affected,elbow,Elbow extension,deg,33.4632686714992,0.5895085657277935,1.7079445480289515,0.2833333333333333
P251,trial_31_L_affected,affected,flex,Shoulder flexion,deg,7.4639403269830815,0.34495402251627716,-18.369547670765453,0.2833333333333333
P251,trial_31_L_affected,affected,abd,Shoulder abduction,deg,8.927389905661439,-0.05848462485558067,-3.928557244521545,0.2833333333333333
P251,trial_31_L_affected,affected,trunk,Trunk displacement,mm,14.37311557780417,0.4011467187154523,-0.3637209861035791,0.2833333333333333
P251,trial_32_L_affected,affected,eev,End-effector velocity,mm/s,120.89289445530912,0.8274187028672064,-32.27439197200696,-0.03333333333333333
P251,trial_32_L_affected,affected,eav,Elbow angular velocity,deg/s,23.6008506209336,0.8373570779827259,1.925233060342918,-0.03333333333333333
P251,trial_32_L_affected,affected,elbow,Elbow extension,deg,7.571485145895151,0.9787580776282987,-2.4923177739387468,-0.03333333333333333
P251,trial_32_L_affected,affected,flex,Shoulder flexion,deg,7.859412839807789,0.7798030586548008,-15.40753903210438,-0.03333333333333333
P251,trial_32_L_affected,affected,abd,Shoulder abduction,deg,4.092512792580306,0.832967447746118,-2.3944343502506378,-0.03333333333333333
P251,trial_32_L_affected,affected,trunk,Trunk displacement,mm,3.695441049743002,0.9634013900596222,1.656999869919548,-0.03333333333333333
P251,trial_33_L_affected,affected,eev,End-effector velocity,mm/s,187.6104788133747,0.534134640718391,-26.294440809284154,-0.13333333333333333
P251,trial_33_L_affected,affected,eav,Elbow angular velocity,deg/s,35.2813488882507,0.6142204211005063,2.067658338365197,-0.13333333333333333
P251,trial_33_L_affected,affected,elbow,Elbow extension,deg,13.105645818218658,0.9309721573157539,1.902660190853284,-0.13333333333333333
P251,trial_33_L_affected,affected,flex,Shoulder flexion,deg,8.604579211443623,0.6120417156652624,-16.439828025480676,-0.13333333333333333
P251,trial_33_L_affected,affected,abd,Shoulder abduction,deg,5.080096440346257,0.6636525032902441,-3.7543297462937963,-0.13333333333333333
P251,trial_33_L_affected,affected,trunk,Trunk displacement,mm,6.583967482196331,0.8798389005275281,2.8612235968377395,-0.13333333333333333
P251,trial_34_L_affected,affected,eev,End-effector velocity,mm/s,145.61739846554477,0.6896742223867389,-33.482431864330735,0.1
P251,trial_34_L_affected,affected,eav,Elbow angular velocity,deg/s,29.606860423589936,0.7197474237265324,4.1435953478745216,0.1
P251,trial_34_L_affected,affected,elbow,Elbow extension,deg,13.625792693778955,0.9320088173956786,-0.3009590823653742,0.1
P251,trial_34_L_affected,affected,flex,Shoulder flexion,deg,7.9664203823197886,0.7139464508917908,-14.39438915956817,0.1
P251,trial_34_L_affected,affected,abd,Shoulder abduction,deg,5.002419596735612,0.6558226752857034,-2.679013017850314,0.1
P251,trial_34_L_affected,affected,trunk,Trunk displacement,mm,6.393480024339412,0.890093869383259,3.418794368612647,0.1
P251,trial_35_L_affected,affected,eev,End-effector velocity,mm/s,133.58369738174255,0.7798392237569426,-34.43799953596647,0.15
P251,trial_35_L_affected,affected,eav,Elbow angular velocity,deg/s,27.268220089846718,0.7846221913479793,2.2604793917852133,0.15
P251,trial_35_L_affected,affected,elbow,Elbow extension,deg,8.093128023652698,0.9752737146217108,-1.1071688193062816,0.15
P251,trial_35_L_affected,affected,flex,Shoulder flexion,deg,7.536454256271212,0.8071796730392686,-16.56539416459849,0.15
P251,trial_35_L_affected,affected,abd,Shoulder abduction,deg,6.072644511556186,0.6052366269021778,-3.788211386898064,0.15
P251,trial_35_L_affected,affected,trunk,Trunk displacement,mm,4.968554554674787,0.9368338800821235,2.171090700589408,0.15
P251,trial_36_L_affected,affected,eev,End-effector velocity,mm/s,160.38673437510863,0.6833668136296784,-31.119924471389414,0.1
P251,trial_36_L_affected,affected,eav,Elbow angular velocity,deg/s,30.128281768879162,0.6991605747653743,2.2185167113092583,0.1
P251,trial_36_L_affected,affected,elbow,Elbow extension,deg,10.23573032394688,0.9608304662200041,-1.487840548794987,0.1
P251,trial_36_L_affected,affected,flex,Shoulder flexion,deg,9.242076030585041,0.47253205828158,-14.722996308913155,0.1
P251,trial_36_L_affected,affected,abd,Shoulder abduction,deg,5.83860957558005,0.5304090764635491,-4.199999769229264,0.1
P251,trial_36_L_affected,affected,trunk,Trunk displacement,mm,6.927656857443072,0.8590763164951825,2.884122532645646,0.1
P251,trial_37_L_affected,affected,eev,End-effector velocity,mm/s,123.72331295003929,0.7873104162136472,-32.06453619150397,0.03333333333333333
P251,trial_37_L_affected,affected,eav,Elbow angular velocity,deg/s,29.779818152151336,0.7374647967936875,1.363052961722848,0.03333333333333333
P251,trial_37_L_affected,affected,elbow,Elbow extension,deg,8.752852195778782,0.9720576366433752,2.2690120817514257,0.03333333333333333
P251,trial_37_L_affected,affected,flex,Shoulder flexion,deg,7.628910411334909,0.6599446782622111,-15.852655301631744,0.03333333333333333
P251,trial_37_L_affected,affected,abd,Shoulder abduction,deg,4.146234191455458,0.7650661610432651,-3.7046415307275264,0.03333333333333333
P251,trial_37_L_affected,affected,trunk,Trunk displacement,mm,5.02733521702729,0.9344819452789561,1.9174755989704175,0.03333333333333333
P251,trial_38_L_affected,affected,eev,End-effector velocity,mm/s,259.7709003134077,0.07307903763407798,-51.317475313638674,0.36666666666666664
P251,trial_38_L_affected,affected,eav,Elbow angular velocity,deg/s,51.24022371837187,0.09621442323401178,1.3488126319288063,0.36666666666666664
P251,trial_38_L_affected,affected,elbow,Elbow extension,deg,22.74482548482919,0.8071490781070199,1.7202780069312307,0.36666666666666664
P251,trial_38_L_affected,affected,flex,Shoulder flexion,deg,8.00399596583696,0.4998379099064675,-17.048796195198882,0.36666666666666664
P251,trial_38_L_affected,affected,abd,Shoulder abduction,deg,7.637867102036079,0.2013900896575648,-5.144638630014983,0.36666666666666664
P251,trial_38_L_affected,affected,trunk,Trunk displacement,mm,11.248173169435056,0.6546845041650748,2.857663769336788,0.36666666666666664
P251,trial_39_L_affected,affected,eev,End-effector velocity,mm/s,106.7354254313005,0.8384147876344034,-22.68970955534703,-0.03333333333333333
P251,trial_39_L_affected,affected,eav,Elbow angular velocity,deg/s,23.51355341114871,0.8273378611133575,2.656457119456011,-0.03333333333333333
P251,trial_39_L_affected,affected,elbow,Elbow extension,deg,7.203589015571633,0.980856123790937,-1.4331463289280513,-0.03333333333333333
P251,trial_39_L_affected,affected,flex,Shoulder flexion,deg,6.547529581701189,0.7810998904089042,-16.344477828253748,-0.03333333333333333
P251,trial_39_L_affected,affected,abd,Shoulder abduction,deg,2.826483144714752,0.9063011854950708,-3.6778274117390275,-0.03333333333333333
P251,trial_39_L_affected,affected,trunk,Trunk displacement,mm,4.4191987017692655,0.9459710711970176,-0.4441948576593248,-0.03333333333333333
P251,trial_3_R_unaffected,unaffected,eev,End-effector velocity,mm/s,39.25733513569802,0.9623214388511712,-18.626954632403187,-0.016666666666666666
P251,trial_3_R_unaffected,unaffected,eav,Elbow angular velocity,deg/s,6.388552580992699,0.9750720588443234,1.3511936580516664,-0.016666666666666666
P251,trial_3_R_unaffected,unaffected,elbow,Elbow extension,deg,3.9056459899378275,0.9976414338591041,3.563100552330344,-0.016666666666666666
P251,trial_3_R_unaffected,unaffected,flex,Shoulder flexion,deg,2.967482400271289,0.9667483991214458,-13.604670943802482,-0.016666666666666666
P251,trial_3_R_unaffected,unaffected,abd,Shoulder abduction,deg,2.7506455109597745,0.7159881977283198,-11.505941629126262,-0.016666666666666666
P251,trial_3_R_unaffected,unaffected,trunk,Trunk displacement,mm,3.57504438142102,0.9923025374007726,4.117184910905582,-0.016666666666666666
P251,trial_40_L_affected,affected,eev,End-effector velocity,mm/s,83.46979995084725,0.931810566255259,-28.129922207675197,-0.18333333333333332
P251,trial_40_L_affected,affected,eav,Elbow angular velocity,deg/s,14.830868521599548,0.9333250591848149,2.5762999345202062,-0.18333333333333332
P251,trial_40_L_affected,affected,elbow,Elbow extension,deg,5.489694491037689,0.9902190018513463,2.2980840329487178,-0.18333333333333332
P251,trial_40_L_affected,affected,flex,Shoulder flexion,deg,7.542588528373136,0.7644233952712467,-16.1375962400151,-0.18333333333333332
P251,trial_40_L_affected,affected,abd,Shoulder abduction,deg,3.9899484049053484,0.7796050984722044,-4.164507020999854,-0.18333333333333332
P251,trial_40_L_affected,affected,trunk,Trunk displacement,mm,3.7049624627921403,0.956853335637444,2.6475352585962026,-0.18333333333333332
P251,trial_41_L_affected,affected,eev,End-effector velocity,mm/s,229.47990951432428,0.30257735752089737,-21.360071492713818,-0.15
P251,trial_41_L_affected,affected,eav,Elbow angular velocity,deg/s,49.58468623334769,0.2862000671380435,2.4469129213561485,-0.15
P251,trial_41_L_affected,affected,elbow,Elbow extension,deg,19.905127667611456,0.8459959089446459,0.9699063172889156,-0.15
P251,trial_41_L_affected,affected,flex,Shoulder flexion,deg,8.762749873534874,0.5501550599628179,-16.879004362032916,-0.15
P251,trial_41_L_affected,affected,abd,Shoulder abduction,deg,6.202026443240948,0.4550947589000265,-4.243715316476394,-0.15
P251,trial_41_L_affected,affected,trunk,Trunk displacement,mm,7.131194165696699,0.8383869845596509,3.656938728579216,-0.15
P251,trial_4_R_unaffected,unaffected,eev,End-effector velocity,mm/s,37.63545897237134,0.9650396105807527,-19.98117895940004,0.0
P251,trial_4_R_unaffected,unaffected,eav,Elbow angular velocity,deg/s,6.136043354910063,0.9751059114531848,0.9991156523460377,0.0
P251,trial_4_R_unaffected,unaffected,elbow,Elbow extension,deg,4.4010397863009105,0.9966285580075545,4.435120775852777,0.0
P251,trial_4_R_unaffected,unaffected,flex,Shoulder flexion,deg,3.489153997218475,0.9618686012701737,-13.454798887858523,0.0
P251,trial_4_R_unaffected,unaffected,abd,Shoulder abduction,deg,2.6184076223054826,0.7476936319218619,-10.948201765751849,0.0
P251,trial_4_R_unaffected,unaffected,trunk,Trunk displacement,mm,4.258297116276692,0.9857043915203818,4.734449336263462,0.0
P251,trial_5_R_unaffected,unaffected,eev,End-effector velocity,mm/s,33.3624457837546,0.9716315051044775,-17.876856717269394,0.016666666666666666
P251,trial_5_R_unaffected,unaffected,eav,Elbow angular velocity,deg/s,7.6323695550291735,0.9639837094198823,1.3650669687246044,0.016666666666666666
P251,trial_5_R_unaffected,unaffected,elbow,Elbow extension,deg,5.182785799406584,0.9961131932219008,3.7507610385939376,0.016666666666666666
P251,trial_5_R_unaffected,unaffected,flex,Shoulder flexion,deg,3.255498225126228,0.9475298952268627,-11.239043048534189,0.016666666666666666
P251,trial_5_R_unaffected,unaffected,abd,Shoulder abduction,deg,2.18101149099323,0.8232902864973717,-10.409295451049557,0.016666666666666666
P251,trial_5_R_unaffected,unaffected,trunk,Trunk displacement,mm,3.775983969035356,0.980933320349422,2.8411140138956816,0.016666666666666666
P251,trial_6_R_unaffected,unaffected,eev,End-effector velocity,mm/s,42.56184909943069,0.9599376206146752,-20.450982741783392,0.016666666666666666
P251,trial_6_R_unaffected,unaffected,eav,Elbow angular velocity,deg/s,7.782131569476267,0.966047076383564,1.4605544465100277,0.016666666666666666
P251,trial_6_R_unaffected,unaffected,elbow,Elbow extension,deg,5.0604430431601175,0.9964666466821649,3.8973513743433634,0.016666666666666666
P251,trial_6_R_unaffected,unaffected,flex,Shoulder flexion,deg,4.000443655633493,0.9482548063171127,-11.958459750139335,0.016666666666666666
P251,trial_6_R_unaffected,unaffected,abd,Shoulder abduction,deg,2.4709919082340104,0.8297869038067783,-10.834161197215204,0.016666666666666666
P251,trial_6_R_unaffected,unaffected,trunk,Trunk displacement,mm,4.035983360829472,0.9866189054011028,5.776864400136558,0.016666666666666666
P251,trial_7_R_unaffected,unaffected,eev,End-effector velocity,mm/s,42.29568274119993,0.962727559270356,-21.630404637913795,0.016666666666666666
P251,trial_7_R_unaffected,unaffected,eav,Elbow angular velocity,deg/s,7.644610452218702,0.9688321846802719,1.167246718329743,0.016666666666666666
P251,trial_7_R_unaffected,unaffected,elbow,Elbow extension,deg,4.451887806686549,0.9962884350722964,4.709280311145494,0.016666666666666666
P251,trial_7_R_unaffected,unaffected,flex,Shoulder flexion,deg,4.180393229497863,0.9419369950285055,-13.163570631367671,0.016666666666666666
P251,trial_7_R_unaffected,unaffected,abd,Shoulder abduction,deg,2.4705979197435957,0.6784759449791609,-10.308004500524932,0.016666666666666666
P251,trial_7_R_unaffected,unaffected,trunk,Trunk displacement,mm,3.6947921566969772,0.9808913151784273,3.910854247606193,0.016666666666666666
P251,trial_8_R_unaffected,unaffected,eev,End-effector velocity,mm/s,50.43593123684979,0.9651353675855344,-25.973905069843205,0.03333333333333333
P251,trial_8_R_unaffected,unaffected,eav,Elbow angular velocity,deg/s,9.132791730984541,0.9666653134893367,0.8157685569498733,0.03333333333333333
P251,trial_8_R_unaffected,unaffected,elbow,Elbow extension,deg,4.198340630821006,0.9966169417723068,4.820528338782259,0.03333333333333333
P251,trial_8_R_unaffected,unaffected,flex,Shoulder flexion,deg,4.255523990632777,0.948911217433731,-13.564856505550644,0.03333333333333333
P251,trial_8_R_unaffected,unaffected,abd,Shoulder abduction,deg,2.1155615339105527,0.8293852236934702,-11.405713428278402,0.03333333333333333
P251,trial_8_R_unaffected,unaffected,trunk,Trunk displacement,mm,5.467232219753944,0.9612625348539156,6.734000835046926,0.03333333333333333
P251,trial_9_R_unaffected,unaffected,eev,End-effector velocity,mm/s,47.89579714502094,0.9647251688953022,-21.71200001663159,0.016666666666666666
P251,trial_9_R_unaffected,unaffected,eav,Elbow angular velocity,deg/s,7.4775078916996645,0.9766937762154907,1.7976018164728698,0.016666666666666666
P251,trial_9_R_unaffected,unaffected,elbow,Elbow extension,deg,4.420501202618046,0.9972648055338252,4.303471457048172,0.016666666666666666
P251,trial_9_R_unaffected,unaffected,flex,Shoulder flexion,deg,3.707636993035159,0.9608139131090278,-13.403789991721537,0.016666666666666666
P251,trial_9_R_unaffected,unaffected,abd,Shoulder abduction,deg,2.7224231993811365,0.5916138909271088,-11.473379699019825,0.016666666666666666
P251,trial_9_R_unaffected,unaffected,trunk,Trunk displacement,mm,2.3457283105956503,0.9952655358260954,1.2294566220813334,0.016666666666666666
P252,trial_43_R_unaffected,unaffected,eev,End-effector velocity,mm/s,129.22151273512083,0.638464124089839,-6.885489923974172,-0.36666666666666664
P252,trial_43_R_unaffected,unaffected,eav,Elbow angular velocity,deg/s,23.85526560998257,0.6542245928701508,1.1658143387719153,-0.36666666666666664
P252,trial_43_R_unaffected,unaffected,elbow,Elbow extension,deg,9.191538137233243,0.9601256379752328,6.161335604008062,-0.36666666666666664
P252,trial_43_R_unaffected,unaffected,flex,Shoulder flexion,deg,4.706506391466822,0.7172006385562366,-9.855246398272495,-0.36666666666666664
P252,trial_43_R_unaffected,unaffected,abd,Shoulder abduction,deg,3.2702219444230214,0.1546163245101676,-10.615063834245435,-0.36666666666666664
P252,trial_43_R_unaffected,unaffected,trunk,Trunk displacement,mm,6.726115619678576,0.8788022360722423,0.6870457464638102,-0.36666666666666664
P252,trial_44_R_unaffected,unaffected,eev,End-effector velocity,mm/s,98.90977929334909,0.7890590277683039,-15.916241040827257,0.15
P252,trial_44_R_unaffected,unaffected,eav,Elbow angular velocity,deg/s,19.248136060507143,0.7844808546665398,1.919734220262932,0.15
P252,trial_44_R_unaffected,unaffected,elbow,Elbow extension,deg,9.332517543224563,0.9640625695830283,6.688405446924882,0.15
P252,trial_44_R_unaffected,unaffected,flex,Shoulder flexion,deg,6.970663777993174,0.6541531961032236,-7.958747615326886,0.15
P252,trial_44_R_unaffected,unaffected,abd,Shoulder abduction,deg,3.4586037923537365,0.015953504064611542,-10.093997856063769,0.15
P252,trial_44_R_unaffected,unaffected,trunk,Trunk displacement,mm,5.203668160248691,0.9363584911590629,3.809069489489607,0.15
P252,trial_46_R_unaffected,unaffected,eev,End-effector velocity,mm/s,43.682458776090726,0.9687265200434901,-20.24747104991244,0.016666666666666666
P252,trial_46_R_unaffected,unaffected,eav,Elbow angular velocity,deg/s,8.473551875678828,0.9671598679995062,1.4582916491199729,0.016666666666666666
P252,trial_46_R_unaffected,unaffected,elbow,Elbow extension,deg,5.22052323410311,0.9949693899313014,4.397944247278073,0.016666666666666666
P252,trial_46_R_unaffected,unaffected,flex,Shoulder flexion,deg,4.498844824568824,0.954981688925229,-10.038563588117594,0.016666666666666666
P252,trial_46_R_unaffected,unaffected,abd,Shoulder abduction,deg,3.132430520630862,0.6873683651844724,-8.737025848783851,0.016666666666666666
P252,trial_46_R_unaffected,unaffected,trunk,Trunk displacement,mm,4.1172337296293104,0.9737474299800171,5.548085068824018,0.016666666666666666
P252,trial_47_R_unaffected,unaffected,eev,End-effector velocity,mm/s,44.937581661579166,0.9707064081111859,-16.35384248256092,0.0
P252,trial_47_R_unaffected,unaffected,eav,Elbow angular velocity,deg/s,8.959166526873394,0.965939215537652,0.8036265517478062,0.0
P252,trial_47_R_unaffected,unaffected,elbow,Elbow extension,deg,5.694901931171705,0.9912270892575754,4.913213343709763,0.0
P252,trial_47_R_unaffected,unaffected,flex,Shoulder flexion,deg,5.2486237914170895,0.9344114868785756,-8.93853574327432,0.0
P252,trial_47_R_unaffected,unaffected,abd,Shoulder abduction,deg,2.8204210129818086,0.6199480599293297,-8.95580161642681,0.0
P252,trial_47_R_unaffected,unaffected,trunk,Trunk displacement,mm,4.416611327823115,0.9755278578856245,4.495058974484936,0.0
P252,trial_48_R_unaffected,unaffected,eev,End-effector velocity,mm/s,43.77302329836426,0.9696797372427673,-16.41230908507284,0.0
P252,trial_48_R_unaffected,unaffected,eav,Elbow angular velocity,deg/s,9.878116342501842,0.9564488592695732,0.5516714004436989,0.0
P252,trial_48_R_unaffected,unaffected,elbow,Elbow extension,deg,4.894617763483494,0.9935475829786903,5.0825115236667,0.0
P252,trial_48_R_unaffected,unaffected,flex,Shoulder flexion,deg,6.070156736404898,0.8284875582833044,-9.437585238649007,0.0
P252,trial_48_R_unaffected,unaffected,abd,Shoulder abduction,deg,3.190275490234825,0.1968829350028852,-8.368521056523775,0.0
P252,trial_48_R_unaffected,unaffected,trunk,Trunk displacement,mm,4.2930798271123845,0.9891302196926296,4.0961348864428295,0.0
P252,trial_49_R_unaffected,unaffected,eev,End-effector velocity,mm/s,41.378273723844146,0.9690757021505861,-17.151613194868773,0.016666666666666666
P252,trial_49_R_unaffected,unaffected,eav,Elbow angular velocity,deg/s,9.213001734802932,0.9581312440458025,0.5330819697034863,0.016666666666666666
P252,trial_49_R_unaffected,unaffected,elbow,Elbow extension,deg,4.778787140924158,0.9937015551622331,4.6507032909056445,0.016666666666666666
P252,trial_49_R_unaffected,unaffected,flex,Shoulder flexion,deg,5.3292812223698265,0.8551166440884934,-9.31941736266823,0.016666666666666666
P252,trial_49_R_unaffected,unaffected,abd,Shoulder abduction,deg,3.1237222632336388,0.23350720496213132,-8.46181572178385,0.016666666666666666
P252,trial_49_R_unaffected,unaffected,trunk,Trunk displacement,mm,4.900856247244347,0.982141347690316,4.6339411447845205,0.016666666666666666
P252,trial_50_R_unaffected,unaffected,eev,End-effector velocity,mm/s,42.56097500049453,0.9712133203468309,-18.775712298331438,0.016666666666666666
P252,trial_50_R_unaffected,unaffected,eav,Elbow angular velocity,deg/s,9.164156054743655,0.963511357712353,0.5736792062411814,0.016666666666666666
P252,trial_50_R_unaffected,unaffected,elbow,Elbow extension,deg,4.640595204239586,0.9944069923541679,4.522889080421418,0.016666666666666666
P252,trial_50_R_unaffected,unaffected,flex,Shoulder flexion,deg,5.264158627838531,0.826373788630291,-9.430049526032963,0.016666666666666666
P252,trial_50_R_unaffected,unaffected,abd,Shoulder abduction,deg,3.174409948932309,0.1526631227008642,-9.046677816788042,0.016666666666666666
P252,trial_50_R_unaffected,unaffected,trunk,Trunk displacement,mm,4.7177748893722224,0.981020049577417,5.553000434169728,0.016666666666666666
P252,trial_51_R_unaffected,unaffected,eev,End-effector velocity,mm/s,44.01102900033481,0.968491277214878,-17.163243104902357,0.016666666666666666
P252,trial_51_R_unaffected,unaffected,eav,Elbow angular velocity,deg/s,9.322248844626952,0.9559035317192838,0.2618824862122852,0.016666666666666666
P252,trial_51_R_unaffected,unaffected,elbow,Elbow extension,deg,4.904443089866895,0.9925199066437134,5.218567966953683,0.016666666666666666
P252,trial_51_R_unaffected,unaffected,flex,Shoulder flexion,deg,6.134039012634093,0.8293256711260372,-7.991415631097058,0.016666666666666666
P252,trial_51_R_unaffected,unaffected,abd,Shoulder abduction,deg,3.344354276220739,0.05076533505192239,-9.124022742470448,0.016666666666666666
P252,trial_51_R_unaffected,unaffected,trunk,Trunk displacement,mm,4.8096851218886885,0.9798920003684501,6.430798797413243,0.016666666666666666
P252,trial_52_R_unaffected,unaffected,eev,End-effector velocity,mm/s,45.9616050961827,0.9656758924061047,-18.599311166512745,0.016666666666666666
P252,trial_52_R_unaffected,unaffected,eav,Elbow angular velocity,deg/s,10.88321285736075,0.9390447506477515,0.11769470250357772,0.016666666666666666
P252,trial_52_R_unaffected,unaffected,elbow,Elbow extension,deg,5.035336008463009,0.9920045183610854,5.599365571896389,0.016666666666666666
P252,trial_52_R_unaffected,unaffected,flex,Shoulder flexion,deg,6.296105116663921,0.8559598813575039,-7.526140205005338,0.016666666666666666
P252,trial_52_R_unaffected,unaffected,abd,Shoulder abduction,deg,3.243498140547647,-0.005839734569831465,-8.947505888300517,0.016666666666666666
P252,trial_52_R_unaffected,unaffected,trunk,Trunk displacement,mm,5.28804588535469,0.9857824330569143,8.279837689968327,0.016666666666666666
P252,trial_53_R_unaffected,unaffected,eev,End-effector velocity,mm/s,45.28769394124822,0.9708155607496342,-21.579953757454998,0.016666666666666666
P252,trial_53_R_unaffected,unaffected,eav,Elbow angular velocity,deg/s,8.959861122206682,0.966545709916416,1.083884285234331,0.016666666666666666
P252,trial_53_R_unaffected,unaffected,elbow,Elbow extension,deg,5.0065927497709435,0.9935940118779215,5.625728239714231,0.016666666666666666
P252,trial_53_R_unaffected,unaffected,flex,Shoulder flexion,deg,6.177387490032479,0.909204278157411,-9.783166646364498,0.016666666666666666
P252,trial_53_R_unaffected,unaffected,abd,Shoulder abduction,deg,3.548477724176556,0.07626091013669249,-9.33847363529935,0.016666666666666666
P252,trial_53_R_unaffected,unaffected,trunk,Trunk displacement,mm,3.9554589057932352,0.9821200576168205,5.956599830920154,0.016666666666666666
P252,trial_54_R_unaffected,unaffected,eev,End-effector velocity,mm/s,45.557031486997886,0.9659171809046373,-21.024217461897326,0.03333333333333333
P252,trial_54_R_unaffected,unaffected,eav,Elbow angular velocity,deg/s,9.888447603013322,0.9531159919409152,1.058725776776079,0.03333333333333333
P252,trial_54_R_unaffected,unaffected,elbow,Elbow extension,deg,4.451960576154398,0.9949861532594246,5.95032792303996,0.03333333333333333
P252,trial_54_R_unaffected,unaffected,flex,Shoulder flexion,deg,4.999064513953718,0.7971242680444592,-9.0671985041368,0.03333333333333333
P252,trial_54_R_unaffected,unaffected,abd,Shoulder abduction,deg,3.464087612973846,-0.2867325888092832,-9.254528144070878,0.03333333333333333
P252,trial_54_R_unaffected,unaffected,trunk,Trunk displacement,mm,4.667324776581834,0.9737577966847452,5.055761444602827,0.03333333333333333
P252,trial_55_R_unaffected,unaffected,eev,End-effector velocity,mm/s,46.2158828281262,0.9698798739327504,-19.632318571061905,0.016666666666666666
P252,trial_55_R_unaffected,unaffected,eav,Elbow angular velocity,deg/s,9.775004616933206,0.9618642785067044,1.0664514259309688,0.016666666666666666
P252,trial_55_R_unaffected,unaffected,elbow,Elbow extension,deg,4.428876148828001,0.9953646431232084,5.45856511323221,0.016666666666666666
P252,trial_55_R_unaffected,unaffected,flex,Shoulder flexion,deg,5.613006284459165,0.773724890853562,-9.0767173015424,0.016666666666666666
P252,trial_55_R_unaffected,unaffected,abd,Shoulder abduction,deg,3.3353327601901013,-0.15139138418321857,-9.414442949152717,0.016666666666666666
P252,trial_55_R_unaffected,unaffected,trunk,Trunk displacement,mm,3.949722064208717,0.9777174016478003,4.980971774434071,0.016666666666666666
P252,trial_56_R_unaffected,unaffected,eev,End-effector velocity,mm/s,44.91250021528584,0.9706824474781204,-17.580104607109128,0.016666666666666666
P252,trial_56_R_unaffected,unaffected,eav,Elbow angular velocity,deg/s,10.85929938820519,0.9536696976072362,0.7937241838827097,0.016666666666666666
P252,trial_56_R_unaffected,unaffected,elbow,Elbow extension,deg,4.782484718171278,0.994131672362389,5.127390962175562,0.016666666666666666
P252,trial_56_R_unaffected,unaffected,flex,Shoulder flexion,deg,5.231142443801286,0.8385187535209658,-8.758139914991919,0.016666666666666666
P252,trial_56_R_unaffected,unaffected,abd,Shoulder abduction,deg,3.2506206419640873,-0.050721581220810844,-8.73286539175267,0.016666666666666666
P252,trial_56_R_unaffected,unaffected,trunk,Trunk displacement,mm,4.089475556110456,0.9724380604965408,3.0135248271811665,0.016666666666666666
P252,trial_57_R_unaffected,unaffected,eev,End-effector velocity,mm/s,43.83728397603653,0.9690914864138807,-17.82696686264496,0.016666666666666666
P252,trial_57_R_unaffected,unaffected,eav,Elbow angular velocity,deg/s,9.143208503271477,0.9620672605626143,1.029956104108478,0.016666666666666666
P252,trial_57_R_unaffected,unaffected,elbow,Elbow extension,deg,4.60758172917962,0.9952043537072337,5.403619942491492,0.016666666666666666
P252,trial_57_R_unaffected,unaffected,flex,Shoulder flexion,deg,5.275788732450763,0.7922749031217479,-9.81749730924636,0.016666666666666666
P252,trial_57_R_unaffected,unaffected,abd,Shoulder abduction,deg,3.3017364238423714,-0.01820073005167056,-9.17900425673316,0.016666666666666666
P252,trial_57_R_unaffected,unaffected,trunk,Trunk displacement,mm,4.362260575514964,0.9865219925564513,5.7622526131953204,0.016666666666666666
P252,trial_58_R_unaffected,unaffected,eev,End-effector velocity,mm/s,43.22568795072084,0.9679932957238999,-14.558718442592168,0.03333333333333333
P252,trial_58_R_unaffected,unaffected,eav,Elbow angular velocity,deg/s,9.592415668017232,0.9587016549613728,0.5449140305355256,0.03333333333333333
P252,trial_58_R_unaffected,unaffected,elbow,Elbow extension,deg,5.480734523887478,0.9917852504205473,5.357757687473823,0.03333333333333333
P252,trial_58_R_unaffected,unaffected,flex,Shoulder flexion,deg,6.203468445931782,0.7566906096064816,-10.549244614773299,0.03333333333333333
P252,trial_58_R_unaffected,unaffected,abd,Shoulder abduction,deg,3.036107917370049,-0.10198816205651429,-8.752930971699033,0.03333333333333333
P252,trial_58_R_unaffected,unaffected,trunk,Trunk displacement,mm,3.882112935974169,0.9798266399016476,5.74574700901331,0.03333333333333333
P252,trial_59_R_unaffected,unaffected,eev,End-effector velocity,mm/s,43.14980512273624,0.9716046949481465,-18.07771506327679,0.016666666666666666
P252,trial_59_R_unaffected,unaffected,eav,Elbow angular velocity,deg/s,8.82871465926563,0.9665966282737279,1.335235264083341,0.016666666666666666
P252,trial_59_R_unaffected,unaffected,elbow,Elbow extension,deg,5.392052784155257,0.9937688255228239,4.75086900497075,0.016666666666666666
P252,trial_59_R_unaffected,unaffected,flex,Shoulder flexion,deg,5.3626767849715575,0.9115936236111909,-10.930745481253252,0.016666666666666666
P252,trial_59_R_unaffected,unaffected,abd,Shoulder abduction,deg,2.981027073241422,0.42154774117216565,-9.124700688458256,0.016666666666666666
P252,trial_59_R_unaffected,unaffected,trunk,Trunk displacement,mm,3.7894815708749463,0.9705901789113717,6.232203838090544,0.016666666666666666
P252,trial_60_R_unaffected,unaffected,eev,End-effector velocity,mm/s,42.56802354762884,0.9709287794642398,-16.046144297692837,0.016666666666666666
P252,trial_60_R_unaffected,unaffected,eav,Elbow angular velocity,deg/s,8.74751249643916,0.9662852772290991,0.8991683587432235,0.016666666666666666
P252,trial_60_R_unaffected,unaffected,elbow,Elbow extension,deg,4.553753324190319,0.994639938814381,5.3518555747135785,0.016666666666666666
P252,trial_60_R_unaffected,unaffected,flex,Shoulder flexion,deg,5.580279886735315,0.8252477674739849,-11.038661033182517,0.016666666666666666
P252,trial_60_R_unaffected,unaffected,abd,Shoulder abduction,deg,3.232483415176029,-0.015015932848100265,-8.94013640861797,0.016666666666666666
P252,trial_60_R_unaffected,unaffected,trunk,Trunk displacement,mm,4.010248441943012,0.9834981497349627,3.398840968591069,0.016666666666666666
P252,trial_61_R_unaffected,unaffected,eev,End-effector velocity,mm/s,48.39525880695675,0.964569151921195,-18.188206135167146,0.03333333333333333
P252,trial_61_R_unaffected,unaffected,eav,Elbow angular velocity,deg/s,10.07305443587003,0.9538360571774527,1.260726536163099,0.03333333333333333
P252,trial_61_R_unaffected,unaffected,elbow,Elbow extension,deg,4.794930588795528,0.9948009697537891,4.941655045134417,0.03333333333333333
P252,trial_61_R_unaffected,unaffected,flex,Shoulder flexion,deg,5.316411818981027,0.8085017247540808,-11.77594475875081,0.03333333333333333
P252,trial_61_R_unaffected,unaffected,abd,Shoulder abduction,deg,3.26860325825749,-0.08930858511066046,-9.16974412281813,0.03333333333333333
P252,trial_61_R_unaffected,unaffected,trunk,Trunk displacement,mm,4.262169758352024,0.9775224443494761,5.542580918637013,0.03333333333333333
P252,trial_62_R_unaffected,unaffected,eev,End-effector velocity,mm/s,46.504930284926296,0.9677232628924886,-18.94652489681388,0.016666666666666666
P252,trial_62_R_unaffected,unaffected,eav,Elbow angular velocity,deg/s,10.16885214261338,0.9578911403980214,1.0628927769885768,0.016666666666666666
P252,trial_62_R_unaffected,unaffected,elbow,Elbow extension,deg,4.8740615328074615,0.9939581593290208,5.36360513068313,0.016666666666666666
P252,trial_62_R_unaffected,unaffected,flex,Shoulder flexion,deg,5.757647654874938,0.8240779048054704,-10.76554408576566,0.016666666666666666
P252,trial_62_R_unaffected,unaffected,abd,Shoulder abduction,deg,2.8502449471879197,-0.12343489971947036,-8.991053971044046,0.016666666666666666
P252,trial_62_R_unaffected,unaffected,trunk,Trunk displacement,mm,4.474071910433105,0.9782300320750529,5.302983883468569,0.016666666666666666
P252,trial_63_L_affected,affected,eev,End-effector velocity,mm/s,134.81810570989515,0.7468394672730068,37.67892813658363,0.0
P252,trial_63_L_affected,affected,eav,Elbow angular velocity,deg/s,28.441773452383863,0.5401020197187619,-14.02899838309361,0.0
P252,trial_63_L_affected,affected,elbow,Elbow extension,deg,14.557181687102148,0.8851269245104229,-7.656111693851584,0.0
P252,trial_63_L_affected,affected,flex,Shoulder flexion,deg,5.5422498504609585,0.9034834033334628,-9.317337989104223,0.0
P252,trial_63_L_affected,affected,abd,Shoulder abduction,deg,1.701089185019104,0.9544694925647432,-6.698855908667029,0.0
P252,trial_63_L_affected,affected,trunk,Trunk displacement,mm,4.3099015430350045,0.9712254440824971,-1.1960640998224643,0.0
P252,trial_64_L_affected,affected,eev,End-effector velocity,mm/s,156.58246473678506,0.7056874372750567,65.81356524575413,0.0
P252,trial_64_L_affected,affected,eav,Elbow angular velocity,deg/s,27.09709345141983,0.6647477613119843,-8.589145800238093,0.0
P252,trial_64_L_affected,affected,elbow,Elbow extension,deg,14.9246354456089,0.8823352291193705,-10.43311116734121,0.0
P252,trial_64_L_affected,affected,flex,Shoulder flexion,deg,6.708417392219085,0.8679912388746949,-9.095995756882358,0.0
P252,trial_64_L_affected,affected,abd,Shoulder abduction,deg,2.2148982367095207,0.9067602298457234,-7.821462548660049,0.0
P252,trial_64_L_affected,affected,trunk,Trunk displacement,mm,5.261281978057887,0.9834037915754422,2.6000034638834792,0.0
P252,trial_65_L_affected,affected,eev,End-effector velocity,mm/s,133.03548497096403,0.7630268050983745,49.14877583737484,0.1
P252,trial_65_L_affected,affected,eav,Elbow angular velocity,deg/s,27.791469665434438,0.5575482891401461,-11.564862248965019,0.1
P252,trial_65_L_affected,affected,elbow,Elbow extension,deg,15.258916175808476,0.8802951062181077,-8.379427592659402,0.1
P252,trial_65_L_affected,affected,flex,Shoulder flexion,deg,6.088818394862831,0.8392904596440784,-9.90919576742817,0.1
P252,trial_65_L_affected,affected,abd,Shoulder abduction,deg,3.5234599942940807,0.847070684472362,-5.457346474299814,0.1
P252,trial_65_L_affected,affected,trunk,Trunk displacement,mm,4.166817180941431,0.950778698583729,0.2639654652444675,0.1
P252,trial_66_L_affected,affected,eev,End-effector velocity,mm/s,286.3780616685625,-0.09295812079365394,68.16906095646917,0.6833333333333333
P252,trial_66_L_affected,affected,eav,Elbow angular velocity,deg/s,46.16924436927438,-0.11451278681527327,-12.741097817993344,0.6833333333333333
P252,trial_66_L_affected,affected,elbow,Elbow extension,deg,26.057586461190944,0.601016340869116,-10.217840798382749,0.6833333333333333
P252,trial_66_L_affected,affected,flex,Shoulder flexion,deg,9.175689947078768,0.3012139859676057,-10.018580351415086,0.6833333333333333
P252,trial_66_L_affected,affected,abd,Shoulder abduction,deg,5.375678925081653,0.05424495340972814,-5.273766682485451,0.6833333333333333
P252,trial_66_L_affected,affected,trunk,Trunk displacement,mm,15.201486724154204,0.5720769553072336,1.1989247681168926,0.6833333333333333
P252,trial_67_L_affected,affected,eev,End-effector velocity,mm/s,136.41806344387945,0.7750165488830023,52.7641717150133,0.11666666666666667
P252,trial_67_L_affected,affected,eav,Elbow angular velocity,deg/s,22.84051108202202,0.7793884255046424,-1.0408600987758192,0.11666666666666667
P252,trial_67_L_affected,affected,elbow,Elbow extension,deg,5.936724841480623,0.9843825596680044,-3.8389477641526337,0.11666666666666667
P252,trial_67_L_affected,affected,flex,Shoulder flexion,deg,7.660205461476793,0.8211996671780251,-10.709999776228559,0.11666666666666667
P252,trial_67_L_affected,affected,abd,Shoulder abduction,deg,3.1490587618363257,0.7471884193706698,-7.494391442811554,0.11666666666666667
P252,trial_67_L_affected,affected,trunk,Trunk displacement,mm,7.818866770409947,0.9793480934133328,7.44043678754141,0.11666666666666667
P252,trial_68_L_affected,affected,eev,End-effector velocity,mm/s,158.40873890873868,0.6791450086873538,63.09960945406358,0.03333333333333333
P252,trial_68_L_affected,affected,eav,Elbow angular velocity,deg/s,22.388271219450754,0.7564897688371816,-4.038430235238826,0.03333333333333333
P252,trial_68_L_affected,affected,elbow,Elbow extension,deg,9.528537329778889,0.9552420171843491,-3.358537954872866,0.03333333333333333
P252,trial_68_L_affected,affected,flex,Shoulder flexion,deg,6.754011634687699,0.9141348327577654,-8.431906955855634,0.03333333333333333
P252,trial_68_L_affected,affected,abd,Shoulder abduction,deg,1.972082023529428,0.9171096964777846,-4.7508305200524,0.03333333333333333
P252,trial_68_L_affected,affected,trunk,Trunk displacement,mm,4.1722158664265505,0.9683222418855235,0.5239549012471622,0.03333333333333333
P252,trial_69_L_affected,affected,eev,End-effector velocity,mm/s,128.36263826183506,0.778184848318744,43.43783120406985,0.06666666666666667
P252,trial_69_L_affected,affected,eav,Elbow angular velocity,deg/s,29.817974673750697,0.5653776364794221,-13.118196471369766,0.06666666666666667
P252,trial_69_L_affected,affected,elbow,Elbow extension,deg,14.734521615440753,0.8931558595992489,-7.750397391025209,0.06666666666666667
P252,trial_69_L_affected,affected,flex,Shoulder flexion,deg,6.322639261264021,0.9362951217304328,-8.960186620615305,0.06666666666666667
P252,trial_69_L_affected,affected,abd,Shoulder abduction,deg,2.4521240921389507,0.8712247926876558,-4.130492739483188,0.06666666666666667
P252,trial_69_L_affected,affected,trunk,Trunk displacement,mm,3.929389306657139,0.9433717803953802,-0.04158167053061543,0.06666666666666667
P252,trial_70_L_affected,affected,eev,End-effector velocity,mm/s,157.5235766539909,0.6538208532023685,42.53886878612435,0.13333333333333333
P252,trial_70_L_affected,affected,eav,Elbow angular velocity,deg/s,31.06797071065701,0.5862071158639648,-9.009004768005429,0.13333333333333333
P252,trial_70_L_affected,affected,elbow,Elbow extension,deg,15.5171905449681,0.8603882736827178,-5.3598283129202775,0.13333333333333333
P252,trial_70_L_affected,affected,flex,Shoulder flexion,deg,6.225753550539658,0.9169042736686218,-8.945008000728482,0.13333333333333333
P252,trial_70_L_affected,affected,abd,Shoulder abduction,deg,2.406633120853699,0.8457452233577757,-5.22131308681245,0.13333333333333333
P252,trial_70_L_affected,affected,trunk,Trunk displacement,mm,4.695740812619418,0.9396748705302735,-0.9192602812979199,0.13333333333333333
P252,trial_71_L_affected,affected,eev,End-effector velocity,mm/s,110.91510292250724,0.8289442591006625,18.17509362072753,-0.05
P252,trial_71_L_affected,affected,eav,Elbow angular velocity,deg/s,28.00255744393582,0.5887583728221616,-7.696427009275374,-0.05
P252,trial_71_L_affected,affected,elbow,Elbow extension,deg,12.94941791116609,0.9057356953040021,-5.856914474239731,-0.05
P252,trial_71_L_affected,affected,flex,Shoulder flexion,deg,6.056083366074006,0.8963001492359505,-9.212597210601096,-0.05
P252,trial_71_L_affected,affected,abd,Shoulder abduction,deg,2.1084599964179858,0.8793381959354121,-4.862563744015888,-0.05
P252,trial_71_L_affected,affected,trunk,Trunk displacement,mm,7.284589089901831,0.9326262221638889,-0.5304797197140732,-0.05
P252,trial_73_L_affected,affected,eev,End-effector velocity,mm/s,216.84429314841245,0.49654725010979145,137.00139134439704,0.06666666666666667
P252,trial_73_L_affected,affected,eav,Elbow angular velocity,deg/s,29.94735304080061,0.5323797075418294,-13.672478012964293,0.06666666666666667
P252,trial_73_L_affected,affected,elbow,Elbow extension,deg,15.413305585836396,0.9025338264727467,-13.532375994687943,0.06666666666666667
P252,trial_73_L_affected,affected,flex,Shoulder flexion,deg,5.790158443224136,0.8482043909021627,-11.35516443243593,0.06666666666666667
P252,trial_73_L_affected,affected,abd,Shoulder abduction,deg,1.8860222936962927,0.9175210311417596,-6.94822194095731,0.06666666666666667
P252,trial_73_L_affected,affected,trunk,Trunk displacement,mm,7.916940038569369,0.9594547648977594,5.62197130309789,0.06666666666666667
P252,trial_74_L_affected,affected,eev,End-effector velocity,mm/s,139.50214574960106,0.74289313092268,49.910383545765974,0.05
P252,trial_74_L_affected,affected,eav,Elbow angular velocity,deg/s,29.952621606099136,0.5077328877274065,-15.126168766826778,0.05
P252,trial_74_L_affected,affected,elbow,Elbow extension,deg,15.607218639932109,0.8883847525906391,-9.552845645975394,0.05
P252,trial_74_L_affected,affected,flex,Shoulder flexion,deg,4.912399198371244,0.9261680411283552,-10.020098730677784,0.05
P252,trial_74_L_affected,affected,abd,Shoulder abduction,deg,1.4092829227411214,0.9396519517966307,-4.615200068032379,0.05
P252,trial_74_L_affected,affected,trunk,Trunk displacement,mm,4.7629239659765314,0.9562404321879349,1.6426033197630854,0.05
P252,trial_75_L_affected,affected,eev,End-effector velocity,mm/s,155.59531832463136,0.7178470080798424,54.793092219822334,0.08333333333333333
P252,trial_75_L_affected,affected,eav,Elbow angular velocity,deg/s,27.209530598943417,0.6521672145299748,-8.901039149296583,0.08333333333333333
P252,trial_75_L_affected,affected,elbow,Elbow extension,deg,13.973782974381644,0.8913984096079707,-5.757113726750235,0.08333333333333333
P252,trial_75_L_affected,affected,flex,Shoulder flexion,deg,5.862740584532541,0.9329534153114222,-9.267295764853209,0.08333333333333333
P252,trial_75_L_affected,affected,abd,Shoulder abduction,deg,1.680655347795295,0.9207491061900239,-4.177861593083174,0.08333333333333333
P252,trial_75_L_affected,affected,trunk,Trunk displacement,mm,5.649911780558697,0.9376679479535102,-1.849174116014617,0.08333333333333333
P252,trial_76_L_affected,affected,eev,End-effector velocity,mm/s,127.14938941185062,0.7938230336105343,31.90356001031425,-0.016666666666666666
P252,trial_76_L_affected,affected,eav,Elbow angular velocity,deg/s,31.26122605675199,0.5301729666843868,-17.73430995839012,-0.016666666666666666
P252,trial_76_L_affected,affected,elbow,Elbow extension,deg,16.610085260526336,0.8806780632044603,-11.276610699938606,-0.016666666666666666
P252,trial_76_L_affected,affected,flex,Shoulder flexion,deg,6.079875522484318,0.9125640079302453,-10.051231561178696,-0.016666666666666666
P252,trial_76_L_affected,affected,abd,Shoulder abduction,deg,2.189167773979184,0.8946383473884734,-3.5902210354247193,-0.016666666666666666
P252,trial_76_L_affected,affected,trunk,Trunk displacement,mm,4.957164270356281,0.9290135988222089,2.82526199448993,-0.016666666666666666
P252,trial_77_L_affected,affected,eev,End-effector velocity,mm/s,119.84922431144179,0.8079085118892037,26.563150817824695,0.0
P252,trial_77_L_affected,affected,eav,Elbow angular velocity,deg/s,31.07312040223588,0.5243607343516123,-15.295758330805025,0.0
P252,trial_77_L_affected,affected,elbow,Elbow extension,deg,15.236680218005633,0.8928844107872036,-10.217676167160981,0.0
P252,trial_77_L_affected,affected,flex,Shoulder flexion,deg,6.010624566071941,0.9039935750304754,-9.972030818946397,0.0
P252,trial_77_L_affected,affected,abd,Shoulder abduction,deg,1.9748420544270775,0.9288723582024847,-3.9773272332822582,0.0
P252,trial_77_L_affected,affected,trunk,Trunk displacement,mm,5.270164894459839,0.9602086514155014,4.265952339130453,0.0
P252,trial_78_L_affected,affected,eev,End-effector velocity,mm/s,135.56985342238877,0.7554806150412275,48.02280035768587,-0.016666666666666666
P252,trial_78_L_affected,affected,eav,Elbow angular velocity,deg/s,24.708323841984566,0.7225134607223308,-8.547736920401256,-0.016666666666666666
P252,trial_78_L_affected,affected,elbow,Elbow extension,deg,14.487246680434218,0.886357181659778,-7.077229305595175,-0.016666666666666666
P252,trial_78_L_affected,affected,flex,Shoulder flexion,deg,5.560079509036804,0.917681678252351,-10.611730133784663,-0.016666666666666666
P252,trial_78_L_affected,affected,abd,Shoulder abduction,deg,1.7760152825208981,0.9236457442860024,-3.973051070708367,-0.016666666666666666
P252,trial_78_L_affected,affected,trunk,Trunk displacement,mm,5.072036200595898,0.9624804787563561,2.6876873197189566,-0.016666666666666666
P252,trial_79_L_affected,affected,eev,End-effector velocity,mm/s,87.41137869352116,0.8926707560389714,16.99587296255016,0.08333333333333333
P252,trial_79_L_affected,affected,eav,Elbow angular velocity,deg/s,29.518531952165908,0.5216052911969548,-12.207737089771829,0.08333333333333333
P252,trial_79_L_affected,affected,elbow,Elbow extension,deg,15.651225731819064,0.8768016666169087,-9.564585437193523,0.08333333333333333
P252,trial_79_L_affected,affected,flex,Shoulder flexion,deg,5.24809518724101,0.9426283117432482,-11.155634705891336,0.08333333333333333
P252,trial_79_L_affected,affected,abd,Shoulder abduction,deg,5.450369411467017,0.22490010306488825,-2.0970010540280732,0.08333333333333333
P252,trial_79_L_affected,affected,trunk,Trunk displacement,mm,6.040803669798655,0.9187520317920176,-0.21376255334584737,0.08333333333333333
P252,trial_80_L_affected,affected,eev,End-effector velocity,mm/s,101.49402867748125,0.8377564053320226,38.3154133002651,-0.016666666666666666
P252,trial_80_L_affected,affected,eav,Elbow angular velocity,deg/s,19.489390367867408,0.8057325208294838,2.2115240416232647,-0.016666666666666666
P252,trial_80_L_affected,affected,elbow,Elbow extension,deg,6.964198561436697,0.9756104498647026,-3.645933441181273,-0.016666666666666666
P252,trial_80_L_affected,affected,flex,Shoulder flexion,deg,5.680521562472622,0.8672040917721857,-10.180123852648146,-0.016666666666666666
P252,trial_80_L_affected,affected,abd,Shoulder abduction,deg,2.4121371036730297,0.8523044153092774,-7.028351394657856,-0.016666666666666666
P252,trial_80_L_affected,affected,trunk,Trunk displacement,mm,7.099749133388474,0.9666743375701461,6.117877866332955,-0.016666666666666666
P252,trial_81_L_affected,affected,eev,End-effector velocity,mm/s,136.94498105150768,0.7543245639728242,32.05170619944264,0.1
P252,trial_81_L_affected,affected,eav,Elbow angular velocity,deg/s,30.046800496880852,0.5396331396604622,-8.585470760867484,0.1
P252,trial_81_L_affected,affected,elbow,Elbow extension,deg,15.015658498422132,0.8843528221573512,-7.325691087045126,0.1
P252,trial_81_L_affected,affected,flex,Shoulder flexion,deg,5.55389694721604,0.9206304530843525,-11.255824047180942,0.1
P252,trial_81_L_affected,affected,abd,Shoulder abduction,deg,3.9420155808537003,0.5322056886435821,-3.7001958812666547,0.1
P252,trial_81_L_affected,affected,trunk,Trunk displacement,mm,3.7812026930593934,0.9689957458443688,0.22306203240993802,0.1
P252,trial_82_L_affected,affected,eev,End-effector velocity,mm/s,132.35296945240302,0.7583369554592623,40.83218316954025,-0.06666666666666667
P252,trial_82_L_affected,affected,eav,Elbow angular velocity,deg/s,28.66471537888436,0.5654461745685515,-13.993786837408875,-0.06666666666666667
P252,trial_82_L_affected,affected,elbow,Elbow extension,deg,15.785782893586711,0.8755529669671578,-9.301854397097582,-0.06666666666666667
P252,trial_82_L_affected,affected,flex,Shoulder flexion,deg,6.999207875821552,0.8624542868711236,-9.703029207937153,-0.06666666666666667
P252,trial_82_L_affected,affected,abd,Shoulder abduction,deg,2.3609107492956567,0.8789210785947158,-3.669736242514283,-0.06666666666666667
P252,trial_82_L_affected,affected,trunk,Trunk displacement,mm,5.388643417270954,0.9427333995679161,1.5036168336611895,-0.06666666666666667
P252,trial_83_L_affected,affected,eev,End-effector velocity,mm/s,53.3746735000425,0.9589854636604536,-5.900609086212254,0.016666666666666666
P252,trial_83_L_affected,affected,eav,Elbow angular velocity,deg/s,16.468402875723992,0.8572422881735783,0.7022870746047215,0.016666666666666666
P252,trial_83_L_affected,affected,elbow,Elbow extension,deg,3.7827641441752977,0.9930217908630206,0.303740163375911,0.016666666666666666
P252,trial_83_L_affected,affected,flex,Shoulder flexion,deg,5.806227861549514,0.9177430668360036,-10.712871292152334,0.016666666666666666
P252,trial_83_L_affected,affected,abd,Shoulder abduction,deg,1.621692274455007,0.9486840984375107,-3.5910844362525296,0.016666666666666666
P252,trial_83_L_affected,affected,trunk,Trunk displacement,mm,5.967089023738226,0.9340846928343726,0.2087849841562006,0.016666666666666666
